kind,run,path,bytes,sha256
diagnostics,logs/diagnostics/block-final-block16-noise250-20261003,logs/diagnostics/block-final-block16-noise250-20261003/replays/f93ad6fb320b40c384dab8e6475754e5/episode-00000003-slot-3.json,200,e1f43ed24486dbe90d881333a55a0bbe9e0943fcd1e73b40ef7c1c08337585e4
diagnostics,logs/diagnostics/block-final-block16-noise250-20261003,logs/diagnostics/block-final-block16-noise250-20261003/replays/f93ad6fb320b40c384dab8e6475754e5/episode-00000004-slot-5.json,200,1770b7fa878ff2207eaffbba24903c996c3a7ba320f6041edd6d45add32bd48b
diagnostics,logs/diagnostics/block-final-block16-noise250-20261003,logs/diagnostics/block-final-block16-noise250-20261003/replays/f93ad6fb320b40c384dab8e6475754e5/episode-00000005-slot-2.json,199,7fa3904ecefd6068f496d1b28ee7c52f6e5be3854644ccfcf3345a3c14b07200
diagnostics,logs/diagnostics/block-final-block16-noise250-20261003,logs/diagnostics/block-final-block16-noise250-20261003/replays/f93ad6fb320b40c384dab8e6475754e5/episode-00000006-slot-7.json,200,026bd5b927f29e901a5b9cdddf1285bc8da417f7738616ac1194a7ea54bde258
diagnostics,logs/diagnostics/block-final-block16-noise250-20261003,logs/diagnostics/block-final-block16-noise250-20261003/replays/f93ad6fb320b40c384dab8e6475754e5/episode-00000007-slot-4.json,204,83507f872e0fd44ec5808d6905b33709d472bcc388cbf23cbb842964d6bf361b
diagnostics,logs/diagnostics/block-final-block16-noise250-20261003,logs/diagnostics/block-final-block16-noise250-20261003/replays/f93ad6fb320b40c384dab8e6475754e5/episode-00000008-slot-6.json,204,354e09e35e26b9830550591b9d40dad0dd93ae182c7f6082b880643c0cf23cac
diagnostics,logs/diagnostics/block-final-block16-noise250-20261003,logs/diagnostics/block-final-block16-noise250-20261003/replays/f93ad6fb320b40c384dab8e6475754e5/episode-00000009-slot-4.json,200,7d013a590c63ab258cbd3d5b30ae4206bf1db9b403d45ef9d6e7e1565d3637bd
diagnostics,logs/diagnostics/block-final-block16-noise250-20261003,logs/diagnostics/block-final-block16-noise250-20261003/replays/f93ad6fb320b40c384dab8e6475754e5/episode-00000010-slot-7.json,200,a8b7c3bb1d86e819a18ca7ab8a33f9e941690ac80853bdcb1597904e965a2777
diagnostics,logs/diagnostics/block-final-block16-noise250-20261003,logs/diagnostics/block-final-block16-noise250-20261003/replays/f93ad6fb320b40c384dab8e6475754e5/episode-00000011-slot-5.json,200,772a832909f7b432fed406b99fa998b889052cf462cfff6f74b60a2e32b46843
diagnostics,logs/diagnostics/block-final-block16-noise250-20261003,logs/diagnostics/block-final-block16-noise250-20261003/replays/f93ad6fb320b40c384dab8e6475754e5/episode-00000012-slot-1.json,199,7fd3b33432beaff838fa3895e032a5608c7bbdbaf3881a047c9878db98ac8b9b
diagnostics,logs/diagnostics/block-final-block16-noise250-20261003,logs/diagnostics/block-final-block16-noise250-20261003/replays/f93ad6fb320b40c384dab8e6475754e5/episode-00000013-slot-3.json,200,eea758cd73354da1f699b916162f9eab8cf9b9163ad3d844470c887ff53e9e41
diagnostics,logs/diagnostics/block-final-block16-noise250-20261003,logs/diagnostics/block-final-block16-noise250-20261003/replays/f93ad6fb320b40c384dab8e6475754e5/episode-00000014-slot-2.json,199,142267025952b6cb04b513cbb1c14cff8036e6f884992b19e9196ff4ee0a3792
diagnostics,logs/diagnostics/block-final-block16-noise250-20261003,logs/diagnostics/block-final-block16-noise250-20261003/replays/f93ad6fb320b40c384dab8e6475754e5/episode-00000015-slot-6.json,200,80e87b9609bd761749a496ff40a824633213a2b3ab4a90c9b75024a818e0c184
diagnostics,logs/diagnostics/block-final-block16-noise250-20261003,logs/diagnostics/block-final-block16-noise250-20261003/replays/f93ad6fb320b40c384dab8e6475754e5/episode-00000016-slot-0.json,203,4c3ab89823dc061026431fca6f8fa73d0f2a850f00d4be3114d3e6493a1455fc
diagnostics,logs/diagnostics/block-final-block16-noise250-20261003,logs/diagnostics/block-final-block16-noise250-20261003/result.json,611983,7bfdb8a1a189ffc41c0d00ff95a161713192544ca801311052a4637fb1279e68
diagnostics,logs/diagnostics/block-final-noise-audit-20261003,logs/diagnostics/block-final-noise-audit-20261003/games.json,13523,5ce70ca267872ab4414530d0153a6e7e4ea2e5bb2edab90c6161332fd197a913
diagnostics,logs/diagnostics/block-final-noise-comparison-20261003,logs/diagnostics/block-final-noise-comparison-20261003/paired_games.csv,1652,67594827cd281bcbbe531ec38294e9906623df3032fc4780ab9f2e87b028a9c8
diagnostics,logs/diagnostics/block-final-noise-comparison-20261003,logs/diagnostics/block-final-noise-comparison-20261003/summary.json,4189,d09457eab7ff7d3f7e2142580999835a896183fee33e71e05e8b6883372d810f
diagnostics,logs/diagnostics/block-final-noise-input-audit-20261003,logs/diagnostics/block-final-noise-input-audit-20261003/summary.json,5334,e094438c48a1ef2f31ed22286906971923daaf7215ffdbd3f1631318165aeba8
diagnostics,logs/diagnostics/block-final-noise-input-audit-20261003-hydra,logs/diagnostics/block-final-noise-input-audit-20261003-hydra/.hydra/config.yaml,210,409c0013866c0d7e2529cf727e4c89dc6cc88b9ae391b4408536063326473218
diagnostics,logs/diagnostics/block-final-noise-input-audit-20261003-hydra,logs/diagnostics/block-final-noise-input-audit-20261003-hydra/.hydra/hydra.yaml,3810,5d58e1a8534010be8893ed1ef5a90ca462b6ab67135eff5d82df63643601da0b
diagnostics,logs/diagnostics/block-final-noise-input-audit-20261003-hydra,logs/diagnostics/block-final-noise-input-audit-20261003-hydra/.hydra/overrides.yaml,203,9fa3023caacddf5de054ae00f07bec4300043439b123983a30d31588b8653a39
diagnostics,logs/diagnostics/block-final-noise-preflight-20261003,logs/diagnostics/block-final-noise-preflight-20261003/summary.json,24159,c1dc28554bb680f3a9141f008803aabeb09ce87cdf4e66c147b33f7f26d3c57e
diagnostics,logs/diagnostics/block-final-restore-preflight-20261003,logs/diagnostics/block-final-restore-preflight-20261003/summary.json,2726,0b71de4e9ef1260ba993752f6469968df1c2a9bffd3459d6acdc96b4fc0711cd
diagnostics,logs/diagnostics/block-first-feedback-20261003,logs/diagnostics/block-first-feedback-20261003/progress-snapshot.json,401947,2e975e789601a9a2964643ab99345fd030af7008f95d40483fb4e78be2b4ad70
diagnostics,logs/diagnostics/block-first-feedback-20261003,logs/diagnostics/block-first-feedback-20261003/summary.json,4292,0fe81bc78aa7cf3835bb783f393e53a390af469beb4f0b86643b36f1f82d33b5
diagnostics,logs/diagnostics/block-noise-250-audit-20261003,logs/diagnostics/block-noise-250-audit-20261003/games.json,13660,e0e11abb1195b386202af8c043f121b3cee440b660388bc253cea55a1cd3a6bd
diagnostics,logs/diagnostics/block-noise-250-input-audit-20261003,logs/diagnostics/block-noise-250-input-audit-20261003/summary.json,5463,f05f7fcc038b5059cff0144f36f6f537894da91fe9b22c00360c3891722fd5ea
diagnostics,logs/diagnostics/block-noise-250-input-audit-20261003-hydra,logs/diagnostics/block-noise-250-input-audit-20261003-hydra/.hydra/config.yaml,214,1d0f92c232f0ab9825de0bd0e7940abcbea2b67bf00996ab5bfe25980b568731
diagnostics,logs/diagnostics/block-noise-250-input-audit-20261003-hydra,logs/diagnostics/block-noise-250-input-audit-20261003-hydra/.hydra/hydra.yaml,3816,a5898752f9a233e85868040065108dc2e0ed589ec29c4f18e74b9ce0217efa4a
diagnostics,logs/diagnostics/block-noise-250-input-audit-20261003-hydra,logs/diagnostics/block-noise-250-input-audit-20261003-hydra/.hydra/overrides.yaml,207,ed6ae8dac94b8cc7485c2de94ea8e3a0bf3ec3273060d9ad96e7b6c4089e20cb
diagnostics,logs/diagnostics/block-noise-250-preflight-20261003,logs/diagnostics/block-noise-250-preflight-20261003/summary.json,16032,87e62662be3af83586710bbc1ba0fdc376d3c523a1789f24db98e4b9885454dc
diagnostics,logs/diagnostics/block-noise-500-audit-20261003,logs/diagnostics/block-noise-500-audit-20261003/games.json,13622,4131527a03e081482bb0653bf60230a92a6197c1dd76f5db11338694d300e0c2
diagnostics,logs/diagnostics/block-noise-500-input-audit-20261003,logs/diagnostics/block-noise-500-input-audit-20261003/summary.json,5476,89b26c60b096ba13cf7e3d025af235e0172cb3a38f6742d12db8f0d8887413de
diagnostics,logs/diagnostics/block-noise-500-input-audit-20261003-hydra,logs/diagnostics/block-noise-500-input-audit-20261003-hydra/.hydra/config.yaml,214,34c23fe5dda6168b55e4ae18bc150d3032be3f533d0be65174cebd61316ec54e
diagnostics,logs/diagnostics/block-noise-500-input-audit-20261003-hydra,logs/diagnostics/block-noise-500-input-audit-20261003-hydra/.hydra/hydra.yaml,3816,c3ac9ff543f2694756e6042fa48b2ebb5274fb21d9e2684b815d959e77789636
diagnostics,logs/diagnostics/block-noise-500-input-audit-20261003-hydra,logs/diagnostics/block-noise-500-input-audit-20261003-hydra/.hydra/overrides.yaml,207,d93a46670e343286c3e8229f770afa00a2f36cb6f1165dd6878961d6e4f36907
diagnostics,logs/diagnostics/block-noise-500-preflight-20261003,logs/diagnostics/block-noise-500-preflight-20261003/summary.json,16029,9b5d2ea3352ef7abf223ea39adba9019a51cce4509431185fe78a4d6834c2b39
diagnostics,logs/diagnostics/block-noise-audit-20261003,logs/diagnostics/block-noise-audit-20261003/games.json,13534,75a743bc2150cde589d598bb4a539ed7e2162c9de7eb4ba95ae635c28735d594
diagnostics,logs/diagnostics/block-noise-comparison-20261003,logs/diagnostics/block-noise-comparison-20261003/audit.json,1067,bdabe35c4d2bff6a5e2ad24a48fbd03dc325715022e8a3a47cf22c3f170e97fb
diagnostics,logs/diagnostics/block-noise-comparison-20261003,logs/diagnostics/block-noise-comparison-20261003/conditions.csv,1930,4230101adcdab8f7e59ec4f1434e23536c35b7bfa3546eaa2ebbd83ebb3d2f43
diagnostics,logs/diagnostics/block-noise-comparison-20261003,logs/diagnostics/block-noise-comparison-20261003/games.csv,13416,3aa6f782a3238907373d8a84f20005f2e2260db3a6ad55b4edc8344466cb5f8b
diagnostics,logs/diagnostics/block-noise-comparison-20261003,logs/diagnostics/block-noise-comparison-20261003/summary.json,31888,9a3d2223e7293b6cee1f8a9abd1526c96956e98cf96547d1719c5b87f897ca5e
diagnostics,logs/diagnostics/block-noise-comparison-20261003,logs/diagnostics/block-noise-comparison-20261003/visual-qa.json,837,abdad742d1c904c8c0f7e27c94dedfea131a7bc7ebd638e8aacb5e697b12a06b
diagnostics,logs/diagnostics/block-noise-grid-auditor-regression-20261003,logs/diagnostics/block-noise-grid-auditor-regression-20261003/games.json,13539,68e2863b8f7cd54ad6ca80f069b690797d35d45c8b1c2f7cbe0d23b7fed836f3
diagnostics,logs/diagnostics/block-noise-input-audit-20261003,logs/diagnostics/block-noise-input-audit-20261003/summary.json,5477,7334ab99034e5f0a6adb6ca24dd8e985a5fabed6918c1974e3c8c7f2fe01e090
diagnostics,logs/diagnostics/block-noise-input-audit-20261003-hydra,logs/diagnostics/block-noise-input-audit-20261003-hydra/.hydra/config.yaml,206,f7b5cf129f14e654ad72c23bf2e3b3f0849a42cc21a76fa4a0ded96fa3490804
diagnostics,logs/diagnostics/block-noise-input-audit-20261003-hydra,logs/diagnostics/block-noise-input-audit-20261003-hydra/.hydra/hydra.yaml,3796,19daed419836f26a99ee07bd92443aa51db509f393ec70f22ebb87b11fe31873
diagnostics,logs/diagnostics/block-noise-input-audit-20261003-hydra,logs/diagnostics/block-noise-input-audit-20261003-hydra/.hydra/overrides.yaml,199,7cd13128a14aaf1816eb7042086b35e630da23a6e48d9efc483f6c17bdbae573
diagnostics,logs/diagnostics/block-noise-preflight-20261003,logs/diagnostics/block-noise-preflight-20261003/summary.json,16021,254bd4662eb9c93c02d6d7cb091215d66b6fcab87b86b6c4003fe8524bafda1f
diagnostics,logs/diagnostics/br-action-behavior-20261001,logs/diagnostics/br-action-behavior-20261001/curriculum/config.yaml,12555,e075e44ab5c2be8f2bdc63e5cbddfaca795233847932d3710d96b31f21552bc5
diagnostics,logs/diagnostics/br-action-behavior-20261001,logs/diagnostics/br-action-behavior-20261001/curriculum/result.json,48518,df9fcf755c0d0e05d16e4825e76fe783092dff865b70789c919aae2dd28d7887
diagnostics,logs/diagnostics/br-action-behavior-20261001,logs/diagnostics/br-action-behavior-20261001/direct/config.yaml,12420,fe7b2cb5237f1f3ce6ee93fd1f31155e8311e724ba2df08f7cc8b67cbf6457e8
diagnostics,logs/diagnostics/br-action-behavior-20261001,logs/diagnostics/br-action-behavior-20261001/direct/result.json,49598,19a1e51f5f284bf36ba3087ddfeacda4e0e9acb5ece155e897d6ad6ea5a0bd9b
diagnostics,logs/diagnostics/br-action-behavior-20261001,logs/diagnostics/br-action-behavior-20261001/summary.json,312670,a0c64b36268b367eab273d4bc1e7d4b392cc50872cea166b46cf492b594e3a79
diagnostics,logs/diagnostics/br-action-behavior-20261001,logs/diagnostics/br-action-behavior-20261001/warmup/config.yaml,11158,8a4499ad12794495d59781c1bb674f52c8d3be9d8350e486ae3714ff657c6826
diagnostics,logs/diagnostics/br-action-behavior-20261001,logs/diagnostics/br-action-behavior-20261001/warmup/result.json,48730,eb1c857ea4f9c576bd9ff02c28ea64f8ab34d70ce3aa23d1275cd61409768051
diagnostics,logs/diagnostics/br-adaptive-curves-20261001,logs/diagnostics/br-adaptive-curves-20261001/adaptive/config.yaml,4798,8b2322fd2572e13375edfdee5d399aa02b97fbea976ce66d52ba776f52a4db7c
diagnostics,logs/diagnostics/br-adaptive-curves-20261001,logs/diagnostics/br-adaptive-curves-20261001/adaptive/progress.csv,642,0e5cba0fc1561d406d9645b4a5a43f6bb175dc83cdd8e6e28d3f496f2adc4f8e
diagnostics,logs/diagnostics/br-adaptive-curves-20261001,logs/diagnostics/br-adaptive-curves-20261001/adaptive/progress.json,1662,ac6618d1f1fb30d1e9e49b33ac45237907617aafc273eb224b0ec2212a205ab9
diagnostics,logs/diagnostics/br-adaptive-curves-20261001,logs/diagnostics/br-adaptive-curves-20261001/adaptive/timing.json,514,15f7bbbaf4c1295045a3a746a3c6f7c97470f64ebf201df5a68d0f43bf49c7ff
diagnostics,logs/diagnostics/br-adaptive-curves-20261001,logs/diagnostics/br-adaptive-curves-20261001/combat_series.json,13657,30c8d0c2d4e49f2c61a852e95e1ecfeb0443d2e9eee556fecc70c0c3532e5f4d
diagnostics,logs/diagnostics/br-adaptive-curves-20261001,logs/diagnostics/br-adaptive-curves-20261001/curriculum_series.json,8025,e63515a077c0d91ec23f563918cd6cb157ac45f3a661ea87a9635f60d3c1dd9c
diagnostics,logs/diagnostics/br-adaptive-curves-20261001,logs/diagnostics/br-adaptive-curves-20261001/diagnostic/config.yaml,4780,3327283a286d744bc696cd380db9e76f1bda4f46f4925414423a6bb444441c86
diagnostics,logs/diagnostics/br-adaptive-curves-20261001,logs/diagnostics/br-adaptive-curves-20261001/diagnostic/progress.csv,1108,7866b065cf5ed05a687c252688aa47950f76f871d6bf89dd27a81794c193d774
diagnostics,logs/diagnostics/br-adaptive-curves-20261001,logs/diagnostics/br-adaptive-curves-20261001/diagnostic/progress.json,47197,840a142416c740ab8e98740748c1406ce97fb85c526f6a7b3be2d6e81c13e7bc
diagnostics,logs/diagnostics/br-adaptive-curves-20261001,logs/diagnostics/br-adaptive-curves-20261001/diagnostic/timing.json,672,a81faf063ebd3009a87468a48fed342f49bd6efa6887da1ef77caa6bb636c5d1
diagnostics,logs/diagnostics/br-adaptive-curves-20261001,logs/diagnostics/br-adaptive-curves-20261001/summary.json,9291,8c7eefd213a5997fea56e51180e10a4882bab10d10f7c30f11c5d52ac48caa5c
diagnostics,logs/diagnostics/br-adaptive-curves-20261001-b,logs/diagnostics/br-adaptive-curves-20261001-b/adaptive/config.yaml,4798,8b2322fd2572e13375edfdee5d399aa02b97fbea976ce66d52ba776f52a4db7c
diagnostics,logs/diagnostics/br-adaptive-curves-20261001-b,logs/diagnostics/br-adaptive-curves-20261001-b/adaptive/progress.csv,642,0e5cba0fc1561d406d9645b4a5a43f6bb175dc83cdd8e6e28d3f496f2adc4f8e
diagnostics,logs/diagnostics/br-adaptive-curves-20261001-b,logs/diagnostics/br-adaptive-curves-20261001-b/adaptive/progress.json,1662,ac6618d1f1fb30d1e9e49b33ac45237907617aafc273eb224b0ec2212a205ab9
diagnostics,logs/diagnostics/br-adaptive-curves-20261001-b,logs/diagnostics/br-adaptive-curves-20261001-b/adaptive/timing.json,514,15f7bbbaf4c1295045a3a746a3c6f7c97470f64ebf201df5a68d0f43bf49c7ff
diagnostics,logs/diagnostics/br-adaptive-curves-20261001-b,logs/diagnostics/br-adaptive-curves-20261001-b/combat_series.json,13657,30c8d0c2d4e49f2c61a852e95e1ecfeb0443d2e9eee556fecc70c0c3532e5f4d
diagnostics,logs/diagnostics/br-adaptive-curves-20261001-b,logs/diagnostics/br-adaptive-curves-20261001-b/curriculum_series.json,8025,e63515a077c0d91ec23f563918cd6cb157ac45f3a661ea87a9635f60d3c1dd9c
diagnostics,logs/diagnostics/br-adaptive-curves-20261001-b,logs/diagnostics/br-adaptive-curves-20261001-b/diagnostic/config.yaml,4780,3327283a286d744bc696cd380db9e76f1bda4f46f4925414423a6bb444441c86
diagnostics,logs/diagnostics/br-adaptive-curves-20261001-b,logs/diagnostics/br-adaptive-curves-20261001-b/diagnostic/progress.csv,1108,7866b065cf5ed05a687c252688aa47950f76f871d6bf89dd27a81794c193d774
diagnostics,logs/diagnostics/br-adaptive-curves-20261001-b,logs/diagnostics/br-adaptive-curves-20261001-b/diagnostic/progress.json,47197,840a142416c740ab8e98740748c1406ce97fb85c526f6a7b3be2d6e81c13e7bc
diagnostics,logs/diagnostics/br-adaptive-curves-20261001-b,logs/diagnostics/br-adaptive-curves-20261001-b/diagnostic/timing.json,672,a81faf063ebd3009a87468a48fed342f49bd6efa6887da1ef77caa6bb636c5d1
diagnostics,logs/diagnostics/br-adaptive-curves-20261001-b,logs/diagnostics/br-adaptive-curves-20261001-b/summary.json,9291,8c7eefd213a5997fea56e51180e10a4882bab10d10f7c30f11c5d52ac48caa5c
diagnostics,logs/diagnostics/br-adaptive-curves-20261001-c,logs/diagnostics/br-adaptive-curves-20261001-c/adaptive/config.yaml,4798,8b2322fd2572e13375edfdee5d399aa02b97fbea976ce66d52ba776f52a4db7c
diagnostics,logs/diagnostics/br-adaptive-curves-20261001-c,logs/diagnostics/br-adaptive-curves-20261001-c/adaptive/progress.csv,1245,a37f2c4b19954894a1995365fe75462d4847cf95dd6de91481e11c56d6a98543
diagnostics,logs/diagnostics/br-adaptive-curves-20261001-c,logs/diagnostics/br-adaptive-curves-20261001-c/adaptive/progress.json,22711,dc8142269099c8b5a5238f3eb8425d89c7ac43a3a3a9fe47b80a6b7195bddaac
diagnostics,logs/diagnostics/br-adaptive-curves-20261001-c,logs/diagnostics/br-adaptive-curves-20261001-c/adaptive/timing.json,663,ffd2dd114fdc7d7d8fa0052ba06d29b25d2b7878b8082c85685ea177e7fcb360
diagnostics,logs/diagnostics/br-adaptive-curves-20261001-c,logs/diagnostics/br-adaptive-curves-20261001-c/combat_series.json,3591,ad7e329652eff68b86c89f6c5230d6c8344a7ec4283dd29c8e7cb45b41b77139
diagnostics,logs/diagnostics/br-adaptive-curves-20261001-c,logs/diagnostics/br-adaptive-curves-20261001-c/curriculum_series.json,2562,8b294c93c46f4b5bdc6262fee3144a2da0cb6a2b40c7250a024f992cbf42ca8c
diagnostics,logs/diagnostics/br-adaptive-curves-20261001-c,logs/diagnostics/br-adaptive-curves-20261001-c/summary.json,7683,d9840f7c98d959a0c0579b805a91ce977607d2a0c89a9f9bae11f379dde73f4e
diagnostics,logs/diagnostics/br-adaptive-curves-20261001-d,logs/diagnostics/br-adaptive-curves-20261001-d/adaptive/config.yaml,4798,8b2322fd2572e13375edfdee5d399aa02b97fbea976ce66d52ba776f52a4db7c
diagnostics,logs/diagnostics/br-adaptive-curves-20261001-d,logs/diagnostics/br-adaptive-curves-20261001-d/adaptive/progress.csv,5577,2b76ca8ba89dfc5914029d8882d153541deeb6eddd1b9e02af0cfe651cd2f980
diagnostics,logs/diagnostics/br-adaptive-curves-20261001-d,logs/diagnostics/br-adaptive-curves-20261001-d/adaptive/progress.json,104950,069262abb4c1b379c1d923b35341a77965b1c3ae5dd4fb3020c7c1aa1e8822cd
diagnostics,logs/diagnostics/br-adaptive-curves-20261001-d,logs/diagnostics/br-adaptive-curves-20261001-d/adaptive/timing.json,3263,f1175d419ee5ef6ba48285bfb83031a3ebc5343d0cd5468ebcd8ab3193f0e7c0
diagnostics,logs/diagnostics/br-adaptive-curves-20261001-d,logs/diagnostics/br-adaptive-curves-20261001-d/combat_series.json,21845,4f8f04695805dc390d531ff4942a5adbe6070671fa473c603ea1487d03af2d25
diagnostics,logs/diagnostics/br-adaptive-curves-20261001-d,logs/diagnostics/br-adaptive-curves-20261001-d/curriculum_series.json,11185,67b803b962780660997097fda680272f60b97e4d0497fb2c31cf61d6b61434a2
diagnostics,logs/diagnostics/br-adaptive-curves-20261001-d,logs/diagnostics/br-adaptive-curves-20261001-d/summary.json,8622,efa4524444bbb0e2f212bf59f8f9f965d4c225f5bbac7764fd584ab9723e32c4
diagnostics,logs/diagnostics/br-adaptive-curves-20261001-e,logs/diagnostics/br-adaptive-curves-20261001-e/bc_continued/config.yaml,5026,ce61c1efd8be162855835757b7a2598f98e1ae73d37b9003d1f0afbd2b62dde5
diagnostics,logs/diagnostics/br-adaptive-curves-20261001-e,logs/diagnostics/br-adaptive-curves-20261001-e/bc_continued/progress.csv,2388,a4344ac2e0af46ece59e926fc9a77a3f229b077933323baa8ccff19ee4b4da0f
diagnostics,logs/diagnostics/br-adaptive-curves-20261001-e,logs/diagnostics/br-adaptive-curves-20261001-e/bc_continued/progress.json,36138,d5e24f83b2d12a611842aa90914719b36102de4427e9cf551d611019edec2440
diagnostics,logs/diagnostics/br-adaptive-curves-20261001-e,logs/diagnostics/br-adaptive-curves-20261001-e/bc_continued/timing.json,1135,9e6ce4f2175aa1c6d177b6f4c85ecfff68a950a8c6cc20605a3f034a11effee1
diagnostics,logs/diagnostics/br-adaptive-curves-20261001-e,logs/diagnostics/br-adaptive-curves-20261001-e/combat_series.json,65031,8c8ac7382aa156bfffcbb299d71c34dfd3391f240edeef0df947f76524cb93c7
diagnostics,logs/diagnostics/br-adaptive-curves-20261001-e,logs/diagnostics/br-adaptive-curves-20261001-e/curriculum_series.json,33158,a8735c4337e7a75aefa6358e52778e4301ed840416881f07e09e5a74fbca405d
diagnostics,logs/diagnostics/br-adaptive-curves-20261001-e,logs/diagnostics/br-adaptive-curves-20261001-e/scratch/config.yaml,4798,8b2322fd2572e13375edfdee5d399aa02b97fbea976ce66d52ba776f52a4db7c
diagnostics,logs/diagnostics/br-adaptive-curves-20261001-e,logs/diagnostics/br-adaptive-curves-20261001-e/scratch/progress.csv,14463,c55d102e6eb9768e8825a9bcb9ad97b1275de825498710cd3d22ae290714d759
diagnostics,logs/diagnostics/br-adaptive-curves-20261001-e,logs/diagnostics/br-adaptive-curves-20261001-e/scratch/progress.json,271321,8afbb118f6fe2c26a45f3d77db4740e0f037dfae608c295026a383e1dcaeffa9
diagnostics,logs/diagnostics/br-adaptive-curves-20261001-e,logs/diagnostics/br-adaptive-curves-20261001-e/scratch/timing.json,8485,ba7acad9f2ff42ad83466f14ecfa764c3ef7db6bcf20eb37198c4561e1afc0fa
diagnostics,logs/diagnostics/br-adaptive-curves-20261001-e,logs/diagnostics/br-adaptive-curves-20261001-e/summary.json,16942,aa867c1aaa66ca27283c6d14fb813d47ca4b6ffbefae05e5d9ce98143681e605
diagnostics,logs/diagnostics/br-adaptive-game-20261001,logs/diagnostics/br-adaptive-game-20261001/checkpoints/ppo_4096_steps.curriculum.json,893,80ff6af6add42bbcc8a940ba75aeb7f696b9d51b214368ad06664156b08090c5
diagnostics,logs/diagnostics/br-adaptive-game-20261001,logs/diagnostics/br-adaptive-game-20261001/checkpoints/ppo_8192_steps.curriculum.json,894,9f0fafaaaca891076cd1f82e279595c84afd7f9bcca35fb161157e0f21848da2
diagnostics,logs/diagnostics/br-adaptive-game-20261001,logs/diagnostics/br-adaptive-game-20261001/checkpoints/updated_4096_steps.curriculum.json,893,f5e5a51d7e02d56c51cd390865332492b92dc7ecf8a833b7f9f41c0f13ed2b9c
diagnostics,logs/diagnostics/br-adaptive-game-20261001,logs/diagnostics/br-adaptive-game-20261001/checkpoints/updated_8192_steps.curriculum.json,894,bf51e4f1016ca5b9f6fa84e1f5cc4302a7e4e116a8c76009b8d8d3918010f683
diagnostics,logs/diagnostics/br-adaptive-game-20261001,logs/diagnostics/br-adaptive-game-20261001/config.yaml,4780,3327283a286d744bc696cd380db9e76f1bda4f46f4925414423a6bb444441c86
diagnostics,logs/diagnostics/br-adaptive-game-20261001,logs/diagnostics/br-adaptive-game-20261001/final.curriculum.json,894,bf51e4f1016ca5b9f6fa84e1f5cc4302a7e4e116a8c76009b8d8d3918010f683
diagnostics,logs/diagnostics/br-adaptive-game-20261001,logs/diagnostics/br-adaptive-game-20261001/identity.json,40707,fdd3d14b1c0e1a42fb9f036668b8e40b08f6501fc322d5ab776e2ae4aabbe476
diagnostics,logs/diagnostics/br-adaptive-game-20261001,logs/diagnostics/br-adaptive-game-20261001/progress.json,47197,840a142416c740ab8e98740748c1406ce97fb85c526f6a7b3be2d6e81c13e7bc
diagnostics,logs/diagnostics/br-adaptive-game-20261001,logs/diagnostics/br-adaptive-game-20261001/replays/0acc6becbeae4eeca94549bf0a4d0798/episode-00000001-slot-0.json,197,a34678d2faae53591c594e9108a3cb0a806c40f354b823daecc526bcc09146ba
diagnostics,logs/diagnostics/br-adaptive-game-20261001,logs/diagnostics/br-adaptive-game-20261001/replays/0acc6becbeae4eeca94549bf0a4d0798/episode-00000002-slot-1.json,197,ea5a09795cda9b27e5f2da5b1782893669eb308b865903255b90ac75f8a9a804
diagnostics,logs/diagnostics/br-adaptive-game-20261001,logs/diagnostics/br-adaptive-game-20261001/replays/0acc6becbeae4eeca94549bf0a4d0798/episode-00000003-slot-2.json,197,2719363b3e47a666d6223d2c71073f1d7d8422e29de9df3f0d712fcef341408f
diagnostics,logs/diagnostics/br-adaptive-game-20261001,logs/diagnostics/br-adaptive-game-20261001/replays/0acc6becbeae4eeca94549bf0a4d0798/episode-00000004-slot-3.json,197,321ae21fcce7f71282966e5748af028090695842e134f0b3df142fa480291b8d
diagnostics,logs/diagnostics/br-adaptive-game-20261001,logs/diagnostics/br-adaptive-game-20261001/replays/0acc6becbeae4eeca94549bf0a4d0798/episode-00000005-slot-0.json,203,d59d7e5ec4e935cb14c2b6c59e973809249c8ec16b89add2744520f66a8ead15
diagnostics,logs/diagnostics/br-adaptive-game-20261001,logs/diagnostics/br-adaptive-game-20261001/replays/0acc6becbeae4eeca94549bf0a4d0798/episode-00000006-slot-1.json,203,d2dc97c3be060abc9a88aed0dbcac8aadc3527dff4546e3a2b2ab43a5da37d98
diagnostics,logs/diagnostics/br-adaptive-game-20261001,logs/diagnostics/br-adaptive-game-20261001/replays/0acc6becbeae4eeca94549bf0a4d0798/episode-00000007-slot-2.json,203,11ca416a2130c4ae5daf8d49432151ddad8502fe59c5df2dacf4e18a87c1a5b4
diagnostics,logs/diagnostics/br-adaptive-game-20261001,logs/diagnostics/br-adaptive-game-20261001/replays/0acc6becbeae4eeca94549bf0a4d0798/episode-00000008-slot-3.json,202,b93135b90c257746cd50ef560159a7c022780c302d52bf823f64ffc6aa58d35b
diagnostics,logs/diagnostics/br-adaptive-game-20261001,logs/diagnostics/br-adaptive-game-20261001/replays/0acc6becbeae4eeca94549bf0a4d0798/episode-00000009-slot-0.json,203,17b89e458a59dc2464b758c7da7273c350d8c52f6c5c0b99faa41351919bcb43
diagnostics,logs/diagnostics/br-adaptive-game-20261001,logs/diagnostics/br-adaptive-game-20261001/replays/0acc6becbeae4eeca94549bf0a4d0798/episode-00000010-slot-1.json,203,6f20f048471b3136d0ed52f58d0031055eb790e016157a0892e25ff073f4f83b
diagnostics,logs/diagnostics/br-adaptive-game-20261001,logs/diagnostics/br-adaptive-game-20261001/replays/0acc6becbeae4eeca94549bf0a4d0798/episode-00000011-slot-2.json,203,3db7173c6e7797030bcda3b76685906cf6d17718197ef2a51bf2b436fbc6b69c
diagnostics,logs/diagnostics/br-adaptive-game-20261001,logs/diagnostics/br-adaptive-game-20261001/replays/0acc6becbeae4eeca94549bf0a4d0798/episode-00000012-slot-3.json,203,8a63ae5953c6a1fab217a289210e76aef5e57c9ca496cdb80de4d8d75d85b6bf
diagnostics,logs/diagnostics/br-adaptive-game-20261001,logs/diagnostics/br-adaptive-game-20261001/replays/0acc6becbeae4eeca94549bf0a4d0798/episode-00000013-slot-0.json,202,efdfb439c703d19aa68c092eb95ac30ed40e08112ea3ef53bf2f5cc8de4ee80f
diagnostics,logs/diagnostics/br-adaptive-game-20261001,logs/diagnostics/br-adaptive-game-20261001/replays/0acc6becbeae4eeca94549bf0a4d0798/episode-00000014-slot-1.json,203,9ae5057311c581a4101ea2949eefddccebbbd636419c86a0ac579688f172ecb1
diagnostics,logs/diagnostics/br-adaptive-game-20261001,logs/diagnostics/br-adaptive-game-20261001/replays/0acc6becbeae4eeca94549bf0a4d0798/episode-00000015-slot-2.json,203,6db2529738e3f058caebfdf6465cb27a0b54894d3347966f781b923667d20d59
diagnostics,logs/diagnostics/br-adaptive-game-20261001,logs/diagnostics/br-adaptive-game-20261001/replays/0acc6becbeae4eeca94549bf0a4d0798/episode-00000016-slot-3.json,202,b454f8cb1cfa552b247c05ce684ac9715fbaba8923b74ccd041fe2cd86795aad
diagnostics,logs/diagnostics/br-adaptive-game-20261001,logs/diagnostics/br-adaptive-game-20261001/replays/0acc6becbeae4eeca94549bf0a4d0798/episode-00000017-slot-0.json,196,c25099bb117855d444c7856a4033f71f9803ab76b271f47b456aaa5ccfeefeb7
diagnostics,logs/diagnostics/br-adaptive-game-20261001,logs/diagnostics/br-adaptive-game-20261001/replays/0acc6becbeae4eeca94549bf0a4d0798/episode-00000018-slot-1.json,196,04c060f811642f89b6fac6f00e828e0b603b7bc31e2136b147fb435297d4c35f
diagnostics,logs/diagnostics/br-adaptive-game-20261001,logs/diagnostics/br-adaptive-game-20261001/replays/0acc6becbeae4eeca94549bf0a4d0798/episode-00000019-slot-2.json,196,e48ec5ed0e2cedc37258e6150f8495e97c777e7437bf3284b7a64df6652adcb9
diagnostics,logs/diagnostics/br-adaptive-game-20261001,logs/diagnostics/br-adaptive-game-20261001/replays/0acc6becbeae4eeca94549bf0a4d0798/episode-00000020-slot-3.json,196,af7b6e545778690699226e2f54c49e77e8ce04564285778d2ff19f3acc2aac0a
diagnostics,logs/diagnostics/br-adaptive-game-20261001,logs/diagnostics/br-adaptive-game-20261001/result.json,1669,636be6b22a13df409b84e296bf8583aa01d1712cb0c25fcac68d6283fed4fc9e
diagnostics,logs/diagnostics/br-adaptive-game-20261001,logs/diagnostics/br-adaptive-game-20261001/scalars/progress.csv,1108,7866b065cf5ed05a687c252688aa47950f76f871d6bf89dd27a81794c193d774
diagnostics,logs/diagnostics/br-adaptive-game-20261001,logs/diagnostics/br-adaptive-game-20261001/timing.json,672,a81faf063ebd3009a87468a48fed342f49bd6efa6887da1ef77caa6bb636c5d1
diagnostics,logs/diagnostics/br-address-cross-character-bc-20261003,logs/diagnostics/br-address-cross-character-bc-20261003/config.yaml,16952,03de8b62a4ebbe4a8b4bd2823f86ce97766f39f85a41548d63a1e6c6947bb6af
diagnostics,logs/diagnostics/br-address-cross-character-bc-20261003,logs/diagnostics/br-address-cross-character-bc-20261003/plan.json,12800,52f599de289ca172b089fdba79b7897ea79ea385bbf3c648859977ca25e52881
diagnostics,logs/diagnostics/br-address-cross-character-bc-20261003,logs/diagnostics/br-address-cross-character-bc-20261003/progress.json,104568,38b659cd4e3521590a1cbadb20509bf719fa4333c500bf38ae0cab97bcab1b95
diagnostics,logs/diagnostics/br-address-cross-character-bc-20261003,logs/diagnostics/br-address-cross-character-bc-20261003/replays/e6f40b1648194026b32babe8541d37e4/episode-00000001-slot-0.json,199,881cc0a42ee7aba7ce7ee7e29804089f9d13bef5a07d61a60019d2b6ad67cae3
diagnostics,logs/diagnostics/br-address-cross-character-bc-20261003,logs/diagnostics/br-address-cross-character-bc-20261003/replays/e6f40b1648194026b32babe8541d37e4/episode-00000002-slot-1.json,200,f095fd6f44991a4782a3e257b7a833acd40152641fd4db6f3b51d970d1eb25f1
diagnostics,logs/diagnostics/br-address-cross-character-bc-20261003,logs/diagnostics/br-address-cross-character-bc-20261003/replays/e6f40b1648194026b32babe8541d37e4/episode-00000003-slot-3.json,200,7cafedeef620a3ecf4dbcbf4f95a32fd7c066300a77bed64c611d204c06bd8a9
diagnostics,logs/diagnostics/br-address-cross-character-bc-20261003,logs/diagnostics/br-address-cross-character-bc-20261003/replays/e6f40b1648194026b32babe8541d37e4/episode-00000004-slot-4.json,199,958f0943fb38791e9726ad368695793d81b2ab298499da08e6cb2405acc9763c
diagnostics,logs/diagnostics/br-address-cross-character-bc-20261003,logs/diagnostics/br-address-cross-character-bc-20261003/replays/e6f40b1648194026b32babe8541d37e4/episode-00000005-slot-6.json,199,94c93a6a6e36a4ab77d913be5d56a6516deed6e48401c1d148c113e0bd858467
diagnostics,logs/diagnostics/br-address-cross-character-bc-20261003,logs/diagnostics/br-address-cross-character-bc-20261003/replays/e6f40b1648194026b32babe8541d37e4/episode-00000006-slot-7.json,200,121feff970806552a17917a936f73c9055ba893d5e7c65450d337b874d0c5dae
diagnostics,logs/diagnostics/br-address-cross-character-bc-20261003,logs/diagnostics/br-address-cross-character-bc-20261003/replays/e6f40b1648194026b32babe8541d37e4/episode-00000007-slot-2.json,199,28fa0e66c7bcf294cbe0ec9248894f0eb9146ed7bea2ee3c5b4bf637f6de4efe
diagnostics,logs/diagnostics/br-address-cross-character-bc-20261003,logs/diagnostics/br-address-cross-character-bc-20261003/replays/e6f40b1648194026b32babe8541d37e4/episode-00000008-slot-5.json,200,3c364df1303df5c52d94c3f9db977a20ad7379d08900025a14c974c896795969
diagnostics,logs/diagnostics/br-address-cross-character-bc-20261003,logs/diagnostics/br-address-cross-character-bc-20261003/replays/e6f40b1648194026b32babe8541d37e4/episode-00000009-slot-3.json,200,38dcc453a65c128f60e949054c6bf5fb78dc471a0df7e96cdaf85047c51599c8
diagnostics,logs/diagnostics/br-address-cross-character-bc-20261003,logs/diagnostics/br-address-cross-character-bc-20261003/replays/e6f40b1648194026b32babe8541d37e4/episode-00000010-slot-4.json,199,b19497df8d4c59509a301413c011dbb93d6a3c881210dcdb04d72bba004c24c5
diagnostics,logs/diagnostics/br-address-cross-character-bc-20261003,logs/diagnostics/br-address-cross-character-bc-20261003/replays/e6f40b1648194026b32babe8541d37e4/episode-00000011-slot-5.json,200,01031ac4a73f152f219685d862d4f90f75db4efb6d1f86c6d07e4eb3e1b0edf0
diagnostics,logs/diagnostics/br-address-cross-character-bc-20261003,logs/diagnostics/br-address-cross-character-bc-20261003/replays/e6f40b1648194026b32babe8541d37e4/episode-00000012-slot-0.json,199,07cc8c5b0303e553f432eb889a95b788b2405926cab4b544afa65bda5bba6043
diagnostics,logs/diagnostics/br-address-cross-character-bc-20261003,logs/diagnostics/br-address-cross-character-bc-20261003/replays/e6f40b1648194026b32babe8541d37e4/episode-00000013-slot-7.json,200,1d375fdd96c42f5cfd505c3587cf706d3d71fad392fed10c83628f037e8fc560
diagnostics,logs/diagnostics/br-address-cross-character-bc-20261003,logs/diagnostics/br-address-cross-character-bc-20261003/replays/e6f40b1648194026b32babe8541d37e4/episode-00000014-slot-6.json,199,43d491a5909522f6d5e64df9664ea70e20cf96e2fb6ed056d152128d59c0455b
diagnostics,logs/diagnostics/br-address-cross-character-bc-20261003,logs/diagnostics/br-address-cross-character-bc-20261003/replays/e6f40b1648194026b32babe8541d37e4/episode-00000015-slot-1.json,200,a31caa3546a44c9edc8453109e5b0e8ad259367ce8cc753095c31ba96a9e30c8
diagnostics,logs/diagnostics/br-address-cross-character-bc-20261003,logs/diagnostics/br-address-cross-character-bc-20261003/replays/e6f40b1648194026b32babe8541d37e4/episode-00000016-slot-2.json,199,fa762e040972bdf5c6569dcc4466a9f4e810d62f3c504e78ad5f9543f8bca278
diagnostics,logs/diagnostics/br-address-cross-character-bc-20261003,logs/diagnostics/br-address-cross-character-bc-20261003/result.json,148581,c1cfaa10892bf18c4051ce6e5a45417cbc35e18c85b76d435843529511e9266e
diagnostics,logs/diagnostics/br-address-cross-character-final-20261003,logs/diagnostics/br-address-cross-character-final-20261003/config.yaml,13897,fa678d8577f8d6610ed5097633f362fd88fd00ff8cbfd2d1e5c2db5c1652f120
diagnostics,logs/diagnostics/br-address-cross-character-final-20261003,logs/diagnostics/br-address-cross-character-final-20261003/plan.json,12800,98c67e670062ed5b4b7d14371238ce9b9f686028886305ff62a5664803c04f12
diagnostics,logs/diagnostics/br-address-cross-character-final-20261003,logs/diagnostics/br-address-cross-character-final-20261003/progress.json,88844,c6d609c4130571bb7bd8e428d93dfbab36c4b1bb02d30b49127604ed81ad45ea
diagnostics,logs/diagnostics/br-address-cross-character-final-20261003,logs/diagnostics/br-address-cross-character-final-20261003/replays/27aaea9c8f2a48059f361add7db4979f/episode-00000001-slot-2.json,199,af78a6d20fb2fa86c173932a591223da660ba484671d1760de9a376188856a84
diagnostics,logs/diagnostics/br-address-cross-character-final-20261003,logs/diagnostics/br-address-cross-character-final-20261003/replays/27aaea9c8f2a48059f361add7db4979f/episode-00000002-slot-0.json,199,90a38a85deceb335285974ee94fd1232640c21b337c19b32f26dff32ce9587ae
diagnostics,logs/diagnostics/br-address-cross-character-final-20261003,logs/diagnostics/br-address-cross-character-final-20261003/replays/27aaea9c8f2a48059f361add7db4979f/episode-00000003-slot-3.json,200,19df1b1bb47c9e63cbb8734cb634896b3911bd6cff56459c2b85a4a39b81372d
diagnostics,logs/diagnostics/br-address-cross-character-final-20261003,logs/diagnostics/br-address-cross-character-final-20261003/replays/27aaea9c8f2a48059f361add7db4979f/episode-00000004-slot-6.json,199,b0d359359b9cf796feb46b1aa0b0219b01e972b57eec22d67d4ab2d2b6a47071
diagnostics,logs/diagnostics/br-address-cross-character-final-20261003,logs/diagnostics/br-address-cross-character-final-20261003/replays/27aaea9c8f2a48059f361add7db4979f/episode-00000005-slot-1.json,200,1558ddec104aa3a25e439588a40d5563e79dccd6ccf863a76a1ae20405984039
diagnostics,logs/diagnostics/br-address-cross-character-final-20261003,logs/diagnostics/br-address-cross-character-final-20261003/replays/27aaea9c8f2a48059f361add7db4979f/episode-00000006-slot-5.json,200,fb2d25b1c066d87136d6e234e4e0e0393d83039ed34f6580d3a3834f2ef89de7
diagnostics,logs/diagnostics/br-address-cross-character-final-20261003,logs/diagnostics/br-address-cross-character-final-20261003/replays/27aaea9c8f2a48059f361add7db4979f/episode-00000007-slot-7.json,200,de5e9b4dc2f3dea1b3a2061a47c7a478d0faa52a3bd2a9f59676d63133d86353
diagnostics,logs/diagnostics/br-address-cross-character-final-20261003,logs/diagnostics/br-address-cross-character-final-20261003/replays/27aaea9c8f2a48059f361add7db4979f/episode-00000008-slot-4.json,203,5d430f6882de05b909497e530760d1c16dbfdabccbf8967ded6711230094b96e
diagnostics,logs/diagnostics/br-address-cross-character-final-20261003,logs/diagnostics/br-address-cross-character-final-20261003/replays/27aaea9c8f2a48059f361add7db4979f/episode-00000009-slot-4.json,199,c9b4a08d6e21d25deaaa6be43c99e6ec7308013ac4d14cbf15e60f403cf6909f
diagnostics,logs/diagnostics/br-address-cross-character-final-20261003,logs/diagnostics/br-address-cross-character-final-20261003/replays/27aaea9c8f2a48059f361add7db4979f/episode-00000010-slot-5.json,200,a2fbf1603325ccbd8dea79ccdb806ed00a89939c8fc89659bf59d79e3f69b615
diagnostics,logs/diagnostics/br-address-cross-character-final-20261003,logs/diagnostics/br-address-cross-character-final-20261003/replays/27aaea9c8f2a48059f361add7db4979f/episode-00000011-slot-7.json,200,2b78b1ad11109702e1d956caee7bcd3f68e92a30bdf99741c9bdfcc7b3716676
diagnostics,logs/diagnostics/br-address-cross-character-final-20261003,logs/diagnostics/br-address-cross-character-final-20261003/replays/27aaea9c8f2a48059f361add7db4979f/episode-00000012-slot-6.json,199,f8e5ed457782a5592cb14af2809edbb0371c01432b85d5811ce3bc5c4b833476
diagnostics,logs/diagnostics/br-address-cross-character-final-20261003,logs/diagnostics/br-address-cross-character-final-20261003/replays/27aaea9c8f2a48059f361add7db4979f/episode-00000013-slot-3.json,200,05603695ccf641a958aa17195f8debfaec39088ae4129ad8b87590dbcf4b03be
diagnostics,logs/diagnostics/br-address-cross-character-final-20261003,logs/diagnostics/br-address-cross-character-final-20261003/replays/27aaea9c8f2a48059f361add7db4979f/episode-00000014-slot-2.json,199,36d14f82d186750e46200e46b921b4efa5186a22f3bb4fdad9d450cfc9d2edd0
diagnostics,logs/diagnostics/br-address-cross-character-final-20261003,logs/diagnostics/br-address-cross-character-final-20261003/replays/27aaea9c8f2a48059f361add7db4979f/episode-00000015-slot-1.json,200,4895fe215a3ba2555c779afcafb417bdedda8c6e6f5eadef56f26fb11ece8859
diagnostics,logs/diagnostics/br-address-cross-character-final-20261003,logs/diagnostics/br-address-cross-character-final-20261003/replays/27aaea9c8f2a48059f361add7db4979f/episode-00000016-slot-0.json,199,5206ba33ef07ad14fbd8f97bf4d260c46857c2448d2fb24a32e6b5569e19a2ad
diagnostics,logs/diagnostics/br-address-cross-character-final-20261003,logs/diagnostics/br-address-cross-character-final-20261003/result.json,131399,ad52c1a5f3c269378f14636cfb4d3f845b041da36d02bc92ce616b51b210c465
diagnostics,logs/diagnostics/br-address-entropy-high-20261002,logs/diagnostics/br-address-entropy-high-20261002/checkpoints/ppo_12288_steps.curriculum.json,896,d51db4d52075e4b93a8dae8a982e538b0184dfe1eb43e6cc83012fd900e7db09
diagnostics,logs/diagnostics/br-address-entropy-high-20261002,logs/diagnostics/br-address-entropy-high-20261002/checkpoints/ppo_16384_steps.curriculum.json,896,12b3e7a33c0987627eb8c289958bf85b0c3f5522c547ed03d8a9668336af6759
diagnostics,logs/diagnostics/br-address-entropy-high-20261002,logs/diagnostics/br-address-entropy-high-20261002/checkpoints/ppo_4096_steps.curriculum.json,851,0dd67f689fba7b69ece267e024ce2a16be5bdcd87bcbf999f91655456ec5f906
diagnostics,logs/diagnostics/br-address-entropy-high-20261002,logs/diagnostics/br-address-entropy-high-20261002/checkpoints/ppo_8192_steps.curriculum.json,851,4377f749973df5f0a1c2416a4b1ccc60cec15788cc0e9cb2b81bb4cd76e15cad
diagnostics,logs/diagnostics/br-address-entropy-high-20261002,logs/diagnostics/br-address-entropy-high-20261002/checkpoints/updated_12288_steps.curriculum.json,896,be5724f9d3928bd320cc6cf41acfc9dda759c67ff3e46e3899ee3c739786bced
diagnostics,logs/diagnostics/br-address-entropy-high-20261002,logs/diagnostics/br-address-entropy-high-20261002/checkpoints/updated_16384_steps.curriculum.json,896,807fd0f2482d3664244f62e9d56cf1fd30d18e5b8921cc44383515150bf6441f
diagnostics,logs/diagnostics/br-address-entropy-high-20261002,logs/diagnostics/br-address-entropy-high-20261002/checkpoints/updated_4096_steps.curriculum.json,851,05310bbdae7aca07374e494fe9402886512ba546e16df337c490899e6f43ef97
diagnostics,logs/diagnostics/br-address-entropy-high-20261002,logs/diagnostics/br-address-entropy-high-20261002/checkpoints/updated_512_steps.curriculum.json,850,e050b7ef2e23dce348dc22c52accfaef69c6fd23afaf6c2afecbeb19b5489735
diagnostics,logs/diagnostics/br-address-entropy-high-20261002,logs/diagnostics/br-address-entropy-high-20261002/checkpoints/updated_8192_steps.curriculum.json,851,29e0a27ed63f44ab8dad7b3eebc2934d459e4797cc438b7b8ac442393746d629
diagnostics,logs/diagnostics/br-address-entropy-high-20261002,logs/diagnostics/br-address-entropy-high-20261002/config.yaml,5142,c1d0f0a60b39e9d8d126812615347085024099708cf64c1b1219c0f7eecbb6a8
diagnostics,logs/diagnostics/br-address-entropy-high-20261002,logs/diagnostics/br-address-entropy-high-20261002/final.curriculum.json,896,c5536ec989f577d7556c416dca448f93da83e0b83f2f18beab9e25779489df70
diagnostics,logs/diagnostics/br-address-entropy-high-20261002,logs/diagnostics/br-address-entropy-high-20261002/identity.json,49307,4783cd23c437290379a09b515235aeddb96323ef56e545f802a4bfd47170a5de
diagnostics,logs/diagnostics/br-address-entropy-high-20261002,logs/diagnostics/br-address-entropy-high-20261002/progress.json,13820,1e7c4516d5bf8d1e007c5749f7555442ff0f847bb993511d812da70444c95757
diagnostics,logs/diagnostics/br-address-entropy-high-20261002,logs/diagnostics/br-address-entropy-high-20261002/replays/08ac537f22774b72a6d1e7a771002f99/episode-00000001-slot-0.json,194,782b360758603eecc05c4a680fedebafa83a28d9ad28f4a7370ecbfab7b846e7
diagnostics,logs/diagnostics/br-address-entropy-high-20261002,logs/diagnostics/br-address-entropy-high-20261002/replays/08ac537f22774b72a6d1e7a771002f99/episode-00000002-slot-1.json,194,b057a72af38674d28193f30e783f49caf63eb6d818de327887110f7e0bc52c6c
diagnostics,logs/diagnostics/br-address-entropy-high-20261002,logs/diagnostics/br-address-entropy-high-20261002/replays/08ac537f22774b72a6d1e7a771002f99/episode-00000003-slot-0.json,199,e0c247d76b82c66bab80f41e280c3d9b43679fc929fa2562099058f01ebf4b53
diagnostics,logs/diagnostics/br-address-entropy-high-20261002,logs/diagnostics/br-address-entropy-high-20261002/replays/08ac537f22774b72a6d1e7a771002f99/episode-00000004-slot-1.json,199,31a9c1f4352d38315e16fa3663758e7612d2bba3b2d887d96fd3a0804e8c6dbc
diagnostics,logs/diagnostics/br-address-entropy-high-20261002,logs/diagnostics/br-address-entropy-high-20261002/result.json,1979,f235391d6c939074dfa08df68c804674a946b7344755bea13966cb151c52b38b
diagnostics,logs/diagnostics/br-address-entropy-high-20261002,logs/diagnostics/br-address-entropy-high-20261002/scalars/progress.csv,7130,afc22000e3a482ffde8cf1b6b9d5796793407659554fe983e5aca8066dc310a2
diagnostics,logs/diagnostics/br-address-entropy-high-20261002,logs/diagnostics/br-address-entropy-high-20261002/timing.json,6634,e821e478d8c8d9955894410422f10a2d4729e3cb70e2669f61c16df3fb3ff5bd
diagnostics,logs/diagnostics/br-address-entropy-medium-20261002,logs/diagnostics/br-address-entropy-medium-20261002/checkpoints/ppo_12288_steps.curriculum.json,895,aec9ddeaca48530be26dd0ac96ea45a27b3f47e40d0452fbdf6fc1fdf92dee33
diagnostics,logs/diagnostics/br-address-entropy-medium-20261002,logs/diagnostics/br-address-entropy-medium-20261002/checkpoints/ppo_16384_steps.curriculum.json,895,41d989d811c9da97b7dd7c885b1600a3ede877cdb567a67fbfd6a844665db104
diagnostics,logs/diagnostics/br-address-entropy-medium-20261002,logs/diagnostics/br-address-entropy-medium-20261002/checkpoints/ppo_4096_steps.curriculum.json,851,891218f244d341b12c531188ff8405c5b47281b58839464e5d6ca37ed6cc011f
diagnostics,logs/diagnostics/br-address-entropy-medium-20261002,logs/diagnostics/br-address-entropy-medium-20261002/checkpoints/ppo_8192_steps.curriculum.json,895,b081b252cc08131e553dd6139e1917359f5ad06fb2322010f200fb280a4d0196
diagnostics,logs/diagnostics/br-address-entropy-medium-20261002,logs/diagnostics/br-address-entropy-medium-20261002/checkpoints/updated_12288_steps.curriculum.json,895,367efe6be373babeb2bd923b1addc835fe6a6bd244d39b27defe952643e2576c
diagnostics,logs/diagnostics/br-address-entropy-medium-20261002,logs/diagnostics/br-address-entropy-medium-20261002/checkpoints/updated_16384_steps.curriculum.json,895,e4dc515617dd3baf3856a13e177a49eb5fb14ebf2b0254ef3454541a7636fe0b
diagnostics,logs/diagnostics/br-address-entropy-medium-20261002,logs/diagnostics/br-address-entropy-medium-20261002/checkpoints/updated_4096_steps.curriculum.json,851,cdaca1e14f9007052694c8d69784555adb0c1e78971664da4e4d81e311a75430
diagnostics,logs/diagnostics/br-address-entropy-medium-20261002,logs/diagnostics/br-address-entropy-medium-20261002/checkpoints/updated_512_steps.curriculum.json,850,13bbe441cc7178f2597251259677a00e836cf2c3cfda6581019c7f170b213f78
diagnostics,logs/diagnostics/br-address-entropy-medium-20261002,logs/diagnostics/br-address-entropy-medium-20261002/checkpoints/updated_8192_steps.curriculum.json,895,e15dee08b9416c15f66df6687c625bf1b8b0e79525091d17b52089aea9d3a53e
diagnostics,logs/diagnostics/br-address-entropy-medium-20261002,logs/diagnostics/br-address-entropy-medium-20261002/config.yaml,5146,f2141a7fe4314b0866121e5c0826882d4b864136a30fc8bda2379a9e59614a8b
diagnostics,logs/diagnostics/br-address-entropy-medium-20261002,logs/diagnostics/br-address-entropy-medium-20261002/final.curriculum.json,895,e4dc515617dd3baf3856a13e177a49eb5fb14ebf2b0254ef3454541a7636fe0b
diagnostics,logs/diagnostics/br-address-entropy-medium-20261002,logs/diagnostics/br-address-entropy-medium-20261002/identity.json,49307,8991b17af3ecb56ce2be43ff75b990ec829b9448cec17b7ef79d30e5847ce607
diagnostics,logs/diagnostics/br-address-entropy-medium-20261002,logs/diagnostics/br-address-entropy-medium-20261002/progress.json,17235,828d110a4b82a7c093427456bfab1f671f5f23e53be5f3c4daecbd48df82b4d9
diagnostics,logs/diagnostics/br-address-entropy-medium-20261002,logs/diagnostics/br-address-entropy-medium-20261002/replays/69f47fdd34454ad5a04c81b3506ab3df/episode-00000001-slot-0.json,194,b69ab3fdcfefe242d90ca09a11c81f55b36df527a4caa5c6759d0ba73339d864
diagnostics,logs/diagnostics/br-address-entropy-medium-20261002,logs/diagnostics/br-address-entropy-medium-20261002/replays/69f47fdd34454ad5a04c81b3506ab3df/episode-00000002-slot-1.json,194,832cfd6b066e83a4637e75001342d52466137406a95380777a3b8882d2d3a114
diagnostics,logs/diagnostics/br-address-entropy-medium-20261002,logs/diagnostics/br-address-entropy-medium-20261002/replays/69f47fdd34454ad5a04c81b3506ab3df/episode-00000003-slot-0.json,200,f4c11e4cf1ff0a8a686fb8d924161f7fd37a70810845eeca0a2bca3d2947fd99
diagnostics,logs/diagnostics/br-address-entropy-medium-20261002,logs/diagnostics/br-address-entropy-medium-20261002/replays/69f47fdd34454ad5a04c81b3506ab3df/episode-00000004-slot-0.json,199,99789d1f0637b0a0de7916007c0977579f919d36d72093bb5c58a5b1afd01f6b
diagnostics,logs/diagnostics/br-address-entropy-medium-20261002,logs/diagnostics/br-address-entropy-medium-20261002/replays/69f47fdd34454ad5a04c81b3506ab3df/episode-00000005-slot-1.json,199,cd782ec94a585e41984c7052044a9418a731e93be53fb5e7ef9903a71c59d6d0
diagnostics,logs/diagnostics/br-address-entropy-medium-20261002,logs/diagnostics/br-address-entropy-medium-20261002/result.json,1979,4100c45adb47a4bfeaeb264e14abdffea33b35be2445780b13df085815d3b2c7
diagnostics,logs/diagnostics/br-address-entropy-medium-20261002,logs/diagnostics/br-address-entropy-medium-20261002/scalars/progress.csv,7487,fb558bb12eba6e45330acf90a365f06f63426d77bbe6ae64174abeb2959d292f
diagnostics,logs/diagnostics/br-address-entropy-medium-20261002,logs/diagnostics/br-address-entropy-medium-20261002/timing.json,6650,0c205d8c47f9a0252dab3a6c497d43a9aed39b0ab1ab232dbcbe7ce37b5133f0
diagnostics,logs/diagnostics/br-address-entropy-zero-20261003,logs/diagnostics/br-address-entropy-zero-20261003/checkpoints/ppo_12288_steps.curriculum.json,896,c0fccbb3680294d1e3d019887646c72fc2883f265b9535655938749d44c7f50f
diagnostics,logs/diagnostics/br-address-entropy-zero-20261003,logs/diagnostics/br-address-entropy-zero-20261003/checkpoints/ppo_16384_steps.curriculum.json,895,24cfa85395e147a0990cc1f77295059e2f2a77c19f9d4ff4540e873fb6747c1b
diagnostics,logs/diagnostics/br-address-entropy-zero-20261003,logs/diagnostics/br-address-entropy-zero-20261003/checkpoints/ppo_4096_steps.curriculum.json,851,2ef50525419c3a8a7761588dea4b51cf315963666b45bfc1309e0c251e699628
diagnostics,logs/diagnostics/br-address-entropy-zero-20261003,logs/diagnostics/br-address-entropy-zero-20261003/checkpoints/ppo_8192_steps.curriculum.json,851,bdd08824de3cc4fb8df01346304aea72af702fbf9042f61eece790b09d5e9cce
diagnostics,logs/diagnostics/br-address-entropy-zero-20261003,logs/diagnostics/br-address-entropy-zero-20261003/checkpoints/updated_12288_steps.curriculum.json,896,39b36cbca249b1b891372f86199ff592d4a11a69fd9eebc34fcd970d6b243cf2
diagnostics,logs/diagnostics/br-address-entropy-zero-20261003,logs/diagnostics/br-address-entropy-zero-20261003/checkpoints/updated_16384_steps.curriculum.json,895,1cde821c562540e49d7c9625540c2132a2997848da54da064b99935d232dee22
diagnostics,logs/diagnostics/br-address-entropy-zero-20261003,logs/diagnostics/br-address-entropy-zero-20261003/checkpoints/updated_4096_steps.curriculum.json,851,003af9928c8c97b86835fe3985b45fb0fda66f287374d1e9106af1140f9ab98f
diagnostics,logs/diagnostics/br-address-entropy-zero-20261003,logs/diagnostics/br-address-entropy-zero-20261003/checkpoints/updated_512_steps.curriculum.json,850,f74e1d9a8ce4eeddd5316f686f39b1e3d4806daaf9cff9f48754fe1c0c343fe5
diagnostics,logs/diagnostics/br-address-entropy-zero-20261003,logs/diagnostics/br-address-entropy-zero-20261003/checkpoints/updated_8192_steps.curriculum.json,851,95025f44b310919f2a0ccba7209da19e3c07850d2f52412d04c6600de5869c8a
diagnostics,logs/diagnostics/br-address-entropy-zero-20261003,logs/diagnostics/br-address-entropy-zero-20261003/config.yaml,5142,a4641753b28b3c855332252272322a884b414f2a8895e8afc5c51fa63dc30411
diagnostics,logs/diagnostics/br-address-entropy-zero-20261003,logs/diagnostics/br-address-entropy-zero-20261003/final.curriculum.json,895,1cde821c562540e49d7c9625540c2132a2997848da54da064b99935d232dee22
diagnostics,logs/diagnostics/br-address-entropy-zero-20261003,logs/diagnostics/br-address-entropy-zero-20261003/identity.json,53895,5fe4193fc308f9473a53172da64c58166ddaac7fda627fde4d93dd9633592e0d
diagnostics,logs/diagnostics/br-address-entropy-zero-20261003,logs/diagnostics/br-address-entropy-zero-20261003/progress.json,35913,de836a406d39fe71954dfbc403872f2a78c36541bea516867086a1188d8991e8
diagnostics,logs/diagnostics/br-address-entropy-zero-20261003,logs/diagnostics/br-address-entropy-zero-20261003/replays/78ba64cd034e4c3d9d73a8e35b5f1628/episode-00000001-slot-0.json,194,fa8fd3edaec77e7eb6d2552650ec0f204e176651f5dac9e0cf2ab4469ad8703c
diagnostics,logs/diagnostics/br-address-entropy-zero-20261003,logs/diagnostics/br-address-entropy-zero-20261003/replays/78ba64cd034e4c3d9d73a8e35b5f1628/episode-00000002-slot-1.json,194,0c365a338dacc834bfece1d38bc57839e4f36caf23c5beefff83eb942d9c19ea
diagnostics,logs/diagnostics/br-address-entropy-zero-20261003,logs/diagnostics/br-address-entropy-zero-20261003/replays/78ba64cd034e4c3d9d73a8e35b5f1628/episode-00000003-slot-1.json,200,e98bbcdf741cb60b0108ffc140b987b09632fd1d63bc93843226f87f969e4266
diagnostics,logs/diagnostics/br-address-entropy-zero-20261003,logs/diagnostics/br-address-entropy-zero-20261003/replays/78ba64cd034e4c3d9d73a8e35b5f1628/episode-00000004-slot-0.json,199,bae7ee65dc04da8b128be6b926be19edc060a878d37bf8a56375fa513c8b5111
diagnostics,logs/diagnostics/br-address-entropy-zero-20261003,logs/diagnostics/br-address-entropy-zero-20261003/replays/78ba64cd034e4c3d9d73a8e35b5f1628/episode-00000005-slot-1.json,198,d0575ccc5e3340738c96378069d78cd2c45465b8eb600daa52704bccbbf4d157
diagnostics,logs/diagnostics/br-address-entropy-zero-20261003,logs/diagnostics/br-address-entropy-zero-20261003/result.json,1977,7298227447a43b8a41618ab230330816aed30c8bd64d30ceedbba4d0cf808264
diagnostics,logs/diagnostics/br-address-entropy-zero-20261003,logs/diagnostics/br-address-entropy-zero-20261003/scalars/progress.csv,9703,fbe4082990942a77439eda6308302fa5ac809ab7484d20c13612188ce69c1c2f
diagnostics,logs/diagnostics/br-address-entropy-zero-20261003,logs/diagnostics/br-address-entropy-zero-20261003/timing.json,6632,2e8a8f82d1214e0bfa0a69adbc1d97c86e55147e530262005bb0a1ab9feb2cc4
diagnostics,logs/diagnostics/br-address-long-credit-20261002,logs/diagnostics/br-address-long-credit-20261002/checkpoints/ppo_12288_steps.curriculum.json,895,74d61355f6a654e5553008db45798825be6eab86b850825a62ac258e61b1b64d
diagnostics,logs/diagnostics/br-address-long-credit-20261002,logs/diagnostics/br-address-long-credit-20261002/checkpoints/ppo_16384_steps.curriculum.json,895,e0dfb66694827ef770fc74caeb91fda6e0c98e07aeaa2a6cb993f39924a3abc0
diagnostics,logs/diagnostics/br-address-long-credit-20261002,logs/diagnostics/br-address-long-credit-20261002/checkpoints/ppo_4096_steps.curriculum.json,895,d20585c2b02d737c8e859c95695498be0e37a8cde8e4e221727d7bc4e6f58834
diagnostics,logs/diagnostics/br-address-long-credit-20261002,logs/diagnostics/br-address-long-credit-20261002/checkpoints/ppo_8192_steps.curriculum.json,895,884f60cd11416ea80edc5e30007e488bea18aba5b8fa0df5c6daf55233781ab3
diagnostics,logs/diagnostics/br-address-long-credit-20261002,logs/diagnostics/br-address-long-credit-20261002/checkpoints/updated_12288_steps.curriculum.json,895,0ecabfad499c917eb8100a845720e7345e80b0b0df5b8b7893d200690d94174e
diagnostics,logs/diagnostics/br-address-long-credit-20261002,logs/diagnostics/br-address-long-credit-20261002/checkpoints/updated_16384_steps.curriculum.json,895,972202e764ed1ecf429e21632d4ceb3628840aad7d53e56f89a1e9d5262ae79d
diagnostics,logs/diagnostics/br-address-long-credit-20261002,logs/diagnostics/br-address-long-credit-20261002/checkpoints/updated_4096_steps.curriculum.json,895,4c448031e5d1ec51e2a87d7e6576974f63938817036feba97821c42d2af7ac58
diagnostics,logs/diagnostics/br-address-long-credit-20261002,logs/diagnostics/br-address-long-credit-20261002/checkpoints/updated_8192_steps.curriculum.json,895,b1803d5ab8ca3eea1b4d77a843550053832c3cbfaa031b67c3834ddafe99f12c
diagnostics,logs/diagnostics/br-address-long-credit-20261002,logs/diagnostics/br-address-long-credit-20261002/config.yaml,5145,966a435e4a18e479bbffff6134a8770ab8a6bbd0c55ffddef9f4c5814e8674f0
diagnostics,logs/diagnostics/br-address-long-credit-20261002,logs/diagnostics/br-address-long-credit-20261002/final.curriculum.json,895,972202e764ed1ecf429e21632d4ceb3628840aad7d53e56f89a1e9d5262ae79d
diagnostics,logs/diagnostics/br-address-long-credit-20261002,logs/diagnostics/br-address-long-credit-20261002/identity.json,49307,bf88f5ea550513bf08a915675678c351e345b24fe5f6787f7c4d9d8d9a992300
diagnostics,logs/diagnostics/br-address-long-credit-20261002,logs/diagnostics/br-address-long-credit-20261002/progress.json,16491,d0da685ca0db2d302f8d22e5a92e8d9f22f2260c3ebd9678bd044554cb3c40e3
diagnostics,logs/diagnostics/br-address-long-credit-20261002,logs/diagnostics/br-address-long-credit-20261002/replays/4451b05f2e0c4a9e8daeee5c823a3572/episode-00000001-slot-1.json,194,78f8dce68d7fd18400ca962dddcbe1aca24d82db49801c62bdfccdd776be40e4
diagnostics,logs/diagnostics/br-address-long-credit-20261002,logs/diagnostics/br-address-long-credit-20261002/replays/4451b05f2e0c4a9e8daeee5c823a3572/episode-00000002-slot-0.json,194,15e409ebbd9ad7942aca98f3dd6cbd9c164f5f33160744e8f5faa6227a100683
diagnostics,logs/diagnostics/br-address-long-credit-20261002,logs/diagnostics/br-address-long-credit-20261002/replays/4451b05f2e0c4a9e8daeee5c823a3572/episode-00000003-slot-1.json,200,77c98ff1aabc1bde2513baa26bd90f95388b5f6c26b182afe79621930765ac2d
diagnostics,logs/diagnostics/br-address-long-credit-20261002,logs/diagnostics/br-address-long-credit-20261002/replays/4451b05f2e0c4a9e8daeee5c823a3572/episode-00000004-slot-0.json,199,0acdf62a4230c42e89c70bf2354d7dfb2c1a7fe4b18b74e144c5fefba411527c
diagnostics,logs/diagnostics/br-address-long-credit-20261002,logs/diagnostics/br-address-long-credit-20261002/replays/4451b05f2e0c4a9e8daeee5c823a3572/episode-00000005-slot-1.json,199,accc48bda2fca36ea0277e19218b88bebc1f411a7d35a2e22ccb67bd786b0101
diagnostics,logs/diagnostics/br-address-long-credit-20261002,logs/diagnostics/br-address-long-credit-20261002/result.json,1977,b641a46d71bf3425804b97046e5d8964881f3ea109823091b1f54bcd99752e8e
diagnostics,logs/diagnostics/br-address-long-credit-20261002,logs/diagnostics/br-address-long-credit-20261002/scalars/progress.csv,1565,16b286e300e3589fdab7d9a90e93bdb27ce27d836e2e18d5d883fccbda4e9605
diagnostics,logs/diagnostics/br-address-long-credit-20261002,logs/diagnostics/br-address-long-credit-20261002/timing.json,1437,d4a7a4219fa7773bc28fc5c4bcae84bae0e05afda39e7ec600d1b5ad16843915
diagnostics,logs/diagnostics/br-address-long-rollout-20261002,logs/diagnostics/br-address-long-rollout-20261002/checkpoints/ppo_12288_steps.curriculum.json,896,970e5168f68753de7f6bec8b67f7e97b0ea020e463a5143a376e3d75c2aebc97
diagnostics,logs/diagnostics/br-address-long-rollout-20261002,logs/diagnostics/br-address-long-rollout-20261002/checkpoints/ppo_16384_steps.curriculum.json,895,74212c440e4607c5bc5d0427a16869ae73108f00593b85ba2f0a08c6c45762b3
diagnostics,logs/diagnostics/br-address-long-rollout-20261002,logs/diagnostics/br-address-long-rollout-20261002/checkpoints/ppo_4096_steps.curriculum.json,895,83b318963a9123289b19a4e4aae35367f2e4ce2b81a9e7356d4ed9f67be5c7ad
diagnostics,logs/diagnostics/br-address-long-rollout-20261002,logs/diagnostics/br-address-long-rollout-20261002/checkpoints/ppo_8192_steps.curriculum.json,895,4568f0f962927183b11cab1ec1e8f7d5dc6108657d980a59ac9d3073e7f5a162
diagnostics,logs/diagnostics/br-address-long-rollout-20261002,logs/diagnostics/br-address-long-rollout-20261002/checkpoints/updated_12288_steps.curriculum.json,896,94f9796b81ad7e6c5958a23811ed3bc4a5ff8e24b5e1361e98744c0088cb6b61
diagnostics,logs/diagnostics/br-address-long-rollout-20261002,logs/diagnostics/br-address-long-rollout-20261002/checkpoints/updated_16384_steps.curriculum.json,895,ffb3b224c014d401a17c1c6fd2818d12a18b04972d8a4736b1b26cfa7c36f0cf
diagnostics,logs/diagnostics/br-address-long-rollout-20261002,logs/diagnostics/br-address-long-rollout-20261002/checkpoints/updated_4096_steps.curriculum.json,895,53c095b2ad7c37fdc0d953f3094293438cb480c336347ebdc10163f01dfa05ca
diagnostics,logs/diagnostics/br-address-long-rollout-20261002,logs/diagnostics/br-address-long-rollout-20261002/checkpoints/updated_8192_steps.curriculum.json,895,2dd97ce7b9f9734edb1edb237f31a05c9812a6e801423ae40068d5b26031b505
diagnostics,logs/diagnostics/br-address-long-rollout-20261002,logs/diagnostics/br-address-long-rollout-20261002/config.yaml,5148,181cec2d78adad8b032966b3bac023f4d9fc1c889329916ef1a2814f9a41ce50
diagnostics,logs/diagnostics/br-address-long-rollout-20261002,logs/diagnostics/br-address-long-rollout-20261002/final.curriculum.json,895,ffb3b224c014d401a17c1c6fd2818d12a18b04972d8a4736b1b26cfa7c36f0cf
diagnostics,logs/diagnostics/br-address-long-rollout-20261002,logs/diagnostics/br-address-long-rollout-20261002/identity.json,49307,243bf31ecb051bf2cecaba4e8939e7a1e8d47961f606bc35f520495d436dc7c4
diagnostics,logs/diagnostics/br-address-long-rollout-20261002,logs/diagnostics/br-address-long-rollout-20261002/progress.json,17440,4264135ea96c714c1106cbcc24aeac927dcad5a68df551796b1a0a517c3125e0
diagnostics,logs/diagnostics/br-address-long-rollout-20261002,logs/diagnostics/br-address-long-rollout-20261002/replays/d5b58b4c33af43b18610cdee9edefd1d/episode-00000001-slot-1.json,194,78f8dce68d7fd18400ca962dddcbe1aca24d82db49801c62bdfccdd776be40e4
diagnostics,logs/diagnostics/br-address-long-rollout-20261002,logs/diagnostics/br-address-long-rollout-20261002/replays/d5b58b4c33af43b18610cdee9edefd1d/episode-00000002-slot-0.json,194,c22f1dec44b6a95fabf8f8abff3e67f532a86980d6c25201867d8fc57b62af21
diagnostics,logs/diagnostics/br-address-long-rollout-20261002,logs/diagnostics/br-address-long-rollout-20261002/replays/d5b58b4c33af43b18610cdee9edefd1d/episode-00000003-slot-1.json,200,31cadd6afb342b6adfc96dc7d378bffe70c501145a08d27e65916f85f189e1ad
diagnostics,logs/diagnostics/br-address-long-rollout-20261002,logs/diagnostics/br-address-long-rollout-20261002/replays/d5b58b4c33af43b18610cdee9edefd1d/episode-00000004-slot-0.json,199,16f10b8b60cd2e6f33f6234c9b7f6139f39af280f3f771cb65aa1899a537f91b
diagnostics,logs/diagnostics/br-address-long-rollout-20261002,logs/diagnostics/br-address-long-rollout-20261002/replays/d5b58b4c33af43b18610cdee9edefd1d/episode-00000005-slot-1.json,199,33f5e298dac1ad763ed98a28f7e6c316b31cd340921f014b1248921fa86d96ad
diagnostics,logs/diagnostics/br-address-long-rollout-20261002,logs/diagnostics/br-address-long-rollout-20261002/result.json,1978,25f84aa86163d0868c344fad15294c2f9f96df7e8bf0b35a0aaa3dc443495daa
diagnostics,logs/diagnostics/br-address-long-rollout-20261002,logs/diagnostics/br-address-long-rollout-20261002/scalars/progress.csv,1581,a0906e4886722d01730ad6f000c9e2361a65d49fefef60907a3e6ab078461e2e
diagnostics,logs/diagnostics/br-address-long-rollout-20261002,logs/diagnostics/br-address-long-rollout-20261002/timing.json,1439,7a0c3014cdc035cc9c743d54296435b2c204b9b723cf98923838e976f1c5c0cf
diagnostics,logs/diagnostics/br-address-narrow-clip-20261002,logs/diagnostics/br-address-narrow-clip-20261002/checkpoints/ppo_12288_steps.curriculum.json,896,9fad6b5ac5765e7eba4598e24f6345059175a439d5b2f2a2de330045e77b84a2
diagnostics,logs/diagnostics/br-address-narrow-clip-20261002,logs/diagnostics/br-address-narrow-clip-20261002/checkpoints/ppo_16384_steps.curriculum.json,895,33758d484e7a827a20d280517c18c019227fef0b515fa9c3ddda977917c215ab
diagnostics,logs/diagnostics/br-address-narrow-clip-20261002,logs/diagnostics/br-address-narrow-clip-20261002/checkpoints/ppo_4096_steps.curriculum.json,851,cc66868d7af5f41cd9213fbd70a6564e92c37f9efbc6ee6ec6ec393b6fbdbced
diagnostics,logs/diagnostics/br-address-narrow-clip-20261002,logs/diagnostics/br-address-narrow-clip-20261002/checkpoints/ppo_8192_steps.curriculum.json,895,7a3174e0e6b259b155017b33436650f14b94dff60a51bdf901034ad397de4cb7
diagnostics,logs/diagnostics/br-address-narrow-clip-20261002,logs/diagnostics/br-address-narrow-clip-20261002/checkpoints/updated_12288_steps.curriculum.json,896,85aef594ccba1a7f151ba8d7400f4ebd2f18d191fc5822c593d00174650ddd85
diagnostics,logs/diagnostics/br-address-narrow-clip-20261002,logs/diagnostics/br-address-narrow-clip-20261002/checkpoints/updated_16384_steps.curriculum.json,895,c0fdd5a7b76b7399e6bbffd28ce3ceebc61cc13b453374187bf3cbd8c684cf52
diagnostics,logs/diagnostics/br-address-narrow-clip-20261002,logs/diagnostics/br-address-narrow-clip-20261002/checkpoints/updated_4096_steps.curriculum.json,851,0f048a11869b25679c8a1ab6e53e68f2ff71f3278ad3a2275bdf71693dcf0c54
diagnostics,logs/diagnostics/br-address-narrow-clip-20261002,logs/diagnostics/br-address-narrow-clip-20261002/checkpoints/updated_512_steps.curriculum.json,850,5e66c4d298842f3b963ed90c9c79ecf834293af5cd271165c0dbd4f1a9f69c3c
diagnostics,logs/diagnostics/br-address-narrow-clip-20261002,logs/diagnostics/br-address-narrow-clip-20261002/checkpoints/updated_8192_steps.curriculum.json,895,a5063717275f3753efd29f894d3256d9e729567b7e23828a2b850ab40cca4da9
diagnostics,logs/diagnostics/br-address-narrow-clip-20261002,logs/diagnostics/br-address-narrow-clip-20261002/config.yaml,5147,0f9435bf605249bb0ca6e0a91ecdd7b0274dca2254b22232f0169f584bdaf1a9
diagnostics,logs/diagnostics/br-address-narrow-clip-20261002,logs/diagnostics/br-address-narrow-clip-20261002/final.curriculum.json,895,c0fdd5a7b76b7399e6bbffd28ce3ceebc61cc13b453374187bf3cbd8c684cf52
diagnostics,logs/diagnostics/br-address-narrow-clip-20261002,logs/diagnostics/br-address-narrow-clip-20261002/identity.json,47985,031682e5722b7b010568c1e26052781109044bbec1232cdf535905c287a0dc55
diagnostics,logs/diagnostics/br-address-narrow-clip-20261002,logs/diagnostics/br-address-narrow-clip-20261002/progress.json,17738,0b9f329f73aaa500080a67994d51257f030f3bb90bfde11cff88451e45b21caf
diagnostics,logs/diagnostics/br-address-narrow-clip-20261002,logs/diagnostics/br-address-narrow-clip-20261002/replays/646497131ea44cec801695737686669d/episode-00000001-slot-0.json,194,1e716fb2d7564fd59a50281051c585b964b97367113ec8f9c0fcbf5d3030aac0
diagnostics,logs/diagnostics/br-address-narrow-clip-20261002,logs/diagnostics/br-address-narrow-clip-20261002/replays/646497131ea44cec801695737686669d/episode-00000002-slot-1.json,194,8187ec2c240f101f6f789aca88789c5a2c574daae7c0bbb9598ba94c2f9f5487
diagnostics,logs/diagnostics/br-address-narrow-clip-20261002,logs/diagnostics/br-address-narrow-clip-20261002/replays/646497131ea44cec801695737686669d/episode-00000003-slot-0.json,200,fbe54e611d1c5258c270669f020c406d363e70fc059c2a6a34ff8b0b2ad30359
diagnostics,logs/diagnostics/br-address-narrow-clip-20261002,logs/diagnostics/br-address-narrow-clip-20261002/replays/646497131ea44cec801695737686669d/episode-00000004-slot-0.json,198,258777cfcd99b4f9e256b0f1c87bdb77aecb8afeeebdacfa9de9efc244f7edba
diagnostics,logs/diagnostics/br-address-narrow-clip-20261002,logs/diagnostics/br-address-narrow-clip-20261002/replays/646497131ea44cec801695737686669d/episode-00000005-slot-1.json,199,3647bb63504730721f05b066a8dd6f089d795bfeb387cdbb3ea63b4d4b038703
diagnostics,logs/diagnostics/br-address-narrow-clip-20261002,logs/diagnostics/br-address-narrow-clip-20261002/result.json,1977,662ef69df5984f340625e13627738063aec79297dc00db66450c9984d8c8359d
diagnostics,logs/diagnostics/br-address-narrow-clip-20261002,logs/diagnostics/br-address-narrow-clip-20261002/scalars/progress.csv,7518,4d8988ce702f0d6cc66eaa508646641a86ff6c3528916d6df4fea238d4e2d50e
diagnostics,logs/diagnostics/br-address-narrow-clip-20261002,logs/diagnostics/br-address-narrow-clip-20261002/timing.json,6619,2f9d9ef2de148c3fe74e1cb434fd8ce48d23331386c680d93cc14bd17d4c964c
diagnostics,logs/diagnostics/br-address-small-step-20261002,logs/diagnostics/br-address-small-step-20261002/checkpoints/ppo_12288_steps.curriculum.json,895,42908310503f58b985f1ce6f1757b48f1386246361e846bd463067cf9f4c5b0c
diagnostics,logs/diagnostics/br-address-small-step-20261002,logs/diagnostics/br-address-small-step-20261002/checkpoints/ppo_16384_steps.curriculum.json,895,1361b297169294fa4fbfcee1bb6a2c66a55e3cf5ecdf0f98e15c4d28d09d05ba
diagnostics,logs/diagnostics/br-address-small-step-20261002,logs/diagnostics/br-address-small-step-20261002/checkpoints/ppo_4096_steps.curriculum.json,851,287126021816cf33b37c04c796b82f4869b59abf8e1d65f880afa05390db6d60
diagnostics,logs/diagnostics/br-address-small-step-20261002,logs/diagnostics/br-address-small-step-20261002/checkpoints/ppo_8192_steps.curriculum.json,895,616d893ae18fd6d3d58271019f8a6ec1766098480aa20d9eaa677e9bda67795a
diagnostics,logs/diagnostics/br-address-small-step-20261002,logs/diagnostics/br-address-small-step-20261002/checkpoints/updated_12288_steps.curriculum.json,895,82d49e7617a3fb612e4475e90b299e3812c3d5e8f9d88d77bd4c744229418d99
diagnostics,logs/diagnostics/br-address-small-step-20261002,logs/diagnostics/br-address-small-step-20261002/checkpoints/updated_16384_steps.curriculum.json,895,b58a127e34de47d1256296806a11ae2279a82dc47479d21a4838f8316fa40698
diagnostics,logs/diagnostics/br-address-small-step-20261002,logs/diagnostics/br-address-small-step-20261002/checkpoints/updated_4096_steps.curriculum.json,851,d7557c39c30726cf9f1fb81f1f0567ad7ff3a567ed654b3dfb99fc1fbbf44cc1
diagnostics,logs/diagnostics/br-address-small-step-20261002,logs/diagnostics/br-address-small-step-20261002/checkpoints/updated_512_steps.curriculum.json,850,337aab41f381c3a349e6c67acddd0d601f1a801ec3e761482a4a236f5eaad6e7
diagnostics,logs/diagnostics/br-address-small-step-20261002,logs/diagnostics/br-address-small-step-20261002/checkpoints/updated_8192_steps.curriculum.json,895,2aac41d2010da89e2766fc42929f3c0fda728a8974682bd1e81ad5cb68877149
diagnostics,logs/diagnostics/br-address-small-step-20261002,logs/diagnostics/br-address-small-step-20261002/config.yaml,5146,c04ce48cdc97680afe94451c9cc5ea5a3dd206d55a6c929403be13b4bc730445
diagnostics,logs/diagnostics/br-address-small-step-20261002,logs/diagnostics/br-address-small-step-20261002/final.curriculum.json,895,aea2d52fbd6ce0a59b145053f86becd5f18803366cd37810c1a6c52ec1e74327
diagnostics,logs/diagnostics/br-address-small-step-20261002,logs/diagnostics/br-address-small-step-20261002/identity.json,47761,ad1407089ba0abe4986f1b3496b6ee004097aa2987c416b0a27c98f2659dca05
diagnostics,logs/diagnostics/br-address-small-step-20261002,logs/diagnostics/br-address-small-step-20261002/progress.json,21788,687534e5abeb90fab5f9fafe7f3eabd08cc1c48cda31066edf7bfe5d93c0828d
diagnostics,logs/diagnostics/br-address-small-step-20261002,logs/diagnostics/br-address-small-step-20261002/replays/71092b58dc5b47c59e493c20a19abe53/episode-00000001-slot-1.json,194,684a2340d42e54795e58f4bf039899010ff8cd7d943efb6680999c3a996cf63f
diagnostics,logs/diagnostics/br-address-small-step-20261002,logs/diagnostics/br-address-small-step-20261002/replays/71092b58dc5b47c59e493c20a19abe53/episode-00000002-slot-0.json,194,23f610a401f1a859a2b97e6959a460a7543ec9a7abe69782049bafd470e8b22b
diagnostics,logs/diagnostics/br-address-small-step-20261002,logs/diagnostics/br-address-small-step-20261002/replays/71092b58dc5b47c59e493c20a19abe53/episode-00000003-slot-1.json,200,8e6c7264a476146e131c740441e4c286e24d77fcc6c932bb4ce0cc2e5fb11cce
diagnostics,logs/diagnostics/br-address-small-step-20261002,logs/diagnostics/br-address-small-step-20261002/replays/71092b58dc5b47c59e493c20a19abe53/episode-00000004-slot-1.json,200,fd50d13e8da8c8ad66ffc879dffb501ea7da050b0a96d23e61caec2a876d7c1f
diagnostics,logs/diagnostics/br-address-small-step-20261002,logs/diagnostics/br-address-small-step-20261002/replays/71092b58dc5b47c59e493c20a19abe53/episode-00000005-slot-0.json,199,cfd071dc1f9b1921367fd0f70410b815c7f58203960b1080fe456edfb61db080
diagnostics,logs/diagnostics/br-address-small-step-20261002,logs/diagnostics/br-address-small-step-20261002/replays/71092b58dc5b47c59e493c20a19abe53/episode-00000006-slot-1.json,199,95eb53c41981aaa080db3f705e753814e661fd2ea2574e43e11538329c9c0fc6
diagnostics,logs/diagnostics/br-address-small-step-20261002,logs/diagnostics/br-address-small-step-20261002/result.json,1975,a4b1eb4af19f96ddf666dc93516ecbe46ae2e05741fcea6d7e15b8bceda6807f
diagnostics,logs/diagnostics/br-address-small-step-20261002,logs/diagnostics/br-address-small-step-20261002/scalars/progress.csv,7687,915aefbb74f5b980a1ab0b81c1da2f42596d5ef6a05e9eadea0fd8df78735f6e
diagnostics,logs/diagnostics/br-address-small-step-20261002,logs/diagnostics/br-address-small-step-20261002/timing.json,6620,a5c813a97fbc2ffbcaa22dc09d542aaafe197312f9c0fa93da996d622374f55d
diagnostics,logs/diagnostics/br-address-split-calibrated-20261002,logs/diagnostics/br-address-split-calibrated-20261002/checkpoints/ppo_12288_steps.curriculum.json,895,b27736d3268823c48fb6fdad5db7a37c884022c096a70726d6efdda0beacc8a3
diagnostics,logs/diagnostics/br-address-split-calibrated-20261002,logs/diagnostics/br-address-split-calibrated-20261002/checkpoints/ppo_16384_steps.curriculum.json,895,998336fb6a70524eca8b1c6d96567ad273a4a1dcef55d674e0efa4dd0e9e2890
diagnostics,logs/diagnostics/br-address-split-calibrated-20261002,logs/diagnostics/br-address-split-calibrated-20261002/checkpoints/ppo_4096_steps.curriculum.json,851,5674c263d9cb335e03853f14499eb855b4124736d2ef76f67cfb608d4ce8c84e
diagnostics,logs/diagnostics/br-address-split-calibrated-20261002,logs/diagnostics/br-address-split-calibrated-20261002/checkpoints/ppo_8192_steps.curriculum.json,895,3010b7d6da70d72de60e3cdbf045c0922c53955b7721e5bd523a62f210dcd326
diagnostics,logs/diagnostics/br-address-split-calibrated-20261002,logs/diagnostics/br-address-split-calibrated-20261002/checkpoints/updated_12288_steps.curriculum.json,895,40d78d2df4c26166e0995266466c284234fb518ab58765f349a3722aab8baffc
diagnostics,logs/diagnostics/br-address-split-calibrated-20261002,logs/diagnostics/br-address-split-calibrated-20261002/checkpoints/updated_16384_steps.curriculum.json,895,69be1a83c1770624954f4ebab77e65ade708577f44fcd5ddb2357ee12ea04860
diagnostics,logs/diagnostics/br-address-split-calibrated-20261002,logs/diagnostics/br-address-split-calibrated-20261002/checkpoints/updated_4096_steps.curriculum.json,851,dc694c7e192d5eff57c606c8c4c4d9047916a276437d04034255b72bd4b2b5b1
diagnostics,logs/diagnostics/br-address-split-calibrated-20261002,logs/diagnostics/br-address-split-calibrated-20261002/checkpoints/updated_512_steps.curriculum.json,850,71e8c30f39d00597a4b7728a8d6d46d565942c750f7b7ad45014a844de81207e
diagnostics,logs/diagnostics/br-address-split-calibrated-20261002,logs/diagnostics/br-address-split-calibrated-20261002/checkpoints/updated_8192_steps.curriculum.json,895,ede958d5375d7f50356c6524291f1c8e1c0ff08cf9e85068a564109f2c820d70
diagnostics,logs/diagnostics/br-address-split-calibrated-20261002,logs/diagnostics/br-address-split-calibrated-20261002/config.yaml,5225,caf8af7dd5505635aca677ce756001ff08d9c163506feeb86a86f133e7933608
diagnostics,logs/diagnostics/br-address-split-calibrated-20261002,logs/diagnostics/br-address-split-calibrated-20261002/final.curriculum.json,895,bd54dd01e00151d0e163a8f2e2f40f5ff1136ca5b9f94a460f31b8d65f4d7200
diagnostics,logs/diagnostics/br-address-split-calibrated-20261002,logs/diagnostics/br-address-split-calibrated-20261002/identity.json,49307,04d2327c162b09043107fb7db47d08a06e71f2bcf8c5955edf1428029bc9533d
diagnostics,logs/diagnostics/br-address-split-calibrated-20261002,logs/diagnostics/br-address-split-calibrated-20261002/progress.json,22434,65181b54fdf33da7ca8cee6fcd0b82635977199429b6324b765b3985822e6d99
diagnostics,logs/diagnostics/br-address-split-calibrated-20261002,logs/diagnostics/br-address-split-calibrated-20261002/replays/8f877df6f93c4df3aaea4dcd5e32287d/episode-00000001-slot-1.json,194,45afa3f39b937f80bcdf0846dd98c1806596123923c7ab117b2fa8f9b675ddd2
diagnostics,logs/diagnostics/br-address-split-calibrated-20261002,logs/diagnostics/br-address-split-calibrated-20261002/replays/8f877df6f93c4df3aaea4dcd5e32287d/episode-00000002-slot-0.json,194,40d1abc35512313539bab02d13502e484dfcbfb9b9a9b3ab27b4895452729128
diagnostics,logs/diagnostics/br-address-split-calibrated-20261002,logs/diagnostics/br-address-split-calibrated-20261002/replays/8f877df6f93c4df3aaea4dcd5e32287d/episode-00000003-slot-0.json,200,26b64690c2ab986f786dc9a475bc79bf939cce4113cb9d6cc0b18049b58eecd4
diagnostics,logs/diagnostics/br-address-split-calibrated-20261002,logs/diagnostics/br-address-split-calibrated-20261002/replays/8f877df6f93c4df3aaea4dcd5e32287d/episode-00000004-slot-1.json,200,4fa409c6af4ab5c7aed2d3790bd80b5f7473f609d035b200bc18a89ef72c1819
diagnostics,logs/diagnostics/br-address-split-calibrated-20261002,logs/diagnostics/br-address-split-calibrated-20261002/replays/8f877df6f93c4df3aaea4dcd5e32287d/episode-00000005-slot-0.json,199,1535b7e21962c908a4146166a496dbdc7935da7e6ed372de5f18c08a69f9b584
diagnostics,logs/diagnostics/br-address-split-calibrated-20261002,logs/diagnostics/br-address-split-calibrated-20261002/replays/8f877df6f93c4df3aaea4dcd5e32287d/episode-00000006-slot-1.json,198,899cdd2cc99c86a73d056631883f56b13768b5f506452ae854f12db3bc7d958d
diagnostics,logs/diagnostics/br-address-split-calibrated-20261002,logs/diagnostics/br-address-split-calibrated-20261002/result.json,1981,6ebbd099a0f8840f29bfe2b150f76d1cabc747960309149fb6be964d2d7c1e28
diagnostics,logs/diagnostics/br-address-split-calibrated-20261002,logs/diagnostics/br-address-split-calibrated-20261002/scalars/progress.csv,7506,1a372ce3caa3a6b6b33c18551d3a90590cda7c7288f257ac5d040cdc2e65e92a
diagnostics,logs/diagnostics/br-address-split-calibrated-20261002,logs/diagnostics/br-address-split-calibrated-20261002/timing.json,6659,b2104ca63418b2fba997fc085710a7f4ffc411a200876f7b46df8f17fa9f76a5
diagnostics,logs/diagnostics/br-address-split-features-20261002,logs/diagnostics/br-address-split-features-20261002/checkpoints/ppo_12288_steps.curriculum.json,896,ef4c11542d592fbac9f593a9d2fc63419d4f98d3c47fa5f0337fb4136c2d59a1
diagnostics,logs/diagnostics/br-address-split-features-20261002,logs/diagnostics/br-address-split-features-20261002/checkpoints/ppo_16384_steps.curriculum.json,895,5e339d690d2d2f40f56c53ccbc24d0253867c42679df0fb62b3253fe15806bcd
diagnostics,logs/diagnostics/br-address-split-features-20261002,logs/diagnostics/br-address-split-features-20261002/checkpoints/ppo_4096_steps.curriculum.json,851,bb60b2cf872fa0d8d6ec0d86e1dbdea4c5de52c72732270cc2a82f97657a5a58
diagnostics,logs/diagnostics/br-address-split-features-20261002,logs/diagnostics/br-address-split-features-20261002/checkpoints/ppo_8192_steps.curriculum.json,895,9bd35a295858c4230f033a029fc09f87fd795f028ef1054c1fda67bebaeb0138
diagnostics,logs/diagnostics/br-address-split-features-20261002,logs/diagnostics/br-address-split-features-20261002/checkpoints/updated_12288_steps.curriculum.json,896,a1b97357bd1298cb86d1b5745c214c3371b15121c6356a2101481cdba6636607
diagnostics,logs/diagnostics/br-address-split-features-20261002,logs/diagnostics/br-address-split-features-20261002/checkpoints/updated_16384_steps.curriculum.json,895,c68302877b197d52c675899dc5c65fe6f46c0a0df3a22d109e0cc7fac0bbe8db
diagnostics,logs/diagnostics/br-address-split-features-20261002,logs/diagnostics/br-address-split-features-20261002/checkpoints/updated_4096_steps.curriculum.json,851,d9381cb905f38b61a6d6153893107a9e65288a2ee58b10e88198e24aba4c65ca
diagnostics,logs/diagnostics/br-address-split-features-20261002,logs/diagnostics/br-address-split-features-20261002/checkpoints/updated_512_steps.curriculum.json,850,3b89c3db579f5138f6f6552da3ee3bd34db8bf8f19291c9cf54b88976d8f28dd
diagnostics,logs/diagnostics/br-address-split-features-20261002,logs/diagnostics/br-address-split-features-20261002/checkpoints/updated_8192_steps.curriculum.json,895,17947b4f47630f50cad5095a813278b99dd87d9cc6c18c7d89b5ab8b897227d7
diagnostics,logs/diagnostics/br-address-split-features-20261002,logs/diagnostics/br-address-split-features-20261002/config.yaml,5217,a30684ef197fe589b0a3329648ea1fe1f5727667f152de10a85ce88a4e2b9537
diagnostics,logs/diagnostics/br-address-split-features-20261002,logs/diagnostics/br-address-split-features-20261002/final.curriculum.json,895,a10387b3f5ab080d31ac4ec85c845bbac88abfc6c267f9145172621e738277ec
diagnostics,logs/diagnostics/br-address-split-features-20261002,logs/diagnostics/br-address-split-features-20261002/identity.json,49307,b974ddd683950e0e311704a692b432bb14a0df850feb3dd08c9e324110a3f70c
diagnostics,logs/diagnostics/br-address-split-features-20261002,logs/diagnostics/br-address-split-features-20261002/progress.json,22306,a327d9611654d3bec429d544653867bcfb056d230a76d7d7ca1d904bb1456a52
diagnostics,logs/diagnostics/br-address-split-features-20261002,logs/diagnostics/br-address-split-features-20261002/replays/ab8f49c62e574b0892e17e8dd9418ce7/episode-00000001-slot-0.json,194,f79177206a8a143b12d76f9c8654bc6890b2113e7812b16b7953ac19c10cd8b5
diagnostics,logs/diagnostics/br-address-split-features-20261002,logs/diagnostics/br-address-split-features-20261002/replays/ab8f49c62e574b0892e17e8dd9418ce7/episode-00000002-slot-1.json,194,8bab19381f8c11948596004fbcb8ea2971e1a33c5ce1e91929959862e31f66a3
diagnostics,logs/diagnostics/br-address-split-features-20261002,logs/diagnostics/br-address-split-features-20261002/replays/ab8f49c62e574b0892e17e8dd9418ce7/episode-00000003-slot-1.json,200,5cf9a022e1f593025ae1b724f5bb90c1f4d077fb75643ee2174612e49c8765a7
diagnostics,logs/diagnostics/br-address-split-features-20261002,logs/diagnostics/br-address-split-features-20261002/replays/ab8f49c62e574b0892e17e8dd9418ce7/episode-00000004-slot-0.json,200,9d3e2766d4ad4ba7ae64ebfa6327130cd1ffd5e133824720193d731a2236690e
diagnostics,logs/diagnostics/br-address-split-features-20261002,logs/diagnostics/br-address-split-features-20261002/replays/ab8f49c62e574b0892e17e8dd9418ce7/episode-00000005-slot-0.json,199,587f1d6a6cb8378d19d2070c66d85fcc8159f66ac120117c2a1055b17f847b7f
diagnostics,logs/diagnostics/br-address-split-features-20261002,logs/diagnostics/br-address-split-features-20261002/replays/ab8f49c62e574b0892e17e8dd9418ce7/episode-00000006-slot-1.json,199,9226e3b71a7eb00139ba8488672a105a684f744a522781a201eae72e0b109c59
diagnostics,logs/diagnostics/br-address-split-features-20261002,logs/diagnostics/br-address-split-features-20261002/result.json,1973,5460380c63d761bc77f45fd2b6f7edfc4c67d982e24989319f5b212916410028
diagnostics,logs/diagnostics/br-address-split-features-20261002,logs/diagnostics/br-address-split-features-20261002/scalars/progress.csv,7329,c44ee78f3f1ffabea6e903804d88ab59954cb5dc8e030c056e9ec363302c0c6e
diagnostics,logs/diagnostics/br-address-split-features-20261002,logs/diagnostics/br-address-split-features-20261002/timing.json,6647,77bdcb5c54fc5ad233a01f0d72bcbda1204fa3f3a30d77514597595fa3f5e9b1
diagnostics,logs/diagnostics/br-combat-comparison-20261001-a,logs/diagnostics/br-combat-comparison-20261001-a/combat_context/config.yaml,4509,d8256ee56c0a10acad0e25e17ff1b2aa3b844c55393784b191541ddab62a3a3d
diagnostics,logs/diagnostics/br-combat-comparison-20261001-a,logs/diagnostics/br-combat-comparison-20261001-a/combat_context/progress.csv,1631,06c8649ec447abe277edac674c3d3ab2a585ca39f23d4d6d12db925179a81033
diagnostics,logs/diagnostics/br-combat-comparison-20261001-a,logs/diagnostics/br-combat-comparison-20261001-a/combat_context/progress.json,32535,65dcc8fb6ff417d8bb42e0549ce7d785b4567e0260dec79e5ca55228afc656c9
diagnostics,logs/diagnostics/br-combat-comparison-20261001-a,logs/diagnostics/br-combat-comparison-20261001-a/combat_context/timing.json,969,6451381904ca807069b10d598d36b4d5b59307ab8bb2ed96e5a9db8651c81b59
diagnostics,logs/diagnostics/br-combat-comparison-20261001-a,logs/diagnostics/br-combat-comparison-20261001-a/combat_series.json,64737,3e966a5f510037c6ef63877f92d8206b26634ebace0f6cbb9c26bbdc220d4fba
diagnostics,logs/diagnostics/br-combat-comparison-20261001-a,logs/diagnostics/br-combat-comparison-20261001-a/curriculum/config.yaml,4628,5fdf4ad2b267f3ed7e83536da1f1e20a42397131c291b50fa6117225349f7f83
diagnostics,logs/diagnostics/br-combat-comparison-20261001-a,logs/diagnostics/br-combat-comparison-20261001-a/curriculum/progress.csv,1676,982c01024d37351d95bcd4a3e9e3d9a5c6c77d09ee6b95861a7454a9df854678
diagnostics,logs/diagnostics/br-combat-comparison-20261001-a,logs/diagnostics/br-combat-comparison-20261001-a/curriculum/progress.json,39741,86e6fa347800fdaa78a060ac21ef82fc416134cab47d386e9401b1bbe287cab0
diagnostics,logs/diagnostics/br-combat-comparison-20261001-a,logs/diagnostics/br-combat-comparison-20261001-a/curriculum/timing.json,1407,0c208dc78afcb00429ca0d6870bed51cbd625809d64e13f144b5f4d4622402cf
diagnostics,logs/diagnostics/br-combat-comparison-20261001-a,logs/diagnostics/br-combat-comparison-20261001-a/direct/config.yaml,4484,1e568cba15636a0ccea26479b67e852fe84283eed4b007122e6cac9ea24e8166
diagnostics,logs/diagnostics/br-combat-comparison-20261001-a,logs/diagnostics/br-combat-comparison-20261001-a/direct/progress.csv,3228,a37f308b54ec9251f5f4641bb1cb81d996639f9518db65316c5953f07d2eb1bd
diagnostics,logs/diagnostics/br-combat-comparison-20261001-a,logs/diagnostics/br-combat-comparison-20261001-a/direct/progress.json,93863,81d5dcb3861755b9fc2f71d1ef913bb92abc318c0e6985a63fa8eb5714017076
diagnostics,logs/diagnostics/br-combat-comparison-20261001-a,logs/diagnostics/br-combat-comparison-20261001-a/direct/timing.json,2796,597187ad7fb3a5015c264568fa628921767d7583891b43fe7ec7dcd9d9f307f9
diagnostics,logs/diagnostics/br-combat-comparison-20261001-a,logs/diagnostics/br-combat-comparison-20261001-a/summary.json,31848,5002b88a2950907c7659a50762bd335be8a93cb780cc15a7b85d14542b34d907
diagnostics,logs/diagnostics/br-combat-comparison-20261001-a,logs/diagnostics/br-combat-comparison-20261001-a/two_epochs/config.yaml,4477,c33a752f976851b6880b587d1d1d497becfa5f5fe2a7e093b9638b92f7006095
diagnostics,logs/diagnostics/br-combat-comparison-20261001-a,logs/diagnostics/br-combat-comparison-20261001-a/two_epochs/progress.csv,2973,d901d7abf244972aa866c15b7cd4a335d08f6ad9be89c9cfbb2b5975bb0fb5c8
diagnostics,logs/diagnostics/br-combat-comparison-20261001-a,logs/diagnostics/br-combat-comparison-20261001-a/two_epochs/progress.json,63237,dc3120968e69b90d2c0c7d2dab6f497145b4cd1dd174f6c1e156b4b36074e5f3
diagnostics,logs/diagnostics/br-combat-comparison-20261001-a,logs/diagnostics/br-combat-comparison-20261001-a/two_epochs/timing.json,1886,9e34674a07a2a8fa3519e5aed864fc1261a5b1dabe834710e61dcad0fd008069
diagnostics,logs/diagnostics/br-combat-comparison-20261001-b,logs/diagnostics/br-combat-comparison-20261001-b/combat_context/config.yaml,4509,d8256ee56c0a10acad0e25e17ff1b2aa3b844c55393784b191541ddab62a3a3d
diagnostics,logs/diagnostics/br-combat-comparison-20261001-b,logs/diagnostics/br-combat-comparison-20261001-b/combat_context/progress.csv,1882,d0264ed1dc5b06bd77b50c26720ce71b14e2e9d7a93be25a200c85af7a19733a
diagnostics,logs/diagnostics/br-combat-comparison-20261001-b,logs/diagnostics/br-combat-comparison-20261001-b/combat_context/progress.json,38350,bbfcbe6b3c65e08ae4a95ce64c5662d20459dce84575e3b7a64a50a4dc8e46d9
diagnostics,logs/diagnostics/br-combat-comparison-20261001-b,logs/diagnostics/br-combat-comparison-20261001-b/combat_context/timing.json,1118,d3ca1749444509ca34e9e2dbf6fc7af9e76624f8ea94155c139309d909ab9964
diagnostics,logs/diagnostics/br-combat-comparison-20261001-b,logs/diagnostics/br-combat-comparison-20261001-b/combat_series.json,66388,88127cfb8e7f66cd1bdd94105d1bf928686b95d933959ce4bb396e79ed6c7f07
diagnostics,logs/diagnostics/br-combat-comparison-20261001-b,logs/diagnostics/br-combat-comparison-20261001-b/curriculum/config.yaml,4628,5fdf4ad2b267f3ed7e83536da1f1e20a42397131c291b50fa6117225349f7f83
diagnostics,logs/diagnostics/br-combat-comparison-20261001-b,logs/diagnostics/br-combat-comparison-20261001-b/curriculum/progress.csv,1676,982c01024d37351d95bcd4a3e9e3d9a5c6c77d09ee6b95861a7454a9df854678
diagnostics,logs/diagnostics/br-combat-comparison-20261001-b,logs/diagnostics/br-combat-comparison-20261001-b/curriculum/progress.json,39741,86e6fa347800fdaa78a060ac21ef82fc416134cab47d386e9401b1bbe287cab0
diagnostics,logs/diagnostics/br-combat-comparison-20261001-b,logs/diagnostics/br-combat-comparison-20261001-b/curriculum/timing.json,1407,0c208dc78afcb00429ca0d6870bed51cbd625809d64e13f144b5f4d4622402cf
diagnostics,logs/diagnostics/br-combat-comparison-20261001-b,logs/diagnostics/br-combat-comparison-20261001-b/direct/config.yaml,4484,1e568cba15636a0ccea26479b67e852fe84283eed4b007122e6cac9ea24e8166
diagnostics,logs/diagnostics/br-combat-comparison-20261001-b,logs/diagnostics/br-combat-comparison-20261001-b/direct/progress.csv,3228,a37f308b54ec9251f5f4641bb1cb81d996639f9518db65316c5953f07d2eb1bd
diagnostics,logs/diagnostics/br-combat-comparison-20261001-b,logs/diagnostics/br-combat-comparison-20261001-b/direct/progress.json,93863,81d5dcb3861755b9fc2f71d1ef913bb92abc318c0e6985a63fa8eb5714017076
diagnostics,logs/diagnostics/br-combat-comparison-20261001-b,logs/diagnostics/br-combat-comparison-20261001-b/direct/timing.json,2796,597187ad7fb3a5015c264568fa628921767d7583891b43fe7ec7dcd9d9f307f9
diagnostics,logs/diagnostics/br-combat-comparison-20261001-b,logs/diagnostics/br-combat-comparison-20261001-b/summary.json,32009,1c4bfc3e2daafa826bb244299e8e865dfb64b784488a2465dfabe8c58dcd4a6a
diagnostics,logs/diagnostics/br-combat-comparison-20261001-b,logs/diagnostics/br-combat-comparison-20261001-b/two_epochs/config.yaml,4477,c33a752f976851b6880b587d1d1d497becfa5f5fe2a7e093b9638b92f7006095
diagnostics,logs/diagnostics/br-combat-comparison-20261001-b,logs/diagnostics/br-combat-comparison-20261001-b/two_epochs/progress.csv,2973,d901d7abf244972aa866c15b7cd4a335d08f6ad9be89c9cfbb2b5975bb0fb5c8
diagnostics,logs/diagnostics/br-combat-comparison-20261001-b,logs/diagnostics/br-combat-comparison-20261001-b/two_epochs/progress.json,63237,dc3120968e69b90d2c0c7d2dab6f497145b4cd1dd174f6c1e156b4b36074e5f3
diagnostics,logs/diagnostics/br-combat-comparison-20261001-b,logs/diagnostics/br-combat-comparison-20261001-b/two_epochs/timing.json,1886,9e34674a07a2a8fa3519e5aed864fc1261a5b1dabe834710e61dcad0fd008069
diagnostics,logs/diagnostics/br-combat-continuation-20261001,logs/diagnostics/br-combat-continuation-20261001/result.json,652,44868c9278f19336ed5178a4aeb077a70ea4ec833f5d016de63c8c2aec400c8b
diagnostics,logs/diagnostics/br-critic-candidate-20261002,logs/diagnostics/br-critic-candidate-20261002/checkpoints/ppo_12288_steps.curriculum.json,895,35a55898a167c57bca4418ae74d24ca8c118222212223b7b2bf6d6a87f6653c0
diagnostics,logs/diagnostics/br-critic-candidate-20261002,logs/diagnostics/br-critic-candidate-20261002/checkpoints/ppo_16384_steps.curriculum.json,895,c64791ffa8929fd2866ae067ddce8dc13f00246d6b3320f6255c739e77ff02ec
diagnostics,logs/diagnostics/br-critic-candidate-20261002,logs/diagnostics/br-critic-candidate-20261002/checkpoints/ppo_4096_steps.curriculum.json,851,db8dbffe28184efd10a166e585d1a96b264bca8d3c98178cc2deb3854a2b50f9
diagnostics,logs/diagnostics/br-critic-candidate-20261002,logs/diagnostics/br-critic-candidate-20261002/checkpoints/ppo_8192_steps.curriculum.json,895,5ec6aef77f84939fb3f2cb364348bea527bc18d533d6082956fb160cc246aa15
diagnostics,logs/diagnostics/br-critic-candidate-20261002,logs/diagnostics/br-critic-candidate-20261002/checkpoints/updated_12288_steps.curriculum.json,895,7f9b2aed292cfb960038cf29d5b22f09ab36ca37760980c1f2e4ddcd4adc8cb6
diagnostics,logs/diagnostics/br-critic-candidate-20261002,logs/diagnostics/br-critic-candidate-20261002/checkpoints/updated_16384_steps.curriculum.json,895,1a57d432a1dcaea02a55b8c6a7f58297f227cfc40a560bb00661f0717605b8b0
diagnostics,logs/diagnostics/br-critic-candidate-20261002,logs/diagnostics/br-critic-candidate-20261002/checkpoints/updated_4096_steps.curriculum.json,851,8f5568d67046167f9985314fa52b6e6ae9fcf35230e056817aa23d22c5c1ef39
diagnostics,logs/diagnostics/br-critic-candidate-20261002,logs/diagnostics/br-critic-candidate-20261002/checkpoints/updated_512_steps.curriculum.json,850,f152f45861daafd329500a0f4515dba1041d5019cd439648750c438fc4b3aab1
diagnostics,logs/diagnostics/br-critic-candidate-20261002,logs/diagnostics/br-critic-candidate-20261002/checkpoints/updated_8192_steps.curriculum.json,895,e2bb310220e2a85b3f1ba2bd7e95f39eddf3744c3390d94ffcb2c4bf7614ea5e
diagnostics,logs/diagnostics/br-critic-candidate-20261002,logs/diagnostics/br-critic-candidate-20261002/config.yaml,5148,2fdc74c0bc3795f2f9cd7d80c972684ac7b0d6a344355c966c3e730c5178103c
diagnostics,logs/diagnostics/br-critic-candidate-20261002,logs/diagnostics/br-critic-candidate-20261002/final.curriculum.json,895,1a57d432a1dcaea02a55b8c6a7f58297f227cfc40a560bb00661f0717605b8b0
diagnostics,logs/diagnostics/br-critic-candidate-20261002,logs/diagnostics/br-critic-candidate-20261002/identity.json,47761,c95bcbeb4e58cb83e923e0b34b7e58f665a0b1e3e6070ecc8e33ed5477d83bdc
diagnostics,logs/diagnostics/br-critic-candidate-20261002,logs/diagnostics/br-critic-candidate-20261002/progress.json,25728,ffac59424c51eb6df8f98c6bc1de5de01a4d5d812e709718a0312af2f5d67129
diagnostics,logs/diagnostics/br-critic-candidate-20261002,logs/diagnostics/br-critic-candidate-20261002/replays/d8f2af4ea1174ae1ae06a0bacab6df7d/episode-00000001-slot-0.json,194,72a9a21e8bbc475abc365491c7560fff4701248ecd85c04fa7612ec71801c70a
diagnostics,logs/diagnostics/br-critic-candidate-20261002,logs/diagnostics/br-critic-candidate-20261002/replays/d8f2af4ea1174ae1ae06a0bacab6df7d/episode-00000002-slot-1.json,194,c015ff3d9d05db1f27a32383c25ce91a6dbf72f0522383d02acd5a851571e01e
diagnostics,logs/diagnostics/br-critic-candidate-20261002,logs/diagnostics/br-critic-candidate-20261002/replays/d8f2af4ea1174ae1ae06a0bacab6df7d/episode-00000003-slot-0.json,200,aef1231f1385a32b093b8480357fe90336e0207c98f820d0334a42d274046684
diagnostics,logs/diagnostics/br-critic-candidate-20261002,logs/diagnostics/br-critic-candidate-20261002/replays/d8f2af4ea1174ae1ae06a0bacab6df7d/episode-00000004-slot-1.json,200,8785d5018b4b29d372783b4b013de7bb6efbf05f5e8db43d7502f330d8d9bf67
diagnostics,logs/diagnostics/br-critic-candidate-20261002,logs/diagnostics/br-critic-candidate-20261002/replays/d8f2af4ea1174ae1ae06a0bacab6df7d/episode-00000005-slot-0.json,200,6d497749eb90d51ab5e333b8db872548308db1ee49fcaf07c5c84e8c1f9e1829
diagnostics,logs/diagnostics/br-critic-candidate-20261002,logs/diagnostics/br-critic-candidate-20261002/replays/d8f2af4ea1174ae1ae06a0bacab6df7d/episode-00000006-slot-0.json,197,77bec53d2ff78f4cd06e252cf8d327a5565692ef196ae299a994192f2c8cbc72
diagnostics,logs/diagnostics/br-critic-candidate-20261002,logs/diagnostics/br-critic-candidate-20261002/replays/d8f2af4ea1174ae1ae06a0bacab6df7d/episode-00000007-slot-1.json,199,5a7f86067b90189f5feaf0da316521a3396eb90cf32469215b3fe82ddf659119
diagnostics,logs/diagnostics/br-critic-candidate-20261002,logs/diagnostics/br-critic-candidate-20261002/result.json,1980,ba9b482191adf83fc7e0a0f07ceb0595a37aa0902fea47bf363c8abac8726d64
diagnostics,logs/diagnostics/br-critic-candidate-20261002,logs/diagnostics/br-critic-candidate-20261002/scalars/progress.csv,7388,6d1cc24de7ed3b60d256898777c1cec8184aa45daac88eecd9530dda0d196c3d
diagnostics,logs/diagnostics/br-critic-candidate-20261002,logs/diagnostics/br-critic-candidate-20261002/timing.json,6610,8fde2887aaf592630870b026152fcb0160ad8d220baeb4fba5d0fb753108dc91
diagnostics,logs/diagnostics/br-critic-control-20261002,logs/diagnostics/br-critic-control-20261002/checkpoints/ppo_12288_steps.curriculum.json,896,8a15587d4d67337611920ce4d8c0a7d79a459612915198e313937fb50a7c8d85
diagnostics,logs/diagnostics/br-critic-control-20261002,logs/diagnostics/br-critic-control-20261002/checkpoints/ppo_16384_steps.curriculum.json,895,ef9a86c37ffc1d7036c9803e2aa9097f0bdcee9158af177e29181c569531adcd
diagnostics,logs/diagnostics/br-critic-control-20261002,logs/diagnostics/br-critic-control-20261002/checkpoints/ppo_4096_steps.curriculum.json,851,6ca8b5e754c29c5d1a905b67ce605fffe5b2ad2389ff6b2e9708b722c3a8e8c7
diagnostics,logs/diagnostics/br-critic-control-20261002,logs/diagnostics/br-critic-control-20261002/checkpoints/ppo_8192_steps.curriculum.json,895,bdb9d46e03055955212c9006137bd388abe3008fce9f81a5ca850d8ab9fb03bc
diagnostics,logs/diagnostics/br-critic-control-20261002,logs/diagnostics/br-critic-control-20261002/checkpoints/updated_12288_steps.curriculum.json,896,030283447966d66124ca0e54fa52f5898e94859b55f302cb1784c9705f7a4800
diagnostics,logs/diagnostics/br-critic-control-20261002,logs/diagnostics/br-critic-control-20261002/checkpoints/updated_16384_steps.curriculum.json,895,7a6c1fb5c591bc24e4ff0d1d4fbc070b039fb53114c14a59ce9129d3da132169
diagnostics,logs/diagnostics/br-critic-control-20261002,logs/diagnostics/br-critic-control-20261002/checkpoints/updated_4096_steps.curriculum.json,851,93267e15f37f02cee47f7514959d067c0148a0228ebefd989da4a8fb39486bb6
diagnostics,logs/diagnostics/br-critic-control-20261002,logs/diagnostics/br-critic-control-20261002/checkpoints/updated_512_steps.curriculum.json,850,0c60343885edf944334f274f169a22206805720ae4e56ee56ae594f756759377
diagnostics,logs/diagnostics/br-critic-control-20261002,logs/diagnostics/br-critic-control-20261002/checkpoints/updated_8192_steps.curriculum.json,895,0e746d29c5cb35ee3c040c74b2080761b4e2cc0d48d45a49f2a5b3bca19e8efe
diagnostics,logs/diagnostics/br-critic-control-20261002,logs/diagnostics/br-critic-control-20261002/config.yaml,5140,30d152bfced21d4430dceea886a240dd03419d6e2bef2d9343a9f03d6213c72b
diagnostics,logs/diagnostics/br-critic-control-20261002,logs/diagnostics/br-critic-control-20261002/final.curriculum.json,895,7a6c1fb5c591bc24e4ff0d1d4fbc070b039fb53114c14a59ce9129d3da132169
diagnostics,logs/diagnostics/br-critic-control-20261002,logs/diagnostics/br-critic-control-20261002/identity.json,47761,95a8931decbc53a0ee297e0908483eeca3296b21fc9e2af70fa219b2c474f7a8
diagnostics,logs/diagnostics/br-critic-control-20261002,logs/diagnostics/br-critic-control-20261002/progress.json,18526,12baf59605f69729fc6fc28ae8ff870d732bad9a72742aef2c26e4e1c39d7db2
diagnostics,logs/diagnostics/br-critic-control-20261002,logs/diagnostics/br-critic-control-20261002/replays/ed6c0488ee0046deacbaf18b483e78cb/episode-00000001-slot-0.json,194,12a7b546627c75a2e33570f05cf1bdaa701272d3077bbc6726e9cd97bdacd338
diagnostics,logs/diagnostics/br-critic-control-20261002,logs/diagnostics/br-critic-control-20261002/replays/ed6c0488ee0046deacbaf18b483e78cb/episode-00000002-slot-1.json,194,ace723cc561addbfd5e9dae712309845ee528590fa66a08e565a7422923eb647
diagnostics,logs/diagnostics/br-critic-control-20261002,logs/diagnostics/br-critic-control-20261002/replays/ed6c0488ee0046deacbaf18b483e78cb/episode-00000003-slot-0.json,200,ec2ad09453ff591fe145da85640e190fc839702a4a9c4b2818d1bf0e4919e148
diagnostics,logs/diagnostics/br-critic-control-20261002,logs/diagnostics/br-critic-control-20261002/replays/ed6c0488ee0046deacbaf18b483e78cb/episode-00000004-slot-0.json,199,8eb8efaa8f647af333bf78a43b96b287e090689f8d77cc8d561f45893dd0d80c
diagnostics,logs/diagnostics/br-critic-control-20261002,logs/diagnostics/br-critic-control-20261002/replays/ed6c0488ee0046deacbaf18b483e78cb/episode-00000005-slot-1.json,199,fa200a4edea8919f39e95622fddfd5d68eb116f966a7f3ddb5c1532df83607b6
diagnostics,logs/diagnostics/br-critic-control-20261002,logs/diagnostics/br-critic-control-20261002/result.json,1971,d1ac68ba3680e70bab5b6e7e4161b2fdaf77b1a50f889357f9fa593b808896fb
diagnostics,logs/diagnostics/br-critic-control-20261002,logs/diagnostics/br-critic-control-20261002/scalars/progress.csv,7398,f8fd93627015dce005e50de48a8acbccb76f4d513e5ee93b823d4b4f95be400b
diagnostics,logs/diagnostics/br-critic-control-20261002,logs/diagnostics/br-critic-control-20261002/timing.json,6603,239c522db9e9eb07a82989c808734958833b2a7c1cc10df99b49bd89a696cd77
diagnostics,logs/diagnostics/br-curriculum-curves-20261001-a,logs/diagnostics/br-curriculum-curves-20261001-a/curriculum/config.yaml,4628,5fdf4ad2b267f3ed7e83536da1f1e20a42397131c291b50fa6117225349f7f83
diagnostics,logs/diagnostics/br-curriculum-curves-20261001-a,logs/diagnostics/br-curriculum-curves-20261001-a/curriculum/progress.csv,1477,956a7801c00dfcaa94a132c00f48cbbb7d9c611d6396f24f9e138d8adfaee3d5
diagnostics,logs/diagnostics/br-curriculum-curves-20261001-a,logs/diagnostics/br-curriculum-curves-20261001-a/curriculum/progress.json,36769,03bffd415e7742158a82c85de6422d3d2983333ebdc6d7bdab9bab48998e0a93
diagnostics,logs/diagnostics/br-curriculum-curves-20261001-a,logs/diagnostics/br-curriculum-curves-20261001-a/curriculum/timing.json,1258,df42cfa625dbfe259cf97b25f1bea969f572c2585cd737731d92a05efd1c1549
diagnostics,logs/diagnostics/br-curriculum-curves-20261001-a,logs/diagnostics/br-curriculum-curves-20261001-a/fresh/config.yaml,4484,1e568cba15636a0ccea26479b67e852fe84283eed4b007122e6cac9ea24e8166
diagnostics,logs/diagnostics/br-curriculum-curves-20261001-a,logs/diagnostics/br-curriculum-curves-20261001-a/fresh/progress.csv,1061,3cff3a1d454e4339483cebea68f5d8e409b3f5e3d7843eb1438ed1434b1afc52
diagnostics,logs/diagnostics/br-curriculum-curves-20261001-a,logs/diagnostics/br-curriculum-curves-20261001-a/fresh/progress.json,27959,83237c3b759d846e81cf1e25519fb4de55c8fb3c60f9527d9ab33d14a294b586
diagnostics,logs/diagnostics/br-curriculum-curves-20261001-a,logs/diagnostics/br-curriculum-curves-20261001-a/fresh/timing.json,966,da91564673926d72ba6a2511ca9e876820855ffec9c009939b95015f88ab9fdd
diagnostics,logs/diagnostics/br-curriculum-curves-20261001-a,logs/diagnostics/br-curriculum-curves-20261001-a/summary.json,23610,61b62b32a59a9a0649ae4344c3d467cfc347e1b96b60b37f10035840fcf222c1
diagnostics,logs/diagnostics/br-curriculum-curves-20261001-a,logs/diagnostics/br-curriculum-curves-20261001-a/warmup/config.yaml,5012,45bf6f6b1de7bf701c5990a627ad5cfc6289aea3736a3c9c289d73a0f8c05601
diagnostics,logs/diagnostics/br-curriculum-curves-20261001-a,logs/diagnostics/br-curriculum-curves-20261001-a/warmup/progress.csv,1663,f86dc43df28c1c43ce8c9226a0dc52d66e74f8f21ae853ee7b19dfe5e7d60fb0
diagnostics,logs/diagnostics/br-curriculum-curves-20261001-a,logs/diagnostics/br-curriculum-curves-20261001-a/warmup/progress.json,28588,2bc3fe47d00dae1a0ff864fcf8b473c91e72dfcfa507124f4ca105b99b7afe77
diagnostics,logs/diagnostics/br-curriculum-curves-20261001-a,logs/diagnostics/br-curriculum-curves-20261001-a/warmup/timing.json,1402,00bc608c686b000ea822bb844dd8fe80115359e59affe06746bd3d7566745381
diagnostics,logs/diagnostics/br-curriculum-curves-20261001-b,logs/diagnostics/br-curriculum-curves-20261001-b/curriculum/config.yaml,4628,5fdf4ad2b267f3ed7e83536da1f1e20a42397131c291b50fa6117225349f7f83
diagnostics,logs/diagnostics/br-curriculum-curves-20261001-b,logs/diagnostics/br-curriculum-curves-20261001-b/curriculum/progress.csv,1477,956a7801c00dfcaa94a132c00f48cbbb7d9c611d6396f24f9e138d8adfaee3d5
diagnostics,logs/diagnostics/br-curriculum-curves-20261001-b,logs/diagnostics/br-curriculum-curves-20261001-b/curriculum/progress.json,36769,03bffd415e7742158a82c85de6422d3d2983333ebdc6d7bdab9bab48998e0a93
diagnostics,logs/diagnostics/br-curriculum-curves-20261001-b,logs/diagnostics/br-curriculum-curves-20261001-b/curriculum/timing.json,1258,df42cfa625dbfe259cf97b25f1bea969f572c2585cd737731d92a05efd1c1549
diagnostics,logs/diagnostics/br-curriculum-curves-20261001-b,logs/diagnostics/br-curriculum-curves-20261001-b/fresh/config.yaml,4484,1e568cba15636a0ccea26479b67e852fe84283eed4b007122e6cac9ea24e8166
diagnostics,logs/diagnostics/br-curriculum-curves-20261001-b,logs/diagnostics/br-curriculum-curves-20261001-b/fresh/progress.csv,1249,1f10a27b93f56f5428cee7dbd35d48b7ac0f3f189501655da63bdbd40c24687d
diagnostics,logs/diagnostics/br-curriculum-curves-20261001-b,logs/diagnostics/br-curriculum-curves-20261001-b/fresh/progress.json,33382,cfda23d86e68c678bf77a2c529f881762e2a5726deac75903cd4aedfd5ee7e6b
diagnostics,logs/diagnostics/br-curriculum-curves-20261001-b,logs/diagnostics/br-curriculum-curves-20261001-b/fresh/timing.json,1115,6a29beb6f65f7877298019c98002e3f847ea42b4bbd2c0115bc7743910de36fd
diagnostics,logs/diagnostics/br-curriculum-curves-20261001-b,logs/diagnostics/br-curriculum-curves-20261001-b/summary.json,23971,0c982a88d968f7ae52ff4dc58091eb96ce27c3edb66039e23d83a9eb8b38d782
diagnostics,logs/diagnostics/br-curriculum-curves-20261001-b,logs/diagnostics/br-curriculum-curves-20261001-b/warmup/config.yaml,5012,45bf6f6b1de7bf701c5990a627ad5cfc6289aea3736a3c9c289d73a0f8c05601
diagnostics,logs/diagnostics/br-curriculum-curves-20261001-b,logs/diagnostics/br-curriculum-curves-20261001-b/warmup/progress.csv,1663,f86dc43df28c1c43ce8c9226a0dc52d66e74f8f21ae853ee7b19dfe5e7d60fb0
diagnostics,logs/diagnostics/br-curriculum-curves-20261001-b,logs/diagnostics/br-curriculum-curves-20261001-b/warmup/progress.json,28588,2bc3fe47d00dae1a0ff864fcf8b473c91e72dfcfa507124f4ca105b99b7afe77
diagnostics,logs/diagnostics/br-curriculum-curves-20261001-b,logs/diagnostics/br-curriculum-curves-20261001-b/warmup/timing.json,1402,00bc608c686b000ea822bb844dd8fe80115359e59affe06746bd3d7566745381
diagnostics,logs/diagnostics/br-development-grid-20261003,logs/diagnostics/br-development-grid-20261003/summary.csv,1402,0edbc0a924a7a6d26968b26f7b21108135d33c50ce174cb835f78520b47e1f7f
diagnostics,logs/diagnostics/br-development-grid-20261003,logs/diagnostics/br-development-grid-20261003/summary.json,7550,3ee3685c3419a70ae746f54f5fbe657c0b61715d46e8f59fc68e274710f58b30
diagnostics,logs/diagnostics/br-episode-mixture-game-20261001,logs/diagnostics/br-episode-mixture-game-20261001/checkpoints/ppo_2048_steps.curriculum.json,914,1083d3513a96379fc50acd3cf5019e8530d7d3d3954a031db4303388d067cd1f
diagnostics,logs/diagnostics/br-episode-mixture-game-20261001,logs/diagnostics/br-episode-mixture-game-20261001/checkpoints/ppo_4096_steps.curriculum.json,915,b1a5d1305fe65631e20e8c97ca661e1fe5e5839eef456d2b405bfd4a6903e052
diagnostics,logs/diagnostics/br-episode-mixture-game-20261001,logs/diagnostics/br-episode-mixture-game-20261001/checkpoints/updated_2048_steps.curriculum.json,914,31e11e74ff12e514681c8d3f97b09f1c7fc6319b1f25a534043e8e2f05f8ac4a
diagnostics,logs/diagnostics/br-episode-mixture-game-20261001,logs/diagnostics/br-episode-mixture-game-20261001/checkpoints/updated_4096_steps.curriculum.json,915,3b5bf7667ad970ce0a78e301c392443175cfad0a05a7e2eb0848dc25df9feaa5
diagnostics,logs/diagnostics/br-episode-mixture-game-20261001,logs/diagnostics/br-episode-mixture-game-20261001/checkpoints/updated_512_steps.curriculum.json,855,04d05114f3c46eb51d8dd8296018af9a00c874a69093b1d852ab238d663dead6
diagnostics,logs/diagnostics/br-episode-mixture-game-20261001,logs/diagnostics/br-episode-mixture-game-20261001/config.yaml,4900,f12046fbcf68754d150c1ebf10824c3878dfe0aa6c7843e578f32894c48bb2e4
diagnostics,logs/diagnostics/br-episode-mixture-game-20261001,logs/diagnostics/br-episode-mixture-game-20261001/final.curriculum.json,915,ed83495b32326e970d3332405712512c6f4e78d1d99ad545af7ec4df7ae2641f
diagnostics,logs/diagnostics/br-episode-mixture-game-20261001,logs/diagnostics/br-episode-mixture-game-20261001/identity.json,43409,da5de05126db0e56c5647df3d8c79fc3266768be7c5d785c57148685b7c47725
diagnostics,logs/diagnostics/br-episode-mixture-game-20261001,logs/diagnostics/br-episode-mixture-game-20261001/progress.json,53339,1ad32bf359444c16df4dda60b9a77154994158dbd666795828607ba2149d6044
diagnostics,logs/diagnostics/br-episode-mixture-game-20261001,logs/diagnostics/br-episode-mixture-game-20261001/replays/c1330d24818f473483cf900688ad197a/episode-00000001-slot-0.json,197,0087b71d7b8d648df0d360715c0aa561494ccc6dcc5f48741023137a155f92ba
diagnostics,logs/diagnostics/br-episode-mixture-game-20261001,logs/diagnostics/br-episode-mixture-game-20261001/replays/c1330d24818f473483cf900688ad197a/episode-00000002-slot-1.json,197,da0061e02abc0e76ce42f6131b531a303b68aed3f8ee0ee0fe9f7d4dc52b9f7f
diagnostics,logs/diagnostics/br-episode-mixture-game-20261001,logs/diagnostics/br-episode-mixture-game-20261001/replays/c1330d24818f473483cf900688ad197a/episode-00000003-slot-2.json,197,c4967d4b171d1a421ed899e5cbf1988ebb238715b13a24eb587f312d08a6dcf6
diagnostics,logs/diagnostics/br-episode-mixture-game-20261001,logs/diagnostics/br-episode-mixture-game-20261001/replays/c1330d24818f473483cf900688ad197a/episode-00000004-slot-3.json,197,eb6dcb7b3146e38789f28f294916268eadcc5a3e6d92d1f54ff2d12befd84708
diagnostics,logs/diagnostics/br-episode-mixture-game-20261001,logs/diagnostics/br-episode-mixture-game-20261001/replays/c1330d24818f473483cf900688ad197a/episode-00000005-slot-0.json,203,c58bb6337866859a3849f4b564223e46323363e8e42e6b3678b13bd1c4305ebf
diagnostics,logs/diagnostics/br-episode-mixture-game-20261001,logs/diagnostics/br-episode-mixture-game-20261001/replays/c1330d24818f473483cf900688ad197a/episode-00000006-slot-1.json,203,b422cc6ebc9185da1fe54ac18146074f0a21852058830e01d2444d7a03037e86
diagnostics,logs/diagnostics/br-episode-mixture-game-20261001,logs/diagnostics/br-episode-mixture-game-20261001/replays/c1330d24818f473483cf900688ad197a/episode-00000007-slot-2.json,203,91358ba24dcb1346f42f3880fb313e43cf643d80993a3880d598d723c13a0af6
diagnostics,logs/diagnostics/br-episode-mixture-game-20261001,logs/diagnostics/br-episode-mixture-game-20261001/replays/c1330d24818f473483cf900688ad197a/episode-00000008-slot-3.json,202,d41f942df402aefde5599d01766f451f83b21423604c8c507e1b05103c6e8e93
diagnostics,logs/diagnostics/br-episode-mixture-game-20261001,logs/diagnostics/br-episode-mixture-game-20261001/replays/c1330d24818f473483cf900688ad197a/episode-00000009-slot-0.json,203,2d5e74d419ccf8482d30ed5a016b1298a31a3f6aa0b7fdc797b787d0e0d493e1
diagnostics,logs/diagnostics/br-episode-mixture-game-20261001,logs/diagnostics/br-episode-mixture-game-20261001/replays/c1330d24818f473483cf900688ad197a/episode-00000010-slot-1.json,203,b48589222de6abf09e27bb4c10b0b01cfc5262af8c32d557305e1db70eb2c89d
diagnostics,logs/diagnostics/br-episode-mixture-game-20261001,logs/diagnostics/br-episode-mixture-game-20261001/replays/c1330d24818f473483cf900688ad197a/episode-00000011-slot-2.json,203,3cae5aef0e6ca40796c8c03159a40136d6e3d691d7330418a90eb45d6062cfe9
diagnostics,logs/diagnostics/br-episode-mixture-game-20261001,logs/diagnostics/br-episode-mixture-game-20261001/replays/c1330d24818f473483cf900688ad197a/episode-00000012-slot-3.json,203,38cca70cb967fb0ed8d7f490e7e6d89ebe2d89620d1dd4462623cd5070f01868
diagnostics,logs/diagnostics/br-episode-mixture-game-20261001,logs/diagnostics/br-episode-mixture-game-20261001/replays/c1330d24818f473483cf900688ad197a/episode-00000013-slot-0.json,202,27b53c76bc1200631cff0829477d36447c97fd8017f759adb92dadf1b6079bcc
diagnostics,logs/diagnostics/br-episode-mixture-game-20261001,logs/diagnostics/br-episode-mixture-game-20261001/replays/c1330d24818f473483cf900688ad197a/episode-00000014-slot-1.json,203,caea4a52fe00464892ba78b359e34011e3609a5ec2365c859748bc4d9191921d
diagnostics,logs/diagnostics/br-episode-mixture-game-20261001,logs/diagnostics/br-episode-mixture-game-20261001/replays/c1330d24818f473483cf900688ad197a/episode-00000015-slot-2.json,203,6b4a71a97f9c17369d4ad6dd0c16c42a010aca66d4e727d2ed38f7e4a2702045
diagnostics,logs/diagnostics/br-episode-mixture-game-20261001,logs/diagnostics/br-episode-mixture-game-20261001/replays/c1330d24818f473483cf900688ad197a/episode-00000016-slot-3.json,202,0643192e52c780e953a4f963d0b74d81e96e97ef216a3c550d6f7ae559734c72
diagnostics,logs/diagnostics/br-episode-mixture-game-20261001,logs/diagnostics/br-episode-mixture-game-20261001/replays/c1330d24818f473483cf900688ad197a/episode-00000017-slot-0.json,196,c25099bb117855d444c7856a4033f71f9803ab76b271f47b456aaa5ccfeefeb7
diagnostics,logs/diagnostics/br-episode-mixture-game-20261001,logs/diagnostics/br-episode-mixture-game-20261001/replays/c1330d24818f473483cf900688ad197a/episode-00000018-slot-1.json,196,04c060f811642f89b6fac6f00e828e0b603b7bc31e2136b147fb435297d4c35f
