kind,run,path,bytes,sha256
training,logs/training/br-reimu-numeric-rehearsal-gae95-adaptive-20261001,logs/training/br-reimu-numeric-rehearsal-gae95-adaptive-20261001/replays/0a45bc1b918840659fdba6be53c33d91/episode-00000011-slot-0.json,199,0e3e20fe890d8fa52a911975d96bf7116590b3f803d7ccbb053ae9d717fefbb0
training,logs/training/br-reimu-numeric-rehearsal-gae95-adaptive-20261001,logs/training/br-reimu-numeric-rehearsal-gae95-adaptive-20261001/replays/0a45bc1b918840659fdba6be53c33d91/episode-00000012-slot-3.json,199,1d298bb5454beb14a22339c306af2c3f3f7db14145ce5a9f3d879b75519eb55a
training,logs/training/br-reimu-numeric-rehearsal-gae95-adaptive-20261001,logs/training/br-reimu-numeric-rehearsal-gae95-adaptive-20261001/replays/0a45bc1b918840659fdba6be53c33d91/episode-00000013-slot-1.json,199,d98d05a57d97cd42ca086d04babefe482d04069f9e27b851a6f2bf12ba783759
training,logs/training/br-reimu-numeric-rehearsal-gae95-adaptive-20261001,logs/training/br-reimu-numeric-rehearsal-gae95-adaptive-20261001/replays/0a45bc1b918840659fdba6be53c33d91/episode-00000014-slot-2.json,199,b8ba95d5011bf49aab387398e05e615f7d13f871a41f362ad355f170c80d149a
training,logs/training/br-reimu-numeric-rehearsal-gae95-adaptive-20261001,logs/training/br-reimu-numeric-rehearsal-gae95-adaptive-20261001/replays/0a45bc1b918840659fdba6be53c33d91/episode-00000015-slot-0.json,200,0dc65d722e54555f8bff585dc7a5868461cc4bde3c41fedb35c96315d9bdbb7d
training,logs/training/br-reimu-numeric-rehearsal-gae95-adaptive-20261001,logs/training/br-reimu-numeric-rehearsal-gae95-adaptive-20261001/replays/0a45bc1b918840659fdba6be53c33d91/episode-00000016-slot-3.json,200,961d7a3a57e41c16e37197b0a809ced9beb10371752d687440d2e40d10b99502
training,logs/training/br-reimu-numeric-rehearsal-gae95-adaptive-20261001,logs/training/br-reimu-numeric-rehearsal-gae95-adaptive-20261001/replays/0a45bc1b918840659fdba6be53c33d91/episode-00000017-slot-2.json,200,8650e2ff055039d21e4ea3a4536dd4cc9a329aecc743c520f002740f89dfe088
training,logs/training/br-reimu-numeric-rehearsal-gae95-adaptive-20261001,logs/training/br-reimu-numeric-rehearsal-gae95-adaptive-20261001/replays/0a45bc1b918840659fdba6be53c33d91/episode-00000018-slot-1.json,200,55c0e255e815b5f1ada17975dd745f0d9e74894b749ee501fd7bcbb0e4845552
training,logs/training/br-reimu-numeric-rehearsal-gae95-adaptive-20261001,logs/training/br-reimu-numeric-rehearsal-gae95-adaptive-20261001/replays/0a45bc1b918840659fdba6be53c33d91/episode-00000019-slot-0.json,200,7a293b0b11f42c20b6a8790284cd4f9ca07a939129e43dcdeae4c733897d05ff
training,logs/training/br-reimu-numeric-rehearsal-gae95-adaptive-20261001,logs/training/br-reimu-numeric-rehearsal-gae95-adaptive-20261001/replays/0a45bc1b918840659fdba6be53c33d91/episode-00000020-slot-3.json,200,8c286c43210ee841820f6c974ee2e91bd9f89d444d88db1097bca00adac210b6
training,logs/training/br-reimu-numeric-rehearsal-gae95-adaptive-20261001,logs/training/br-reimu-numeric-rehearsal-gae95-adaptive-20261001/replays/0a45bc1b918840659fdba6be53c33d91/episode-00000021-slot-2.json,200,12de6fb67c40e7f6d282df8d6c9cc23d73ff2eab6f6023205687687938353894
training,logs/training/br-reimu-numeric-rehearsal-gae95-adaptive-20261001,logs/training/br-reimu-numeric-rehearsal-gae95-adaptive-20261001/replays/0a45bc1b918840659fdba6be53c33d91/episode-00000022-slot-0.json,200,0b3cdde0330e4f68739dab6aecf96875cbeb19dd45ed0ec7c6e825ecfa2b8c71
training,logs/training/br-reimu-numeric-rehearsal-gae95-adaptive-20261001,logs/training/br-reimu-numeric-rehearsal-gae95-adaptive-20261001/replays/0a45bc1b918840659fdba6be53c33d91/episode-00000023-slot-1.json,200,6be40eb36cc23723f3916c0b6033f68898a1204c7290938c1dcf8fe7c9c76687
training,logs/training/br-reimu-numeric-rehearsal-gae95-adaptive-20261001,logs/training/br-reimu-numeric-rehearsal-gae95-adaptive-20261001/replays/0a45bc1b918840659fdba6be53c33d91/episode-00000024-slot-3.json,200,86a008f7eeccdff7c2f919a872df4b1565577028ed80b339f0dfaf15ef89fb6f
training,logs/training/br-reimu-numeric-rehearsal-gae95-adaptive-20261001,logs/training/br-reimu-numeric-rehearsal-gae95-adaptive-20261001/replays/0a45bc1b918840659fdba6be53c33d91/episode-00000025-slot-2.json,199,2373732ec6e253c84614f0d4b112710d40788f2d6fd057eb80fe0f797b1420a4
training,logs/training/br-reimu-numeric-rehearsal-gae95-adaptive-20261001,logs/training/br-reimu-numeric-rehearsal-gae95-adaptive-20261001/replays/0a45bc1b918840659fdba6be53c33d91/episode-00000026-slot-0.json,200,fe5d8384c7611c7faa49036ea3595dd4663c3b3d7a4c1e5f3b086b89a90772ee
training,logs/training/br-reimu-numeric-rehearsal-gae95-adaptive-20261001,logs/training/br-reimu-numeric-rehearsal-gae95-adaptive-20261001/replays/0a45bc1b918840659fdba6be53c33d91/episode-00000027-slot-3.json,200,0b1c45b6bd8d6ba3d444747c3e9166afbf09e511ab8e20b95f50528936ba1bc0
training,logs/training/br-reimu-numeric-rehearsal-gae95-adaptive-20261001,logs/training/br-reimu-numeric-rehearsal-gae95-adaptive-20261001/replays/0a45bc1b918840659fdba6be53c33d91/episode-00000028-slot-1.json,200,65a9685d442744d4a6ce3c96637243aac5b0efd9de8917254af63299e8bce081
training,logs/training/br-reimu-numeric-rehearsal-gae95-adaptive-20261001,logs/training/br-reimu-numeric-rehearsal-gae95-adaptive-20261001/replays/0a45bc1b918840659fdba6be53c33d91/episode-00000029-slot-2.json,200,8b92c09b55a0da9b9b8bc430adea83fce2663fc29974e21f80be01ee755977ae
training,logs/training/br-reimu-numeric-rehearsal-gae95-adaptive-20261001,logs/training/br-reimu-numeric-rehearsal-gae95-adaptive-20261001/replays/0a45bc1b918840659fdba6be53c33d91/episode-00000030-slot-0.json,199,49ea1d733e7a8334b10a6515ebddf581c8c5b5d371cd7dd8b3b170c898202418
training,logs/training/br-reimu-numeric-rehearsal-gae95-adaptive-20261001,logs/training/br-reimu-numeric-rehearsal-gae95-adaptive-20261001/replays/0a45bc1b918840659fdba6be53c33d91/episode-00000031-slot-3.json,200,fcd30b8a0a35b9cd0b83c93e2ae4959af7239d461df5635f14cd0d343b67e892
training,logs/training/br-reimu-numeric-rehearsal-gae95-adaptive-20261001,logs/training/br-reimu-numeric-rehearsal-gae95-adaptive-20261001/replays/0a45bc1b918840659fdba6be53c33d91/episode-00000032-slot-1.json,200,a104a936a86de8b96b29385160c056db9c47185be7ef95c0dd54244745ccba10
training,logs/training/br-reimu-numeric-rehearsal-gae95-adaptive-20261001,logs/training/br-reimu-numeric-rehearsal-gae95-adaptive-20261001/replays/0a45bc1b918840659fdba6be53c33d91/episode-00000033-slot-3.json,199,35718f2adda7fa6adbd8e0561904139ff22090ce6cd2306f9440bd127bc56fbc
training,logs/training/br-reimu-numeric-rehearsal-gae95-adaptive-20261001,logs/training/br-reimu-numeric-rehearsal-gae95-adaptive-20261001/replays/0a45bc1b918840659fdba6be53c33d91/episode-00000034-slot-0.json,199,5966f65cac67425aa4018834baf64f3ff99a64bc08458bb9fdea84239914b57a
training,logs/training/br-reimu-numeric-rehearsal-gae95-adaptive-20261001,logs/training/br-reimu-numeric-rehearsal-gae95-adaptive-20261001/replays/0a45bc1b918840659fdba6be53c33d91/episode-00000035-slot-2.json,200,88a6b4b53afbf380d28246d8316b06a3169dfedfb0ac98e9b2ea1a85ffecd109
training,logs/training/br-reimu-numeric-rehearsal-gae95-adaptive-20261001,logs/training/br-reimu-numeric-rehearsal-gae95-adaptive-20261001/replays/0a45bc1b918840659fdba6be53c33d91/episode-00000036-slot-1.json,199,2b02ea7d7a233b4a9229ce42786487b038d1c999476010148b511e6fd95f1963
training,logs/training/br-reimu-numeric-rehearsal-gae95-adaptive-20261001,logs/training/br-reimu-numeric-rehearsal-gae95-adaptive-20261001/replays/0a45bc1b918840659fdba6be53c33d91/episode-00000037-slot-2.json,200,bd98c4ae8a5844c9935274acd7971dffa4ac44eeb836355c624b97d0de129c49
training,logs/training/br-reimu-numeric-rehearsal-gae95-adaptive-20261001,logs/training/br-reimu-numeric-rehearsal-gae95-adaptive-20261001/replays/0a45bc1b918840659fdba6be53c33d91/episode-00000038-slot-0.json,200,2a87af1581549dcc7ac175bf55cfe03f5151efbfa5f426791d7dfc2eab80b8ae
training,logs/training/br-reimu-numeric-rehearsal-gae95-adaptive-20261001,logs/training/br-reimu-numeric-rehearsal-gae95-adaptive-20261001/replays/0a45bc1b918840659fdba6be53c33d91/episode-00000039-slot-3.json,200,e751af2cc6d0def96387447769333dec86f6b9287e446d9eb3dda046f8144d95
training,logs/training/br-reimu-numeric-rehearsal-gae95-adaptive-20261001,logs/training/br-reimu-numeric-rehearsal-gae95-adaptive-20261001/replays/0a45bc1b918840659fdba6be53c33d91/episode-00000040-slot-3.json,200,dbe1df305ad3e91f653a3d08b9d5f12f46b8c25a26aea0d3dd802c3c7e8c8017
training,logs/training/br-reimu-numeric-rehearsal-gae95-adaptive-20261001,logs/training/br-reimu-numeric-rehearsal-gae95-adaptive-20261001/replays/0a45bc1b918840659fdba6be53c33d91/episode-00000041-slot-0.json,200,2716cf0e0862dbfaad2c70f6460db21a514f41d72f59be276859db78e0c789d7
training,logs/training/br-reimu-numeric-rehearsal-gae95-adaptive-20261001,logs/training/br-reimu-numeric-rehearsal-gae95-adaptive-20261001/replays/0a45bc1b918840659fdba6be53c33d91/episode-00000042-slot-1.json,200,a6e24c1e78c7f44afc907c5d139b1fdca109294ca392ba0d9388ecdc057ead14
training,logs/training/br-reimu-numeric-rehearsal-gae95-adaptive-20261001,logs/training/br-reimu-numeric-rehearsal-gae95-adaptive-20261001/replays/0a45bc1b918840659fdba6be53c33d91/episode-00000043-slot-2.json,200,7d19c492e131bf5b0faaae1f9822f594f9120b9b58c0970be98380405e8e66e3
training,logs/training/br-reimu-numeric-rehearsal-gae95-adaptive-20261001,logs/training/br-reimu-numeric-rehearsal-gae95-adaptive-20261001/replays/0a45bc1b918840659fdba6be53c33d91/episode-00000044-slot-0.json,199,f4641149c811e02430ebf0d407a234df73640210fb057f47f8d90579bb7d7f36
training,logs/training/br-reimu-numeric-rehearsal-gae95-adaptive-20261001,logs/training/br-reimu-numeric-rehearsal-gae95-adaptive-20261001/replays/0a45bc1b918840659fdba6be53c33d91/episode-00000045-slot-3.json,200,e0bfee3155b84d183991a2a14f261d3587a19654a71837cfb7c35c36a539a484
training,logs/training/br-reimu-numeric-rehearsal-gae95-adaptive-20261001,logs/training/br-reimu-numeric-rehearsal-gae95-adaptive-20261001/replays/0a45bc1b918840659fdba6be53c33d91/episode-00000046-slot-1.json,200,bfabad2a52f500effdf64b6af2a1c293152171f0d2ef3f25ee42a286468a1ead
training,logs/training/br-reimu-numeric-rehearsal-gae95-adaptive-20261001,logs/training/br-reimu-numeric-rehearsal-gae95-adaptive-20261001/replays/0a45bc1b918840659fdba6be53c33d91/episode-00000047-slot-2.json,199,5baf17ea4c00dc1c69cfa5f1691e2f8f6e48f619cace3036c0f0e36b88af4993
training,logs/training/br-reimu-numeric-rehearsal-gae95-adaptive-20261001,logs/training/br-reimu-numeric-rehearsal-gae95-adaptive-20261001/replays/0a45bc1b918840659fdba6be53c33d91/episode-00000048-slot-0.json,200,0e18761ccf369519593118dc4e463dfef742daf2812021e0def46f7d4d638516
training,logs/training/br-reimu-numeric-rehearsal-gae95-adaptive-20261001,logs/training/br-reimu-numeric-rehearsal-gae95-adaptive-20261001/replays/0a45bc1b918840659fdba6be53c33d91/episode-00000049-slot-3.json,200,13f2199977892900229494459c33fd11722ea6260752953d3723bb1c338e4b73
training,logs/training/br-reimu-numeric-rehearsal-gae95-adaptive-20261001,logs/training/br-reimu-numeric-rehearsal-gae95-adaptive-20261001/replays/0a45bc1b918840659fdba6be53c33d91/episode-00000050-slot-0.json,199,4c841826709a6fd657e537327ee436824ef1a7da42084eabd9b25a87a5b5437d
training,logs/training/br-reimu-numeric-rehearsal-gae95-adaptive-20261001,logs/training/br-reimu-numeric-rehearsal-gae95-adaptive-20261001/replays/0a45bc1b918840659fdba6be53c33d91/episode-00000051-slot-1.json,199,48c7f9e364a9378feafb3b27d4c7b45c8e121b882ec53e6a8e10b93373941e1f
training,logs/training/br-reimu-numeric-rehearsal-gae95-adaptive-20261001,logs/training/br-reimu-numeric-rehearsal-gae95-adaptive-20261001/replays/0a45bc1b918840659fdba6be53c33d91/episode-00000052-slot-2.json,199,bf75bacf5fd9e7f52e43846c26980edf8b321b00184bdb23cd4f6935f4948bab
training,logs/training/br-reimu-numeric-rehearsal-gae95-adaptive-20261001,logs/training/br-reimu-numeric-rehearsal-gae95-adaptive-20261001/replays/0a45bc1b918840659fdba6be53c33d91/episode-00000053-slot-3.json,198,b5579a4fa9b747fc80a26b01ad091a1441b42ff1e1887d42c7a292098514f1d5
training,logs/training/br-reimu-numeric-rehearsal-gae95-adaptive-20261001,logs/training/br-reimu-numeric-rehearsal-gae95-adaptive-20261001/result.json,2056,0e5de075fa4045bb883673d519f651a2d4634e1687525d9badbe97d7805550be
training,logs/training/br-reimu-numeric-rehearsal-gae95-adaptive-20261001,logs/training/br-reimu-numeric-rehearsal-gae95-adaptive-20261001/scalars/progress.csv,84833,c9dc458d342df1b68634e2ff1b4670510c859781dcf05135288ef32684083aee
training,logs/training/br-reimu-numeric-rehearsal-gae95-adaptive-20261001,logs/training/br-reimu-numeric-rehearsal-gae95-adaptive-20261001/timing.json,109364,a56441068c4b346deb67f2e0469734d26b8c00e2fee2eb59abc61d04b4faadd0
training,logs/training/br-reimu-numeric-rehearsal-gae995-adaptive-20261001,logs/training/br-reimu-numeric-rehearsal-gae995-adaptive-20261001/checkpoints/ppo_131072_steps.curriculum.json,929,7d4d889ceee2c542e4788ac210da43309634910f7d346af8c77cdcef7aac1f1f
training,logs/training/br-reimu-numeric-rehearsal-gae995-adaptive-20261001,logs/training/br-reimu-numeric-rehearsal-gae995-adaptive-20261001/checkpoints/ppo_196608_steps.curriculum.json,942,81fa4c372fca72cb1ab46933914e1584fa75b1f1a2f320fd61e643ca28def1ed
training,logs/training/br-reimu-numeric-rehearsal-gae995-adaptive-20261001,logs/training/br-reimu-numeric-rehearsal-gae995-adaptive-20261001/checkpoints/ppo_262144_steps.curriculum.json,942,ff6c60ee2d767694c1d590b601b1ce269088de41f0a424c4ce5b39bf8933427d
training,logs/training/br-reimu-numeric-rehearsal-gae995-adaptive-20261001,logs/training/br-reimu-numeric-rehearsal-gae995-adaptive-20261001/checkpoints/ppo_65536_steps.curriculum.json,928,1fdb8130afe96113754411ede51d38e052f789b09ed439ccc3c341b9751f39fa
training,logs/training/br-reimu-numeric-rehearsal-gae995-adaptive-20261001,logs/training/br-reimu-numeric-rehearsal-gae995-adaptive-20261001/checkpoints/updated_1024_steps.curriculum.json,852,0271d8b5ad791f6908828b3cc0e138fdf17b08f8e67443c4c81d790ed1e375b2
training,logs/training/br-reimu-numeric-rehearsal-gae995-adaptive-20261001,logs/training/br-reimu-numeric-rehearsal-gae995-adaptive-20261001/checkpoints/updated_131072_steps.curriculum.json,929,e6651854cd8094d7c6b63e38b8d9dd00a9305deaddb182c0ecb9d3ad43ea0100
training,logs/training/br-reimu-numeric-rehearsal-gae995-adaptive-20261001,logs/training/br-reimu-numeric-rehearsal-gae995-adaptive-20261001/checkpoints/updated_196608_steps.curriculum.json,942,d4821027a674e9b4d89755405c21046061e3417dc06837a7fc928a6f6cd3461e
training,logs/training/br-reimu-numeric-rehearsal-gae995-adaptive-20261001,logs/training/br-reimu-numeric-rehearsal-gae995-adaptive-20261001/checkpoints/updated_262144_steps.curriculum.json,942,805071016679ab09335581f0ccafdc24e6e529b1a475a7cd0fac49434a8b202f
training,logs/training/br-reimu-numeric-rehearsal-gae995-adaptive-20261001,logs/training/br-reimu-numeric-rehearsal-gae995-adaptive-20261001/checkpoints/updated_65536_steps.curriculum.json,928,513e3cc4033349709d38818dc6bfd7729209504262e3bc0a4659ead202ee21b3
training,logs/training/br-reimu-numeric-rehearsal-gae995-adaptive-20261001,logs/training/br-reimu-numeric-rehearsal-gae995-adaptive-20261001/config.yaml,5362,8ee607f90099add32b1385ee6b573cb00d32935ab0226acf9a4342bae16b163d
training,logs/training/br-reimu-numeric-rehearsal-gae995-adaptive-20261001,logs/training/br-reimu-numeric-rehearsal-gae995-adaptive-20261001/final.curriculum.json,942,805071016679ab09335581f0ccafdc24e6e529b1a475a7cd0fac49434a8b202f
training,logs/training/br-reimu-numeric-rehearsal-gae995-adaptive-20261001,logs/training/br-reimu-numeric-rehearsal-gae995-adaptive-20261001/identity.json,43409,3094434bf5227fa2ec56f4523b634b26bfd501e7c2ec0aad87907f45ae8a631b
training,logs/training/br-reimu-numeric-rehearsal-gae995-adaptive-20261001,logs/training/br-reimu-numeric-rehearsal-gae995-adaptive-20261001/progress.json,201074,a0f445d0535354ea0e504152543aa99ba47c1de2795bd7b03480216fcf8cedfe
training,logs/training/br-reimu-numeric-rehearsal-gae995-adaptive-20261001,logs/training/br-reimu-numeric-rehearsal-gae995-adaptive-20261001/replays/07c2e1f8df6f46bd997ff4f703ebf1d7/episode-00000001-slot-0.json,194,06ae680fac036571a6ffa25f527aa2165997d36b6ebcd022e987955888692380
training,logs/training/br-reimu-numeric-rehearsal-gae995-adaptive-20261001,logs/training/br-reimu-numeric-rehearsal-gae995-adaptive-20261001/replays/07c2e1f8df6f46bd997ff4f703ebf1d7/episode-00000002-slot-2.json,194,b3e3006d9691d185b79fd82105f36343aaabb4552fd3652a49db7baab25ad682
training,logs/training/br-reimu-numeric-rehearsal-gae995-adaptive-20261001,logs/training/br-reimu-numeric-rehearsal-gae995-adaptive-20261001/replays/07c2e1f8df6f46bd997ff4f703ebf1d7/episode-00000003-slot-1.json,194,e07a6d0a8d65b2de86d2dd40ad32c4a3af70602fe794241dd3e54ba19da6cd3d
training,logs/training/br-reimu-numeric-rehearsal-gae995-adaptive-20261001,logs/training/br-reimu-numeric-rehearsal-gae995-adaptive-20261001/replays/07c2e1f8df6f46bd997ff4f703ebf1d7/episode-00000004-slot-3.json,198,7dd23bdd65ed380e8ff5be44ddf4bc27556583052b898cc085e09e21a0d83f93
training,logs/training/br-reimu-numeric-rehearsal-gae995-adaptive-20261001,logs/training/br-reimu-numeric-rehearsal-gae995-adaptive-20261001/replays/07c2e1f8df6f46bd997ff4f703ebf1d7/episode-00000005-slot-2.json,199,c3e22a2467c3bcc4f217e73b5348bde0c7b9a88a39f4a5a9c9c7137ff41eb5d4
training,logs/training/br-reimu-numeric-rehearsal-gae995-adaptive-20261001,logs/training/br-reimu-numeric-rehearsal-gae995-adaptive-20261001/replays/07c2e1f8df6f46bd997ff4f703ebf1d7/episode-00000006-slot-0.json,200,8d4855f98ff069cc0341276dbd044de3887cf38a8767d86b408efc88df15de7e
training,logs/training/br-reimu-numeric-rehearsal-gae995-adaptive-20261001,logs/training/br-reimu-numeric-rehearsal-gae995-adaptive-20261001/replays/07c2e1f8df6f46bd997ff4f703ebf1d7/episode-00000007-slot-1.json,200,aed8e05a2b47f735b08d962c801a07a8a72b5677ba6133bd029ba63139ae7ce2
training,logs/training/br-reimu-numeric-rehearsal-gae995-adaptive-20261001,logs/training/br-reimu-numeric-rehearsal-gae995-adaptive-20261001/replays/07c2e1f8df6f46bd997ff4f703ebf1d7/episode-00000008-slot-2.json,200,18a2b1ec5b3ca5e982c8326c6480f5325dfe256702254e3dffea54f0dfb96f8e
training,logs/training/br-reimu-numeric-rehearsal-gae995-adaptive-20261001,logs/training/br-reimu-numeric-rehearsal-gae995-adaptive-20261001/replays/07c2e1f8df6f46bd997ff4f703ebf1d7/episode-00000009-slot-3.json,200,7ae07caeafc0d04caf94b93d7c78f844b2964bc01334d4c6602659ff73b192a2
training,logs/training/br-reimu-numeric-rehearsal-gae995-adaptive-20261001,logs/training/br-reimu-numeric-rehearsal-gae995-adaptive-20261001/replays/07c2e1f8df6f46bd997ff4f703ebf1d7/episode-00000010-slot-0.json,200,7fea790aeff7d48b4a7335fea45b4b7a32178dd1802005e3c006ffdf5f9335bc
training,logs/training/br-reimu-numeric-rehearsal-gae995-adaptive-20261001,logs/training/br-reimu-numeric-rehearsal-gae995-adaptive-20261001/replays/07c2e1f8df6f46bd997ff4f703ebf1d7/episode-00000011-slot-2.json,199,32f6bf0225079b9b57221fa1899fc3b40591a9c14ea963a23b7c9563896cdcab
training,logs/training/br-reimu-numeric-rehearsal-gae995-adaptive-20261001,logs/training/br-reimu-numeric-rehearsal-gae995-adaptive-20261001/replays/07c2e1f8df6f46bd997ff4f703ebf1d7/episode-00000012-slot-3.json,199,155e6c439e7a0ba245680eae0f8808a63f496d528c47e2f6f317cbf57736abea
training,logs/training/br-reimu-numeric-rehearsal-gae995-adaptive-20261001,logs/training/br-reimu-numeric-rehearsal-gae995-adaptive-20261001/replays/07c2e1f8df6f46bd997ff4f703ebf1d7/episode-00000013-slot-1.json,203,3c645e7cef0615aee8315c3a41d8ef0d13df983e2f6a152d2a1cd966d7c9a441
training,logs/training/br-reimu-numeric-rehearsal-gae995-adaptive-20261001,logs/training/br-reimu-numeric-rehearsal-gae995-adaptive-20261001/replays/07c2e1f8df6f46bd997ff4f703ebf1d7/episode-00000014-slot-0.json,199,145b3031b530e6e66db559197cdc61fc1a9031c0dc978d6d7883bdaed51b4350
training,logs/training/br-reimu-numeric-rehearsal-gae995-adaptive-20261001,logs/training/br-reimu-numeric-rehearsal-gae995-adaptive-20261001/replays/07c2e1f8df6f46bd997ff4f703ebf1d7/episode-00000015-slot-1.json,200,9a1177b0382feab4bc2b4dbdffeac70c759ba0a46dc96ae87ec120c8863f6d59
training,logs/training/br-reimu-numeric-rehearsal-gae995-adaptive-20261001,logs/training/br-reimu-numeric-rehearsal-gae995-adaptive-20261001/replays/07c2e1f8df6f46bd997ff4f703ebf1d7/episode-00000016-slot-2.json,200,200335ff79cc7ed7aefe86a9e08c3e044ddb126f0ecdde76e9fc0fbf2093769e
training,logs/training/br-reimu-numeric-rehearsal-gae995-adaptive-20261001,logs/training/br-reimu-numeric-rehearsal-gae995-adaptive-20261001/replays/07c2e1f8df6f46bd997ff4f703ebf1d7/episode-00000017-slot-3.json,200,f174254118179678ffea3ac70466f1011693ba526ff851127d931bcf37ce7cdb
training,logs/training/br-reimu-numeric-rehearsal-gae995-adaptive-20261001,logs/training/br-reimu-numeric-rehearsal-gae995-adaptive-20261001/replays/07c2e1f8df6f46bd997ff4f703ebf1d7/episode-00000018-slot-0.json,200,449daf3c4d3f3a4cfe9614eb0e71f3b520f830d39697fca3019177932ce086a7
training,logs/training/br-reimu-numeric-rehearsal-gae995-adaptive-20261001,logs/training/br-reimu-numeric-rehearsal-gae995-adaptive-20261001/replays/07c2e1f8df6f46bd997ff4f703ebf1d7/episode-00000019-slot-2.json,200,deeca70207997a5f190147bd3be42d935f3b8ef76c64d2d66a5863af14440c49
training,logs/training/br-reimu-numeric-rehearsal-gae995-adaptive-20261001,logs/training/br-reimu-numeric-rehearsal-gae995-adaptive-20261001/replays/07c2e1f8df6f46bd997ff4f703ebf1d7/episode-00000020-slot-1.json,200,2da3c6f6ecebac26f1f6f1d3579830d911ee770398ca96c81df707e6824ee923
training,logs/training/br-reimu-numeric-rehearsal-gae995-adaptive-20261001,logs/training/br-reimu-numeric-rehearsal-gae995-adaptive-20261001/replays/07c2e1f8df6f46bd997ff4f703ebf1d7/episode-00000021-slot-3.json,200,106407991b3059b46693ef201563ac5901a088e5c852076d07fded3c1ba250c6
training,logs/training/br-reimu-numeric-rehearsal-gae995-adaptive-20261001,logs/training/br-reimu-numeric-rehearsal-gae995-adaptive-20261001/replays/07c2e1f8df6f46bd997ff4f703ebf1d7/episode-00000022-slot-0.json,200,82a2d5f1a8a730e0658ae181f81952d65cac9f56188a9030a4f9ecee6758005b
training,logs/training/br-reimu-numeric-rehearsal-gae995-adaptive-20261001,logs/training/br-reimu-numeric-rehearsal-gae995-adaptive-20261001/replays/07c2e1f8df6f46bd997ff4f703ebf1d7/episode-00000023-slot-2.json,200,7c90f9b6fc541617d01b8c6fa527047d7f710e9a4322cc4c0865c492a7cff31b
training,logs/training/br-reimu-numeric-rehearsal-gae995-adaptive-20261001,logs/training/br-reimu-numeric-rehearsal-gae995-adaptive-20261001/replays/07c2e1f8df6f46bd997ff4f703ebf1d7/episode-00000024-slot-3.json,199,4fb7a76b9c0e0bc3b0514d013be6ea7316175a5b7fda89975c55e7f93f7e8e1c
training,logs/training/br-reimu-numeric-rehearsal-gae995-adaptive-20261001,logs/training/br-reimu-numeric-rehearsal-gae995-adaptive-20261001/replays/07c2e1f8df6f46bd997ff4f703ebf1d7/episode-00000025-slot-0.json,200,02b0e5d2b5bb9165684e383513b137e5f85d15409405e86a83a6ff1b6247f672
training,logs/training/br-reimu-numeric-rehearsal-gae995-adaptive-20261001,logs/training/br-reimu-numeric-rehearsal-gae995-adaptive-20261001/replays/07c2e1f8df6f46bd997ff4f703ebf1d7/episode-00000026-slot-1.json,200,b3faa7691c8cf37003b5e8e18e4e5c37113bbf36bfc9a04ee2cd73d7c4afea70
training,logs/training/br-reimu-numeric-rehearsal-gae995-adaptive-20261001,logs/training/br-reimu-numeric-rehearsal-gae995-adaptive-20261001/replays/07c2e1f8df6f46bd997ff4f703ebf1d7/episode-00000027-slot-2.json,200,1a44865bc570e38d57333d3b5ebbddebb84c28194093ae111d03de98aafaa359
training,logs/training/br-reimu-numeric-rehearsal-gae995-adaptive-20261001,logs/training/br-reimu-numeric-rehearsal-gae995-adaptive-20261001/replays/07c2e1f8df6f46bd997ff4f703ebf1d7/episode-00000028-slot-0.json,200,971bc59ac3433d34c055a8400786de022b8e3c2a252dcb23a4bc732406a37642
training,logs/training/br-reimu-numeric-rehearsal-gae995-adaptive-20261001,logs/training/br-reimu-numeric-rehearsal-gae995-adaptive-20261001/replays/07c2e1f8df6f46bd997ff4f703ebf1d7/episode-00000029-slot-3.json,200,1eeefb1904cda7d7500ceb8ed616ad398a605e4ce0bed2cd82978d6d70347aee
training,logs/training/br-reimu-numeric-rehearsal-gae995-adaptive-20261001,logs/training/br-reimu-numeric-rehearsal-gae995-adaptive-20261001/replays/07c2e1f8df6f46bd997ff4f703ebf1d7/episode-00000030-slot-1.json,199,069e3374f7e714ca9dc30f3080ee23468bf6913605a0726a242a85120aad0a4d
training,logs/training/br-reimu-numeric-rehearsal-gae995-adaptive-20261001,logs/training/br-reimu-numeric-rehearsal-gae995-adaptive-20261001/replays/07c2e1f8df6f46bd997ff4f703ebf1d7/episode-00000031-slot-2.json,200,99b71a5398628397b7228df393acee4a54b7f9e601743d7c52c1bbd2d60b55c9
training,logs/training/br-reimu-numeric-rehearsal-gae995-adaptive-20261001,logs/training/br-reimu-numeric-rehearsal-gae995-adaptive-20261001/replays/07c2e1f8df6f46bd997ff4f703ebf1d7/episode-00000032-slot-0.json,200,4d8cd718c912afd56f98caeafbf861bce2c8017693d329ec834a075510ee9b19
training,logs/training/br-reimu-numeric-rehearsal-gae995-adaptive-20261001,logs/training/br-reimu-numeric-rehearsal-gae995-adaptive-20261001/replays/07c2e1f8df6f46bd997ff4f703ebf1d7/episode-00000033-slot-3.json,200,049d80d100372cfe34946ba4d14635bb39f9467be6d0359794f778e61fd4827a
training,logs/training/br-reimu-numeric-rehearsal-gae995-adaptive-20261001,logs/training/br-reimu-numeric-rehearsal-gae995-adaptive-20261001/replays/07c2e1f8df6f46bd997ff4f703ebf1d7/episode-00000034-slot-1.json,199,e39365195479814c3094ef42973ff5c2d72b0fe1a64ccb513baa7d465b072d0d
training,logs/training/br-reimu-numeric-rehearsal-gae995-adaptive-20261001,logs/training/br-reimu-numeric-rehearsal-gae995-adaptive-20261001/replays/07c2e1f8df6f46bd997ff4f703ebf1d7/episode-00000035-slot-2.json,199,cba02173d7defe31cec530f159a4018b0a25dd31d00b1f74289d562fb2843111
training,logs/training/br-reimu-numeric-rehearsal-gae995-adaptive-20261001,logs/training/br-reimu-numeric-rehearsal-gae995-adaptive-20261001/replays/07c2e1f8df6f46bd997ff4f703ebf1d7/episode-00000036-slot-3.json,200,ed47c7845b3959f8a5e45e1f09504490cf55c8b450fae16ee6c2073f72176b8f
training,logs/training/br-reimu-numeric-rehearsal-gae995-adaptive-20261001,logs/training/br-reimu-numeric-rehearsal-gae995-adaptive-20261001/replays/07c2e1f8df6f46bd997ff4f703ebf1d7/episode-00000037-slot-0.json,199,64a6bf2c5c06571e90d2aa6ab4e7a3b62ddbeb263847da66ea325b21725b98a8
training,logs/training/br-reimu-numeric-rehearsal-gae995-adaptive-20261001,logs/training/br-reimu-numeric-rehearsal-gae995-adaptive-20261001/replays/07c2e1f8df6f46bd997ff4f703ebf1d7/episode-00000038-slot-1.json,200,69e0bf8875d62d80808d36e187f4deae945a84a5e6f8144bb1f98e9b77facbbb
training,logs/training/br-reimu-numeric-rehearsal-gae995-adaptive-20261001,logs/training/br-reimu-numeric-rehearsal-gae995-adaptive-20261001/replays/07c2e1f8df6f46bd997ff4f703ebf1d7/episode-00000039-slot-2.json,200,a20c1d492735ff616b372a6ec6eeee288cdde82b9eae5d186dc70219fd98c815
training,logs/training/br-reimu-numeric-rehearsal-gae995-adaptive-20261001,logs/training/br-reimu-numeric-rehearsal-gae995-adaptive-20261001/replays/07c2e1f8df6f46bd997ff4f703ebf1d7/episode-00000040-slot-3.json,200,d014099bcab807032f541a365b5d0baa3951d954607b09d0d7067199a61a25e7
training,logs/training/br-reimu-numeric-rehearsal-gae995-adaptive-20261001,logs/training/br-reimu-numeric-rehearsal-gae995-adaptive-20261001/replays/07c2e1f8df6f46bd997ff4f703ebf1d7/episode-00000041-slot-1.json,200,bce2c6f863317c3aeddca0abac76728e86d0168d2e80b2487468d3692ad0f5c1
training,logs/training/br-reimu-numeric-rehearsal-gae995-adaptive-20261001,logs/training/br-reimu-numeric-rehearsal-gae995-adaptive-20261001/replays/07c2e1f8df6f46bd997ff4f703ebf1d7/episode-00000042-slot-0.json,200,4dbee0d7944b09a2988ecdefad6934c76dc424623564c7dd37f6aec2b181618f
training,logs/training/br-reimu-numeric-rehearsal-gae995-adaptive-20261001,logs/training/br-reimu-numeric-rehearsal-gae995-adaptive-20261001/replays/07c2e1f8df6f46bd997ff4f703ebf1d7/episode-00000043-slot-2.json,200,0535b1d730eecd065f41512db1b9a5f89041c68620351afd80e4da4ec8c42cc8
training,logs/training/br-reimu-numeric-rehearsal-gae995-adaptive-20261001,logs/training/br-reimu-numeric-rehearsal-gae995-adaptive-20261001/replays/07c2e1f8df6f46bd997ff4f703ebf1d7/episode-00000044-slot-3.json,200,1731d2c561242840fa4447f665935f9e27018159d2e51a3a8ab302cb7252e534
training,logs/training/br-reimu-numeric-rehearsal-gae995-adaptive-20261001,logs/training/br-reimu-numeric-rehearsal-gae995-adaptive-20261001/replays/07c2e1f8df6f46bd997ff4f703ebf1d7/episode-00000045-slot-0.json,200,3f47657697074a543f6647c5d3d3f3b894eb44b677911b6d71412e48b5a6d83b
training,logs/training/br-reimu-numeric-rehearsal-gae995-adaptive-20261001,logs/training/br-reimu-numeric-rehearsal-gae995-adaptive-20261001/replays/07c2e1f8df6f46bd997ff4f703ebf1d7/episode-00000046-slot-1.json,199,adb91a98fc6b3a10067836fdecc4a69a92a53a19e5e813b37351248f6bb958a2
training,logs/training/br-reimu-numeric-rehearsal-gae995-adaptive-20261001,logs/training/br-reimu-numeric-rehearsal-gae995-adaptive-20261001/replays/07c2e1f8df6f46bd997ff4f703ebf1d7/episode-00000047-slot-2.json,199,97eda63ca94ee7286411c0f495d9886d2500b15710eb3c10d39aeaaa25b29493
training,logs/training/br-reimu-numeric-rehearsal-gae995-adaptive-20261001,logs/training/br-reimu-numeric-rehearsal-gae995-adaptive-20261001/replays/07c2e1f8df6f46bd997ff4f703ebf1d7/episode-00000048-slot-3.json,200,7ed4015f61c6579ef8b5003c09e8510b843d053c0b81fef0e50484fff084ebd1
training,logs/training/br-reimu-numeric-rehearsal-gae995-adaptive-20261001,logs/training/br-reimu-numeric-rehearsal-gae995-adaptive-20261001/replays/07c2e1f8df6f46bd997ff4f703ebf1d7/episode-00000049-slot-2.json,200,13ec4b30efd8a0f779d2935734acb07f695e2116893cdf7479e19517adc39599
training,logs/training/br-reimu-numeric-rehearsal-gae995-adaptive-20261001,logs/training/br-reimu-numeric-rehearsal-gae995-adaptive-20261001/replays/07c2e1f8df6f46bd997ff4f703ebf1d7/episode-00000050-slot-1.json,200,b8054e544e6efe8e1f1d2b58084806d59eb724e17f1200683729baba8d648595
training,logs/training/br-reimu-numeric-rehearsal-gae995-adaptive-20261001,logs/training/br-reimu-numeric-rehearsal-gae995-adaptive-20261001/replays/07c2e1f8df6f46bd997ff4f703ebf1d7/episode-00000051-slot-0.json,200,ee6165ddbc62e0c4ca7c8e6e897cd159da049c02a0e0a4527070f7efe12eae94
training,logs/training/br-reimu-numeric-rehearsal-gae995-adaptive-20261001,logs/training/br-reimu-numeric-rehearsal-gae995-adaptive-20261001/replays/07c2e1f8df6f46bd997ff4f703ebf1d7/episode-00000052-slot-0.json,199,b2a89d84dd89b4197dadd694c2c3e22aa3c08f816e6e83c52c06793cd996fc5e
training,logs/training/br-reimu-numeric-rehearsal-gae995-adaptive-20261001,logs/training/br-reimu-numeric-rehearsal-gae995-adaptive-20261001/replays/07c2e1f8df6f46bd997ff4f703ebf1d7/episode-00000053-slot-1.json,198,4209a2f587dba195d54c2553747d66536d0161e28a287ea4524d63273d077ebc
training,logs/training/br-reimu-numeric-rehearsal-gae995-adaptive-20261001,logs/training/br-reimu-numeric-rehearsal-gae995-adaptive-20261001/replays/07c2e1f8df6f46bd997ff4f703ebf1d7/episode-00000054-slot-2.json,199,a851409a21a2fda5027b7d303490edd8765b4617b8ab6796b328cb32f0342b7e
training,logs/training/br-reimu-numeric-rehearsal-gae995-adaptive-20261001,logs/training/br-reimu-numeric-rehearsal-gae995-adaptive-20261001/replays/07c2e1f8df6f46bd997ff4f703ebf1d7/episode-00000055-slot-3.json,199,aed1c040779dd6aea5a2727a8fe8b615603d62716519968b1b90d19bf1ecc80d
training,logs/training/br-reimu-numeric-rehearsal-gae995-adaptive-20261001,logs/training/br-reimu-numeric-rehearsal-gae995-adaptive-20261001/result.json,2055,0df5ec222cdcd025897632d0cacf7aa9b66d6a90c89b6b5588fca38066a386e1
training,logs/training/br-reimu-numeric-rehearsal-gae995-adaptive-20261001,logs/training/br-reimu-numeric-rehearsal-gae995-adaptive-20261001/scalars/progress.csv,86875,0dde0a778fa9694777adc9c60185d31a9df00d3687568158fd329b9b53eafdf5
training,logs/training/br-reimu-numeric-rehearsal-gae995-adaptive-20261001,logs/training/br-reimu-numeric-rehearsal-gae995-adaptive-20261001/timing.json,109425,6a493b40b55dd5e7256e6470792d184c9c768245936884b06506dca4189033ee
training,logs/training/br-superhuman-god-all-20261001-v1,logs/training/br-superhuman-god-all-20261001-v1/cancellation.json,460,d09facb35382e3201f1e505f869a0189eca7f5b95714c52424f7cf7850b3dba1
training,logs/training/br-superhuman-god-all-20261001-v1,logs/training/br-superhuman-god-all-20261001-v1/config.yaml,14547,a0bdf8696a11f4c691fc6248a2053b9829ef05871d5c74965b6a7ba9a24863ee
training,logs/training/br-superhuman-god-all-20261001-v1,logs/training/br-superhuman-god-all-20261001-v1/identity.json,37383,0f87982631a3c0deec5408727915d19ddd023bb7d0193bdf332938850b93170b
training,logs/training/br-superhuman-god-all-20261001-v1,logs/training/br-superhuman-god-all-20261001-v1/progress.json,38,f792bf4bb93b1fd392a3fda34e0704455f72e683560e40f18c9a83b0902a7135
training,logs/training/br-superhuman-god-all-20261001-v1,logs/training/br-superhuman-god-all-20261001-v1/replays/fc766aa430a2483b9db3fbc15440e334/episode-00000001-slot-2.json,194,d6cf93d7c58977a95fa5f63aea375976c6c6739a784151daceb9ad552028ba40
training,logs/training/br-superhuman-god-all-20261001-v1,logs/training/br-superhuman-god-all-20261001-v1/replays/fc766aa430a2483b9db3fbc15440e334/episode-00000002-slot-0.json,193,4ad6b40c498b5678a6576a7eb9cc7152fc68905ac4234113b7ae396b05b54084
training,logs/training/br-superhuman-god-all-20261001-v1,logs/training/br-superhuman-god-all-20261001-v1/replays/fc766aa430a2483b9db3fbc15440e334/episode-00000003-slot-1.json,193,91c9571509b1e2b9a950c3d1b8ecbf04eca01ace18ea62465faf2f830a2d87f7
training,logs/training/br-superhuman-god-all-20261001-v1,logs/training/br-superhuman-god-all-20261001-v1/replays/fc766aa430a2483b9db3fbc15440e334/episode-00000004-slot-2.json,198,ad516cd8d4ac364ef94e05279938ede068b99739947d21d84f86646f101f2f30
training,logs/training/br-superhuman-god-all-20261001-v1,logs/training/br-superhuman-god-all-20261001-v1/replays/fc766aa430a2483b9db3fbc15440e334/episode-00000005-slot-3.json,193,b4dc1a36fe72d3111b051362fc6c60a643ec0661b1c3281a11168b899590ba11
training,logs/training/br-superhuman-god-all-20261001-v1,logs/training/br-superhuman-god-all-20261001-v1/replays/fc766aa430a2483b9db3fbc15440e334/episode-00000006-slot-4.json,193,81fb9bcceafeed6118030aaf7c222302b50068de5ea95dd26701c75d1b235dc0
training,logs/training/br-superhuman-god-all-20261001-v1,logs/training/br-superhuman-god-all-20261001-v1/replays/fc766aa430a2483b9db3fbc15440e334/episode-00000007-slot-5.json,193,86c085d3598f21d0172cc959bd7dda7aa4299df14782198e71d4c3544c8fd778
training,logs/training/br-superhuman-god-all-20261001-v1,logs/training/br-superhuman-god-all-20261001-v1/replays/fc766aa430a2483b9db3fbc15440e334/episode-00000008-slot-6.json,193,8434e7a8583ff89dfe9db36fdd3ffb9896a0c07503f056c11fd62cc57803d5e1
training,logs/training/br-superhuman-god-all-20261001-v1,logs/training/br-superhuman-god-all-20261001-v1/replays/fc766aa430a2483b9db3fbc15440e334/episode-00000009-slot-7.json,193,bf18e514bbe175858b27fd53b51c9e9a5ed7b12d09839b2792526fcbbcd36eac
training,logs/training/br-superhuman-god-all-20261001-v1,logs/training/br-superhuman-god-all-20261001-v1/result.json,116,f601fa7ca9fa64edb7ecbddfacd39a20e0eea681e7bc4ff1b70ef68c549ed2b1
training,logs/training/br-superhuman-god-all-20261001-v1,logs/training/br-superhuman-god-all-20261001-v1/scalars/progress.csv,79,98376cc9ff3b7b2e039d887f346c0a29e6706668df127c76980dfb12506f8cd8
training,logs/training/br-superhuman-god-all-20261001-v2,logs/training/br-superhuman-god-all-20261001-v2/cancellation.json,3601,1d17599f4e258f9662c31f61d51dea6e4eb91f2377909ff4f7eeb960cacc15d7
training,logs/training/br-superhuman-god-all-20261001-v2,logs/training/br-superhuman-god-all-20261001-v2/config.yaml,14564,55c685986366b0e1046695a517c04b69397e7ef0f51dd4bf2e542704c37a9ca5
training,logs/training/br-superhuman-god-all-20261001-v2,logs/training/br-superhuman-god-all-20261001-v2/identity.json,38205,ab5c501822b7746b29ef46e3e594ea1bd08c23ae71a22ad58c510aaacd87a1ce
training,logs/training/br-superhuman-god-all-20261001-v2,logs/training/br-superhuman-god-all-20261001-v2/progress.json,33759,506df23d7c93f6b56ed834658fe061feb606ac8016b470d8e46ecfe086786243
training,logs/training/br-superhuman-god-all-20261001-v2,logs/training/br-superhuman-god-all-20261001-v2/replays/19ffcee5688f45af9560e1c25e6276a6/episode-00000001-slot-2.json,194,d4597ebeb2cb10b028d05fccf81065e925981364dfc599ee2bc5302e072b6a46
training,logs/training/br-superhuman-god-all-20261001-v2,logs/training/br-superhuman-god-all-20261001-v2/replays/19ffcee5688f45af9560e1c25e6276a6/episode-00000002-slot-6.json,194,90a3864d69ac97eb2dae6b3a560a12e2e6e5e579e8c92cc8cd261c72f009e54f
training,logs/training/br-superhuman-god-all-20261001-v2,logs/training/br-superhuman-god-all-20261001-v2/replays/19ffcee5688f45af9560e1c25e6276a6/episode-00000003-slot-0.json,194,e5af44010701f32e9ecdbf47d45239e688cffff241f81af3e680d76c0f1161b2
training,logs/training/br-superhuman-god-all-20261001-v2,logs/training/br-superhuman-god-all-20261001-v2/replays/19ffcee5688f45af9560e1c25e6276a6/episode-00000004-slot-7.json,194,e91a7bbf410760029fc22698e0956154a2604b80dd31a2bf3cf4b816e1b02cd6
training,logs/training/br-superhuman-god-all-20261001-v2,logs/training/br-superhuman-god-all-20261001-v2/replays/19ffcee5688f45af9560e1c25e6276a6/episode-00000005-slot-5.json,194,ec365ac8130e0abc0d0d5743663a29fd4609b6c0dda68ca13c00d1ed59ff66dc
training,logs/training/br-superhuman-god-all-20261001-v2,logs/training/br-superhuman-god-all-20261001-v2/replays/19ffcee5688f45af9560e1c25e6276a6/episode-00000006-slot-1.json,194,b9f897c80a9c116acfa865493e8eca20d700d31faa0e86401e9f1143312cd1de
training,logs/training/br-superhuman-god-all-20261001-v2,logs/training/br-superhuman-god-all-20261001-v2/replays/19ffcee5688f45af9560e1c25e6276a6/episode-00000007-slot-4.json,194,8299ad8e08c8af29c4f88d22babc473b0bc30961c49dfd3513c02bddab6c9d82
training,logs/training/br-superhuman-god-all-20261001-v2,logs/training/br-superhuman-god-all-20261001-v2/replays/19ffcee5688f45af9560e1c25e6276a6/episode-00000008-slot-2.json,200,77a96ed4f0dd45bbdbb11e8727856004fc407a0bde5d37c6a5da0319f00d0012
training,logs/training/br-superhuman-god-all-20261001-v2,logs/training/br-superhuman-god-all-20261001-v2/replays/19ffcee5688f45af9560e1c25e6276a6/episode-00000009-slot-3.json,194,b8e51464a33a7794da3a361afe541d734cb0787585fdd4a7021c373ea539b4f4
training,logs/training/br-superhuman-god-all-20261001-v2,logs/training/br-superhuman-god-all-20261001-v2/replays/19ffcee5688f45af9560e1c25e6276a6/episode-00000010-slot-7.json,200,eaa9f15669a09e1d0384ed323702e8aa81000f5e2308df17e060a300455f3655
training,logs/training/br-superhuman-god-all-20261001-v2,logs/training/br-superhuman-god-all-20261001-v2/replays/19ffcee5688f45af9560e1c25e6276a6/episode-00000011-slot-1.json,200,381970884d42a98a7b5f983805b991a8fe9ad174b4d522d319c2e74c93121466
training,logs/training/br-superhuman-god-all-20261001-v2,logs/training/br-superhuman-god-all-20261001-v2/replays/19ffcee5688f45af9560e1c25e6276a6/episode-00000012-slot-5.json,199,b3338927aeeb9e7a810f77700aae9f343a601978dd0ab9b8d0f96daad5adbc0d
training,logs/training/br-superhuman-god-all-20261001-v2,logs/training/br-superhuman-god-all-20261001-v2/replays/19ffcee5688f45af9560e1c25e6276a6/episode-00000013-slot-6.json,200,56f55d97a6213071dbce5fd94f76a7ee5c679b7a5d0371c70a586e335997852a
training,logs/training/br-superhuman-god-all-20261001-v2,logs/training/br-superhuman-god-all-20261001-v2/replays/19ffcee5688f45af9560e1c25e6276a6/episode-00000014-slot-4.json,200,8f6dda737a05dd642bb7de27899d8a9faca6e83ed8332353e6156c64cc415c5b
training,logs/training/br-superhuman-god-all-20261001-v2,logs/training/br-superhuman-god-all-20261001-v2/replays/19ffcee5688f45af9560e1c25e6276a6/episode-00000015-slot-0.json,200,1ed3c69045cb7693d197535d29d611ed63607a45b2f5942578f97a9bc6f30f12
training,logs/training/br-superhuman-god-all-20261001-v2,logs/training/br-superhuman-god-all-20261001-v2/replays/19ffcee5688f45af9560e1c25e6276a6/episode-00000016-slot-3.json,199,16e30c64b4b7ff9e5aa607a80714abc1e5d1bfdc64b4629787c6dd8f02817f9f
training,logs/training/br-superhuman-god-all-20261001-v2,logs/training/br-superhuman-god-all-20261001-v2/replays/19ffcee5688f45af9560e1c25e6276a6/episode-00000017-slot-5.json,200,1a9815e5d887891f424f571e9c7110ce7388bb79f58fad81f4938f164893d7f2
training,logs/training/br-superhuman-god-all-20261001-v2,logs/training/br-superhuman-god-all-20261001-v2/replays/19ffcee5688f45af9560e1c25e6276a6/episode-00000018-slot-7.json,200,c6bc9fecc0715e6749f8573212f1f9d6d6432a71de68f19584c3362c610e00ec
training,logs/training/br-superhuman-god-all-20261001-v2,logs/training/br-superhuman-god-all-20261001-v2/replays/19ffcee5688f45af9560e1c25e6276a6/episode-00000019-slot-2.json,204,b0260d54e20244cbc10f133ecf2ba34fe27fa4061f0f6bc24b94b8c253225a91
training,logs/training/br-superhuman-god-all-20261001-v2,logs/training/br-superhuman-god-all-20261001-v2/replays/19ffcee5688f45af9560e1c25e6276a6/episode-00000020-slot-6.json,200,ce14ef7c33ac0370e88d6b5c086b5a73385284224158c21516c1f0f1033889fa
training,logs/training/br-superhuman-god-all-20261001-v2,logs/training/br-superhuman-god-all-20261001-v2/replays/19ffcee5688f45af9560e1c25e6276a6/episode-00000021-slot-1.json,200,4cfe8629c7ffffde7ca43216afae60aac4296d95b4b8eb929f8493e85cc72082
training,logs/training/br-superhuman-god-all-20261001-v2,logs/training/br-superhuman-god-all-20261001-v2/replays/19ffcee5688f45af9560e1c25e6276a6/episode-00000022-slot-4.json,200,fd1644d8ce2a30789cb9067bdac78c77f06b3f3e6e1a15569a8bd13bda3add99
training,logs/training/br-superhuman-god-all-20261001-v2,logs/training/br-superhuman-god-all-20261001-v2/replays/19ffcee5688f45af9560e1c25e6276a6/episode-00000023-slot-0.json,199,41b1b00c2e260df69a76d71d25a525a6f71d286a12f8852963f6d5b4b945f912
training,logs/training/br-superhuman-god-all-20261001-v2,logs/training/br-superhuman-god-all-20261001-v2/replays/19ffcee5688f45af9560e1c25e6276a6/episode-00000024-slot-5.json,200,4337deb5d670916e3e63d326620237cd936ec7d88f4faa26e8eec530da0e480c
training,logs/training/br-superhuman-god-all-20261001-v2,logs/training/br-superhuman-god-all-20261001-v2/replays/19ffcee5688f45af9560e1c25e6276a6/episode-00000025-slot-3.json,200,e9448035891f1fc4728d1628ab24d235f5f95af35b2a8f4c1b1cd1f03d9be5fb
training,logs/training/br-superhuman-god-all-20261001-v2,logs/training/br-superhuman-god-all-20261001-v2/replays/19ffcee5688f45af9560e1c25e6276a6/episode-00000026-slot-2.json,200,527e90a5534eabb80d772930ca967ec2ec8eb7eaa419234f274d3b41daf22d91
training,logs/training/br-superhuman-god-all-20261001-v2,logs/training/br-superhuman-god-all-20261001-v2/replays/19ffcee5688f45af9560e1c25e6276a6/episode-00000027-slot-7.json,200,0322f742b9cb18a4e423525e2b40e0e42a57ed9cf32a773d53f1de6a0bb61350
training,logs/training/br-superhuman-god-all-20261001-v2,logs/training/br-superhuman-god-all-20261001-v2/replays/19ffcee5688f45af9560e1c25e6276a6/episode-00000028-slot-4.json,199,32db2b3766b8c32aec2aa75265e150c3e2421fbcda47b040184615bd1502954d
training,logs/training/br-superhuman-god-all-20261001-v2,logs/training/br-superhuman-god-all-20261001-v2/replays/19ffcee5688f45af9560e1c25e6276a6/episode-00000029-slot-1.json,200,8637d47954eb54237c581c5de7ecc97c7807ff2852a5e888058685c19dd4f0c2
training,logs/training/br-superhuman-god-all-20261001-v2,logs/training/br-superhuman-god-all-20261001-v2/replays/19ffcee5688f45af9560e1c25e6276a6/episode-00000030-slot-0.json,200,c2041352729cef24737e194d4c85acff13f74ed30bd3e6551b9effcf22972fd2
training,logs/training/br-superhuman-god-all-20261001-v2,logs/training/br-superhuman-god-all-20261001-v2/replays/19ffcee5688f45af9560e1c25e6276a6/episode-00000031-slot-6.json,204,c3234212c14d78c6b9e37d554b8d6f2573d015e754a2e70617816286254d8477
training,logs/training/br-superhuman-god-all-20261001-v2,logs/training/br-superhuman-god-all-20261001-v2/replays/19ffcee5688f45af9560e1c25e6276a6/episode-00000032-slot-3.json,200,17d62ace8d86f30c5340d42066dba8d959db8bfac3921c4d003be0e3d7e40c96
training,logs/training/br-superhuman-god-all-20261001-v2,logs/training/br-superhuman-god-all-20261001-v2/replays/19ffcee5688f45af9560e1c25e6276a6/episode-00000033-slot-7.json,200,b5644af3c89824e150bfadb42ae865544efbdeea62436ac86995b53fd62c0a6b
training,logs/training/br-superhuman-god-all-20261001-v2,logs/training/br-superhuman-god-all-20261001-v2/replays/19ffcee5688f45af9560e1c25e6276a6/episode-00000034-slot-4.json,199,f10688e2431f950e4415706bc0ba59c366cbb42dbdd4cb1aef5115dfe3066ec2
training,logs/training/br-superhuman-god-all-20261001-v2,logs/training/br-superhuman-god-all-20261001-v2/replays/19ffcee5688f45af9560e1c25e6276a6/episode-00000035-slot-2.json,199,28b25538113d74660c809fafc58f8f5f099736af7ac4e951d470a7a75ed3d13b
training,logs/training/br-superhuman-god-all-20261001-v2,logs/training/br-superhuman-god-all-20261001-v2/replays/19ffcee5688f45af9560e1c25e6276a6/episode-00000036-slot-5.json,203,b6d485c9991a58671c659741e250ca755f9f1b5f3b88c76965b773ee6d95800f
training,logs/training/br-superhuman-god-all-20261001-v2,logs/training/br-superhuman-god-all-20261001-v2/replays/19ffcee5688f45af9560e1c25e6276a6/episode-00000037-slot-2.json,200,742f209ff34d98fada1b570f34d0692dfcbefec440fe05a4af9e841527669a7e
training,logs/training/br-superhuman-god-all-20261001-v2,logs/training/br-superhuman-god-all-20261001-v2/replays/19ffcee5688f45af9560e1c25e6276a6/episode-00000038-slot-0.json,199,36770c8c2a0e30ad1e07172b3445cc88be278f4949af0ec74bf9ce626faad278
training,logs/training/br-superhuman-god-all-20261001-v2,logs/training/br-superhuman-god-all-20261001-v2/replays/19ffcee5688f45af9560e1c25e6276a6/episode-00000039-slot-3.json,200,2c5f37cf0c1e557b44347284a731a3e20151e2c7f44a906a3ff5d088fa59f6ca
training,logs/training/br-superhuman-god-all-20261001-v2,logs/training/br-superhuman-god-all-20261001-v2/replays/19ffcee5688f45af9560e1c25e6276a6/episode-00000040-slot-4.json,199,4760d246028eab1e638350a83e20fbc31d20ada8dfed232414e46af6e9e41a6c
training,logs/training/br-superhuman-god-all-20261001-v2,logs/training/br-superhuman-god-all-20261001-v2/replays/19ffcee5688f45af9560e1c25e6276a6/episode-00000041-slot-1.json,204,96c813324d382190a4326c4b68678a4de019b087d9baac9ea656704d72978a0d
training,logs/training/br-superhuman-god-all-20261001-v2,logs/training/br-superhuman-god-all-20261001-v2/replays/19ffcee5688f45af9560e1c25e6276a6/episode-00000042-slot-6.json,200,47afdf615fb32dffb82b1372f811d48a74fa77ae5aee3ca0a63c0922561e7296
training,logs/training/br-superhuman-god-all-20261001-v2,logs/training/br-superhuman-god-all-20261001-v2/replays/19ffcee5688f45af9560e1c25e6276a6/episode-00000043-slot-5.json,200,6542e0e08d958f208af1311ee4f8e30ce2835094da1d99c2fdb802f2bb65856f
training,logs/training/br-superhuman-god-all-20261001-v2,logs/training/br-superhuman-god-all-20261001-v2/replays/19ffcee5688f45af9560e1c25e6276a6/episode-00000044-slot-0.json,199,38a5bc2b0bfe14fa5c364958b35733fab84a1f3d781d22782aecbf5dde7edf4f
training,logs/training/br-superhuman-god-all-20261001-v2,logs/training/br-superhuman-god-all-20261001-v2/replays/19ffcee5688f45af9560e1c25e6276a6/episode-00000045-slot-7.json,204,452694da422bf4f8584aa31b62f1c4b0a589076668ff2fd56fde3ba2a4d8cf3e
training,logs/training/br-superhuman-god-all-20261001-v2,logs/training/br-superhuman-god-all-20261001-v2/replays/19ffcee5688f45af9560e1c25e6276a6/episode-00000046-slot-1.json,200,81e4958eff8f1e8404c517abfdc82d92629cd2cc00426d848ba09094bdb42fb1
training,logs/training/br-superhuman-god-all-20261001-v2,logs/training/br-superhuman-god-all-20261001-v2/replays/19ffcee5688f45af9560e1c25e6276a6/episode-00000047-slot-4.json,200,a96c7754e642c62aac53be3e72bcd23f65d6611cbf7028ec5556337076e61c9f
training,logs/training/br-superhuman-god-all-20261001-v2,logs/training/br-superhuman-god-all-20261001-v2/result.json,115,7a8c2d7cead62535d2bc1dd7d54ca0f9f3eee5eeac9cdfe75918b2b5f8528856
training,logs/training/br-superhuman-god-all-20261001-v2,logs/training/br-superhuman-god-all-20261001-v2/scalars/progress.csv,2899,85ffb8bda514a0c12de162a7eb81c399a3bf5738f9ae8e347f4066a6468f2e38
training,logs/training/br-superhuman-god-all-20261001-v2,logs/training/br-superhuman-god-all-20261001-v2/timing.json,2828,b82e5db4501d65a8ff5cb1e67b6e9a3745f6dc068302a6c97d7b5f10aebed979
training,logs/training/br-superhuman-god-baseline-20261001,logs/training/br-superhuman-god-baseline-20261001/config.yaml,5978,1cb0d9ae3bf091be16838f5ca062d4131ca9ea5e55acb13f0aa83d512915fb19
training,logs/training/br-superhuman-god-baseline-20261001,logs/training/br-superhuman-god-baseline-20261001/identity.json,36511,87b7e7ca9b8a68de61e31e4cac40f3f71ea2aa8aa45b4a8446f919255da1218b
training,logs/training/br-superhuman-god-baseline-20261001,logs/training/br-superhuman-god-baseline-20261001/result.json,2124,53661ed1f7974aa738a2c1b8443f0525d0f2531783225091104ee1ad5b4f2b5a
training,logs/training/br-superhuman-god-baseline-20261001,logs/training/br-superhuman-god-baseline-20261001/scalars/progress.csv,0,e3b0c44298fc1c149afbf4c8996fb92427ae41e4649b934ca495991b7852b855
training,logs/training/br-superhuman-god-reimu-default-20261001,logs/training/br-superhuman-god-reimu-default-20261001/cancellation.json,3129,e140e76febdf39e06961e49636078d2eb688c55220950d8f716b12ed83653b1a
training,logs/training/br-superhuman-god-reimu-default-20261001,logs/training/br-superhuman-god-reimu-default-20261001/config.yaml,4318,2a28a8b25daeb3c5e97dadb576a57328843502349da3ab0e8792bfe4c2fe55bc
training,logs/training/br-superhuman-god-reimu-default-20261001,logs/training/br-superhuman-god-reimu-default-20261001/identity.json,38205,9de973c8e156d55f5fdc219695f600ebc4a8bd1ec66211f16679e4f0e892c03a
training,logs/training/br-superhuman-god-reimu-default-20261001,logs/training/br-superhuman-god-reimu-default-20261001/progress.json,36497,304ac3ffd4c225d67c701620d6bb91f9c8274d49226bf8cd3fbd38faafee06d8
training,logs/training/br-superhuman-god-reimu-default-20261001,logs/training/br-superhuman-god-reimu-default-20261001/replays/ce47c50645a04951b07946212a23918a/episode-00000001-slot-2.json,194,933705ed4fb5c312387aaecc007927a90a7536493d1458597a6a9893e0d4cd58
training,logs/training/br-superhuman-god-reimu-default-20261001,logs/training/br-superhuman-god-reimu-default-20261001/replays/ce47c50645a04951b07946212a23918a/episode-00000002-slot-6.json,194,e7b31385e626640394e13861c2759d2dd015658784d80bc0090aac0499bdd1fb
training,logs/training/br-superhuman-god-reimu-default-20261001,logs/training/br-superhuman-god-reimu-default-20261001/replays/ce47c50645a04951b07946212a23918a/episode-00000003-slot-1.json,194,b2c6d11f5c19380283297b15ed7d76d3e1e28c44cfbbb41d1f0c63721cf68aa6
training,logs/training/br-superhuman-god-reimu-default-20261001,logs/training/br-superhuman-god-reimu-default-20261001/replays/ce47c50645a04951b07946212a23918a/episode-00000004-slot-0.json,194,0ad93e239d0bb322e60a598b84b295d202e305f0d97c5946c28e8fc28d6e333c
training,logs/training/br-superhuman-god-reimu-default-20261001,logs/training/br-superhuman-god-reimu-default-20261001/replays/ce47c50645a04951b07946212a23918a/episode-00000005-slot-5.json,194,cf1c090b71a504bf62c2bca0898b100d151d2cf34ba40558a014d06a522d3747
training,logs/training/br-superhuman-god-reimu-default-20261001,logs/training/br-superhuman-god-reimu-default-20261001/replays/ce47c50645a04951b07946212a23918a/episode-00000006-slot-3.json,194,784722c58e7bc49605e7bfa9b6fd9a2d2dddbc1ee95e9257b068e5abb81f2af1
training,logs/training/br-superhuman-god-reimu-default-20261001,logs/training/br-superhuman-god-reimu-default-20261001/replays/ce47c50645a04951b07946212a23918a/episode-00000007-slot-7.json,194,1b54e710a290d63104763dcef2b28cc4f5e027add713a7d3c8bafcb39260d845
training,logs/training/br-superhuman-god-reimu-default-20261001,logs/training/br-superhuman-god-reimu-default-20261001/replays/ce47c50645a04951b07946212a23918a/episode-00000008-slot-4.json,194,bf47a070eb6a9e88440ffc2f08e3235b4756b63e1cfd8c1a1bc577023ae88ef5
training,logs/training/br-superhuman-god-reimu-default-20261001,logs/training/br-superhuman-god-reimu-default-20261001/replays/ce47c50645a04951b07946212a23918a/episode-00000009-slot-2.json,200,4d180fcf9abf9f2dd989df2345a4b52866c1c18c18cdd4ea604b1d3ca6f4a634
training,logs/training/br-superhuman-god-reimu-default-20261001,logs/training/br-superhuman-god-reimu-default-20261001/replays/ce47c50645a04951b07946212a23918a/episode-00000010-slot-0.json,200,79435f2ed9177725cbec7acc3a3703c5870d1fd3d95e88d3dbc4f4caba811cc1
training,logs/training/br-superhuman-god-reimu-default-20261001,logs/training/br-superhuman-god-reimu-default-20261001/replays/ce47c50645a04951b07946212a23918a/episode-00000011-slot-6.json,200,234742c6dcec23d782cab6044a0f823409d703cc9896ce4b5ff89b8f071fe1b8
training,logs/training/br-superhuman-god-reimu-default-20261001,logs/training/br-superhuman-god-reimu-default-20261001/replays/ce47c50645a04951b07946212a23918a/episode-00000012-slot-5.json,199,ffacd5ff8230eead166b56979f855b49e601f78ec07336a7be22f0ad3c726853
training,logs/training/br-superhuman-god-reimu-default-20261001,logs/training/br-superhuman-god-reimu-default-20261001/replays/ce47c50645a04951b07946212a23918a/episode-00000013-slot-1.json,200,55df4d347fde6bc9b19efa039dd68ed805037df4b293023964597779abb1b7f7
training,logs/training/br-superhuman-god-reimu-default-20261001,logs/training/br-superhuman-god-reimu-default-20261001/replays/ce47c50645a04951b07946212a23918a/episode-00000014-slot-3.json,200,f4ed70847ca8d6f98030104de92bf7e7cc2bbffee44f42357d66229ea3d6fe2c
training,logs/training/br-superhuman-god-reimu-default-20261001,logs/training/br-superhuman-god-reimu-default-20261001/replays/ce47c50645a04951b07946212a23918a/episode-00000015-slot-2.json,199,d2b6ee8b6419492f8a9793d5c27c8e2146ace4858013b9dc641ad7fb21564626
training,logs/training/br-superhuman-god-reimu-default-20261001,logs/training/br-superhuman-god-reimu-default-20261001/replays/ce47c50645a04951b07946212a23918a/episode-00000016-slot-5.json,200,5bfe700f03d9c0ab79003822242c640b57ebc86df4cc9f9d4aa67c647c533f11
training,logs/training/br-superhuman-god-reimu-default-20261001,logs/training/br-superhuman-god-reimu-default-20261001/replays/ce47c50645a04951b07946212a23918a/episode-00000017-slot-4.json,200,34f18d391fea1793f68b3145b71031a02be34ec40d918a8ae3d79766ba3c5ae2
training,logs/training/br-superhuman-god-reimu-default-20261001,logs/training/br-superhuman-god-reimu-default-20261001/replays/ce47c50645a04951b07946212a23918a/episode-00000018-slot-6.json,200,f2c304580d983639dc7b3895db65dc345930b38615c9dd76719a21ee6b245c13
training,logs/training/br-superhuman-god-reimu-default-20261001,logs/training/br-superhuman-god-reimu-default-20261001/replays/ce47c50645a04951b07946212a23918a/episode-00000019-slot-0.json,200,1718f570bf0b7b74bd9c161eff4f2a6f5957f2fdc82b0fdef017efe8f648cc32
training,logs/training/br-superhuman-god-reimu-default-20261001,logs/training/br-superhuman-god-reimu-default-20261001/replays/ce47c50645a04951b07946212a23918a/episode-00000020-slot-7.json,200,9c9da8072fa7659355811a6ccaf12587a6b97d910d6fa12296cb61cf941b88a5
training,logs/training/br-superhuman-god-reimu-default-20261001,logs/training/br-superhuman-god-reimu-default-20261001/replays/ce47c50645a04951b07946212a23918a/episode-00000021-slot-1.json,200,58e22820543b5d8055a856eedf0f2aa306b663bd290e1e0d63c8432762b450d1
training,logs/training/br-superhuman-god-reimu-default-20261001,logs/training/br-superhuman-god-reimu-default-20261001/replays/ce47c50645a04951b07946212a23918a/episode-00000022-slot-3.json,200,1a81587b589115ad88ef531128b31f8b7ba2203d23f43d442ff9660362783ea6
training,logs/training/br-superhuman-god-reimu-default-20261001,logs/training/br-superhuman-god-reimu-default-20261001/replays/ce47c50645a04951b07946212a23918a/episode-00000023-slot-6.json,200,07f4aa4f84291c35b204f76dbe615c809e2566d7f49734a709c5a92aac3beb15
training,logs/training/br-superhuman-god-reimu-default-20261001,logs/training/br-superhuman-god-reimu-default-20261001/replays/ce47c50645a04951b07946212a23918a/episode-00000024-slot-5.json,200,682d8095af727e6b4170430429c412ffd0c43b9061ad389eb3d7583acbcc85b0
training,logs/training/br-superhuman-god-reimu-default-20261001,logs/training/br-superhuman-god-reimu-default-20261001/replays/ce47c50645a04951b07946212a23918a/episode-00000025-slot-4.json,200,8da612e5801f386afc80851b6d749d8cb803867c9fa4142e44610b804e22a95b
training,logs/training/br-superhuman-god-reimu-default-20261001,logs/training/br-superhuman-god-reimu-default-20261001/replays/ce47c50645a04951b07946212a23918a/episode-00000026-slot-2.json,199,51ecf95b11f44c16510e0b867dab42f67b47c3addb1bde331103920d792ccaba
training,logs/training/br-superhuman-god-reimu-default-20261001,logs/training/br-superhuman-god-reimu-default-20261001/replays/ce47c50645a04951b07946212a23918a/episode-00000027-slot-0.json,200,33ac0c5abc4dd6ed246c8ae40ae245adfb29d298a64be5e1d663c023ea35a12b
training,logs/training/br-superhuman-god-reimu-default-20261001,logs/training/br-superhuman-god-reimu-default-20261001/replays/ce47c50645a04951b07946212a23918a/episode-00000028-slot-5.json,199,70bcf9bc81750431d79ea4d9213c006f6828bfc9ffb56cb1bee54c6ab8bbf662
training,logs/training/br-superhuman-god-reimu-default-20261001,logs/training/br-superhuman-god-reimu-default-20261001/replays/ce47c50645a04951b07946212a23918a/episode-00000029-slot-7.json,200,9df63688fba732e6766595074ff937e3c75372dd2ca27996ce09e6ee4d432582
training,logs/training/br-superhuman-god-reimu-default-20261001,logs/training/br-superhuman-god-reimu-default-20261001/replays/ce47c50645a04951b07946212a23918a/episode-00000030-slot-6.json,200,b41086953f3c01e0733dad77895a8a47cbe039dd029b9788f6e1f29b9fcd8bdd
training,logs/training/br-superhuman-god-reimu-default-20261001,logs/training/br-superhuman-god-reimu-default-20261001/replays/ce47c50645a04951b07946212a23918a/episode-00000031-slot-1.json,200,2a8d0a18f887a858e992a138045cf5ebe1bd6d5edaebafa51ee2bad7d37d7f0a
training,logs/training/br-superhuman-god-reimu-default-20261001,logs/training/br-superhuman-god-reimu-default-20261001/replays/ce47c50645a04951b07946212a23918a/episode-00000032-slot-2.json,199,686d97e757ed02bd6eb8af8da17f297333e385f24662d6cd1bf334223ca9468d
training,logs/training/br-superhuman-god-reimu-default-20261001,logs/training/br-superhuman-god-reimu-default-20261001/replays/ce47c50645a04951b07946212a23918a/episode-00000033-slot-3.json,199,fb3e0706fde357ce861dc3b95653fd6d12ad52c67551a4fa307cb1fa521bfb17
training,logs/training/br-superhuman-god-reimu-default-20261001,logs/training/br-superhuman-god-reimu-default-20261001/replays/ce47c50645a04951b07946212a23918a/episode-00000034-slot-0.json,200,cab73b719c0f26a06d2a3e70f17b7133368d9de47247dae052aecfa931eae31b
training,logs/training/br-superhuman-god-reimu-default-20261001,logs/training/br-superhuman-god-reimu-default-20261001/replays/ce47c50645a04951b07946212a23918a/episode-00000035-slot-6.json,199,82fdcaf9271d5f1f4316e9011f932ef1f996f9cc9e11d2bc6c8637bf6c4ff619
training,logs/training/br-superhuman-god-reimu-default-20261001,logs/training/br-superhuman-god-reimu-default-20261001/replays/ce47c50645a04951b07946212a23918a/episode-00000036-slot-7.json,200,bfc93c7f29166c31edb90e061799b95dfcf1e07391000e111bdaafcfc81d5917
training,logs/training/br-superhuman-god-reimu-default-20261001,logs/training/br-superhuman-god-reimu-default-20261001/replays/ce47c50645a04951b07946212a23918a/episode-00000037-slot-5.json,199,501953f9653dc90a604e7333031cf6a0542e852a0ce58ca0b3c2a686c8e47f83
training,logs/training/br-superhuman-god-reimu-default-20261001,logs/training/br-superhuman-god-reimu-default-20261001/replays/ce47c50645a04951b07946212a23918a/episode-00000038-slot-4.json,200,f747f067a96cbdc38082643e030490b30a5098e576b7a5693a5f872f056b3f23
training,logs/training/br-superhuman-god-reimu-default-20261001,logs/training/br-superhuman-god-reimu-default-20261001/replays/ce47c50645a04951b07946212a23918a/episode-00000039-slot-3.json,200,10c8dd068c39b4e478358d26a7ccdfce7115130d5cadebce14ff16eaf86e38da
training,logs/training/br-superhuman-god-reimu-default-20261001,logs/training/br-superhuman-god-reimu-default-20261001/replays/ce47c50645a04951b07946212a23918a/episode-00000040-slot-0.json,199,d4a2d20772821443b737f3f01c4a72aa17fb713f2ff46b4ef046c1563d53d6cd
training,logs/training/br-superhuman-god-reimu-default-20261001,logs/training/br-superhuman-god-reimu-default-20261001/replays/ce47c50645a04951b07946212a23918a/episode-00000041-slot-7.json,200,920bd2896b8064727b362c1c4e4fd2e954780e2a8628b3308bfb0b70c62236a0
training,logs/training/br-superhuman-god-reimu-default-20261001,logs/training/br-superhuman-god-reimu-default-20261001/replays/ce47c50645a04951b07946212a23918a/episode-00000042-slot-6.json,200,97ae721c6fba220006a5e6d3489929030f53d82137ab41de09ef0ddbe8d59931
training,logs/training/br-superhuman-god-reimu-default-20261001,logs/training/br-superhuman-god-reimu-default-20261001/replays/ce47c50645a04951b07946212a23918a/episode-00000043-slot-2.json,200,3aba6c59bc587c189b214889f9c6ba6c8f4e141562df70d7a858bcbaffe70b46
training,logs/training/br-superhuman-god-reimu-default-20261001,logs/training/br-superhuman-god-reimu-default-20261001/replays/ce47c50645a04951b07946212a23918a/episode-00000044-slot-1.json,200,7ade09d908a23d5f45160601c1855a5ac84384f45f3101fa9a829a1384511450
training,logs/training/br-superhuman-god-reimu-default-20261001,logs/training/br-superhuman-god-reimu-default-20261001/replays/ce47c50645a04951b07946212a23918a/episode-00000045-slot-0.json,200,3eedbf65aa929092a04f18fba9e392b1d181f938fbe5060ce5c30a6d92efe09a
training,logs/training/br-superhuman-god-reimu-default-20261001,logs/training/br-superhuman-god-reimu-default-20261001/replays/ce47c50645a04951b07946212a23918a/episode-00000046-slot-4.json,199,d1e9a378c3cb8d7ecbd6b20ca72ff70b48814c01946a6bf06f480c2cfad9aff3
training,logs/training/br-superhuman-god-reimu-default-20261001,logs/training/br-superhuman-god-reimu-default-20261001/replays/ce47c50645a04951b07946212a23918a/episode-00000047-slot-7.json,200,4f610c4eb478ed7052fe71a4c4264365ebf333d511cf65c750a6673cce394917
training,logs/training/br-superhuman-god-reimu-default-20261001,logs/training/br-superhuman-god-reimu-default-20261001/replays/ce47c50645a04951b07946212a23918a/episode-00000048-slot-6.json,200,c2c12fc4d7398fd018a1b3f9953c337a589a635c112581d46122f557598c9816
training,logs/training/br-superhuman-god-reimu-default-20261001,logs/training/br-superhuman-god-reimu-default-20261001/replays/ce47c50645a04951b07946212a23918a/episode-00000049-slot-5.json,200,b1760e95a3c090be4639221a9e794955e8752eeb8985d78fb2dc96e92f991097
training,logs/training/br-superhuman-god-reimu-default-20261001,logs/training/br-superhuman-god-reimu-default-20261001/replays/ce47c50645a04951b07946212a23918a/episode-00000050-slot-3.json,200,6bc6548bfe73a15d0e5d16dbcaa5a3a95a1df9c31f62785918f4f52e8241ae03
training,logs/training/br-superhuman-god-reimu-default-20261001,logs/training/br-superhuman-god-reimu-default-20261001/result.json,115,64ff551167d00afb5bd2b325ce110603f654b780e4314e745a223b0e0da371bd
training,logs/training/br-superhuman-god-reimu-default-20261001,logs/training/br-superhuman-god-reimu-default-20261001/scalars/progress.csv,2465,2ddd610d4376cfe23d9187ff959aeff0668c9986b0a59b1362c5884f8eb45b87
training,logs/training/br-superhuman-god-reimu-default-20261001,logs/training/br-superhuman-god-reimu-default-20261001/timing.json,2375,51fb26800d50b2c8d8eedcd03fee7a678f5cd65c636f6a4c35eec7f89a731269
training,logs/training/br-superhuman-god-reimu-long-credit-20261001,logs/training/br-superhuman-god-reimu-long-credit-20261001/cancellation.json,3146,75e93881d78722ffa87dffe203a5042e8cebd179e218cc5b03cca2c18695db34
training,logs/training/br-superhuman-god-reimu-long-credit-20261001,logs/training/br-superhuman-god-reimu-long-credit-20261001/config.yaml,4324,b591182b1b2136c3a7ce82e8b5b2ee1d74fb61284b7c5fc924b5726a642f9ea5
training,logs/training/br-superhuman-god-reimu-long-credit-20261001,logs/training/br-superhuman-god-reimu-long-credit-20261001/identity.json,38205,20efb925f280c0a242f49c90b09a27a4581a05c54a07f1fcc78cac80e574a80e
training,logs/training/br-superhuman-god-reimu-long-credit-20261001,logs/training/br-superhuman-god-reimu-long-credit-20261001/progress.json,37248,1f586374e255224182b7070f170127b75513aef444ebd294cc42c1e3c8d255d2
training,logs/training/br-superhuman-god-reimu-long-credit-20261001,logs/training/br-superhuman-god-reimu-long-credit-20261001/replays/5aaef0ac8bd0401a8a4a5bab7a67fafe/episode-00000001-slot-2.json,194,ed494f711761b67d0ecde03f33a96d6d3080cb53a1ecad84fe9ed988863bb11e
training,logs/training/br-superhuman-god-reimu-long-credit-20261001,logs/training/br-superhuman-god-reimu-long-credit-20261001/replays/5aaef0ac8bd0401a8a4a5bab7a67fafe/episode-00000002-slot-7.json,194,4e1f7fb527c667a05efc8f2d81b03164802c23e68b5702f858320df557884173
training,logs/training/br-superhuman-god-reimu-long-credit-20261001,logs/training/br-superhuman-god-reimu-long-credit-20261001/replays/5aaef0ac8bd0401a8a4a5bab7a67fafe/episode-00000003-slot-1.json,194,fcccd3d346c1e44762bbceaaad19bf825075b7d444df711607cf3dcd1e372fd5
training,logs/training/br-superhuman-god-reimu-long-credit-20261001,logs/training/br-superhuman-god-reimu-long-credit-20261001/replays/5aaef0ac8bd0401a8a4a5bab7a67fafe/episode-00000004-slot-6.json,194,0b33b724ffc59ef7add313ce432a06a52f08b435cd7a6e2f93202a2aa2b42df2
training,logs/training/br-superhuman-god-reimu-long-credit-20261001,logs/training/br-superhuman-god-reimu-long-credit-20261001/replays/5aaef0ac8bd0401a8a4a5bab7a67fafe/episode-00000005-slot-4.json,194,3638ae4dc921c3b92ba1c04df03d3548151793b287c364a888aea2e8452be471
training,logs/training/br-superhuman-god-reimu-long-credit-20261001,logs/training/br-superhuman-god-reimu-long-credit-20261001/replays/5aaef0ac8bd0401a8a4a5bab7a67fafe/episode-00000006-slot-0.json,194,e9e24a1cc7c0e0ccabc7e6b7a0c24f372572ce0d01f4bec6f47d5ae422a5e94e
training,logs/training/br-superhuman-god-reimu-long-credit-20261001,logs/training/br-superhuman-god-reimu-long-credit-20261001/replays/5aaef0ac8bd0401a8a4a5bab7a67fafe/episode-00000007-slot-5.json,194,a80f5e3695d29186df4cfbf17adae806857d14d1f7cef7d5e8eaefe97cac8461
training,logs/training/br-superhuman-god-reimu-long-credit-20261001,logs/training/br-superhuman-god-reimu-long-credit-20261001/replays/5aaef0ac8bd0401a8a4a5bab7a67fafe/episode-00000008-slot-2.json,200,1c3db2e580335bc6d59808e03eca565f95792117e612552454b1f310ca67edf7
training,logs/training/br-superhuman-god-reimu-long-credit-20261001,logs/training/br-superhuman-god-reimu-long-credit-20261001/replays/5aaef0ac8bd0401a8a4a5bab7a67fafe/episode-00000009-slot-1.json,200,5ba5be00fdfa6cf3c78da1e75db7c1b726a784d0319ffe665bf3ef8794d9fef1
training,logs/training/br-superhuman-god-reimu-long-credit-20261001,logs/training/br-superhuman-god-reimu-long-credit-20261001/replays/5aaef0ac8bd0401a8a4a5bab7a67fafe/episode-00000010-slot-3.json,194,924982ed82165268a3d5bb4a43b246d15d818e4d9a6d3de903a1b35e90412478
training,logs/training/br-superhuman-god-reimu-long-credit-20261001,logs/training/br-superhuman-god-reimu-long-credit-20261001/replays/5aaef0ac8bd0401a8a4a5bab7a67fafe/episode-00000011-slot-7.json,200,76b0463eea5516568e1732d5aaad41d50352ada8d51a6b09a42e2aebd3575c8f
training,logs/training/br-superhuman-god-reimu-long-credit-20261001,logs/training/br-superhuman-god-reimu-long-credit-20261001/replays/5aaef0ac8bd0401a8a4a5bab7a67fafe/episode-00000012-slot-6.json,200,6a680172727171e2d060a5ece02f3652949f647302fd1044f4a4fa8668e2a20e
training,logs/training/br-superhuman-god-reimu-long-credit-20261001,logs/training/br-superhuman-god-reimu-long-credit-20261001/replays/5aaef0ac8bd0401a8a4a5bab7a67fafe/episode-00000013-slot-5.json,200,106665e2916829fc851b09154898e7971b98c8df9522492ab28dff8a87ffae9f
training,logs/training/br-superhuman-god-reimu-long-credit-20261001,logs/training/br-superhuman-god-reimu-long-credit-20261001/replays/5aaef0ac8bd0401a8a4a5bab7a67fafe/episode-00000014-slot-0.json,200,539063ce5f3b173d8cacda39390a27254d91b2fdaf9803e76014c6cfc64c428b
training,logs/training/br-superhuman-god-reimu-long-credit-20261001,logs/training/br-superhuman-god-reimu-long-credit-20261001/replays/5aaef0ac8bd0401a8a4a5bab7a67fafe/episode-00000015-slot-4.json,199,baea7cc43db15572e7109cb6759415cbb39a0ae1385e031c6aa9a6538de7ba55
training,logs/training/br-superhuman-god-reimu-long-credit-20261001,logs/training/br-superhuman-god-reimu-long-credit-20261001/replays/5aaef0ac8bd0401a8a4a5bab7a67fafe/episode-00000016-slot-1.json,199,f35effb47965776717247efebe383da75af3603df4bf35b5d425b106ae232d70
training,logs/training/br-superhuman-god-reimu-long-credit-20261001,logs/training/br-superhuman-god-reimu-long-credit-20261001/replays/5aaef0ac8bd0401a8a4a5bab7a67fafe/episode-00000017-slot-7.json,200,4621d85e2f954e649d09a13f4bd2519aed3dea70180190e7dcf62d9866c395f7
training,logs/training/br-superhuman-god-reimu-long-credit-20261001,logs/training/br-superhuman-god-reimu-long-credit-20261001/replays/5aaef0ac8bd0401a8a4a5bab7a67fafe/episode-00000018-slot-2.json,200,0d8ec59699dbda4f4788c4da2e8da7e6489bb303132151afba7a69c8327b93fc
training,logs/training/br-superhuman-god-reimu-long-credit-20261001,logs/training/br-superhuman-god-reimu-long-credit-20261001/replays/5aaef0ac8bd0401a8a4a5bab7a67fafe/episode-00000019-slot-3.json,200,a80c01e97d574bebdaa2fac7c8494e1439a735a32a23a0e2ccdf599880a33184
training,logs/training/br-superhuman-god-reimu-long-credit-20261001,logs/training/br-superhuman-god-reimu-long-credit-20261001/replays/5aaef0ac8bd0401a8a4a5bab7a67fafe/episode-00000020-slot-5.json,200,b7cf0575b199203e664735cc5f44ee0844bf1c0a6a733c1668f8166a057906dd
training,logs/training/br-superhuman-god-reimu-long-credit-20261001,logs/training/br-superhuman-god-reimu-long-credit-20261001/replays/5aaef0ac8bd0401a8a4a5bab7a67fafe/episode-00000021-slot-4.json,199,d64d75099296bc6565444a04ff269e07dbdb26553e68d1611643898b5a17e4f3
training,logs/training/br-superhuman-god-reimu-long-credit-20261001,logs/training/br-superhuman-god-reimu-long-credit-20261001/replays/5aaef0ac8bd0401a8a4a5bab7a67fafe/episode-00000022-slot-6.json,200,edfe39643dc0040eafd807d4673f44cea64035e0aa1c7163e87f15f91416bbb9
training,logs/training/br-superhuman-god-reimu-long-credit-20261001,logs/training/br-superhuman-god-reimu-long-credit-20261001/replays/5aaef0ac8bd0401a8a4a5bab7a67fafe/episode-00000023-slot-0.json,200,951dd5ed2b1ec9a03c32476a81674826f8354a45d15ab5d03a4826cc8e5b68b0
training,logs/training/br-superhuman-god-reimu-long-credit-20261001,logs/training/br-superhuman-god-reimu-long-credit-20261001/replays/5aaef0ac8bd0401a8a4a5bab7a67fafe/episode-00000024-slot-1.json,200,e87283bd8e4cd9da7f4a4ef2d61d62870bc65ae4123fe49f057f6262121e2129
training,logs/training/br-superhuman-god-reimu-long-credit-20261001,logs/training/br-superhuman-god-reimu-long-credit-20261001/replays/5aaef0ac8bd0401a8a4a5bab7a67fafe/episode-00000025-slot-2.json,200,d6483d1b4fe6dc60c13f5cb4b03c7805c4715733ce59b4a39b6950890c74301f
training,logs/training/br-superhuman-god-reimu-long-credit-20261001,logs/training/br-superhuman-god-reimu-long-credit-20261001/replays/5aaef0ac8bd0401a8a4a5bab7a67fafe/episode-00000026-slot-3.json,200,8d1dd9944a7a41d21902fff12c44078e77d90a9401365063ae390679f5e589dc
training,logs/training/br-superhuman-god-reimu-long-credit-20261001,logs/training/br-superhuman-god-reimu-long-credit-20261001/replays/5aaef0ac8bd0401a8a4a5bab7a67fafe/episode-00000027-slot-7.json,200,5260fc50dfb911a5170f323a03054915b401e8ac79cba34829402a77a8d3321b
training,logs/training/br-superhuman-god-reimu-long-credit-20261001,logs/training/br-superhuman-god-reimu-long-credit-20261001/replays/5aaef0ac8bd0401a8a4a5bab7a67fafe/episode-00000028-slot-5.json,200,32d0082187a4c5c21e8271ff4b04782132665f41d9776aedcaaea099aba701a3
training,logs/training/br-superhuman-god-reimu-long-credit-20261001,logs/training/br-superhuman-god-reimu-long-credit-20261001/replays/5aaef0ac8bd0401a8a4a5bab7a67fafe/episode-00000029-slot-6.json,199,a031afaebcbd2c0c2a5764c71f43cca99aa19df4cae03647df30900d3e3809d9
training,logs/training/br-superhuman-god-reimu-long-credit-20261001,logs/training/br-superhuman-god-reimu-long-credit-20261001/replays/5aaef0ac8bd0401a8a4a5bab7a67fafe/episode-00000030-slot-1.json,199,d2d7ea1873b76ba4e3bf7501f6ec4d56cf83c57b3dfee3c8124cf5f3253a15b4
training,logs/training/br-superhuman-god-reimu-long-credit-20261001,logs/training/br-superhuman-god-reimu-long-credit-20261001/replays/5aaef0ac8bd0401a8a4a5bab7a67fafe/episode-00000031-slot-4.json,200,803f285db6b96f9f5fed7062839a7359d3e968ad6cf043b20e48f038b44280ff
training,logs/training/br-superhuman-god-reimu-long-credit-20261001,logs/training/br-superhuman-god-reimu-long-credit-20261001/replays/5aaef0ac8bd0401a8a4a5bab7a67fafe/episode-00000032-slot-0.json,200,29307050e2a16e665e35d7c35ec90130f5ec95661405c42206e031da53d58886
training,logs/training/br-superhuman-god-reimu-long-credit-20261001,logs/training/br-superhuman-god-reimu-long-credit-20261001/replays/5aaef0ac8bd0401a8a4a5bab7a67fafe/episode-00000033-slot-7.json,200,90e64b1943fb5fa9bf8815c85262b0e4c33b3d97e203698c3e227ace1495bee1
training,logs/training/br-superhuman-god-reimu-long-credit-20261001,logs/training/br-superhuman-god-reimu-long-credit-20261001/replays/5aaef0ac8bd0401a8a4a5bab7a67fafe/episode-00000034-slot-5.json,199,22dbe41f504aff91e669f848885bab27cfc7aff80352b0bbb000d5a98319be14
training,logs/training/br-superhuman-god-reimu-long-credit-20261001,logs/training/br-superhuman-god-reimu-long-credit-20261001/replays/5aaef0ac8bd0401a8a4a5bab7a67fafe/episode-00000035-slot-2.json,200,48215661a6d58795b6e277e9ba540535d9ac3bda8773218e3526e62e42b46ef1
training,logs/training/br-superhuman-god-reimu-long-credit-20261001,logs/training/br-superhuman-god-reimu-long-credit-20261001/replays/5aaef0ac8bd0401a8a4a5bab7a67fafe/episode-00000036-slot-3.json,199,fa4181b40a8acdf231b759c6138c47ac3aad0bde1bde63ba30ab0d525a461863
training,logs/training/br-superhuman-god-reimu-long-credit-20261001,logs/training/br-superhuman-god-reimu-long-credit-20261001/replays/5aaef0ac8bd0401a8a4a5bab7a67fafe/episode-00000037-slot-6.json,200,0b537bbf36dd13f5ca1044f72c6b81f331221db704b510ba1d0016db2e182c14
training,logs/training/br-superhuman-god-reimu-long-credit-20261001,logs/training/br-superhuman-god-reimu-long-credit-20261001/replays/5aaef0ac8bd0401a8a4a5bab7a67fafe/episode-00000038-slot-0.json,200,9aae8cb3bcf165e5d9832763fa54183e0ed0b4b8ecd9f26c15cecfbf27f33b77
training,logs/training/br-superhuman-god-reimu-long-credit-20261001,logs/training/br-superhuman-god-reimu-long-credit-20261001/replays/5aaef0ac8bd0401a8a4a5bab7a67fafe/episode-00000039-slot-3.json,200,48255b2dad423c884f69ba58bcf4ecd73c4ff00bacca289c5000ff6a66012c56
training,logs/training/br-superhuman-god-reimu-long-credit-20261001,logs/training/br-superhuman-god-reimu-long-credit-20261001/replays/5aaef0ac8bd0401a8a4a5bab7a67fafe/episode-00000040-slot-4.json,200,2695093d4d53af114e5d98f6888ea41d345101839e515bfe39eaa1f9103e190f
training,logs/training/br-superhuman-god-reimu-long-credit-20261001,logs/training/br-superhuman-god-reimu-long-credit-20261001/replays/5aaef0ac8bd0401a8a4a5bab7a67fafe/episode-00000041-slot-1.json,199,f111572fe9ce2dddcc5f520b0df7235fd09b79e6d45623379cad580708e1dbb7
training,logs/training/br-superhuman-god-reimu-long-credit-20261001,logs/training/br-superhuman-god-reimu-long-credit-20261001/replays/5aaef0ac8bd0401a8a4a5bab7a67fafe/episode-00000042-slot-7.json,200,586db5c1aac779cc0aa686480d55fc9010469a6c0407d532fdd1fe1d20db0708
training,logs/training/br-superhuman-god-reimu-long-credit-20261001,logs/training/br-superhuman-god-reimu-long-credit-20261001/replays/5aaef0ac8bd0401a8a4a5bab7a67fafe/episode-00000043-slot-5.json,199,74a73c79055b0d8706b2d6ffa5343ce67e87d8529d1098ee5b67c12e4b097347
training,logs/training/br-superhuman-god-reimu-long-credit-20261001,logs/training/br-superhuman-god-reimu-long-credit-20261001/replays/5aaef0ac8bd0401a8a4a5bab7a67fafe/episode-00000044-slot-2.json,200,5106767614a60c75c1db52c3ea7be8991f2861a8639572ea654d5f7039c1bce0
training,logs/training/br-superhuman-god-reimu-long-credit-20261001,logs/training/br-superhuman-god-reimu-long-credit-20261001/replays/5aaef0ac8bd0401a8a4a5bab7a67fafe/episode-00000045-slot-0.json,199,4b8ca4c8f468f24a58417b5bb7c5667a58062a23585bd98dc0256a39e0d33d55
training,logs/training/br-superhuman-god-reimu-long-credit-20261001,logs/training/br-superhuman-god-reimu-long-credit-20261001/replays/5aaef0ac8bd0401a8a4a5bab7a67fafe/episode-00000046-slot-6.json,200,9f0be35994b8cb841f87fa552b81b40f004e51bd505fc4962af168b090e42a2f
training,logs/training/br-superhuman-god-reimu-long-credit-20261001,logs/training/br-superhuman-god-reimu-long-credit-20261001/replays/5aaef0ac8bd0401a8a4a5bab7a67fafe/episode-00000047-slot-4.json,200,ae5f6eb13dfb89e7e89fbe0d2a5377e159ca1e828c8af8eb14a13ec79298a001
training,logs/training/br-superhuman-god-reimu-long-credit-20261001,logs/training/br-superhuman-god-reimu-long-credit-20261001/replays/5aaef0ac8bd0401a8a4a5bab7a67fafe/episode-00000048-slot-1.json,200,066f13cecb42f097b81e540b10ee66721dd09098a7aede7b73da4cc0c2c62599
training,logs/training/br-superhuman-god-reimu-long-credit-20261001,logs/training/br-superhuman-god-reimu-long-credit-20261001/replays/5aaef0ac8bd0401a8a4a5bab7a67fafe/episode-00000049-slot-3.json,200,a7264f80015beb20ccaecbdc7d3360737720cf5376c4b03e4f3e147e66194b38
training,logs/training/br-superhuman-god-reimu-long-credit-20261001,logs/training/br-superhuman-god-reimu-long-credit-20261001/replays/5aaef0ac8bd0401a8a4a5bab7a67fafe/episode-00000050-slot-2.json,200,56690e41aad3504c50285c05c0721420ff732ff63845970a3c7307f22e6ad514
training,logs/training/br-superhuman-god-reimu-long-credit-20261001,logs/training/br-superhuman-god-reimu-long-credit-20261001/replays/5aaef0ac8bd0401a8a4a5bab7a67fafe/episode-00000051-slot-7.json,200,977b4e5ec24a8bf37faf51e2463e82699ff3f97cf7ed40b1800735815615e5ee
training,logs/training/br-superhuman-god-reimu-long-credit-20261001,logs/training/br-superhuman-god-reimu-long-credit-20261001/replays/5aaef0ac8bd0401a8a4a5bab7a67fafe/episode-00000052-slot-5.json,200,d5b368415dc90599ada28c1e39990bd70964289330fa36be8e4530e249e5cd68
training,logs/training/br-superhuman-god-reimu-long-credit-20261001,logs/training/br-superhuman-god-reimu-long-credit-20261001/result.json,115,51d251703f7dca8e96d262f58d27b9b0c82950cab062d8ac840b0dc56a83721e
training,logs/training/br-superhuman-god-reimu-long-credit-20261001,logs/training/br-superhuman-god-reimu-long-credit-20261001/scalars/progress.csv,2479,046972b55a9fb4c9c095b5a836e18490d8316ac2c03fa0aace05ed761f4b4f85
training,logs/training/br-superhuman-god-reimu-long-credit-20261001,logs/training/br-superhuman-god-reimu-long-credit-20261001/timing.json,2388,8d99b14079b6c5f1c66804adc30ebc8679de860bead1d1c98c7bfc4cc1a67da5
training,logs/training/br-superhuman-god-reimu-numeric-20261001,logs/training/br-superhuman-god-reimu-numeric-20261001/cancellation.json,2134,f3de8952f6bca9e017252e85f99305c559bde3ae25d6f6a85a17fa9e923dc7a4
training,logs/training/br-superhuman-god-reimu-numeric-20261001,logs/training/br-superhuman-god-reimu-numeric-20261001/config.yaml,4332,3a375f1c48e4b6079b1bce13170e9f3346fbba1b09e88de1abbe168e03a2123f
training,logs/training/br-superhuman-god-reimu-numeric-20261001,logs/training/br-superhuman-god-reimu-numeric-20261001/identity.json,38435,38239df5491ac476302876ee92f9dd88cfd73e29a3d25b235e71e090604622a5
training,logs/training/br-superhuman-god-reimu-numeric-20261001,logs/training/br-superhuman-god-reimu-numeric-20261001/progress.json,20117,c0184471adb45ffd9432875c407d05f8c70d6d4e7c82dd9030d09453be34078c
training,logs/training/br-superhuman-god-reimu-numeric-20261001,logs/training/br-superhuman-god-reimu-numeric-20261001/replays/b8602fe32d36467595e2a716ed71e59f/episode-00000001-slot-2.json,194,a9618e93d304bfc1d7fdc3493a797f4aa579955185c95a35ee980c7202b518b1
training,logs/training/br-superhuman-god-reimu-numeric-20261001,logs/training/br-superhuman-god-reimu-numeric-20261001/replays/b8602fe32d36467595e2a716ed71e59f/episode-00000002-slot-7.json,194,06884549c8defe16d672b03aff9ea56cc4d4354a7ea812fba7a4b8afcdad4860
training,logs/training/br-superhuman-god-reimu-numeric-20261001,logs/training/br-superhuman-god-reimu-numeric-20261001/replays/b8602fe32d36467595e2a716ed71e59f/episode-00000003-slot-1.json,194,753acc06d1900c508f15a58784541be4054efc8913ef37c076ea52ac88ae6c53
training,logs/training/br-superhuman-god-reimu-numeric-20261001,logs/training/br-superhuman-god-reimu-numeric-20261001/replays/b8602fe32d36467595e2a716ed71e59f/episode-00000004-slot-6.json,194,bcacf1dd9b9adf38b7a751218459e18d8a6db6c31bdb15226eaf7d8983bc6a0d
training,logs/training/br-superhuman-god-reimu-numeric-20261001,logs/training/br-superhuman-god-reimu-numeric-20261001/replays/b8602fe32d36467595e2a716ed71e59f/episode-00000005-slot-3.json,194,65a1ff0f75c4f476f416a0a33cf3aa0180a27b20dbcb82356f5d0268263f1936
training,logs/training/br-superhuman-god-reimu-numeric-20261001,logs/training/br-superhuman-god-reimu-numeric-20261001/replays/b8602fe32d36467595e2a716ed71e59f/episode-00000006-slot-0.json,194,50ce1df4a6af52e4177858b6cd557a61ca246ad5f2678edb1ac3feb0fdff974e
training,logs/training/br-superhuman-god-reimu-numeric-20261001,logs/training/br-superhuman-god-reimu-numeric-20261001/replays/b8602fe32d36467595e2a716ed71e59f/episode-00000007-slot-4.json,194,66d1949d1ea34443f97dbf2b10f88e6a31a0ba51f28c092c0f731d584f863136
training,logs/training/br-superhuman-god-reimu-numeric-20261001,logs/training/br-superhuman-god-reimu-numeric-20261001/replays/b8602fe32d36467595e2a716ed71e59f/episode-00000008-slot-5.json,194,a263568354b2963657ad3563d354c1744d8e82ae4e528a4ccb16036bf38a0299
training,logs/training/br-superhuman-god-reimu-numeric-20261001,logs/training/br-superhuman-god-reimu-numeric-20261001/replays/b8602fe32d36467595e2a716ed71e59f/episode-00000009-slot-7.json,200,de8385b68b78bb5f8bd6ec6f755c336e135738b5c5562429b52a2d654985eb84
training,logs/training/br-superhuman-god-reimu-numeric-20261001,logs/training/br-superhuman-god-reimu-numeric-20261001/replays/b8602fe32d36467595e2a716ed71e59f/episode-00000010-slot-1.json,200,2573a6d957209f6ecf8b1af6ca2cabec3d3b30da8078ff98200a502bf375bc70
training,logs/training/br-superhuman-god-reimu-numeric-20261001,logs/training/br-superhuman-god-reimu-numeric-20261001/replays/b8602fe32d36467595e2a716ed71e59f/episode-00000011-slot-2.json,200,feb5a7173842f3ca96d6c09d8afaadf2e863dc2682d090d74986923e69b6e63d
training,logs/training/br-superhuman-god-reimu-numeric-20261001,logs/training/br-superhuman-god-reimu-numeric-20261001/replays/b8602fe32d36467595e2a716ed71e59f/episode-00000012-slot-4.json,200,2cdda47c09be45a1fa2c73e3f966345345f2bda6422c76c8f54896b321e4b6b1
training,logs/training/br-superhuman-god-reimu-numeric-20261001,logs/training/br-superhuman-god-reimu-numeric-20261001/replays/b8602fe32d36467595e2a716ed71e59f/episode-00000013-slot-6.json,200,8282e9d238a7411cab4197f69058380e847b25eecfc8f233cbd8c6b7b8541642
training,logs/training/br-superhuman-god-reimu-numeric-20261001,logs/training/br-superhuman-god-reimu-numeric-20261001/replays/b8602fe32d36467595e2a716ed71e59f/episode-00000014-slot-7.json,199,a660ed4ac103e784d1390610fc72046fd1bf0e62bd48fe5f96806759ca20060f
training,logs/training/br-superhuman-god-reimu-numeric-20261001,logs/training/br-superhuman-god-reimu-numeric-20261001/replays/b8602fe32d36467595e2a716ed71e59f/episode-00000015-slot-5.json,200,99f86c3899507cc38d0cbcb3440195492c6dd54a6dc7103276ed9dd7dfc4820b
training,logs/training/br-superhuman-god-reimu-numeric-20261001,logs/training/br-superhuman-god-reimu-numeric-20261001/replays/b8602fe32d36467595e2a716ed71e59f/episode-00000016-slot-0.json,200,f27782a6fd1e448539a19a09521a0d77b9f36913686d9d29c4aa9d4d85c1737f
training,logs/training/br-superhuman-god-reimu-numeric-20261001,logs/training/br-superhuman-god-reimu-numeric-20261001/replays/b8602fe32d36467595e2a716ed71e59f/episode-00000017-slot-1.json,200,d0a2e02afba6da93ce76ed7c0e8372feff09b7485b602aeef41aef6fcf851718
training,logs/training/br-superhuman-god-reimu-numeric-20261001,logs/training/br-superhuman-god-reimu-numeric-20261001/replays/b8602fe32d36467595e2a716ed71e59f/episode-00000018-slot-2.json,200,1fda6959fdd71de85436b05169b13a53bed474bc4e3a8a32a51024735261dd10
training,logs/training/br-superhuman-god-reimu-numeric-20261001,logs/training/br-superhuman-god-reimu-numeric-20261001/replays/b8602fe32d36467595e2a716ed71e59f/episode-00000019-slot-3.json,199,bd524d50d090beb688e7c789990b3d42f08bdf9d60e7d8a2bf61d39b274d6815
training,logs/training/br-superhuman-god-reimu-numeric-20261001,logs/training/br-superhuman-god-reimu-numeric-20261001/replays/b8602fe32d36467595e2a716ed71e59f/episode-00000020-slot-4.json,200,72adde56c2b8958bb0144d740e87a75fa71891225d2ca38c1644e9843168522d
training,logs/training/br-superhuman-god-reimu-numeric-20261001,logs/training/br-superhuman-god-reimu-numeric-20261001/replays/b8602fe32d36467595e2a716ed71e59f/episode-00000021-slot-7.json,200,7ce063c0063166ebf3b99191a9fb6ba6e3e2eb9d1fd0400302a7988fb5fb008f
training,logs/training/br-superhuman-god-reimu-numeric-20261001,logs/training/br-superhuman-god-reimu-numeric-20261001/replays/b8602fe32d36467595e2a716ed71e59f/episode-00000022-slot-3.json,200,288490998cea04e6e1683b8530664b332b0a4f103e918967f3a64dd1c50fcc72
training,logs/training/br-superhuman-god-reimu-numeric-20261001,logs/training/br-superhuman-god-reimu-numeric-20261001/replays/b8602fe32d36467595e2a716ed71e59f/episode-00000023-slot-1.json,200,e1b9d6b3e1b72c8968568e86ec44ef485b81cb3ef925b154b3a5e927e08c598d
training,logs/training/br-superhuman-god-reimu-numeric-20261001,logs/training/br-superhuman-god-reimu-numeric-20261001/replays/b8602fe32d36467595e2a716ed71e59f/episode-00000024-slot-0.json,200,6086990807ba9b46e0abb15ca1ff6449621bbaab15f552125f675976f15067d1
training,logs/training/br-superhuman-god-reimu-numeric-20261001,logs/training/br-superhuman-god-reimu-numeric-20261001/replays/b8602fe32d36467595e2a716ed71e59f/episode-00000025-slot-6.json,200,c93322de40665390dd4b3945b76d31054e68ab03b61c84029528e9a8000a01af
training,logs/training/br-superhuman-god-reimu-numeric-20261001,logs/training/br-superhuman-god-reimu-numeric-20261001/replays/b8602fe32d36467595e2a716ed71e59f/episode-00000026-slot-5.json,199,ebfa14778bee9ff155cfd4d92539b90db73cbe7414a3ede0fa5f7c8d88a4ae86
training,logs/training/br-superhuman-god-reimu-numeric-20261001,logs/training/br-superhuman-god-reimu-numeric-20261001/replays/b8602fe32d36467595e2a716ed71e59f/episode-00000027-slot-2.json,200,ce8d93df0d0138748e19b3aced385a3dd75ec4b0fff88afeeba02e4d97e2bc3d
training,logs/training/br-superhuman-god-reimu-numeric-20261001,logs/training/br-superhuman-god-reimu-numeric-20261001/replays/b8602fe32d36467595e2a716ed71e59f/episode-00000028-slot-4.json,200,635a50ca8020899daa760f2f5ec95daa61925d4572df4f67d5569068a3e1407d
training,logs/training/br-superhuman-god-reimu-numeric-20261001,logs/training/br-superhuman-god-reimu-numeric-20261001/result.json,114,9259baf28774b8f5a832eea78f8537c861fbc3f0200c18c4218191d0e38d8eab
training,logs/training/br-superhuman-god-reimu-numeric-20261001,logs/training/br-superhuman-god-reimu-numeric-20261001/scalars/progress.csv,1487,cd043dca33407834ae74352dd84ce1367392b77e11c34d2a2460a8889b83f21e
training,logs/training/br-superhuman-god-reimu-numeric-20261001,logs/training/br-superhuman-god-reimu-numeric-20261001/timing.json,1443,90e9014efff10f499a90c10a50c489b3bc3dae3d1b9af8e61c7cfd5cb9fe6c6d
training,logs/training/br-superhuman-idle-to-reimu-20261001,logs/training/br-superhuman-idle-to-reimu-20261001/config.yaml,4628,5fdf4ad2b267f3ed7e83536da1f1e20a42397131c291b50fa6117225349f7f83
training,logs/training/br-superhuman-idle-to-reimu-20261001,logs/training/br-superhuman-idle-to-reimu-20261001/identity.json,39163,8d06b763a85d83d1f45c83d0b9fb89fc3e19926f5df14a94fe47e63ec3b58237
training,logs/training/br-superhuman-idle-to-reimu-20261001,logs/training/br-superhuman-idle-to-reimu-20261001/progress.json,39741,86e6fa347800fdaa78a060ac21ef82fc416134cab47d386e9401b1bbe287cab0
training,logs/training/br-superhuman-idle-to-reimu-20261001,logs/training/br-superhuman-idle-to-reimu-20261001/replays/110a025a3772470a819ee0e146086e0b/episode-00000001-slot-0.json,194,2782879be08e0a088315e316c648246160d5b62bc897e9f3062145c34119feca
training,logs/training/br-superhuman-idle-to-reimu-20261001,logs/training/br-superhuman-idle-to-reimu-20261001/replays/110a025a3772470a819ee0e146086e0b/episode-00000002-slot-1.json,194,ffb2744db6ef25cbe71b0a3d4a41e4cb75a73da7ec06ba3d5361353c0f1676c9
training,logs/training/br-superhuman-idle-to-reimu-20261001,logs/training/br-superhuman-idle-to-reimu-20261001/replays/110a025a3772470a819ee0e146086e0b/episode-00000003-slot-2.json,194,f119cb0d18d389a9640749fc0f8e4e0d5e142a17fa62fbd06dddd197a4e8d20e
training,logs/training/br-superhuman-idle-to-reimu-20261001,logs/training/br-superhuman-idle-to-reimu-20261001/replays/110a025a3772470a819ee0e146086e0b/episode-00000004-slot-3.json,194,5511350a3d02935a9f8f68906fb6d42ec9d222ea93075587d2bb0ab84ee950c0
training,logs/training/br-superhuman-idle-to-reimu-20261001,logs/training/br-superhuman-idle-to-reimu-20261001/replays/110a025a3772470a819ee0e146086e0b/episode-00000005-slot-0.json,200,dfeb58d5a32e102c738c26f6bdd71041fa2f1ff87aef709bb132c35ba6e40e32
training,logs/training/br-superhuman-idle-to-reimu-20261001,logs/training/br-superhuman-idle-to-reimu-20261001/replays/110a025a3772470a819ee0e146086e0b/episode-00000006-slot-3.json,200,994bc7f2669414b7119cee326d2cb54474d0189ac9972b0710c4545adcf74fa5
training,logs/training/br-superhuman-idle-to-reimu-20261001,logs/training/br-superhuman-idle-to-reimu-20261001/replays/110a025a3772470a819ee0e146086e0b/episode-00000007-slot-1.json,199,996067b03ae8074a143960764339a9689fd1a9b69d4c9b56af4949f7a4f34ce5
training,logs/training/br-superhuman-idle-to-reimu-20261001,logs/training/br-superhuman-idle-to-reimu-20261001/replays/110a025a3772470a819ee0e146086e0b/episode-00000008-slot-2.json,200,bd52769283c49de51edf3ed46c5b54a4e8b3859c671cf39c4673f1c17354fc5f
training,logs/training/br-superhuman-idle-to-reimu-20261001,logs/training/br-superhuman-idle-to-reimu-20261001/replays/110a025a3772470a819ee0e146086e0b/episode-00000009-slot-0.json,200,0abd80bcaf2a111f8b0a78f568ba2c668dba44751cfe5e6c279c0e42c8854fec
training,logs/training/br-superhuman-idle-to-reimu-20261001,logs/training/br-superhuman-idle-to-reimu-20261001/replays/110a025a3772470a819ee0e146086e0b/episode-00000010-slot-3.json,200,79107de3b07ca13ee8e983ee6331f6693ffeb5e8699a3199ea93a45075289078
training,logs/training/br-superhuman-idle-to-reimu-20261001,logs/training/br-superhuman-idle-to-reimu-20261001/replays/110a025a3772470a819ee0e146086e0b/episode-00000011-slot-1.json,199,ed038da427f8c7d9fdb6b87db3e746155d28cb70911f01bc56bacb578258593e
training,logs/training/br-superhuman-idle-to-reimu-20261001,logs/training/br-superhuman-idle-to-reimu-20261001/replays/110a025a3772470a819ee0e146086e0b/episode-00000012-slot-2.json,199,b765dbd94479d6b1b93c721c9ef7201a957a4f79b0f91ddb9e30cafb51c5b13f
training,logs/training/br-superhuman-idle-to-reimu-20261001,logs/training/br-superhuman-idle-to-reimu-20261001/replays/110a025a3772470a819ee0e146086e0b/episode-00000013-slot-0.json,199,d4a823912659b23962800dd301fa33dd2a99f2bfae09f5272fcf8791098f1dc3
training,logs/training/br-superhuman-idle-to-reimu-20261001,logs/training/br-superhuman-idle-to-reimu-20261001/replays/110a025a3772470a819ee0e146086e0b/episode-00000014-slot-3.json,199,469cd70b93a868541f9d48e2fbfb0031cde584985a95203895dc418d5a361b21
training,logs/training/br-superhuman-idle-to-reimu-20261001,logs/training/br-superhuman-idle-to-reimu-20261001/replays/110a025a3772470a819ee0e146086e0b/episode-00000015-slot-0.json,199,8df91350b4704acc01aa98f78ede5824564996597856d196ce5df8ab88bd5eba
training,logs/training/br-superhuman-idle-to-reimu-20261001,logs/training/br-superhuman-idle-to-reimu-20261001/replays/110a025a3772470a819ee0e146086e0b/episode-00000016-slot-1.json,199,268d730164f30ad5ce8bd6280c4c44c1cdbfc561de4724e5d124b07afcfb1318
training,logs/training/br-superhuman-idle-to-reimu-20261001,logs/training/br-superhuman-idle-to-reimu-20261001/replays/110a025a3772470a819ee0e146086e0b/episode-00000017-slot-2.json,199,2196768e2d30f00fd218b0e99a5f57d8fdea77d45687bd1c4fc896de93c9e6ce
training,logs/training/br-superhuman-idle-to-reimu-20261001,logs/training/br-superhuman-idle-to-reimu-20261001/replays/110a025a3772470a819ee0e146086e0b/episode-00000018-slot-3.json,198,2787f3451d86bd8133560ce7920d203255c99b31bd205bb135aa6bb76801f703
training,logs/training/br-superhuman-idle-to-reimu-20261001,logs/training/br-superhuman-idle-to-reimu-20261001/result.json,1021,ef5270a05aeb0bf9dbd60c4970426b54aad98f5027507a12bd4db52d81861a74
training,logs/training/br-superhuman-idle-to-reimu-20261001,logs/training/br-superhuman-idle-to-reimu-20261001/scalars/progress.csv,1676,982c01024d37351d95bcd4a3e9e3d9a5c6c77d09ee6b95861a7454a9df854678
training,logs/training/br-superhuman-idle-to-reimu-20261001,logs/training/br-superhuman-idle-to-reimu-20261001/timing.json,1407,0c208dc78afcb00429ca0d6870bed51cbd625809d64e13f144b5f4d4622402cf
training,logs/training/br-superhuman-idle-warmup-20261001,logs/training/br-superhuman-idle-warmup-20261001/config.yaml,5012,45bf6f6b1de7bf701c5990a627ad5cfc6289aea3736a3c9c289d73a0f8c05601
training,logs/training/br-superhuman-idle-warmup-20261001,logs/training/br-superhuman-idle-warmup-20261001/identity.json,39163,1f6a14c31a292f46541f9c45a67fd6837a98ca6df9f35425b2e034a39b583f4d
training,logs/training/br-superhuman-idle-warmup-20261001,logs/training/br-superhuman-idle-warmup-20261001/progress.json,28588,2bc3fe47d00dae1a0ff864fcf8b473c91e72dfcfa507124f4ca105b99b7afe77
training,logs/training/br-superhuman-idle-warmup-20261001,logs/training/br-superhuman-idle-warmup-20261001/replays/e980ce2d08d34c4d975a676c1f469f1c/episode-00000001-slot-0.json,194,b2d718375c03d318ed05c302dc1875c72adc26b544c2738856c08dcb764e35e1
training,logs/training/br-superhuman-idle-warmup-20261001,logs/training/br-superhuman-idle-warmup-20261001/replays/e980ce2d08d34c4d975a676c1f469f1c/episode-00000002-slot-2.json,194,baaa0053a084bde72ec825325c8df0051931472a8c0e1cee3dfdeffcd86ba4b6
training,logs/training/br-superhuman-idle-warmup-20261001,logs/training/br-superhuman-idle-warmup-20261001/replays/e980ce2d08d34c4d975a676c1f469f1c/episode-00000003-slot-3.json,194,d726c6faa60cedc4de519675d21c6f48df0592be4a9ae68373ecc83cf479a135
training,logs/training/br-superhuman-idle-warmup-20261001,logs/training/br-superhuman-idle-warmup-20261001/replays/e980ce2d08d34c4d975a676c1f469f1c/episode-00000004-slot-1.json,194,99babf346ecd376b01189a44d10630c61874aaa8652c1990f6a590092c3700b5
training,logs/training/br-superhuman-idle-warmup-20261001,logs/training/br-superhuman-idle-warmup-20261001/replays/e980ce2d08d34c4d975a676c1f469f1c/episode-00000005-slot-2.json,199,6b08558477b05cd485dc79ee007f9cbd25744079d869ec4ad6008a08ab91c738
training,logs/training/br-superhuman-idle-warmup-20261001,logs/training/br-superhuman-idle-warmup-20261001/replays/e980ce2d08d34c4d975a676c1f469f1c/episode-00000006-slot-0.json,200,3eb1b5ee32c89239f9dbdf6548e39888f1ea55242b366f68c17cdbccfab01e06
training,logs/training/br-superhuman-idle-warmup-20261001,logs/training/br-superhuman-idle-warmup-20261001/replays/e980ce2d08d34c4d975a676c1f469f1c/episode-00000007-slot-3.json,200,92975e378c0bdd67188a6867140631b81afc78578a1b60134e87f2a1d77bf62c
training,logs/training/br-superhuman-idle-warmup-20261001,logs/training/br-superhuman-idle-warmup-20261001/replays/e980ce2d08d34c4d975a676c1f469f1c/episode-00000008-slot-1.json,200,fe1f1d281d0f1f3f789868f73770ece37a5700385329dd440556f3e777cbec7e
training,logs/training/br-superhuman-idle-warmup-20261001,logs/training/br-superhuman-idle-warmup-20261001/replays/e980ce2d08d34c4d975a676c1f469f1c/episode-00000009-slot-2.json,200,5d2586304b37c40ec25f76af2789f614a5e2e9c9cdd1332c098030b129243dc7
training,logs/training/br-superhuman-idle-warmup-20261001,logs/training/br-superhuman-idle-warmup-20261001/replays/e980ce2d08d34c4d975a676c1f469f1c/episode-00000010-slot-0.json,200,18344191614a96f352bffcfcaad6a00bc6f6b59732f82630d864d86b5b35fc5a
training,logs/training/br-superhuman-idle-warmup-20261001,logs/training/br-superhuman-idle-warmup-20261001/replays/e980ce2d08d34c4d975a676c1f469f1c/episode-00000011-slot-1.json,199,89104a9104f3e13c52968863a6ac15cfb01ac57c61c5ae449e3f0d1cbaade8bd
training,logs/training/br-superhuman-idle-warmup-20261001,logs/training/br-superhuman-idle-warmup-20261001/replays/e980ce2d08d34c4d975a676c1f469f1c/episode-00000012-slot-3.json,199,acecf3efa8ef114e9506b70241092b00b787aafdde4ca7017d908019141cd30f
training,logs/training/br-superhuman-idle-warmup-20261001,logs/training/br-superhuman-idle-warmup-20261001/replays/e980ce2d08d34c4d975a676c1f469f1c/episode-00000013-slot-0.json,199,209b080e566547fa2d80fb801804ee3a7142c9b5273db36ca5ea6ad358695f89
training,logs/training/br-superhuman-idle-warmup-20261001,logs/training/br-superhuman-idle-warmup-20261001/replays/e980ce2d08d34c4d975a676c1f469f1c/episode-00000014-slot-0.json,198,32689e914c002a64deee44b2b59a0d5de6a43a62a5ce7d6dc4d0582b672143ea
training,logs/training/br-superhuman-idle-warmup-20261001,logs/training/br-superhuman-idle-warmup-20261001/replays/e980ce2d08d34c4d975a676c1f469f1c/episode-00000015-slot-1.json,199,a5ce854a64e7050f5a0a1565697806eac2928e34f0757d493b87055bba2e6f3d
training,logs/training/br-superhuman-idle-warmup-20261001,logs/training/br-superhuman-idle-warmup-20261001/replays/e980ce2d08d34c4d975a676c1f469f1c/episode-00000016-slot-2.json,198,5fb10f9bf90023967fa6eaebf727e5266667440de8d52b5f3ec90681b62aad62
training,logs/training/br-superhuman-idle-warmup-20261001,logs/training/br-superhuman-idle-warmup-20261001/replays/e980ce2d08d34c4d975a676c1f469f1c/episode-00000017-slot-3.json,199,e75ddbb550891a4aea6e16c303581ccf779412b5f98ed3f6089802f8a3629121
training,logs/training/br-superhuman-idle-warmup-20261001,logs/training/br-superhuman-idle-warmup-20261001/result.json,735,71466dfd064c0601aeebe95e238fd8b36da4dc0ac3f52c47e92c4a82f55860cb
training,logs/training/br-superhuman-idle-warmup-20261001,logs/training/br-superhuman-idle-warmup-20261001/scalars/progress.csv,1663,f86dc43df28c1c43ce8c9226a0dc52d66e74f8f21ae853ee7b19dfe5e7d60fb0
training,logs/training/br-superhuman-idle-warmup-20261001,logs/training/br-superhuman-idle-warmup-20261001/timing.json,1402,00bc608c686b000ea822bb844dd8fe80115359e59affe06746bd3d7566745381
training,logs/training/br-superhuman-noise90-to-reimu-20261001,logs/training/br-superhuman-noise90-to-reimu-20261001/config.yaml,4675,8b512b6f37d9b4a9961388f90b30f4d08d61d1444babc22ba9583293c63304d3
training,logs/training/br-superhuman-noise90-to-reimu-20261001,logs/training/br-superhuman-noise90-to-reimu-20261001/identity.json,40495,dabe7a766e3fb64a7dd9d09425c93728487728f0cfcf3ee4e290d6a3c48677ca
training,logs/training/br-superhuman-noise90-to-reimu-20261001,logs/training/br-superhuman-noise90-to-reimu-20261001/progress.json,52330,107644f00fb629dee053c6960e13bf38fd2b2c66bbb013619c084df020c7e0f2
training,logs/training/br-superhuman-noise90-to-reimu-20261001,logs/training/br-superhuman-noise90-to-reimu-20261001/replays/153d5b26423941d59058f792bc0067be/episode-00000001-slot-0.json,194,7d0774939fa8c9230f907e26ea152007870ab40664dbe2f5beee222a9af7ff1a
training,logs/training/br-superhuman-noise90-to-reimu-20261001,logs/training/br-superhuman-noise90-to-reimu-20261001/replays/153d5b26423941d59058f792bc0067be/episode-00000002-slot-3.json,194,1d62d461680e8001184fe80f33d324786ca150737b77abbffc152f316985d203
training,logs/training/br-superhuman-noise90-to-reimu-20261001,logs/training/br-superhuman-noise90-to-reimu-20261001/replays/153d5b26423941d59058f792bc0067be/episode-00000003-slot-2.json,194,dcb013873bc5d82f16d5bad816e2111419a36c0094761bc399dcc9292f4edf55
training,logs/training/br-superhuman-noise90-to-reimu-20261001,logs/training/br-superhuman-noise90-to-reimu-20261001/replays/153d5b26423941d59058f792bc0067be/episode-00000004-slot-1.json,194,50bc156ccfee16dd996b9360559d6a926a96475504e9c72612bae8acaf6e70a4
training,logs/training/br-superhuman-noise90-to-reimu-20261001,logs/training/br-superhuman-noise90-to-reimu-20261001/replays/153d5b26423941d59058f792bc0067be/episode-00000005-slot-0.json,200,571dcfeff4b1045e32c9a7a4acb31cec287b3995fb340abdbc7a0b981a90ec3d
training,logs/training/br-superhuman-noise90-to-reimu-20261001,logs/training/br-superhuman-noise90-to-reimu-20261001/replays/153d5b26423941d59058f792bc0067be/episode-00000006-slot-2.json,200,30731dc240f0bb4f3f9bc0e0afa58e186529674d17e0cffcb304123bc5dc938c
training,logs/training/br-superhuman-noise90-to-reimu-20261001,logs/training/br-superhuman-noise90-to-reimu-20261001/replays/153d5b26423941d59058f792bc0067be/episode-00000007-slot-1.json,200,2799b011ba791ed9a45457508acb772b6a915b741b5973a8f1c51767e7f8da41
training,logs/training/br-superhuman-noise90-to-reimu-20261001,logs/training/br-superhuman-noise90-to-reimu-20261001/replays/153d5b26423941d59058f792bc0067be/episode-00000008-slot-3.json,199,b7559e3fb65655a3bd95803493472d678601e96b638bf095b5f261784ba72a72
training,logs/training/br-superhuman-noise90-to-reimu-20261001,logs/training/br-superhuman-noise90-to-reimu-20261001/replays/153d5b26423941d59058f792bc0067be/episode-00000009-slot-0.json,200,318567f2ed51891d4164127869a9ed933557b6519021a40f78e32f9059653803
training,logs/training/br-superhuman-noise90-to-reimu-20261001,logs/training/br-superhuman-noise90-to-reimu-20261001/replays/153d5b26423941d59058f792bc0067be/episode-00000010-slot-2.json,200,a06be00a14909d07137ec1ed3c1c138091899930e8740ca2db65676c9420b50f
training,logs/training/br-superhuman-noise90-to-reimu-20261001,logs/training/br-superhuman-noise90-to-reimu-20261001/replays/153d5b26423941d59058f792bc0067be/episode-00000011-slot-3.json,199,4a97585388bcc7fade08c50ea96eb7236490b83fe93f0ba65043ece1a4ca6c0c
training,logs/training/br-superhuman-noise90-to-reimu-20261001,logs/training/br-superhuman-noise90-to-reimu-20261001/replays/153d5b26423941d59058f792bc0067be/episode-00000012-slot-1.json,199,b5c43782dc3d871d7b15715ce9ea9081f62e66bb21dc8d6c6b09d2a29a4a4903
training,logs/training/br-superhuman-noise90-to-reimu-20261001,logs/training/br-superhuman-noise90-to-reimu-20261001/replays/153d5b26423941d59058f792bc0067be/episode-00000013-slot-2.json,199,ed686aa1b1807803052872322f8a661135fc29785e6a016c952abd67c2a5acd0
training,logs/training/br-superhuman-noise90-to-reimu-20261001,logs/training/br-superhuman-noise90-to-reimu-20261001/replays/153d5b26423941d59058f792bc0067be/episode-00000014-slot-0.json,199,7a44c2b18e016968845223df7821e1c70e27c545f01c5196d10d31b2d723124d
training,logs/training/br-superhuman-noise90-to-reimu-20261001,logs/training/br-superhuman-noise90-to-reimu-20261001/replays/153d5b26423941d59058f792bc0067be/episode-00000015-slot-3.json,200,7f68803f2b3fadc5edd5c64fbc8b643cc16e066010d7b587a5280b3364e9d852
training,logs/training/br-superhuman-noise90-to-reimu-20261001,logs/training/br-superhuman-noise90-to-reimu-20261001/replays/153d5b26423941d59058f792bc0067be/episode-00000016-slot-1.json,200,78d28efc7dde6a813be47aa9445126f0167f0dfe855af6bc65f84538c8b207bc
training,logs/training/br-superhuman-noise90-to-reimu-20261001,logs/training/br-superhuman-noise90-to-reimu-20261001/replays/153d5b26423941d59058f792bc0067be/episode-00000017-slot-0.json,199,759881ef6347fc9f555a7eeedfecb428d9707da097a0b62ed8973667d5a7ec4c
training,logs/training/br-superhuman-noise90-to-reimu-20261001,logs/training/br-superhuman-noise90-to-reimu-20261001/replays/153d5b26423941d59058f792bc0067be/episode-00000018-slot-1.json,198,bb6d735f74b1237a92ed03fe49241efaeab6d87797a0516cffd94b8cafeb5cc7
training,logs/training/br-superhuman-noise90-to-reimu-20261001,logs/training/br-superhuman-noise90-to-reimu-20261001/replays/153d5b26423941d59058f792bc0067be/episode-00000019-slot-2.json,199,fa1eebaa8d73675c2098692ae1e7ca1c2f5f79cb8fde567a1cd7b7a37f0324db
training,logs/training/br-superhuman-noise90-to-reimu-20261001,logs/training/br-superhuman-noise90-to-reimu-20261001/replays/153d5b26423941d59058f792bc0067be/episode-00000020-slot-3.json,199,73f6abecb6e579d46747cf994a0d4c6320b5701af8865aa9e7062ca870538dcb
training,logs/training/br-superhuman-noise90-to-reimu-20261001,logs/training/br-superhuman-noise90-to-reimu-20261001/result.json,1043,2d31cd47cf28d0fa8bf10f199550740b09431a6ae757fa4021222303680ec683
training,logs/training/br-superhuman-noise90-to-reimu-20261001,logs/training/br-superhuman-noise90-to-reimu-20261001/scalars/progress.csv,2333,5f76f102c7d14af50a7c3cc305a0c6be184ada5617707a439a03ba34937a125e
training,logs/training/br-superhuman-noise90-to-reimu-20261001,logs/training/br-superhuman-noise90-to-reimu-20261001/timing.json,1584,474b6bdf615fd09f6d27436d8be863a090f2b43dd0a860ca36b2fc5737a12aee
training,logs/training/br-superhuman-reimu-adaptive-20261001,logs/training/br-superhuman-reimu-adaptive-20261001/checkpoints/ppo_131072_steps.curriculum.json,943,4441ca0ad4469dc8e145f1a9e662f0c0118c22264bc0c398606695cbdd11fe05
training,logs/training/br-superhuman-reimu-adaptive-20261001,logs/training/br-superhuman-reimu-adaptive-20261001/checkpoints/ppo_196608_steps.curriculum.json,944,220b3d8f9b1932cb24f1b8f899722d5883bc3f7e2e4ed24661a20dbcaa42d489
training,logs/training/br-superhuman-reimu-adaptive-20261001,logs/training/br-superhuman-reimu-adaptive-20261001/checkpoints/ppo_262144_steps.curriculum.json,928,e5f3368e17739506a8390d462332383dc0b9d89025282cccd6c41490c8444f7d
training,logs/training/br-superhuman-reimu-adaptive-20261001,logs/training/br-superhuman-reimu-adaptive-20261001/checkpoints/ppo_327680_steps.curriculum.json,928,0f5b40da6f283aee8427b6e94bcff318e4cf4fe5d97ce4fa8b0c47760c4159e0
training,logs/training/br-superhuman-reimu-adaptive-20261001,logs/training/br-superhuman-reimu-adaptive-20261001/checkpoints/ppo_393216_steps.curriculum.json,929,4a1efced08d19b8194c358230e112c371074bb6f3a078fa46394c2543d1a30aa
training,logs/training/br-superhuman-reimu-adaptive-20261001,logs/training/br-superhuman-reimu-adaptive-20261001/checkpoints/ppo_458752_steps.curriculum.json,927,d9d19833e0a87302290623cfe11de3c2138a6ee2a79e236c7638a4cbee27f218
training,logs/training/br-superhuman-reimu-adaptive-20261001,logs/training/br-superhuman-reimu-adaptive-20261001/checkpoints/ppo_524288_steps.curriculum.json,929,fe3d27a82f24021ab91e8d1e79076a1701e5518cb19577d0d0e3b2b882effd06
training,logs/training/br-superhuman-reimu-adaptive-20261001,logs/training/br-superhuman-reimu-adaptive-20261001/checkpoints/ppo_589824_steps.curriculum.json,929,43d9cc80dabf2a9ba79c09ce380fe72a07b204b686099ae1a165f17e3fe3e8c1
training,logs/training/br-superhuman-reimu-adaptive-20261001,logs/training/br-superhuman-reimu-adaptive-20261001/checkpoints/ppo_655360_steps.curriculum.json,929,ff5e4cfb35e5657d0a2a554487bb5d9dc638819450aac12aebcc69f47306fc8f
training,logs/training/br-superhuman-reimu-adaptive-20261001,logs/training/br-superhuman-reimu-adaptive-20261001/checkpoints/ppo_65536_steps.curriculum.json,929,e519c16caaea7869c63b354e6889ace0f5a4333e8237fff181bdbcb049efe5d9
training,logs/training/br-superhuman-reimu-adaptive-20261001,logs/training/br-superhuman-reimu-adaptive-20261001/checkpoints/ppo_720896_steps.curriculum.json,927,a0ec048524b4119cd0ea4ee3c03a1a4262c28f33ec7448daaf2c873b00d81810
training,logs/training/br-superhuman-reimu-adaptive-20261001,logs/training/br-superhuman-reimu-adaptive-20261001/checkpoints/ppo_786432_steps.curriculum.json,928,10d6cfd75a8f61ea2204d0593e018df0889e40c28ddad842755e4797102231b8
training,logs/training/br-superhuman-reimu-adaptive-20261001,logs/training/br-superhuman-reimu-adaptive-20261001/checkpoints/updated_131072_steps.curriculum.json,943,db84f6547e772d625b114ae460bad93f5bbd300885188de6cb14a1fb68b4a6b9
training,logs/training/br-superhuman-reimu-adaptive-20261001,logs/training/br-superhuman-reimu-adaptive-20261001/checkpoints/updated_196608_steps.curriculum.json,944,4c4747e5a6cf770e409e54de65c0d68e46cc02bb03f748a77159f306adb3b7c3
training,logs/training/br-superhuman-reimu-adaptive-20261001,logs/training/br-superhuman-reimu-adaptive-20261001/checkpoints/updated_262144_steps.curriculum.json,928,2efcded6b68ab81bdea1e4d3e7fc3919c2037b07e9c9b51ab98fdb6e755c7077
training,logs/training/br-superhuman-reimu-adaptive-20261001,logs/training/br-superhuman-reimu-adaptive-20261001/checkpoints/updated_327680_steps.curriculum.json,928,d36870ee7276a078ca11c92b892c786daa4a00ca6ab57cb4402e479d7d50d2e8
training,logs/training/br-superhuman-reimu-adaptive-20261001,logs/training/br-superhuman-reimu-adaptive-20261001/checkpoints/updated_393216_steps.curriculum.json,929,6326d3cc324afe750025fc30e1011a211a6503b8d84b58a2e332ca97afd7596c
training,logs/training/br-superhuman-reimu-adaptive-20261001,logs/training/br-superhuman-reimu-adaptive-20261001/checkpoints/updated_458752_steps.curriculum.json,927,c266699f706bc65278aa93c8de1cc8f2f9ffe234471f91f152c50b6659235b74
training,logs/training/br-superhuman-reimu-adaptive-20261001,logs/training/br-superhuman-reimu-adaptive-20261001/checkpoints/updated_524288_steps.curriculum.json,929,2ea5a7757d00abf99f6a109696d06b87f63ae7fadf7e1ac0ad1edfed1e8c18a4
training,logs/training/br-superhuman-reimu-adaptive-20261001,logs/training/br-superhuman-reimu-adaptive-20261001/checkpoints/updated_589824_steps.curriculum.json,929,aa786fb455fe78607f7fd5739559fcc85c05e636f285f95f4afdc3c62608058e
training,logs/training/br-superhuman-reimu-adaptive-20261001,logs/training/br-superhuman-reimu-adaptive-20261001/checkpoints/updated_655360_steps.curriculum.json,929,f97683e26b263ba42b25b8711cf9d93dea00be3104c899a83f127df52f84530c
training,logs/training/br-superhuman-reimu-adaptive-20261001,logs/training/br-superhuman-reimu-adaptive-20261001/checkpoints/updated_65536_steps.curriculum.json,929,cac4364fae7fcae8ae525efb1c1606378f4ef41e7660c706e5896185e75c95ad
training,logs/training/br-superhuman-reimu-adaptive-20261001,logs/training/br-superhuman-reimu-adaptive-20261001/checkpoints/updated_720896_steps.curriculum.json,927,14f19234f96594f9839aba41dbe1de2d5615aa8e871544fefa296921acc0be2e
training,logs/training/br-superhuman-reimu-adaptive-20261001,logs/training/br-superhuman-reimu-adaptive-20261001/checkpoints/updated_786432_steps.curriculum.json,928,c45f5edd15bac8fc5457593bd8d1f8166ac17dd67fe138ad682ba1005a41e519
training,logs/training/br-superhuman-reimu-adaptive-20261001,logs/training/br-superhuman-reimu-adaptive-20261001/checkpoints/updated_8192_steps.curriculum.json,852,8409ce375fe2110ad05484a13307e363eaefa182691f51e7a788b358136b2c49
training,logs/training/br-superhuman-reimu-adaptive-20261001,logs/training/br-superhuman-reimu-adaptive-20261001/config.yaml,4798,8b2322fd2572e13375edfdee5d399aa02b97fbea976ce66d52ba776f52a4db7c
training,logs/training/br-superhuman-reimu-adaptive-20261001,logs/training/br-superhuman-reimu-adaptive-20261001/identity.json,40707,18b12488552b97c708b195f6c5781669cd605d0a23ca4337f221ea1464842e2a
training,logs/training/br-superhuman-reimu-adaptive-20261001,logs/training/br-superhuman-reimu-adaptive-20261001/operator_stop.json,1255,68890a5c99155ef219a40d219e9399eef71d3601e42f4a1b1b383acfe1e8e0fc
training,logs/training/br-superhuman-reimu-adaptive-20261001,logs/training/br-superhuman-reimu-adaptive-20261001/progress.json,569801,450c24f619d5107719ac51e6fcbb3c1b7458ceb50ac0c10fbc3498756f36c947
training,logs/training/br-superhuman-reimu-adaptive-20261001,logs/training/br-superhuman-reimu-adaptive-20261001/replays/dcfbc15072794b47a3994f141dd976d4/episode-00000001-slot-3.json,194,6e216c3cb8c1df5b67bd7bf069c989228b6f273ed883efbfdc53ba291599f489
training,logs/training/br-superhuman-reimu-adaptive-20261001,logs/training/br-superhuman-reimu-adaptive-20261001/replays/dcfbc15072794b47a3994f141dd976d4/episode-00000002-slot-1.json,194,711d35162c8e47b9282a6d33fba908c5f0a76305a9ee8d402ec85b06f03726c7
training,logs/training/br-superhuman-reimu-adaptive-20261001,logs/training/br-superhuman-reimu-adaptive-20261001/replays/dcfbc15072794b47a3994f141dd976d4/episode-00000003-slot-2.json,194,93cb9602870ad3822f42aa74aad952635a1a89ad345a4c70e6e64ffa5a9dc63d
training,logs/training/br-superhuman-reimu-adaptive-20261001,logs/training/br-superhuman-reimu-adaptive-20261001/replays/dcfbc15072794b47a3994f141dd976d4/episode-00000004-slot-0.json,194,97bc3856496a7f96fe9313a30447571822f5dff3349af55a3a5696f9521e3286
training,logs/training/br-superhuman-reimu-adaptive-20261001,logs/training/br-superhuman-reimu-adaptive-20261001/replays/dcfbc15072794b47a3994f141dd976d4/episode-00000005-slot-3.json,200,db2462bbdff8e5efd1b8547740392143a4f7310ea2b0f34d2f7a071c52a465a3
training,logs/training/br-superhuman-reimu-adaptive-20261001,logs/training/br-superhuman-reimu-adaptive-20261001/replays/dcfbc15072794b47a3994f141dd976d4/episode-00000006-slot-1.json,199,ff25344e7269875a14e1f84e899a5d10df385166a0d5e217f56f069b16b45069
training,logs/training/br-superhuman-reimu-adaptive-20261001,logs/training/br-superhuman-reimu-adaptive-20261001/replays/dcfbc15072794b47a3994f141dd976d4/episode-00000007-slot-2.json,200,4926ca40a012c6cc4f41549ad738b20779c99b881301c888cd0b67c4ba693500
training,logs/training/br-superhuman-reimu-adaptive-20261001,logs/training/br-superhuman-reimu-adaptive-20261001/replays/dcfbc15072794b47a3994f141dd976d4/episode-00000008-slot-0.json,200,1b9cce8183a1c36e52f76fda64206a45fb24911653ef54a474526a32198a9448
training,logs/training/br-superhuman-reimu-adaptive-20261001,logs/training/br-superhuman-reimu-adaptive-20261001/replays/dcfbc15072794b47a3994f141dd976d4/episode-00000009-slot-3.json,200,9fb45fc3b94010fee5c707a870891657eb194438c4cc546e379aa43995415744
training,logs/training/br-superhuman-reimu-adaptive-20261001,logs/training/br-superhuman-reimu-adaptive-20261001/replays/dcfbc15072794b47a3994f141dd976d4/episode-00000010-slot-1.json,200,937e193adce92b79c89b8fccb416dd37be6b1a51a2f03d7495c8e2794b1eda82
training,logs/training/br-superhuman-reimu-adaptive-20261001,logs/training/br-superhuman-reimu-adaptive-20261001/replays/dcfbc15072794b47a3994f141dd976d4/episode-00000011-slot-2.json,199,5a684f395eba4b2e33fb69bfad204deb318b471d89b527af15746684373ea83b
training,logs/training/br-superhuman-reimu-adaptive-20261001,logs/training/br-superhuman-reimu-adaptive-20261001/replays/dcfbc15072794b47a3994f141dd976d4/episode-00000012-slot-0.json,199,31cf7c657ffccf444f2279aad42209c0fbbe4277fa73f9e225ce0cfcc8ce6913
training,logs/training/br-superhuman-reimu-adaptive-20261001,logs/training/br-superhuman-reimu-adaptive-20261001/replays/dcfbc15072794b47a3994f141dd976d4/episode-00000013-slot-1.json,199,30bd4edcf47ff767cd9916c85fad98852ea2fcdb0bb266dfe125ce0212a8ea0e
training,logs/training/br-superhuman-reimu-adaptive-20261001,logs/training/br-superhuman-reimu-adaptive-20261001/replays/dcfbc15072794b47a3994f141dd976d4/episode-00000014-slot-3.json,199,61a0e3ca4843c8413c63ec65449952cf79b4626e716a61fe5ad0901f0b3ba932
training,logs/training/br-superhuman-reimu-adaptive-20261001,logs/training/br-superhuman-reimu-adaptive-20261001/replays/dcfbc15072794b47a3994f141dd976d4/episode-00000015-slot-2.json,200,769c799dde7a1fa4d66b40c9847b5bb10c1ec7d5c56ea148fd403a979bc8d2a8
training,logs/training/br-superhuman-reimu-adaptive-20261001,logs/training/br-superhuman-reimu-adaptive-20261001/replays/dcfbc15072794b47a3994f141dd976d4/episode-00000016-slot-0.json,200,c455c0c0d17c5d1f4d28ac3ac7c15eeb220d8bbbe555c6218b071f293ea920ec
training,logs/training/br-superhuman-reimu-adaptive-20261001,logs/training/br-superhuman-reimu-adaptive-20261001/replays/dcfbc15072794b47a3994f141dd976d4/episode-00000017-slot-3.json,200,6d6f4697ad89dcf5fc547e4714f5fb8dc327e03c64de1922d6203dbf4e81cde5
training,logs/training/br-superhuman-reimu-adaptive-20261001,logs/training/br-superhuman-reimu-adaptive-20261001/replays/dcfbc15072794b47a3994f141dd976d4/episode-00000018-slot-1.json,200,07b254f51c241ce334c43d83598ab1fffe4c5cf9caf6f358bc9bb167d18e4177
training,logs/training/br-superhuman-reimu-adaptive-20261001,logs/training/br-superhuman-reimu-adaptive-20261001/replays/dcfbc15072794b47a3994f141dd976d4/episode-00000019-slot-0.json,200,7c632c5a56f87dd4ae8792724d029358c1a1b17f739584400e7bf9173e921b81
training,logs/training/br-superhuman-reimu-adaptive-20261001,logs/training/br-superhuman-reimu-adaptive-20261001/replays/dcfbc15072794b47a3994f141dd976d4/episode-00000020-slot-2.json,200,f2fe681e95d7f3e9494a2d2f7dae1da7a95791900c446d9dca611477bdbd27ce
training,logs/training/br-superhuman-reimu-adaptive-20261001,logs/training/br-superhuman-reimu-adaptive-20261001/replays/dcfbc15072794b47a3994f141dd976d4/episode-00000021-slot-3.json,200,9d4dd0f247ece1df83ed1d9c3d5668c7bfb26e35730ddc89ae2532736be36bb1
training,logs/training/br-superhuman-reimu-adaptive-20261001,logs/training/br-superhuman-reimu-adaptive-20261001/replays/dcfbc15072794b47a3994f141dd976d4/episode-00000022-slot-1.json,200,a9b4c7528c349eb20b71fb12bedb791f27c116e692f8ae0a533f2000fb8c471c
training,logs/training/br-superhuman-reimu-adaptive-20261001,logs/training/br-superhuman-reimu-adaptive-20261001/replays/dcfbc15072794b47a3994f141dd976d4/episode-00000023-slot-0.json,200,800885736e57e8c813d99d7dda7681b11c3ca27790b8c241cb478c896421df01
training,logs/training/br-superhuman-reimu-adaptive-20261001,logs/training/br-superhuman-reimu-adaptive-20261001/replays/dcfbc15072794b47a3994f141dd976d4/episode-00000024-slot-2.json,200,f9c7391dc04ddaedf06236344fa253e0334e1981321a77618f8204fc8a489036
training,logs/training/br-superhuman-reimu-adaptive-20261001,logs/training/br-superhuman-reimu-adaptive-20261001/replays/dcfbc15072794b47a3994f141dd976d4/episode-00000025-slot-1.json,200,f4ea6fe2ec31ad473405d359e05d790638a037e85ee08e3afe40cd7004d7ee7d
training,logs/training/br-superhuman-reimu-adaptive-20261001,logs/training/br-superhuman-reimu-adaptive-20261001/replays/dcfbc15072794b47a3994f141dd976d4/episode-00000026-slot-3.json,199,a943acc47615b71010cf8251f8f6365fa13047a4e753c8f5bba152f3cc73a6cc
training,logs/training/br-superhuman-reimu-adaptive-20261001,logs/training/br-superhuman-reimu-adaptive-20261001/replays/dcfbc15072794b47a3994f141dd976d4/episode-00000027-slot-0.json,200,425cdf85bde849f0922beefae79f892292834512d72e334606777084c0b7571c
training,logs/training/br-superhuman-reimu-adaptive-20261001,logs/training/br-superhuman-reimu-adaptive-20261001/replays/dcfbc15072794b47a3994f141dd976d4/episode-00000028-slot-2.json,200,e3826e771ed57ebb69fc757dfbe96eaca51bd150ef019bc87c8b220192212d8b
training,logs/training/br-superhuman-reimu-adaptive-20261001,logs/training/br-superhuman-reimu-adaptive-20261001/replays/dcfbc15072794b47a3994f141dd976d4/episode-00000029-slot-1.json,200,3e9baf20614768d384e8371bc35761ef16808ecb7475ae66dcd30b32a03fb2bb
training,logs/training/br-superhuman-reimu-adaptive-20261001,logs/training/br-superhuman-reimu-adaptive-20261001/replays/dcfbc15072794b47a3994f141dd976d4/episode-00000030-slot-3.json,199,86cd98cdb297e04570bf47a8a02a47cdce38c801f9f71c561db4cb0aeb1c1783
training,logs/training/br-superhuman-reimu-adaptive-20261001,logs/training/br-superhuman-reimu-adaptive-20261001/replays/dcfbc15072794b47a3994f141dd976d4/episode-00000031-slot-2.json,200,b116f189cf681bab76368864d97c95e0432f81fe77b2e4a294f7bf6cc97206c1
training,logs/training/br-superhuman-reimu-adaptive-20261001,logs/training/br-superhuman-reimu-adaptive-20261001/replays/dcfbc15072794b47a3994f141dd976d4/episode-00000032-slot-0.json,204,13a64b2969f03380164884e30c78823514edd4ec749934909facc7eefe849a59
training,logs/training/br-superhuman-reimu-adaptive-20261001,logs/training/br-superhuman-reimu-adaptive-20261001/replays/dcfbc15072794b47a3994f141dd976d4/episode-00000033-slot-1.json,200,9eb368638e24bdd4f1bb126eea019fefdc828bca7dd99d2d0501e33a5ea02ace
training,logs/training/br-superhuman-reimu-adaptive-20261001,logs/training/br-superhuman-reimu-adaptive-20261001/replays/dcfbc15072794b47a3994f141dd976d4/episode-00000034-slot-3.json,199,39d84838dd59eb275295444ccdb31dbc50e3e2c73e7f884662b766b8f3ed4dcc
training,logs/training/br-superhuman-reimu-adaptive-20261001,logs/training/br-superhuman-reimu-adaptive-20261001/replays/dcfbc15072794b47a3994f141dd976d4/episode-00000035-slot-2.json,199,9c4e07099c02f5ce3136c2ce1622a3d5bb3a50c389da3bba7e166cfbddaca6d6
training,logs/training/br-superhuman-reimu-adaptive-20261001,logs/training/br-superhuman-reimu-adaptive-20261001/replays/dcfbc15072794b47a3994f141dd976d4/episode-00000036-slot-0.json,199,2b4c48426e6e8eedb30fd38bb51a9643d7483ba5a3c41e951d4e01773be4de5e
training,logs/training/br-superhuman-reimu-adaptive-20261001,logs/training/br-superhuman-reimu-adaptive-20261001/replays/dcfbc15072794b47a3994f141dd976d4/episode-00000037-slot-1.json,200,fea49735a061f451c3093046779935195e5ebab68b757f4cae27a4b7f3fae6b6
training,logs/training/br-superhuman-reimu-adaptive-20261001,logs/training/br-superhuman-reimu-adaptive-20261001/replays/dcfbc15072794b47a3994f141dd976d4/episode-00000038-slot-3.json,200,8f53530a2371ca17403556a8b47da03dab66c749eb874ec0582f114bee9e2c70
training,logs/training/br-superhuman-reimu-adaptive-20261001,logs/training/br-superhuman-reimu-adaptive-20261001/replays/dcfbc15072794b47a3994f141dd976d4/episode-00000039-slot-2.json,200,663a89502cc551b0f8d7c881b28010b92f6aad866fbd2ff4aa4bfe7c498a1e2d
training,logs/training/br-superhuman-reimu-adaptive-20261001,logs/training/br-superhuman-reimu-adaptive-20261001/replays/dcfbc15072794b47a3994f141dd976d4/episode-00000040-slot-0.json,200,ab0c89daa41f99adb4297ff0308c4fc7f5b762bb6e48804a883fb2b16027c948
training,logs/training/br-superhuman-reimu-adaptive-20261001,logs/training/br-superhuman-reimu-adaptive-20261001/replays/dcfbc15072794b47a3994f141dd976d4/episode-00000041-slot-1.json,200,ad169bc47b8e52499ee9eafe1c152bff60c50b2bc828da7f55c95223dd200075
training,logs/training/br-superhuman-reimu-adaptive-20261001,logs/training/br-superhuman-reimu-adaptive-20261001/replays/dcfbc15072794b47a3994f141dd976d4/episode-00000042-slot-0.json,200,5ca0e6e3728958696733eb7c47ec1a43b571512c5358ac0ca183178159ee3004
training,logs/training/br-superhuman-reimu-adaptive-20261001,logs/training/br-superhuman-reimu-adaptive-20261001/replays/dcfbc15072794b47a3994f141dd976d4/episode-00000043-slot-2.json,200,54fe1cba42f0be190a9faa80d2325f67e444de6f7c641eb1efaffe6e3c462266
training,logs/training/br-superhuman-reimu-adaptive-20261001,logs/training/br-superhuman-reimu-adaptive-20261001/replays/dcfbc15072794b47a3994f141dd976d4/episode-00000044-slot-3.json,200,3997ad622f874192b233494b9f32f4602d2a034e18efc262e1df139a1324dee6
training,logs/training/br-superhuman-reimu-adaptive-20261001,logs/training/br-superhuman-reimu-adaptive-20261001/replays/dcfbc15072794b47a3994f141dd976d4/episode-00000045-slot-1.json,199,24bbe7acdb398909370df5ca8d970b1f3baf94f4d1d8133bd2a2cdc3a838c075
training,logs/training/br-superhuman-reimu-adaptive-20261001,logs/training/br-superhuman-reimu-adaptive-20261001/replays/dcfbc15072794b47a3994f141dd976d4/episode-00000046-slot-2.json,199,34329277f38d89a77c9804a41db41492b9a6918b80c7bd795cfcd33437482a14
training,logs/training/br-superhuman-reimu-adaptive-20261001,logs/training/br-superhuman-reimu-adaptive-20261001/replays/dcfbc15072794b47a3994f141dd976d4/episode-00000047-slot-0.json,200,01a124d4879c81f7aa5e4e884f39bcad47793cf832b9dee4956cf1ab367960d5
training,logs/training/br-superhuman-reimu-adaptive-20261001,logs/training/br-superhuman-reimu-adaptive-20261001/replays/dcfbc15072794b47a3994f141dd976d4/episode-00000048-slot-1.json,200,6fa6f2c42cc9c30540ed0cdb4a0286df659b9143b9ce8c51fcb1155503a04aa3
training,logs/training/br-superhuman-reimu-adaptive-20261001,logs/training/br-superhuman-reimu-adaptive-20261001/replays/dcfbc15072794b47a3994f141dd976d4/episode-00000049-slot-3.json,200,5ed009c9fb1485995f4c89d91b0a9c32dd5e221a3fb66970226cf4dbe9272d56
training,logs/training/br-superhuman-reimu-adaptive-20261001,logs/training/br-superhuman-reimu-adaptive-20261001/replays/dcfbc15072794b47a3994f141dd976d4/episode-00000050-slot-0.json,200,017dcb3d5b0b4b0458b51484d643e017420960d792006ebfdb8e22aaa356cb8b
training,logs/training/br-superhuman-reimu-adaptive-20261001,logs/training/br-superhuman-reimu-adaptive-20261001/replays/dcfbc15072794b47a3994f141dd976d4/episode-00000051-slot-1.json,200,d3ee6d6297087d0ad7bcf897d355490fc8620f02f10b1eea606a48da2ff8ae0e
training,logs/training/br-superhuman-reimu-adaptive-20261001,logs/training/br-superhuman-reimu-adaptive-20261001/replays/dcfbc15072794b47a3994f141dd976d4/episode-00000052-slot-2.json,204,8c8634e04c17b80a3765124ac27181b5aa54f7a4b17bba4dafa3bc79659c8b0e
training,logs/training/br-superhuman-reimu-adaptive-20261001,logs/training/br-superhuman-reimu-adaptive-20261001/replays/dcfbc15072794b47a3994f141dd976d4/episode-00000053-slot-3.json,200,24c109738950dab04ac76e196431f99494a6cdf5df5ee28e99e03e0595d21ed3
training,logs/training/br-superhuman-reimu-adaptive-20261001,logs/training/br-superhuman-reimu-adaptive-20261001/replays/dcfbc15072794b47a3994f141dd976d4/episode-00000054-slot-1.json,200,cc94fc5a00fc0fbcfd26c7d49aa167e8c3863c4c7ec38c720426d651f20a76be
training,logs/training/br-superhuman-reimu-adaptive-20261001,logs/training/br-superhuman-reimu-adaptive-20261001/replays/dcfbc15072794b47a3994f141dd976d4/episode-00000055-slot-0.json,199,6dc28311abeb28793cf20144277f41e70cc4381ca0df543cc0165125bed0b346
training,logs/training/br-superhuman-reimu-adaptive-20261001,logs/training/br-superhuman-reimu-adaptive-20261001/replays/dcfbc15072794b47a3994f141dd976d4/episode-00000056-slot-2.json,200,e7107f6b7eab8f8f3f29be2b9aadd2e18fa033fe590c9fc8e6862514b452227e
training,logs/training/br-superhuman-reimu-adaptive-20261001,logs/training/br-superhuman-reimu-adaptive-20261001/replays/dcfbc15072794b47a3994f141dd976d4/episode-00000057-slot-3.json,198,56db8862aa6a2d7c5888ff83650a9cd3b18a9bbd313834dc3e859118e79785a3
