kind,run,path,bytes,sha256
training,logs/training/br-address-long-credit-budget-20261003,logs/training/br-address-long-credit-budget-20261003/replays/fd3995c5d62c4e7c99388c2342deb94f/episode-00000098-slot-7.json,198,0d2343435fb58b4cccf08b83b64150380c96c02e6cdd3865a5a435070cedcbae
training,logs/training/br-address-long-credit-budget-20261003,logs/training/br-address-long-credit-budget-20261003/replays/fd3995c5d62c4e7c99388c2342deb94f/episode-00000099-slot-4.json,200,e45a54cbe6ba173d0b7f5b054a731ad6bf85d4e225395a191f6e21ec4fdb0a0b
training,logs/training/br-address-long-credit-budget-20261003,logs/training/br-address-long-credit-budget-20261003/replays/fd3995c5d62c4e7c99388c2342deb94f/episode-00000100-slot-5.json,200,79ffbbd45a29910086d4ef7ad9841f1fbc402037585653c30fe52f9359c53d15
training,logs/training/br-address-long-credit-budget-20261003,logs/training/br-address-long-credit-budget-20261003/replays/fd3995c5d62c4e7c99388c2342deb94f/episode-00000101-slot-1.json,199,ac5e2e287b2590445355e3eb9977a5ffa26238d66b276eacd3e0162400d10737
training,logs/training/br-address-long-credit-budget-20261003,logs/training/br-address-long-credit-budget-20261003/replays/fd3995c5d62c4e7c99388c2342deb94f/episode-00000102-slot-2.json,200,c6aeadb1569e8c81b78c53c9c455a79efc5b4da916f93ec373a2c73daf8912b5
training,logs/training/br-address-long-credit-budget-20261003,logs/training/br-address-long-credit-budget-20261003/replays/fd3995c5d62c4e7c99388c2342deb94f/episode-00000103-slot-0.json,200,f23b9e4de2f7b12b8d64dacf48b34273431306c2ff16cb8e25c66afc754d227e
training,logs/training/br-address-long-credit-budget-20261003,logs/training/br-address-long-credit-budget-20261003/replays/fd3995c5d62c4e7c99388c2342deb94f/episode-00000104-slot-3.json,200,54ef4e03b6bf9652d6d9914208fce3b213460ce8092adbacfe25eda15bc8f7a4
training,logs/training/br-address-long-credit-budget-20261003,logs/training/br-address-long-credit-budget-20261003/replays/fd3995c5d62c4e7c99388c2342deb94f/episode-00000105-slot-4.json,198,03119ccc2a0d54a7b4178b66e84ec837d6c5ceba6cd776bc7246a01bffb289e6
training,logs/training/br-address-long-credit-budget-20261003,logs/training/br-address-long-credit-budget-20261003/replays/fd3995c5d62c4e7c99388c2342deb94f/episode-00000106-slot-6.json,199,61f86fa3174b1ec1ef698b404c72f1b7913532bd9bc8a812de12866b9698cba7
training,logs/training/br-address-long-credit-budget-20261003,logs/training/br-address-long-credit-budget-20261003/replays/fd3995c5d62c4e7c99388c2342deb94f/episode-00000107-slot-5.json,200,6bfc3285b00bfc13e8d44a19436fd955ebc5e3297b695f76c55a1e0438ab6b60
training,logs/training/br-address-long-credit-budget-20261003,logs/training/br-address-long-credit-budget-20261003/replays/fd3995c5d62c4e7c99388c2342deb94f/episode-00000108-slot-7.json,200,543f26ef2a65bfed71182c8e0513f061829e160d136ea2c1beb5ec3f1f50adfd
training,logs/training/br-address-long-credit-budget-20261003,logs/training/br-address-long-credit-budget-20261003/replays/fd3995c5d62c4e7c99388c2342deb94f/episode-00000109-slot-2.json,200,5ded1f11a019001f03a491ab63089b513d456551dca97f00fd4270f2fe702b5b
training,logs/training/br-address-long-credit-budget-20261003,logs/training/br-address-long-credit-budget-20261003/replays/fd3995c5d62c4e7c99388c2342deb94f/episode-00000110-slot-1.json,200,360ee4525aebe06011d05791ac44269d67eb43fe54e7c9c4493cef92d4c99b1f
training,logs/training/br-address-long-credit-budget-20261003,logs/training/br-address-long-credit-budget-20261003/replays/fd3995c5d62c4e7c99388c2342deb94f/episode-00000111-slot-3.json,200,9eac55b3d957d5ad0222b3952f7cf2e9f30e225647842f73b81f76dc63fcfb56
training,logs/training/br-address-long-credit-budget-20261003,logs/training/br-address-long-credit-budget-20261003/replays/fd3995c5d62c4e7c99388c2342deb94f/episode-00000112-slot-0.json,200,27664a5b873eba962b5a276538788988ea6985d8e14547fcb8a13f228d7b898d
training,logs/training/br-address-long-credit-budget-20261003,logs/training/br-address-long-credit-budget-20261003/replays/fd3995c5d62c4e7c99388c2342deb94f/episode-00000113-slot-7.json,200,1522fe7caebb84909f7ba0019b1f99c5a726d7175c3ee4ed986822ab21bb98f0
training,logs/training/br-address-long-credit-budget-20261003,logs/training/br-address-long-credit-budget-20261003/replays/fd3995c5d62c4e7c99388c2342deb94f/episode-00000114-slot-4.json,199,a060d3ab3a265fb4b239666156eb1fb0808fd8cfe212957d3f69312fd8f85bac
training,logs/training/br-address-long-credit-budget-20261003,logs/training/br-address-long-credit-budget-20261003/replays/fd3995c5d62c4e7c99388c2342deb94f/episode-00000115-slot-5.json,200,5ece936386f0a1fb67324ed4dfa7743c252970d9f099c0e960278fbde86be667
training,logs/training/br-address-long-credit-budget-20261003,logs/training/br-address-long-credit-budget-20261003/replays/fd3995c5d62c4e7c99388c2342deb94f/episode-00000116-slot-6.json,199,ba8d8f52ad0b3ae112b18925ad8a859b074f39bc01f85f43dd622e9ba464397f
training,logs/training/br-address-long-credit-budget-20261003,logs/training/br-address-long-credit-budget-20261003/replays/fd3995c5d62c4e7c99388c2342deb94f/episode-00000117-slot-1.json,199,54d10dca41dba8abf7df0b2da2f4dd6cb28342e5c31e3a39b830aac7199bb508
training,logs/training/br-address-long-credit-budget-20261003,logs/training/br-address-long-credit-budget-20261003/replays/fd3995c5d62c4e7c99388c2342deb94f/episode-00000118-slot-3.json,200,c496e087ed96fdd4e1825ab6c77a5aae699bfe5f860fc3d10ebfe8694af04093
training,logs/training/br-address-long-credit-budget-20261003,logs/training/br-address-long-credit-budget-20261003/replays/fd3995c5d62c4e7c99388c2342deb94f/episode-00000119-slot-7.json,200,be5234a6ecee6a003e9432c678142ca236fb0fdc71c4dd7f67fc7b365eb80dd5
training,logs/training/br-address-long-credit-budget-20261003,logs/training/br-address-long-credit-budget-20261003/replays/fd3995c5d62c4e7c99388c2342deb94f/episode-00000120-slot-2.json,204,108d17f9f28b429bb53c103cc371908e26aa5a7b5ea35896697a63a64ab11ceb
training,logs/training/br-address-long-credit-budget-20261003,logs/training/br-address-long-credit-budget-20261003/replays/fd3995c5d62c4e7c99388c2342deb94f/episode-00000121-slot-0.json,200,7eb38385bc19c3112d855f0173306be144c87eb11f5af597109961e1ba2ae03a
training,logs/training/br-address-long-credit-budget-20261003,logs/training/br-address-long-credit-budget-20261003/replays/fd3995c5d62c4e7c99388c2342deb94f/episode-00000122-slot-6.json,200,270bda5ad5e33435483750d2e194e2720b1fc7183a82ae92e5f03b33afa6fa99
training,logs/training/br-address-long-credit-budget-20261003,logs/training/br-address-long-credit-budget-20261003/replays/fd3995c5d62c4e7c99388c2342deb94f/episode-00000123-slot-4.json,200,c9d6cea695541e117400b6177dd56a4823b289cd496977bc6726402c10f86cbd
training,logs/training/br-address-long-credit-budget-20261003,logs/training/br-address-long-credit-budget-20261003/replays/fd3995c5d62c4e7c99388c2342deb94f/episode-00000124-slot-5.json,204,162dc5eb973372899cfaca19694ea613c5fe732f558a6e2703ab2d694de6175b
training,logs/training/br-address-long-credit-budget-20261003,logs/training/br-address-long-credit-budget-20261003/replays/fd3995c5d62c4e7c99388c2342deb94f/episode-00000125-slot-3.json,199,d2c7cdfac52aa577bb93871ece9dae728395af7521463940c4dc258c4648c499
training,logs/training/br-address-long-credit-budget-20261003,logs/training/br-address-long-credit-budget-20261003/replays/fd3995c5d62c4e7c99388c2342deb94f/episode-00000126-slot-1.json,200,cd0d7dd7d66cda25092898c461c397701de48b860e22704eb140df570ac12949
training,logs/training/br-address-long-credit-budget-20261003,logs/training/br-address-long-credit-budget-20261003/replays/fd3995c5d62c4e7c99388c2342deb94f/episode-00000127-slot-6.json,200,ed696885ce9fd55af0721505f9c41971da1ffa9768364294cbe337e9c979ea84
training,logs/training/br-address-long-credit-budget-20261003,logs/training/br-address-long-credit-budget-20261003/replays/fd3995c5d62c4e7c99388c2342deb94f/episode-00000128-slot-2.json,200,b5f011fb044ea711c5d8afc5e1934e7371e1ff0f64a15fa258fa0e9707237fc2
training,logs/training/br-address-long-credit-budget-20261003,logs/training/br-address-long-credit-budget-20261003/replays/fd3995c5d62c4e7c99388c2342deb94f/episode-00000129-slot-4.json,200,8248d9e76ca6d57294785a10b827ecbdc7d6df1a71f25d987745f01cc9e1fcc9
training,logs/training/br-address-long-credit-budget-20261003,logs/training/br-address-long-credit-budget-20261003/replays/fd3995c5d62c4e7c99388c2342deb94f/episode-00000130-slot-7.json,199,ab34a785774e8cb4d3f5b2a8334e0098a2ced29105b815cd63eff8264cb6ae48
training,logs/training/br-address-long-credit-budget-20261003,logs/training/br-address-long-credit-budget-20261003/replays/fd3995c5d62c4e7c99388c2342deb94f/episode-00000131-slot-0.json,200,88346068789ea4183a5b88b612a6b020ec4e863c63b1651572ecc247ab0e3195
training,logs/training/br-address-long-credit-budget-20261003,logs/training/br-address-long-credit-budget-20261003/replays/fd3995c5d62c4e7c99388c2342deb94f/episode-00000132-slot-3.json,200,6f1aeec3d3f4cc865853fe2d44b12ddadd6c2d581968fbdbf0cfb063f4eb184b
training,logs/training/br-address-long-credit-budget-20261003,logs/training/br-address-long-credit-budget-20261003/replays/fd3995c5d62c4e7c99388c2342deb94f/episode-00000133-slot-5.json,200,6b5f74b5381a69c705427920997ade3bd5003dac5ae6f6b04c76a3b3e903a570
training,logs/training/br-address-long-credit-budget-20261003,logs/training/br-address-long-credit-budget-20261003/replays/fd3995c5d62c4e7c99388c2342deb94f/episode-00000134-slot-2.json,200,20832956bd7062e0282d7b53273908507431b29bf6b16c60a0600d8e290d1f0a
training,logs/training/br-address-long-credit-budget-20261003,logs/training/br-address-long-credit-budget-20261003/replays/fd3995c5d62c4e7c99388c2342deb94f/episode-00000135-slot-7.json,199,f660ec45cb4899c5c41ccad73314df0f244a2792c55c2b3f52d8164b572a3345
training,logs/training/br-address-long-credit-budget-20261003,logs/training/br-address-long-credit-budget-20261003/replays/fd3995c5d62c4e7c99388c2342deb94f/episode-00000136-slot-0.json,200,22db48c269095829a9d62c24dbcca38ad2f89268d1ba6f543ef6c661f5ffefa8
training,logs/training/br-address-long-credit-budget-20261003,logs/training/br-address-long-credit-budget-20261003/replays/fd3995c5d62c4e7c99388c2342deb94f/episode-00000137-slot-4.json,199,85029af75a3b7c61d83ea28d21776ae826fa906c76bd61d6517927dee990da1e
training,logs/training/br-address-long-credit-budget-20261003,logs/training/br-address-long-credit-budget-20261003/replays/fd3995c5d62c4e7c99388c2342deb94f/episode-00000138-slot-1.json,200,ac1b2bd03a1cba64184704ac85c71c634051aa962a0f1cd47ad5f6c2d7d227cd
training,logs/training/br-address-long-credit-budget-20261003,logs/training/br-address-long-credit-budget-20261003/replays/fd3995c5d62c4e7c99388c2342deb94f/episode-00000139-slot-3.json,200,24333f945ffabf092fbd541cc7b98db70fbcbe85c03b1c3dde30abc1d9751494
training,logs/training/br-address-long-credit-budget-20261003,logs/training/br-address-long-credit-budget-20261003/replays/fd3995c5d62c4e7c99388c2342deb94f/episode-00000140-slot-6.json,200,6d8071e0b8579a0bb0cc598f1673ed07d2176a39ccbd4d7f701a6b2e3efbefb5
training,logs/training/br-address-long-credit-budget-20261003,logs/training/br-address-long-credit-budget-20261003/replays/fd3995c5d62c4e7c99388c2342deb94f/episode-00000141-slot-5.json,200,4bd8b36a6aedc8192dcef0832f904dd695e66d32d8da0f889d98ef70b6c350f0
training,logs/training/br-address-long-credit-budget-20261003,logs/training/br-address-long-credit-budget-20261003/replays/fd3995c5d62c4e7c99388c2342deb94f/episode-00000142-slot-2.json,200,d7b3d4f6aaef9590c2ac183ef89bf72276d43a634b2be91920315116cc2a051a
training,logs/training/br-address-long-credit-budget-20261003,logs/training/br-address-long-credit-budget-20261003/replays/fd3995c5d62c4e7c99388c2342deb94f/episode-00000143-slot-1.json,200,4119989f96a59eeca57ca9f4db3c96f234e4aecd440df3f582cde662a0efcfd6
training,logs/training/br-address-long-credit-budget-20261003,logs/training/br-address-long-credit-budget-20261003/replays/fd3995c5d62c4e7c99388c2342deb94f/episode-00000144-slot-3.json,200,0aaa44e9866fc749f4b422f0eeb9fef60c21f6f8e1284b1881b4d863421bcc0b
training,logs/training/br-address-long-credit-budget-20261003,logs/training/br-address-long-credit-budget-20261003/replays/fd3995c5d62c4e7c99388c2342deb94f/episode-00000145-slot-4.json,200,02ce5732c8fac0d8e3700239a7ee53c2f9ee278d7d555797e37db396f2e4c256
training,logs/training/br-address-long-credit-budget-20261003,logs/training/br-address-long-credit-budget-20261003/replays/fd3995c5d62c4e7c99388c2342deb94f/episode-00000146-slot-0.json,199,b3f2825fddb2e690229945e36e3ddc2fa717a198bce69440517f0a5e134e6737
training,logs/training/br-address-long-credit-budget-20261003,logs/training/br-address-long-credit-budget-20261003/replays/fd3995c5d62c4e7c99388c2342deb94f/episode-00000147-slot-7.json,200,360bd9699d9970cb8c2b1687feb27f8041b181ab958eff0ea888b992c365e025
training,logs/training/br-address-long-credit-budget-20261003,logs/training/br-address-long-credit-budget-20261003/replays/fd3995c5d62c4e7c99388c2342deb94f/episode-00000148-slot-6.json,200,4b1d129900f290ea06e2f2f66e5274019086398efb1059bff2e3a1ee7ec1aac9
training,logs/training/br-address-long-credit-budget-20261003,logs/training/br-address-long-credit-budget-20261003/replays/fd3995c5d62c4e7c99388c2342deb94f/episode-00000149-slot-5.json,200,5f0797bbb2195f5d037968098d3f6bda07eabdc924b3093e070869edebe07570
training,logs/training/br-address-long-credit-budget-20261003,logs/training/br-address-long-credit-budget-20261003/replays/fd3995c5d62c4e7c99388c2342deb94f/episode-00000150-slot-2.json,199,d28f29e69dfb03453512e8d31041e4af1c8f76342427264e4462d5762204c412
training,logs/training/br-address-long-credit-budget-20261003,logs/training/br-address-long-credit-budget-20261003/replays/fd3995c5d62c4e7c99388c2342deb94f/episode-00000151-slot-3.json,200,6f22bdfe348b136244e7468e080361306d4abf293a3ea6e4ac08ef83a06f663f
training,logs/training/br-address-long-credit-budget-20261003,logs/training/br-address-long-credit-budget-20261003/replays/fd3995c5d62c4e7c99388c2342deb94f/episode-00000152-slot-6.json,200,ae295ea7d1777729e58a6475fd9d5a835e5703f29973ad43a30f4acebf3ae5d8
training,logs/training/br-address-long-credit-budget-20261003,logs/training/br-address-long-credit-budget-20261003/replays/fd3995c5d62c4e7c99388c2342deb94f/episode-00000153-slot-1.json,200,9a1aee124f75834b7da0178b393b74d4906e14ff3daa82b6c7ad966f7f49bfe6
training,logs/training/br-address-long-credit-budget-20261003,logs/training/br-address-long-credit-budget-20261003/replays/fd3995c5d62c4e7c99388c2342deb94f/episode-00000154-slot-4.json,200,e10dd5cb0bfe58bdce78250aaf145925d68022796bc39dd6909928090a459b9b
training,logs/training/br-address-long-credit-budget-20261003,logs/training/br-address-long-credit-budget-20261003/replays/fd3995c5d62c4e7c99388c2342deb94f/episode-00000155-slot-7.json,200,3b8c65b7727956ae2ea48fb38409dd4992440f4d816004c039f94b30866acd79
training,logs/training/br-address-long-credit-budget-20261003,logs/training/br-address-long-credit-budget-20261003/replays/fd3995c5d62c4e7c99388c2342deb94f/episode-00000156-slot-0.json,199,329dbd3ac1c3c375090f731e2007cd186a8147b9bbe188426f7c50f04caf6431
training,logs/training/br-address-long-credit-budget-20261003,logs/training/br-address-long-credit-budget-20261003/replays/fd3995c5d62c4e7c99388c2342deb94f/episode-00000157-slot-5.json,200,2a8a94e6cc4fe803cb218f224cfe91e4cb4259fae405b526080e14d2b893d359
training,logs/training/br-address-long-credit-budget-20261003,logs/training/br-address-long-credit-budget-20261003/replays/fd3995c5d62c4e7c99388c2342deb94f/episode-00000158-slot-2.json,200,05ff6b613c3ab0bcc4e0d080d239792f765e1803e64fa216e5505ab7a5d056d7
training,logs/training/br-address-long-credit-budget-20261003,logs/training/br-address-long-credit-budget-20261003/replays/fd3995c5d62c4e7c99388c2342deb94f/episode-00000159-slot-6.json,200,44707e88265b93df9a27f690fc93795ac1f17daf6a7ccf01a5787dc19c501a8f
training,logs/training/br-address-long-credit-budget-20261003,logs/training/br-address-long-credit-budget-20261003/replays/fd3995c5d62c4e7c99388c2342deb94f/episode-00000160-slot-7.json,200,025d7c227d0a0cdb4eb26d700829be4b87bc71ac22acd0f2af5b0409605af82b
training,logs/training/br-address-long-credit-budget-20261003,logs/training/br-address-long-credit-budget-20261003/replays/fd3995c5d62c4e7c99388c2342deb94f/episode-00000161-slot-5.json,199,16ecdadc4c496ffaa75e7cca422d64a9d1e66da97365b72d006f11071d5b86a1
training,logs/training/br-address-long-credit-budget-20261003,logs/training/br-address-long-credit-budget-20261003/replays/fd3995c5d62c4e7c99388c2342deb94f/episode-00000162-slot-4.json,200,a5ac85af43f43f1dbec45d28e6ecc58591e187043a5dde1e28b06eda27a33264
training,logs/training/br-address-long-credit-budget-20261003,logs/training/br-address-long-credit-budget-20261003/replays/fd3995c5d62c4e7c99388c2342deb94f/episode-00000163-slot-1.json,200,66ac35336ae06f63b66996f11ec5493dd6e6e91f52aeebf02dbf6d3fb80d354e
training,logs/training/br-address-long-credit-budget-20261003,logs/training/br-address-long-credit-budget-20261003/replays/fd3995c5d62c4e7c99388c2342deb94f/episode-00000164-slot-0.json,199,25f5e79bccc5cf586f65bf763ccf504baabc7ba0b37f864d317f8aeb212cf73a
training,logs/training/br-address-long-credit-budget-20261003,logs/training/br-address-long-credit-budget-20261003/replays/fd3995c5d62c4e7c99388c2342deb94f/episode-00000165-slot-3.json,204,bab3fecb74186e905d744d41682c971c90c6af24a12f006aa8be113ac555ef3f
training,logs/training/br-address-long-credit-budget-20261003,logs/training/br-address-long-credit-budget-20261003/replays/fd3995c5d62c4e7c99388c2342deb94f/episode-00000166-slot-2.json,200,bd152a240b7e98e3e0f14c5001874192498677e91ae527e3ed6ff4eb5a12670d
training,logs/training/br-address-long-credit-budget-20261003,logs/training/br-address-long-credit-budget-20261003/replays/fd3995c5d62c4e7c99388c2342deb94f/episode-00000167-slot-6.json,200,126fcfb4da0c5e21bfdf08dc49b7ff279e875dc698e9079ae167f01e22afa3fc
training,logs/training/br-address-long-credit-budget-20261003,logs/training/br-address-long-credit-budget-20261003/replays/fd3995c5d62c4e7c99388c2342deb94f/episode-00000168-slot-1.json,200,440943bc13425b66adcf84201c6ffc1829f3fa1f4b30d46930c799facdba409c
training,logs/training/br-address-long-credit-budget-20261003,logs/training/br-address-long-credit-budget-20261003/replays/fd3995c5d62c4e7c99388c2342deb94f/episode-00000169-slot-5.json,200,12c03fa523d2db1eaaeb6b6f944cabda63c9fba4d748fefe762bcc5ade2da41c
training,logs/training/br-address-long-credit-budget-20261003,logs/training/br-address-long-credit-budget-20261003/replays/fd3995c5d62c4e7c99388c2342deb94f/episode-00000170-slot-0.json,199,eb7308bb048db5da874f1b75094cecf4311f5ee3480d0e5b7ea435da32206cfe
training,logs/training/br-address-long-credit-budget-20261003,logs/training/br-address-long-credit-budget-20261003/replays/fd3995c5d62c4e7c99388c2342deb94f/episode-00000171-slot-6.json,200,f9757b3a4ac0aae8db038cdc389a704000d09b949037a59c9ab0393ad2fea72c
training,logs/training/br-address-long-credit-budget-20261003,logs/training/br-address-long-credit-budget-20261003/replays/fd3995c5d62c4e7c99388c2342deb94f/episode-00000172-slot-7.json,199,c0449b200a4762597dac728526fbcb229d35c65e2266104834e15488f03e3de0
training,logs/training/br-address-long-credit-budget-20261003,logs/training/br-address-long-credit-budget-20261003/replays/fd3995c5d62c4e7c99388c2342deb94f/episode-00000173-slot-4.json,200,28f48d33b23a2f27fc5f95886c93291c6a0c5bd954dc4ccb1af50554ee4c6bc6
training,logs/training/br-address-long-credit-budget-20261003,logs/training/br-address-long-credit-budget-20261003/replays/fd3995c5d62c4e7c99388c2342deb94f/episode-00000174-slot-2.json,199,cb325ed97f1e0cd291072df0beb93d45ad6f6184acf0fb98caf64f2f35c5b32e
training,logs/training/br-address-long-credit-budget-20261003,logs/training/br-address-long-credit-budget-20261003/replays/fd3995c5d62c4e7c99388c2342deb94f/episode-00000175-slot-3.json,200,85eab6bf66f5c3f32e1d2715a24e307bccbe922e5fbc7c2ea5c6328752f51498
training,logs/training/br-address-long-credit-budget-20261003,logs/training/br-address-long-credit-budget-20261003/replays/fd3995c5d62c4e7c99388c2342deb94f/episode-00000176-slot-1.json,199,52c629aab0e668cc84e9ec53036e8b0e8a304b5a92d14d5d1505345d69f7cfcc
training,logs/training/br-address-long-credit-budget-20261003,logs/training/br-address-long-credit-budget-20261003/replays/fd3995c5d62c4e7c99388c2342deb94f/episode-00000177-slot-5.json,200,877e8319cb3012d31a9f14c30a48fd5531f856373519ee29fa52381245c17984
training,logs/training/br-address-long-credit-budget-20261003,logs/training/br-address-long-credit-budget-20261003/replays/fd3995c5d62c4e7c99388c2342deb94f/episode-00000178-slot-7.json,200,76330fd4bf2744cfeda1ccc3b335c1fbd3c2547ad24ab6eeeb3f0792575e6c2c
training,logs/training/br-address-long-credit-budget-20261003,logs/training/br-address-long-credit-budget-20261003/replays/fd3995c5d62c4e7c99388c2342deb94f/episode-00000179-slot-6.json,200,4a946642481aff445e3c03f8f17e00658cd99419d2c69b63691da4a47a28d4e3
training,logs/training/br-address-long-credit-budget-20261003,logs/training/br-address-long-credit-budget-20261003/replays/fd3995c5d62c4e7c99388c2342deb94f/episode-00000180-slot-0.json,199,2f56a09bb90d568ef1fbcb459be10640eb09ac6ae8fe1b4736a2f69723011907
training,logs/training/br-address-long-credit-budget-20261003,logs/training/br-address-long-credit-budget-20261003/replays/fd3995c5d62c4e7c99388c2342deb94f/episode-00000181-slot-4.json,200,c67ed3c7e93fea9cc9204ac559c186aee04f6e18d3a593e8b3c46e51766c4917
training,logs/training/br-address-long-credit-budget-20261003,logs/training/br-address-long-credit-budget-20261003/replays/fd3995c5d62c4e7c99388c2342deb94f/episode-00000182-slot-2.json,199,1b7424f6bd10632f974f31e902748d6bb58f8d6206ba8fc0d5247c222f5fdf00
training,logs/training/br-address-long-credit-budget-20261003,logs/training/br-address-long-credit-budget-20261003/replays/fd3995c5d62c4e7c99388c2342deb94f/episode-00000183-slot-3.json,200,269df6a29c7475897e17dd9a4e0a047e8f22ffb3a3d178a54bf2ca8a33bc9990
training,logs/training/br-address-long-credit-budget-20261003,logs/training/br-address-long-credit-budget-20261003/replays/fd3995c5d62c4e7c99388c2342deb94f/episode-00000184-slot-1.json,200,f2b790e02b8be4232af1b06c9731dab1c2096011ec4595324423c867481c021f
training,logs/training/br-address-long-credit-budget-20261003,logs/training/br-address-long-credit-budget-20261003/replays/fd3995c5d62c4e7c99388c2342deb94f/episode-00000185-slot-5.json,200,294f2925a63e627b9efeddfc2d14601a7a113c78e762afe79b1c69c60619d3b9
training,logs/training/br-address-long-credit-budget-20261003,logs/training/br-address-long-credit-budget-20261003/replays/fd3995c5d62c4e7c99388c2342deb94f/episode-00000186-slot-7.json,199,7c151de4c1bc38e34015af214bff1aeaf90b17223447145dd03a8a04b6652705
training,logs/training/br-address-long-credit-budget-20261003,logs/training/br-address-long-credit-budget-20261003/replays/fd3995c5d62c4e7c99388c2342deb94f/episode-00000187-slot-0.json,200,8597f275cc2c0bb154275c3267a2618bcb8c7799145b8ecbd1007745030f69c8
training,logs/training/br-address-long-credit-budget-20261003,logs/training/br-address-long-credit-budget-20261003/replays/fd3995c5d62c4e7c99388c2342deb94f/episode-00000188-slot-3.json,200,2ce8652cf9b69986b1f20c0c550ff8f54d50577ade17f23996ecd94abf92eeff
training,logs/training/br-address-long-credit-budget-20261003,logs/training/br-address-long-credit-budget-20261003/replays/fd3995c5d62c4e7c99388c2342deb94f/episode-00000189-slot-6.json,204,6f50afda34fec9738d132ba3beb318a88ae4e98fd15480009cc9010702fa7675
training,logs/training/br-address-long-credit-budget-20261003,logs/training/br-address-long-credit-budget-20261003/replays/fd3995c5d62c4e7c99388c2342deb94f/episode-00000190-slot-4.json,204,4c9c8184c5e1ed21aa8722acd61e9cec97f28527c8e8484d5d105f66724932b7
training,logs/training/br-address-long-credit-budget-20261003,logs/training/br-address-long-credit-budget-20261003/replays/fd3995c5d62c4e7c99388c2342deb94f/episode-00000191-slot-2.json,200,8de12e0a252e8343340c513eab95c1513338552090cbd6290f23276d8e69915a
training,logs/training/br-address-long-credit-budget-20261003,logs/training/br-address-long-credit-budget-20261003/replays/fd3995c5d62c4e7c99388c2342deb94f/episode-00000192-slot-1.json,200,7e41dc9144f650606a5994123714e81aac5dd90331e1874b7e090efaa081e4ca
training,logs/training/br-address-long-credit-budget-20261003,logs/training/br-address-long-credit-budget-20261003/replays/fd3995c5d62c4e7c99388c2342deb94f/episode-00000193-slot-0.json,200,6cb765b766d5934c2a2c459ec8be7907af7a3fa4bb85d55bbf5f2c6b1329210c
training,logs/training/br-address-long-credit-budget-20261003,logs/training/br-address-long-credit-budget-20261003/replays/fd3995c5d62c4e7c99388c2342deb94f/episode-00000194-slot-5.json,204,2643355200e638ff1936f5c465dbfc57d55affae9ad4b3f8b086b91db26c9ff8
training,logs/training/br-address-long-credit-budget-20261003,logs/training/br-address-long-credit-budget-20261003/replays/fd3995c5d62c4e7c99388c2342deb94f/episode-00000195-slot-7.json,199,60d079132a9d885b443de198da341ac03c106f538aac2c4b841873894e03d90f
training,logs/training/br-address-long-credit-budget-20261003,logs/training/br-address-long-credit-budget-20261003/replays/fd3995c5d62c4e7c99388c2342deb94f/episode-00000196-slot-4.json,200,ca528dc5c389bda363d599b118624eeeb89a499ee40907156e84c59f1fc9d972
training,logs/training/br-address-long-credit-budget-20261003,logs/training/br-address-long-credit-budget-20261003/replays/fd3995c5d62c4e7c99388c2342deb94f/episode-00000197-slot-0.json,199,cc075849c06a73028001971b47fe2776f81d2bebc66dccadf88c5759eb5f557f
training,logs/training/br-address-long-credit-budget-20261003,logs/training/br-address-long-credit-budget-20261003/replays/fd3995c5d62c4e7c99388c2342deb94f/episode-00000198-slot-1.json,199,a7fd7d9e369b179420306ca0258bb2fb1e8e847d2dafff248a11092810a9e300
training,logs/training/br-address-long-credit-budget-20261003,logs/training/br-address-long-credit-budget-20261003/replays/fd3995c5d62c4e7c99388c2342deb94f/episode-00000199-slot-2.json,199,0456a14bac19b200a1f703e348e57332973a9465f14cc8c938b1d760b35a48cf
training,logs/training/br-address-long-credit-budget-20261003,logs/training/br-address-long-credit-budget-20261003/replays/fd3995c5d62c4e7c99388c2342deb94f/episode-00000200-slot-3.json,199,f733509a06fe21252881636fd77725e4cdcc19de87f34f1a16ae934a206f6b4c
training,logs/training/br-address-long-credit-budget-20261003,logs/training/br-address-long-credit-budget-20261003/replays/fd3995c5d62c4e7c99388c2342deb94f/episode-00000201-slot-4.json,198,d0f820167102049286a6e4560968e987dcbb7d0074736d4a718df6a39c4959d7
training,logs/training/br-address-long-credit-budget-20261003,logs/training/br-address-long-credit-budget-20261003/replays/fd3995c5d62c4e7c99388c2342deb94f/episode-00000202-slot-5.json,199,ba96f99299b097b240176e8fafea76d8d1238ef0c9531378fd417151676f59d7
training,logs/training/br-address-long-credit-budget-20261003,logs/training/br-address-long-credit-budget-20261003/replays/fd3995c5d62c4e7c99388c2342deb94f/episode-00000203-slot-6.json,198,f9e1640938355ded93fbbd0196e3821b4a29afadf68bb9819b138d1eb0be2c87
training,logs/training/br-address-long-credit-budget-20261003,logs/training/br-address-long-credit-budget-20261003/replays/fd3995c5d62c4e7c99388c2342deb94f/episode-00000204-slot-7.json,198,e52b1a332eab79a598f1ad5fca3d0968e8ca90c7877eb56338e4aace411be57f
training,logs/training/br-address-long-credit-budget-20261003,logs/training/br-address-long-credit-budget-20261003/result.json,2033,9e692b3bf445de5af64c0fd1f645be648cc3ab69c59a63b17724635e13008c6a
training,logs/training/br-address-long-credit-budget-20261003,logs/training/br-address-long-credit-budget-20261003/scalars/progress.csv,22236,aeb430dd12a98b6e26620c421430fc12d10ca82ddacdaf8b211231a4b85708c6
training,logs/training/br-address-long-credit-budget-20261003,logs/training/br-address-long-credit-budget-20261003/timing.json,12532,114872a4b9fd1d84c9aab24f912859435e4da0f3cd57ea83a009c50380c48fbf
training,logs/training/br-address-low-noise-feedback-20261003,logs/training/br-address-low-noise-feedback-20261003/checkpoints/ppo_1048576_steps.curriculum.json,948,33dc41a4f544dc1f595d072ca7aca496cb0a97bc0d8f9cc4371b24ac2577dcf2
training,logs/training/br-address-low-noise-feedback-20261003,logs/training/br-address-low-noise-feedback-20261003/checkpoints/ppo_262144_steps.curriculum.json,945,5414bb7f6321607dfe581eb5a2310d8afa024861e78a37d0cd87fa94b2eca471
training,logs/training/br-address-low-noise-feedback-20261003,logs/training/br-address-low-noise-feedback-20261003/checkpoints/ppo_524288_steps.curriculum.json,945,6323965ad0db401ddf065cd472b5ffeda7a3335c2988eaa7752a1342697fd3a4
training,logs/training/br-address-low-noise-feedback-20261003,logs/training/br-address-low-noise-feedback-20261003/checkpoints/ppo_786432_steps.curriculum.json,946,3813a5989740ac76c3f685ddb4f31ed9f4fea9128b01ab5ff6d1912ba8f173f2
training,logs/training/br-address-low-noise-feedback-20261003,logs/training/br-address-low-noise-feedback-20261003/checkpoints/updated_1048576_steps.curriculum.json,948,469fcf6d2846ae96350e6ad775749fb3bdce6d0b815b59379fc3dcce7a9741dc
training,logs/training/br-address-low-noise-feedback-20261003,logs/training/br-address-low-noise-feedback-20261003/checkpoints/updated_2048_steps.curriculum.json,856,4656e0e16714a6e3cc145bab09b71010c84888ebf76c7f37e452c5934ab3a4fd
training,logs/training/br-address-low-noise-feedback-20261003,logs/training/br-address-low-noise-feedback-20261003/checkpoints/updated_262144_steps.curriculum.json,945,e4a6a66710c1b7fed5080ef07b1b2906c031298d56f3c1a9921c1df243e0906f
training,logs/training/br-address-low-noise-feedback-20261003,logs/training/br-address-low-noise-feedback-20261003/checkpoints/updated_524288_steps.curriculum.json,945,05d99aa4922642c043adeb37839690c49091d1b064fc134ac258190079b994fc
training,logs/training/br-address-low-noise-feedback-20261003,logs/training/br-address-low-noise-feedback-20261003/checkpoints/updated_786432_steps.curriculum.json,946,57fc2eabab6d7bdb75a1888911aecdb64b58bdb0244a7136e1e3b6cc0cd92cd1
training,logs/training/br-address-low-noise-feedback-20261003,logs/training/br-address-low-noise-feedback-20261003/config.yaml,5253,93f89c83de1b6c0adf965bb94b6dd50da3993ee1f6faaf567c857602228de8af
training,logs/training/br-address-low-noise-feedback-20261003,logs/training/br-address-low-noise-feedback-20261003/final.curriculum.json,948,c63f7c2e06049e982fdd8e249aa91b04320a91be8eb683e2bae768dfe8a399a9
training,logs/training/br-address-low-noise-feedback-20261003,logs/training/br-address-low-noise-feedback-20261003/identity.json,52984,02dc76cf602e558bdd68137fff5e44016bf60c425575ae8e2ef15b0f2fcdf673
training,logs/training/br-address-low-noise-feedback-20261003,logs/training/br-address-low-noise-feedback-20261003/progress.json,2982999,0420cc6d7ec2dd53eded7ad695658a016af8f578228cf8937bb41c5a6affcb4f
training,logs/training/br-address-low-noise-feedback-20261003,logs/training/br-address-low-noise-feedback-20261003/replays/4e76f8a6c210468a9276f98fa51f96b7/episode-00000001-slot-6.json,194,d96655a7e6183d54b516251900ffbdf1d79f8abb260355f30ce4715ba34e802e
training,logs/training/br-address-low-noise-feedback-20261003,logs/training/br-address-low-noise-feedback-20261003/replays/4e76f8a6c210468a9276f98fa51f96b7/episode-00000002-slot-7.json,194,161a3574cdf8aaad4e3b599fb79dea07f55e974d69d0aee6f690121b9dc6dfc0
training,logs/training/br-address-low-noise-feedback-20261003,logs/training/br-address-low-noise-feedback-20261003/replays/4e76f8a6c210468a9276f98fa51f96b7/episode-00000003-slot-2.json,194,73ec7287cc183118d55837d5820e9c9db570ccfe75dcfc33ab85c7a592e83e22
training,logs/training/br-address-low-noise-feedback-20261003,logs/training/br-address-low-noise-feedback-20261003/replays/4e76f8a6c210468a9276f98fa51f96b7/episode-00000004-slot-3.json,194,379ff481156030a28fec29065736afbd2d65b65f918bb1c5c4dbcd3882fbae68
training,logs/training/br-address-low-noise-feedback-20261003,logs/training/br-address-low-noise-feedback-20261003/replays/4e76f8a6c210468a9276f98fa51f96b7/episode-00000005-slot-5.json,194,04feb97d98c80ed0c950a49af9a0fe160c75d4e79bbe58657d0770f5c5d2aed4
training,logs/training/br-address-low-noise-feedback-20261003,logs/training/br-address-low-noise-feedback-20261003/replays/4e76f8a6c210468a9276f98fa51f96b7/episode-00000006-slot-4.json,194,048f94e7516d77d69b31e6b566afe4c6bd60c2dd1d027c17ccfc914c16f323e4
training,logs/training/br-address-low-noise-feedback-20261003,logs/training/br-address-low-noise-feedback-20261003/replays/4e76f8a6c210468a9276f98fa51f96b7/episode-00000007-slot-0.json,194,74a7f0dd84b40abb9c529f15df2af569738853d030a346802a034ea34b6de8a5
training,logs/training/br-address-low-noise-feedback-20261003,logs/training/br-address-low-noise-feedback-20261003/replays/4e76f8a6c210468a9276f98fa51f96b7/episode-00000008-slot-1.json,194,2ccf0e149a2fa92c547748185deef467a985f8c509b0808c4f9f7bba23f64a49
training,logs/training/br-address-low-noise-feedback-20261003,logs/training/br-address-low-noise-feedback-20261003/replays/4e76f8a6c210468a9276f98fa51f96b7/episode-00000009-slot-6.json,200,6957a6f75778aa892f17eb42be8d1f6d0202d45be29863fad03007bc6726e4bd
training,logs/training/br-address-low-noise-feedback-20261003,logs/training/br-address-low-noise-feedback-20261003/replays/4e76f8a6c210468a9276f98fa51f96b7/episode-00000010-slot-3.json,200,de5f72c0956faee6b9f1296df13fcee28b71c3b59d22d600f4f86d7ef7e8ef1e
training,logs/training/br-address-low-noise-feedback-20261003,logs/training/br-address-low-noise-feedback-20261003/replays/4e76f8a6c210468a9276f98fa51f96b7/episode-00000011-slot-2.json,200,9d00e1955525266984da13ce7e3083241599d5dfd44664ec15e0182fbf0dbb0d
training,logs/training/br-address-low-noise-feedback-20261003,logs/training/br-address-low-noise-feedback-20261003/replays/4e76f8a6c210468a9276f98fa51f96b7/episode-00000012-slot-5.json,199,e97d0168a24ff1166c72c853ac63ca4e40983dbd657829b1421b3e57747d2e96
training,logs/training/br-address-low-noise-feedback-20261003,logs/training/br-address-low-noise-feedback-20261003/replays/4e76f8a6c210468a9276f98fa51f96b7/episode-00000013-slot-4.json,200,28a84e0e25be49c24753f7fda1fe12b55fc902685b1b896bf388d13d8cc5da36
training,logs/training/br-address-low-noise-feedback-20261003,logs/training/br-address-low-noise-feedback-20261003/replays/4e76f8a6c210468a9276f98fa51f96b7/episode-00000014-slot-0.json,200,1548ebe7808874163642cc7e44feb489c26b41db24d1d657cf74b43f2d1b73aa
training,logs/training/br-address-low-noise-feedback-20261003,logs/training/br-address-low-noise-feedback-20261003/replays/4e76f8a6c210468a9276f98fa51f96b7/episode-00000015-slot-1.json,200,981508b3c3f1301201ad7b9317c9fbb84c262bedabac7ac8a155eaf34d3da7f1
training,logs/training/br-address-low-noise-feedback-20261003,logs/training/br-address-low-noise-feedback-20261003/replays/4e76f8a6c210468a9276f98fa51f96b7/episode-00000016-slot-7.json,204,a79a35578e493b8d8801f41baa03783ffbd7a5a062b5fade04522d0b49e0b8a4
training,logs/training/br-address-low-noise-feedback-20261003,logs/training/br-address-low-noise-feedback-20261003/replays/4e76f8a6c210468a9276f98fa51f96b7/episode-00000017-slot-2.json,200,ac90c6004c85eecc046b3d458a172c28561e7ac147d09c7212bb1b719b33490d
training,logs/training/br-address-low-noise-feedback-20261003,logs/training/br-address-low-noise-feedback-20261003/replays/4e76f8a6c210468a9276f98fa51f96b7/episode-00000018-slot-3.json,200,aaf3c921eda709cbd2749cc43740d85a9474c3a463a66f6d586215227bea2344
training,logs/training/br-address-low-noise-feedback-20261003,logs/training/br-address-low-noise-feedback-20261003/replays/4e76f8a6c210468a9276f98fa51f96b7/episode-00000019-slot-6.json,199,d31941f753a52edf2fb17291c36370ed336b5cb18efa6513389331290a1aa921
training,logs/training/br-address-low-noise-feedback-20261003,logs/training/br-address-low-noise-feedback-20261003/replays/4e76f8a6c210468a9276f98fa51f96b7/episode-00000020-slot-4.json,200,83ae4f9cda20702e4060aa51ea0f8d0177e3fcca956f27ecec9a0b35c960cf1b
training,logs/training/br-address-low-noise-feedback-20261003,logs/training/br-address-low-noise-feedback-20261003/replays/4e76f8a6c210468a9276f98fa51f96b7/episode-00000021-slot-5.json,200,2303e308112fab68f037ff58fc352764c8574b6c99d464c2e63f7aa4e377099d
training,logs/training/br-address-low-noise-feedback-20261003,logs/training/br-address-low-noise-feedback-20261003/replays/4e76f8a6c210468a9276f98fa51f96b7/episode-00000022-slot-0.json,200,32466823f82cbdf3f6a5600e0a68c9750f75684d66652ab76b4fa55299f921fc
training,logs/training/br-address-low-noise-feedback-20261003,logs/training/br-address-low-noise-feedback-20261003/replays/4e76f8a6c210468a9276f98fa51f96b7/episode-00000023-slot-1.json,199,f45781c7b42bf249c7ce75e63741a7a7526317e16bf10b8231fc194df8cfe0bb
training,logs/training/br-address-low-noise-feedback-20261003,logs/training/br-address-low-noise-feedback-20261003/replays/4e76f8a6c210468a9276f98fa51f96b7/episode-00000024-slot-7.json,200,6457234a5c6d2b304ac9f22dee38111f517baa2ffe17dee3fc72f65ff5ac6379
training,logs/training/br-address-low-noise-feedback-20261003,logs/training/br-address-low-noise-feedback-20261003/replays/4e76f8a6c210468a9276f98fa51f96b7/episode-00000025-slot-2.json,200,5cb3441522f2e42890e5a2c1825935fdcca78ee0a317b5cd6801ac3e54fbbe71
training,logs/training/br-address-low-noise-feedback-20261003,logs/training/br-address-low-noise-feedback-20261003/replays/4e76f8a6c210468a9276f98fa51f96b7/episode-00000026-slot-5.json,200,a0e0b2c1bfbdf780c6eacf7789296430eb7f4f54a1278a27e07e27e2557970f9
training,logs/training/br-address-low-noise-feedback-20261003,logs/training/br-address-low-noise-feedback-20261003/replays/4e76f8a6c210468a9276f98fa51f96b7/episode-00000027-slot-3.json,200,2912893308728f40da0a49a7f01ed8d4df99ead2a6f880e1029dbc1e76266081
training,logs/training/br-address-low-noise-feedback-20261003,logs/training/br-address-low-noise-feedback-20261003/replays/4e76f8a6c210468a9276f98fa51f96b7/episode-00000028-slot-6.json,200,4d14774d59d66505f8644f0a4f86319c39c2dfac4b91a1abee4ef44c68bde56b
training,logs/training/br-address-low-noise-feedback-20261003,logs/training/br-address-low-noise-feedback-20261003/replays/4e76f8a6c210468a9276f98fa51f96b7/episode-00000029-slot-4.json,200,9eaf1cc83d1604df11578d3f5f7446381ed0604a12e0076f422cd86731f8c6da
training,logs/training/br-address-low-noise-feedback-20261003,logs/training/br-address-low-noise-feedback-20261003/replays/4e76f8a6c210468a9276f98fa51f96b7/episode-00000030-slot-3.json,200,a71753692ddb927943bfb69eada32e9d8d54b04ad08ba8210e5f2b917071acc1
training,logs/training/br-address-low-noise-feedback-20261003,logs/training/br-address-low-noise-feedback-20261003/replays/4e76f8a6c210468a9276f98fa51f96b7/episode-00000031-slot-0.json,199,283c0e2e42ca56790e23ad95763f847da277aa188c875f594f07cf771d033396
training,logs/training/br-address-low-noise-feedback-20261003,logs/training/br-address-low-noise-feedback-20261003/replays/4e76f8a6c210468a9276f98fa51f96b7/episode-00000032-slot-1.json,200,7ed8ca73ab132f15325fb7b9e70c384158ab978edd22c0de22ec0e3a020124b2
training,logs/training/br-address-low-noise-feedback-20261003,logs/training/br-address-low-noise-feedback-20261003/replays/4e76f8a6c210468a9276f98fa51f96b7/episode-00000033-slot-5.json,199,dec10b1562c4f19447d54f9ab99695b470b98db9e82cdb6c31a32342c45070a2
training,logs/training/br-address-low-noise-feedback-20261003,logs/training/br-address-low-noise-feedback-20261003/replays/4e76f8a6c210468a9276f98fa51f96b7/episode-00000034-slot-4.json,200,0853087fb7236bcfcd8d75f24bfcac294ee125781f748b214ce86ea487d179c1
training,logs/training/br-address-low-noise-feedback-20261003,logs/training/br-address-low-noise-feedback-20261003/replays/4e76f8a6c210468a9276f98fa51f96b7/episode-00000035-slot-2.json,200,532ee83582d5d6378027eef23bb5e13eade9ebd69d6df26c0c35cdae498acb19
training,logs/training/br-address-low-noise-feedback-20261003,logs/training/br-address-low-noise-feedback-20261003/replays/4e76f8a6c210468a9276f98fa51f96b7/episode-00000036-slot-0.json,200,f7b1c7055b52acb184acd9265dba1dfb53ac11631b495ef8e2bd3df222fe0724
training,logs/training/br-address-low-noise-feedback-20261003,logs/training/br-address-low-noise-feedback-20261003/replays/4e76f8a6c210468a9276f98fa51f96b7/episode-00000037-slot-6.json,199,c4a4f4dc0ed83c0b5cc931c7617419f9269fdda7d47769f22db12f4c75b2e2fb
training,logs/training/br-address-low-noise-feedback-20261003,logs/training/br-address-low-noise-feedback-20261003/replays/4e76f8a6c210468a9276f98fa51f96b7/episode-00000038-slot-7.json,199,8f6ad96a8ca618a4939fd43284c21d182132f36f02a7652ba83c50c75607c0e7
training,logs/training/br-address-low-noise-feedback-20261003,logs/training/br-address-low-noise-feedback-20261003/replays/4e76f8a6c210468a9276f98fa51f96b7/episode-00000039-slot-3.json,199,f8a45a9b1ceb02009c1725e778ba887f7ba5b8d9110651843a9c52b0a8e26eee
training,logs/training/br-address-low-noise-feedback-20261003,logs/training/br-address-low-noise-feedback-20261003/replays/4e76f8a6c210468a9276f98fa51f96b7/episode-00000040-slot-1.json,200,dfa31855356ddf9770611e60240edcf57694b1a9bd075e4122c3f945e07ebf39
training,logs/training/br-address-low-noise-feedback-20261003,logs/training/br-address-low-noise-feedback-20261003/replays/4e76f8a6c210468a9276f98fa51f96b7/episode-00000041-slot-6.json,200,be411a7e7ed396d9eb1f8bba6869d870874cd13e21c0e896eab5f10e00224699
training,logs/training/br-address-low-noise-feedback-20261003,logs/training/br-address-low-noise-feedback-20261003/replays/4e76f8a6c210468a9276f98fa51f96b7/episode-00000042-slot-4.json,199,54dbfd4e9d2d0756326788264499eb8234a564f7393b66a53c125233128098c9
training,logs/training/br-address-low-noise-feedback-20261003,logs/training/br-address-low-noise-feedback-20261003/replays/4e76f8a6c210468a9276f98fa51f96b7/episode-00000043-slot-0.json,200,e6fe7e9391df1d326077a8b12afe49e9c2dec30bb8d7406e38d723447d4287c7
training,logs/training/br-address-low-noise-feedback-20261003,logs/training/br-address-low-noise-feedback-20261003/replays/4e76f8a6c210468a9276f98fa51f96b7/episode-00000044-slot-5.json,200,de240af92f7d0d5560c0fa6e9298579f61abf0b8833a4bcadd88853d9b19534d
training,logs/training/br-address-low-noise-feedback-20261003,logs/training/br-address-low-noise-feedback-20261003/replays/4e76f8a6c210468a9276f98fa51f96b7/episode-00000045-slot-2.json,200,fde66725259442062b1fb07c67a38d4be1189116ecca8c465bc7ac0d13a48281
training,logs/training/br-address-low-noise-feedback-20261003,logs/training/br-address-low-noise-feedback-20261003/replays/4e76f8a6c210468a9276f98fa51f96b7/episode-00000046-slot-7.json,199,44c15a9969d852d3c55a6c75783a8058e9d945c33cf113210538bc0015222ffd
training,logs/training/br-address-low-noise-feedback-20261003,logs/training/br-address-low-noise-feedback-20261003/replays/4e76f8a6c210468a9276f98fa51f96b7/episode-00000047-slot-3.json,200,16aaf03adb95adfa1e51d9df54181cc9c5bc9c490e94cfce8e95489532b888c0
training,logs/training/br-address-low-noise-feedback-20261003,logs/training/br-address-low-noise-feedback-20261003/replays/4e76f8a6c210468a9276f98fa51f96b7/episode-00000048-slot-1.json,200,4461884add9522383645788b254f225bc1e912b94eff2515e8191178dea14980
training,logs/training/br-address-low-noise-feedback-20261003,logs/training/br-address-low-noise-feedback-20261003/replays/4e76f8a6c210468a9276f98fa51f96b7/episode-00000049-slot-5.json,200,854dd29656df1410b3df1e8ffc5e8849f818a38654d26b239799c87fb1141869
training,logs/training/br-address-low-noise-feedback-20261003,logs/training/br-address-low-noise-feedback-20261003/replays/4e76f8a6c210468a9276f98fa51f96b7/episode-00000050-slot-4.json,200,0e0e3ad4f54b058e0d262d78142fa8b9ae4b3643083fb355665624b8793cbdb6
training,logs/training/br-address-low-noise-feedback-20261003,logs/training/br-address-low-noise-feedback-20261003/replays/4e76f8a6c210468a9276f98fa51f96b7/episode-00000051-slot-0.json,200,9197ed3d75dd9d5973abf8399f0a15ffd75774a1e56e7f3afb76850fefff7c6e
training,logs/training/br-address-low-noise-feedback-20261003,logs/training/br-address-low-noise-feedback-20261003/replays/4e76f8a6c210468a9276f98fa51f96b7/episode-00000052-slot-6.json,200,adfbd66c290b899760b59fab191ec8ae1e610b5c8a33022d6b0a792a5f2b93cf
training,logs/training/br-address-low-noise-feedback-20261003,logs/training/br-address-low-noise-feedback-20261003/replays/4e76f8a6c210468a9276f98fa51f96b7/episode-00000053-slot-7.json,199,f912b6ccb3b74e5b401889e6a1ccf35714dc32ee41e6c5e3547c4b28501ac1d4
training,logs/training/br-address-low-noise-feedback-20261003,logs/training/br-address-low-noise-feedback-20261003/replays/4e76f8a6c210468a9276f98fa51f96b7/episode-00000054-slot-3.json,200,ce1ee8a7e5d7e7f0ba93e5ea161723ee9b5b34daf4917e5fd1b0995efda1919c
training,logs/training/br-address-low-noise-feedback-20261003,logs/training/br-address-low-noise-feedback-20261003/replays/4e76f8a6c210468a9276f98fa51f96b7/episode-00000055-slot-2.json,200,6628624bd2206d6156a5c17a105b019d3c85510e52c5f3ce9a5c2ea58a0491dc
training,logs/training/br-address-low-noise-feedback-20261003,logs/training/br-address-low-noise-feedback-20261003/replays/4e76f8a6c210468a9276f98fa51f96b7/episode-00000056-slot-1.json,200,89574fa43c6dc2afff274eb1be1e793b442752bb4cf24ab412a8c6e36b714ed6
training,logs/training/br-address-low-noise-feedback-20261003,logs/training/br-address-low-noise-feedback-20261003/replays/4e76f8a6c210468a9276f98fa51f96b7/episode-00000057-slot-0.json,199,15d3ec7caa1e558a441f5956ffe1924730f4a4ce66cf754bc91efbc34f907439
training,logs/training/br-address-low-noise-feedback-20261003,logs/training/br-address-low-noise-feedback-20261003/replays/4e76f8a6c210468a9276f98fa51f96b7/episode-00000058-slot-5.json,200,6da987f24b64b4ae8c772acc45be0ba6883bf698cbefcbfef5adf9924a40b091
training,logs/training/br-address-low-noise-feedback-20261003,logs/training/br-address-low-noise-feedback-20261003/replays/4e76f8a6c210468a9276f98fa51f96b7/episode-00000059-slot-4.json,199,ba75d775ac86a3e1445fd0600fb7d48f183d7a2b700266b918dc8f6811894858
training,logs/training/br-address-low-noise-feedback-20261003,logs/training/br-address-low-noise-feedback-20261003/replays/4e76f8a6c210468a9276f98fa51f96b7/episode-00000060-slot-7.json,198,e7f3b0a811def42f0db2cc5120110b55ccdc7f5dab37f076a69212983ed3cbe2
training,logs/training/br-address-low-noise-feedback-20261003,logs/training/br-address-low-noise-feedback-20261003/replays/4e76f8a6c210468a9276f98fa51f96b7/episode-00000061-slot-2.json,199,0b021678282b7624bb010bb81975a7708d594c3a4a1360928bd0ce0fb052536d
training,logs/training/br-address-low-noise-feedback-20261003,logs/training/br-address-low-noise-feedback-20261003/replays/4e76f8a6c210468a9276f98fa51f96b7/episode-00000062-slot-6.json,199,2bb4f5b69870423c45a43e8ff78d45891ae241f7ac71fed71fa4b2ccf37f5f44
training,logs/training/br-address-low-noise-feedback-20261003,logs/training/br-address-low-noise-feedback-20261003/replays/4e76f8a6c210468a9276f98fa51f96b7/episode-00000063-slot-3.json,200,74497e6aa78908e450395d226bb4ec4385e7c706caf7510e9cf3cbe407ebbab1
training,logs/training/br-address-low-noise-feedback-20261003,logs/training/br-address-low-noise-feedback-20261003/replays/4e76f8a6c210468a9276f98fa51f96b7/episode-00000064-slot-1.json,200,ba694184fc229c68386983843e0ad519488bfcfbb9fc77a299c4aa3eaf71da98
training,logs/training/br-address-low-noise-feedback-20261003,logs/training/br-address-low-noise-feedback-20261003/replays/4e76f8a6c210468a9276f98fa51f96b7/episode-00000065-slot-6.json,200,d78e26218f597cdc77fb25b38d79039f7f0dec32e1e45fb48c8b4740af439118
training,logs/training/br-address-low-noise-feedback-20261003,logs/training/br-address-low-noise-feedback-20261003/replays/4e76f8a6c210468a9276f98fa51f96b7/episode-00000066-slot-7.json,200,e82b73c3f4ec4d7b3b7df4fde63d9750b80f7e6082566531aac23270e910c8c6
training,logs/training/br-address-low-noise-feedback-20261003,logs/training/br-address-low-noise-feedback-20261003/replays/4e76f8a6c210468a9276f98fa51f96b7/episode-00000067-slot-4.json,200,402f97e801014b9cd903bab52108b9a20f2d77e9a35aef4e977aa623627ae6a6
training,logs/training/br-address-low-noise-feedback-20261003,logs/training/br-address-low-noise-feedback-20261003/replays/4e76f8a6c210468a9276f98fa51f96b7/episode-00000068-slot-0.json,200,c609f393be4fef43aa43737536dcd7d107de47dd4c16fa10d6632497db817dd3
training,logs/training/br-address-low-noise-feedback-20261003,logs/training/br-address-low-noise-feedback-20261003/replays/4e76f8a6c210468a9276f98fa51f96b7/episode-00000069-slot-5.json,200,c42fd89c014ebeabeb1d062855a4f058485838630e3f40f6822804b06ef09587
training,logs/training/br-address-low-noise-feedback-20261003,logs/training/br-address-low-noise-feedback-20261003/replays/4e76f8a6c210468a9276f98fa51f96b7/episode-00000070-slot-1.json,200,1a6253cd353eff40b384cbcb186613f27252d43d47021f29ba68d2a9c3f2a09c
training,logs/training/br-address-low-noise-feedback-20261003,logs/training/br-address-low-noise-feedback-20261003/replays/4e76f8a6c210468a9276f98fa51f96b7/episode-00000071-slot-2.json,200,109af3339d42f6df31c2c75a5e84a6504194d8f1ed3eaf866c14c3d5157ba2c0
training,logs/training/br-address-low-noise-feedback-20261003,logs/training/br-address-low-noise-feedback-20261003/replays/4e76f8a6c210468a9276f98fa51f96b7/episode-00000072-slot-3.json,200,84446c557b8059ca804db90c1158009c0bd9b6c1e17866891491a29c746a524f
training,logs/training/br-address-low-noise-feedback-20261003,logs/training/br-address-low-noise-feedback-20261003/replays/4e76f8a6c210468a9276f98fa51f96b7/episode-00000073-slot-4.json,200,f5115ae52661abcd8853c4b0495008b140c3b14d83dab703f67a2a885ff2ba49
training,logs/training/br-address-low-noise-feedback-20261003,logs/training/br-address-low-noise-feedback-20261003/replays/4e76f8a6c210468a9276f98fa51f96b7/episode-00000074-slot-7.json,200,c947db10ab9fde955685fc437218f5502a4b449e9e6d6bc7544119b23cc6ca18
training,logs/training/br-address-low-noise-feedback-20261003,logs/training/br-address-low-noise-feedback-20261003/replays/4e76f8a6c210468a9276f98fa51f96b7/episode-00000075-slot-0.json,200,9977b5485237a63246caf7d2380eda948724d7413f629db3b85c96d27b06b230
training,logs/training/br-address-low-noise-feedback-20261003,logs/training/br-address-low-noise-feedback-20261003/replays/4e76f8a6c210468a9276f98fa51f96b7/episode-00000076-slot-6.json,199,9c0161dc2be6a2c5bd63ea22776715f70197fbd56b4ae7fe9a1059836f23f367
training,logs/training/br-address-low-noise-feedback-20261003,logs/training/br-address-low-noise-feedback-20261003/replays/4e76f8a6c210468a9276f98fa51f96b7/episode-00000077-slot-3.json,200,e5a359af26a6a5091987a7a6c15dc39e63de0735b4c24a276802b4177796b92c
training,logs/training/br-address-low-noise-feedback-20261003,logs/training/br-address-low-noise-feedback-20261003/replays/4e76f8a6c210468a9276f98fa51f96b7/episode-00000078-slot-2.json,200,19978ddfcd82fe47f6817069c8626d139840c0228bf74ab219fd25e3519120e5
training,logs/training/br-address-low-noise-feedback-20261003,logs/training/br-address-low-noise-feedback-20261003/replays/4e76f8a6c210468a9276f98fa51f96b7/episode-00000079-slot-5.json,199,d662a051aca8d5391d5798e842a9825d1eb65ad716223a17c57e0c7d10e6b913
training,logs/training/br-address-low-noise-feedback-20261003,logs/training/br-address-low-noise-feedback-20261003/replays/4e76f8a6c210468a9276f98fa51f96b7/episode-00000080-slot-1.json,200,722a210b63242cdb07d6eaaeb48f0a26271384fed4f67f9a384c6dad62f0b0cd
training,logs/training/br-address-low-noise-feedback-20261003,logs/training/br-address-low-noise-feedback-20261003/replays/4e76f8a6c210468a9276f98fa51f96b7/episode-00000081-slot-4.json,198,26c9addecf8cdab63d9217a67b62ad130fe5a9bb84cb49d65644dff95a550ef9
training,logs/training/br-address-low-noise-feedback-20261003,logs/training/br-address-low-noise-feedback-20261003/replays/4e76f8a6c210468a9276f98fa51f96b7/episode-00000082-slot-1.json,200,348751ebde61da20b44846b9b181d6c7b2f0f38dd443fbc91b323cc5051f8c81
training,logs/training/br-address-low-noise-feedback-20261003,logs/training/br-address-low-noise-feedback-20261003/replays/4e76f8a6c210468a9276f98fa51f96b7/episode-00000083-slot-7.json,199,54ffa689f4868462c742f95b29ae545b10ebf50c6b00a3ed295e782e21b92573
training,logs/training/br-address-low-noise-feedback-20261003,logs/training/br-address-low-noise-feedback-20261003/replays/4e76f8a6c210468a9276f98fa51f96b7/episode-00000084-slot-5.json,199,04f8d75a645a2d6dfeb15ce8611d6ca4ca2de4f66eada260616caa3dc2f817f4
training,logs/training/br-address-low-noise-feedback-20261003,logs/training/br-address-low-noise-feedback-20261003/replays/4e76f8a6c210468a9276f98fa51f96b7/episode-00000085-slot-6.json,200,5d092e78c7f9a9f4608613fc6948a503a41eb5c8dfbac088c6797969fe3f8032
training,logs/training/br-address-low-noise-feedback-20261003,logs/training/br-address-low-noise-feedback-20261003/replays/4e76f8a6c210468a9276f98fa51f96b7/episode-00000086-slot-3.json,200,e2b69702882eff608c144d6a2944bba378d4327a61c23848e02c2681cd9bc683
training,logs/training/br-address-low-noise-feedback-20261003,logs/training/br-address-low-noise-feedback-20261003/replays/4e76f8a6c210468a9276f98fa51f96b7/episode-00000087-slot-2.json,200,6e916507c52df49f9eaedf22ba3af3a5f415528cce6e0ad8026d3860f4cb57eb
training,logs/training/br-address-low-noise-feedback-20261003,logs/training/br-address-low-noise-feedback-20261003/replays/4e76f8a6c210468a9276f98fa51f96b7/episode-00000088-slot-0.json,203,1d9b15beea5148a7cc8496045cac1310268c318d182c68569c90093de1fb538c
training,logs/training/br-address-low-noise-feedback-20261003,logs/training/br-address-low-noise-feedback-20261003/replays/4e76f8a6c210468a9276f98fa51f96b7/episode-00000089-slot-7.json,200,8e5335cae1d39719e2dc29ea92cd41969d03ed4f2bdc9aaf21e9cfcc0c0035f2
training,logs/training/br-address-low-noise-feedback-20261003,logs/training/br-address-low-noise-feedback-20261003/replays/4e76f8a6c210468a9276f98fa51f96b7/episode-00000090-slot-5.json,200,9fad6b715c17bc9318a2c607cd178b5708aa16e7663fd05a08baee4d8a53d0f6
training,logs/training/br-address-low-noise-feedback-20261003,logs/training/br-address-low-noise-feedback-20261003/replays/4e76f8a6c210468a9276f98fa51f96b7/episode-00000091-slot-4.json,200,a93ae2b571c9dac8b02dc347380eac2216184b6e5215fc0f1e9a6386162c7c00
training,logs/training/br-address-low-noise-feedback-20261003,logs/training/br-address-low-noise-feedback-20261003/replays/4e76f8a6c210468a9276f98fa51f96b7/episode-00000092-slot-1.json,200,65acac8e96d86d8dd6077287189e8ab82930edceadefd85904aff320445e076c
training,logs/training/br-address-low-noise-feedback-20261003,logs/training/br-address-low-noise-feedback-20261003/replays/4e76f8a6c210468a9276f98fa51f96b7/episode-00000093-slot-2.json,200,d4c9621560d145ea50ac0e35f0db1d3df8ee39e5625c7ed7ffdc545a16d0e0ef
training,logs/training/br-address-low-noise-feedback-20261003,logs/training/br-address-low-noise-feedback-20261003/replays/4e76f8a6c210468a9276f98fa51f96b7/episode-00000094-slot-0.json,200,7ddb04f63290e40ceaf3964a7613d1270112308d3b027f194407129d6375a951
training,logs/training/br-address-low-noise-feedback-20261003,logs/training/br-address-low-noise-feedback-20261003/replays/4e76f8a6c210468a9276f98fa51f96b7/episode-00000095-slot-6.json,200,8de939f750e86c80b79f6ad8f611d76d68fe344a4df72b733fe384de9d5e052b
training,logs/training/br-address-low-noise-feedback-20261003,logs/training/br-address-low-noise-feedback-20261003/replays/4e76f8a6c210468a9276f98fa51f96b7/episode-00000096-slot-3.json,199,7ea73566a105739c234a07f7ebb84684ee3038659dd71602f0323cf82132b7d1
training,logs/training/br-address-low-noise-feedback-20261003,logs/training/br-address-low-noise-feedback-20261003/replays/4e76f8a6c210468a9276f98fa51f96b7/episode-00000097-slot-7.json,200,7609845794866bbb3d6f04b0f2140225295d32bcedbf75be92f99fa5e24f4213
training,logs/training/br-address-low-noise-feedback-20261003,logs/training/br-address-low-noise-feedback-20261003/replays/4e76f8a6c210468a9276f98fa51f96b7/episode-00000098-slot-5.json,200,942f7d4074f68686e9fe03986d14338da9f08cb662c805740e52e2dd2c8777bc
training,logs/training/br-address-low-noise-feedback-20261003,logs/training/br-address-low-noise-feedback-20261003/replays/4e76f8a6c210468a9276f98fa51f96b7/episode-00000099-slot-2.json,200,923336c6ce340a7b80378b679a5136cef5e13402674df8dea74d35702b94c62e
training,logs/training/br-address-low-noise-feedback-20261003,logs/training/br-address-low-noise-feedback-20261003/replays/4e76f8a6c210468a9276f98fa51f96b7/episode-00000100-slot-0.json,200,2c410fa2095932181a7b8c7f8da28ab8ff4f0c9cc0d753afa1ba043ebfd685f7
training,logs/training/br-address-low-noise-feedback-20261003,logs/training/br-address-low-noise-feedback-20261003/replays/4e76f8a6c210468a9276f98fa51f96b7/episode-00000101-slot-4.json,198,2834e9e8e56cc93352cb2d3d654ea54fd9fc67109b12aebb9a1fab909073d8de
training,logs/training/br-address-low-noise-feedback-20261003,logs/training/br-address-low-noise-feedback-20261003/replays/4e76f8a6c210468a9276f98fa51f96b7/episode-00000102-slot-1.json,199,6270c862d71e09fb9eddfdb72f54bea40a0681cdcc0ced50e3e8d471be738e2b
training,logs/training/br-address-low-noise-feedback-20261003,logs/training/br-address-low-noise-feedback-20261003/replays/4e76f8a6c210468a9276f98fa51f96b7/episode-00000103-slot-6.json,200,9d0ea9b2614f6233760e821808b0de1fd5f03ea8407ef9458c7d65cb869aae2e
training,logs/training/br-address-low-noise-feedback-20261003,logs/training/br-address-low-noise-feedback-20261003/replays/4e76f8a6c210468a9276f98fa51f96b7/episode-00000104-slot-3.json,200,2575444ffc16c455b4fdeaf0d238ba45f27752ee913351cc0a704b8da30bb204
training,logs/training/br-address-low-noise-feedback-20261003,logs/training/br-address-low-noise-feedback-20261003/replays/4e76f8a6c210468a9276f98fa51f96b7/episode-00000105-slot-5.json,200,961e1abb1ea2ea9e1b55ff240e0e6c0a44030f02100e9c8ff75def55effc3bcf
training,logs/training/br-address-low-noise-feedback-20261003,logs/training/br-address-low-noise-feedback-20261003/replays/4e76f8a6c210468a9276f98fa51f96b7/episode-00000106-slot-7.json,203,4af89855814f653bd37baf146d526b1c26c48ff35b6b3b3fe2eb91e34508a94b
training,logs/training/br-address-low-noise-feedback-20261003,logs/training/br-address-low-noise-feedback-20261003/replays/4e76f8a6c210468a9276f98fa51f96b7/episode-00000107-slot-2.json,198,8126ce93801b94661415daa107914aaf9377d23806b9b97b31a5a6994f9fd65a
training,logs/training/br-address-low-noise-feedback-20261003,logs/training/br-address-low-noise-feedback-20261003/replays/4e76f8a6c210468a9276f98fa51f96b7/episode-00000108-slot-0.json,200,dada0a241162559215a6de72f716ed3f952db330f06fdb97c5a89d114ebfa0e5
training,logs/training/br-address-low-noise-feedback-20261003,logs/training/br-address-low-noise-feedback-20261003/replays/4e76f8a6c210468a9276f98fa51f96b7/episode-00000109-slot-4.json,200,840181d80aa7fe2399cbd8f28fe4ffd49f498dcb97a007572506124d4ed09438
training,logs/training/br-address-low-noise-feedback-20261003,logs/training/br-address-low-noise-feedback-20261003/replays/4e76f8a6c210468a9276f98fa51f96b7/episode-00000110-slot-1.json,200,7c912f4e7bb46030622fd6aa83b9e1a189e601315658f0e2a73426d934100890
training,logs/training/br-address-low-noise-feedback-20261003,logs/training/br-address-low-noise-feedback-20261003/replays/4e76f8a6c210468a9276f98fa51f96b7/episode-00000111-slot-5.json,199,f1e0299888aac84bd6d9ddb18c80078afeeb080389c00f6e11ca66b8148e001e
training,logs/training/br-address-low-noise-feedback-20261003,logs/training/br-address-low-noise-feedback-20261003/replays/4e76f8a6c210468a9276f98fa51f96b7/episode-00000112-slot-6.json,200,1e2de0f7d99ded5cdc6c99d9a8cec602cac73b7ef6c1135259256603bd4bc388
training,logs/training/br-address-low-noise-feedback-20261003,logs/training/br-address-low-noise-feedback-20261003/replays/4e76f8a6c210468a9276f98fa51f96b7/episode-00000113-slot-3.json,200,f4d01edd333b4549fcbba1cb60997df2d0c20f6b65f7a367f2826b80bf33d54d
training,logs/training/br-address-low-noise-feedback-20261003,logs/training/br-address-low-noise-feedback-20261003/replays/4e76f8a6c210468a9276f98fa51f96b7/episode-00000114-slot-7.json,199,4e8adf6c586ec37c7ab776dd0d9665eef6ec0fdf8f023d9acd504b3f71cc4fb5
training,logs/training/br-address-low-noise-feedback-20261003,logs/training/br-address-low-noise-feedback-20261003/replays/4e76f8a6c210468a9276f98fa51f96b7/episode-00000115-slot-1.json,199,97e2c5a42cf4e06ca638fb87aaad418954e163caf2da272ff9952326cad9f388
training,logs/training/br-address-low-noise-feedback-20261003,logs/training/br-address-low-noise-feedback-20261003/replays/4e76f8a6c210468a9276f98fa51f96b7/episode-00000116-slot-2.json,200,4db5afc72e5f9d3c0a1b6a1e39df21b2517e2ebaccf13aa6486be6229ed8bfba
training,logs/training/br-address-low-noise-feedback-20261003,logs/training/br-address-low-noise-feedback-20261003/replays/4e76f8a6c210468a9276f98fa51f96b7/episode-00000117-slot-0.json,200,ae697786a3e71acb1351fd8599ed6f6929cfd32dcd3ae03e731a88c989c0d248
training,logs/training/br-address-low-noise-feedback-20261003,logs/training/br-address-low-noise-feedback-20261003/replays/4e76f8a6c210468a9276f98fa51f96b7/episode-00000118-slot-4.json,200,9647bcdeca9a44b7e0b408b1c3551709f1210f3a3c0425c8265c2be64d60e51e
training,logs/training/br-address-low-noise-feedback-20261003,logs/training/br-address-low-noise-feedback-20261003/replays/4e76f8a6c210468a9276f98fa51f96b7/episode-00000119-slot-5.json,200,c798874a4d1190a24e7b13dc9a88a58f6726def1caebb79187449fbc8ef26ac9
training,logs/training/br-address-low-noise-feedback-20261003,logs/training/br-address-low-noise-feedback-20261003/replays/4e76f8a6c210468a9276f98fa51f96b7/episode-00000120-slot-2.json,200,5d4866a725001444706efeef83ccd2114a2535bf32ac3d42314803e69f9fba6d
training,logs/training/br-address-low-noise-feedback-20261003,logs/training/br-address-low-noise-feedback-20261003/replays/4e76f8a6c210468a9276f98fa51f96b7/episode-00000121-slot-3.json,200,3453f4525140f7ce781a986ea32ecb7c6f8eb80505ab4f4a0c16be252054a38d
training,logs/training/br-address-low-noise-feedback-20261003,logs/training/br-address-low-noise-feedback-20261003/replays/4e76f8a6c210468a9276f98fa51f96b7/episode-00000122-slot-0.json,200,1f7d4df3bfc3fe2e42bdf6a410f8d088042caf163a38214edc3f14a9a5cd7f19
training,logs/training/br-address-low-noise-feedback-20261003,logs/training/br-address-low-noise-feedback-20261003/replays/4e76f8a6c210468a9276f98fa51f96b7/episode-00000123-slot-6.json,200,ebb2a72bf6985ef57a98daf0cf49dc00475ac9cb614e75445bc388fef6c6b84e
training,logs/training/br-address-low-noise-feedback-20261003,logs/training/br-address-low-noise-feedback-20261003/replays/4e76f8a6c210468a9276f98fa51f96b7/episode-00000124-slot-7.json,200,8be243a2191a125cb012ca4ee30681647d0cd6c7c2ed4ed85c90d06bbc08d00e
training,logs/training/br-address-low-noise-feedback-20261003,logs/training/br-address-low-noise-feedback-20261003/replays/4e76f8a6c210468a9276f98fa51f96b7/episode-00000125-slot-2.json,200,770395f3a94bac727d952d8af99e3daadffb173266186df434364ddf8128bc94
training,logs/training/br-address-low-noise-feedback-20261003,logs/training/br-address-low-noise-feedback-20261003/replays/4e76f8a6c210468a9276f98fa51f96b7/episode-00000126-slot-4.json,199,32c525280121b09958156f2faee0a6a8ef7fc20b93c1d1d5c350d8179fc8e8bf
training,logs/training/br-address-low-noise-feedback-20261003,logs/training/br-address-low-noise-feedback-20261003/replays/4e76f8a6c210468a9276f98fa51f96b7/episode-00000127-slot-1.json,204,c8289b7395afbb842562a07c4a1e43e07e5587acc446a4ddb55f772e5dc128a2
training,logs/training/br-address-low-noise-feedback-20261003,logs/training/br-address-low-noise-feedback-20261003/replays/4e76f8a6c210468a9276f98fa51f96b7/episode-00000128-slot-5.json,199,a28cec2e43b61b73e790815dcf95e18f26d132a366027438a89b7dd1d150f08d
training,logs/training/br-address-low-noise-feedback-20261003,logs/training/br-address-low-noise-feedback-20261003/replays/4e76f8a6c210468a9276f98fa51f96b7/episode-00000129-slot-7.json,200,123b19507de858756de1748864efb32903df3b245028c235d03e48d62b35c665
training,logs/training/br-address-low-noise-feedback-20261003,logs/training/br-address-low-noise-feedback-20261003/replays/4e76f8a6c210468a9276f98fa51f96b7/episode-00000130-slot-3.json,200,be639bc5976f72e84f85de563ad6be544707f30796146bfa4daec55b4ef8dd3f
training,logs/training/br-address-low-noise-feedback-20261003,logs/training/br-address-low-noise-feedback-20261003/replays/4e76f8a6c210468a9276f98fa51f96b7/episode-00000131-slot-0.json,200,01a599496ada396b9d29438b8c9cbee50b4846acecf2fbdcc8d7fe0eff0560dd
training,logs/training/br-address-low-noise-feedback-20261003,logs/training/br-address-low-noise-feedback-20261003/replays/4e76f8a6c210468a9276f98fa51f96b7/episode-00000132-slot-2.json,200,42ec14b2e77f9e5e1ab6fb716fb3c3d7fe66bea9f24c3c9ccf1b1a6d8e8085fa
training,logs/training/br-address-low-noise-feedback-20261003,logs/training/br-address-low-noise-feedback-20261003/replays/4e76f8a6c210468a9276f98fa51f96b7/episode-00000133-slot-1.json,200,c990f2ae9ab4e2bbad8388501f5ef63fc8cfd5f3fd97b6ebcf08a5ab58ad70cf
training,logs/training/br-address-low-noise-feedback-20261003,logs/training/br-address-low-noise-feedback-20261003/replays/4e76f8a6c210468a9276f98fa51f96b7/episode-00000134-slot-6.json,204,6dc4087b4c7039a9c9ae2ecdba6c0e07fb6b6b5ee10f8563728082da62cc2747
training,logs/training/br-address-low-noise-feedback-20261003,logs/training/br-address-low-noise-feedback-20261003/replays/4e76f8a6c210468a9276f98fa51f96b7/episode-00000135-slot-7.json,199,3fb407d9c95b811a284cd968899946497832291fb7e4df67dd8b758e478fc2a5
training,logs/training/br-address-low-noise-feedback-20261003,logs/training/br-address-low-noise-feedback-20261003/replays/4e76f8a6c210468a9276f98fa51f96b7/episode-00000136-slot-4.json,200,15a7b841ccc40bed41f8207ed67c809e6c52cffceb70993b0439695bfe08fa38
training,logs/training/br-address-low-noise-feedback-20261003,logs/training/br-address-low-noise-feedback-20261003/replays/4e76f8a6c210468a9276f98fa51f96b7/episode-00000137-slot-5.json,200,f0d6da2c14d6737cf5a35f8746145f60cccfac04b1f0f1d90c09406622a9bd91
training,logs/training/br-address-low-noise-feedback-20261003,logs/training/br-address-low-noise-feedback-20261003/replays/4e76f8a6c210468a9276f98fa51f96b7/episode-00000138-slot-3.json,199,8ced1fd04feb5e85bfe1fb6f1457422444903b1e84b5f446ba83b5b7ccf5b786
training,logs/training/br-address-low-noise-feedback-20261003,logs/training/br-address-low-noise-feedback-20261003/replays/4e76f8a6c210468a9276f98fa51f96b7/episode-00000139-slot-6.json,200,beb1957f83b8ddf72bed80a2634ff0a3cd7956155848c172996191d094540e60
training,logs/training/br-address-low-noise-feedback-20261003,logs/training/br-address-low-noise-feedback-20261003/replays/4e76f8a6c210468a9276f98fa51f96b7/episode-00000140-slot-0.json,200,b3db95aad2c26d8868c9157e3cdc08be7c10d939f60f002686e83634340caf0d
training,logs/training/br-address-low-noise-feedback-20261003,logs/training/br-address-low-noise-feedback-20261003/replays/4e76f8a6c210468a9276f98fa51f96b7/episode-00000141-slot-2.json,200,384d36c7a682b9d93f3668d8841ec39cdfd4b8d01e54acf827de636d5f66b997
training,logs/training/br-address-low-noise-feedback-20261003,logs/training/br-address-low-noise-feedback-20261003/replays/4e76f8a6c210468a9276f98fa51f96b7/episode-00000142-slot-5.json,200,03649735e13713e7ecb025484456ba3e6dd9c876add594fc0e2c43f044e53a32
training,logs/training/br-address-low-noise-feedback-20261003,logs/training/br-address-low-noise-feedback-20261003/replays/4e76f8a6c210468a9276f98fa51f96b7/episode-00000143-slot-1.json,200,a130f32763d8aee438295876be1badadb69d426f663e927d0fb07539ec459158
training,logs/training/br-address-low-noise-feedback-20261003,logs/training/br-address-low-noise-feedback-20261003/replays/4e76f8a6c210468a9276f98fa51f96b7/episode-00000144-slot-4.json,199,c1e1da7bc4ff97cd391e72499b99af082f9deaba664eb7e950b1e4eded3aff63
training,logs/training/br-address-low-noise-feedback-20261003,logs/training/br-address-low-noise-feedback-20261003/replays/4e76f8a6c210468a9276f98fa51f96b7/episode-00000145-slot-7.json,200,49a13c2d0150fe4fd386ad1ba41114e822ca87bafab346baabadc8446d9ff509
training,logs/training/br-address-low-noise-feedback-20261003,logs/training/br-address-low-noise-feedback-20261003/replays/4e76f8a6c210468a9276f98fa51f96b7/episode-00000146-slot-0.json,200,a2e880b85be84f805fc5c0079b37b11dfb1ef621c9e63ed0c48df60cf9cac739
training,logs/training/br-address-low-noise-feedback-20261003,logs/training/br-address-low-noise-feedback-20261003/replays/4e76f8a6c210468a9276f98fa51f96b7/episode-00000147-slot-3.json,200,3a54f6367fabd4d06cc719040d82db3feedbb81a61e096d6cd7fc663481b8911
training,logs/training/br-address-low-noise-feedback-20261003,logs/training/br-address-low-noise-feedback-20261003/replays/4e76f8a6c210468a9276f98fa51f96b7/episode-00000148-slot-2.json,200,7c5f9a7c3168099044aa3c0baaa60d11909f70445f9b3238d6abbbb49a4429b1
training,logs/training/br-address-low-noise-feedback-20261003,logs/training/br-address-low-noise-feedback-20261003/replays/4e76f8a6c210468a9276f98fa51f96b7/episode-00000149-slot-6.json,200,c046f58cea53dce0dce192129f00cee657fca6625213e7df69690b5943598812
training,logs/training/br-address-low-noise-feedback-20261003,logs/training/br-address-low-noise-feedback-20261003/replays/4e76f8a6c210468a9276f98fa51f96b7/episode-00000150-slot-1.json,200,c4ac6e656818007a74b08c62dd526f5dba79bb1d431cf9e7b66946b78202588d
training,logs/training/br-address-low-noise-feedback-20261003,logs/training/br-address-low-noise-feedback-20261003/replays/4e76f8a6c210468a9276f98fa51f96b7/episode-00000151-slot-4.json,200,830bf6902144157fd900b0e33d74277be2417e7b99c5decc9ada30914ff88678
training,logs/training/br-address-low-noise-feedback-20261003,logs/training/br-address-low-noise-feedback-20261003/replays/4e76f8a6c210468a9276f98fa51f96b7/episode-00000152-slot-5.json,199,8eb0e9ed7583af5bb3a2a9eac46fbf1ac2a7113c3a0b80487e817ccfb7f2cd6b
training,logs/training/br-address-low-noise-feedback-20261003,logs/training/br-address-low-noise-feedback-20261003/replays/4e76f8a6c210468a9276f98fa51f96b7/episode-00000153-slot-7.json,200,d2b10ec1dd3427632a710714b83fbccacf088ceefe5db0b4de8a457a8ad97f56
training,logs/training/br-address-low-noise-feedback-20261003,logs/training/br-address-low-noise-feedback-20261003/replays/4e76f8a6c210468a9276f98fa51f96b7/episode-00000154-slot-0.json,199,38b5d8090e48deb3b5e9f6366407ce2813a9b22f31f5a55959ce76a94fc7e055
training,logs/training/br-address-low-noise-feedback-20261003,logs/training/br-address-low-noise-feedback-20261003/replays/4e76f8a6c210468a9276f98fa51f96b7/episode-00000155-slot-2.json,200,cdf3da268857775fa08acf9fa4f6767e390fe3cd457b944f58b9774e6d2a1730
training,logs/training/br-address-low-noise-feedback-20261003,logs/training/br-address-low-noise-feedback-20261003/replays/4e76f8a6c210468a9276f98fa51f96b7/episode-00000156-slot-3.json,200,af0123e47cd13e431310c6cc4ed365ea7494f0237cd823becb554332225a6f79
training,logs/training/br-address-low-noise-feedback-20261003,logs/training/br-address-low-noise-feedback-20261003/replays/4e76f8a6c210468a9276f98fa51f96b7/episode-00000157-slot-6.json,200,201eff70605b2fe70d53dd46bf5a3d21f08ad37d88deab78e988fc9d0c16a8a3
training,logs/training/br-address-low-noise-feedback-20261003,logs/training/br-address-low-noise-feedback-20261003/replays/4e76f8a6c210468a9276f98fa51f96b7/episode-00000158-slot-4.json,200,6039452e8d8312e43283e3a7d66c2a9b57ebc8800ac545b1cb2d563868c40199
training,logs/training/br-address-low-noise-feedback-20261003,logs/training/br-address-low-noise-feedback-20261003/replays/4e76f8a6c210468a9276f98fa51f96b7/episode-00000159-slot-1.json,200,78f1049814e59cc09463c699d29578d90b7b63cf050329b4f5dadce9557b71e4
training,logs/training/br-address-low-noise-feedback-20261003,logs/training/br-address-low-noise-feedback-20261003/replays/4e76f8a6c210468a9276f98fa51f96b7/episode-00000160-slot-7.json,200,26ac30335c5c48b33ad997281b2bc77561f659b383d1ac2af24c0924ecc1b94a
training,logs/training/br-address-low-noise-feedback-20261003,logs/training/br-address-low-noise-feedback-20261003/replays/4e76f8a6c210468a9276f98fa51f96b7/episode-00000161-slot-5.json,200,81812b74729e7a8c163cbfcda5a8c4e014a978a84719f14607f07d091822645d
training,logs/training/br-address-low-noise-feedback-20261003,logs/training/br-address-low-noise-feedback-20261003/replays/4e76f8a6c210468a9276f98fa51f96b7/episode-00000162-slot-0.json,200,23ca6e97f012c01f74bf6b1aa8e5221f553a05de3b7c3ad626a65681d618eaea
training,logs/training/br-address-low-noise-feedback-20261003,logs/training/br-address-low-noise-feedback-20261003/replays/4e76f8a6c210468a9276f98fa51f96b7/episode-00000163-slot-3.json,199,96a4f94e3f90cbc56b0454094f0350ac360ca6d88958889738dad61eeeb5ea28
training,logs/training/br-address-low-noise-feedback-20261003,logs/training/br-address-low-noise-feedback-20261003/replays/4e76f8a6c210468a9276f98fa51f96b7/episode-00000164-slot-6.json,199,7d214982f7586bfdc1dead82815161878b297fb5754746d47399fc2fd7a863da
training,logs/training/br-address-low-noise-feedback-20261003,logs/training/br-address-low-noise-feedback-20261003/replays/4e76f8a6c210468a9276f98fa51f96b7/episode-00000165-slot-2.json,200,ef499bc1e47f13410b5d75b52bee5dd53bdef62ddc347e7541d5f772a948c44f
training,logs/training/br-address-low-noise-feedback-20261003,logs/training/br-address-low-noise-feedback-20261003/replays/4e76f8a6c210468a9276f98fa51f96b7/episode-00000166-slot-1.json,200,278ae3dc4fbf5c0968c1d8801865a4f76bf585f7f6db4d206465a56d22e7d5bf
training,logs/training/br-address-low-noise-feedback-20261003,logs/training/br-address-low-noise-feedback-20261003/replays/4e76f8a6c210468a9276f98fa51f96b7/episode-00000167-slot-4.json,200,2cbcd829789a13150220e0d469c6117b10af391604451d39b0f4061998f0eee7
training,logs/training/br-address-low-noise-feedback-20261003,logs/training/br-address-low-noise-feedback-20261003/replays/4e76f8a6c210468a9276f98fa51f96b7/episode-00000168-slot-7.json,199,822b7ba13c90a664ddceb27f9ea58e94574aa1a4437ba89fb208c14c88213b44
training,logs/training/br-address-low-noise-feedback-20261003,logs/training/br-address-low-noise-feedback-20261003/replays/4e76f8a6c210468a9276f98fa51f96b7/episode-00000169-slot-0.json,200,3f4874096cb0bcb21ed7118a8eb6108770d0874b054f3d921a2c9de2a48a5b48
training,logs/training/br-address-low-noise-feedback-20261003,logs/training/br-address-low-noise-feedback-20261003/replays/4e76f8a6c210468a9276f98fa51f96b7/episode-00000170-slot-5.json,200,eecb76f51af05fe34bd398beba7af857da635902008d3265ed08fc686e46c4d0
training,logs/training/br-address-low-noise-feedback-20261003,logs/training/br-address-low-noise-feedback-20261003/replays/4e76f8a6c210468a9276f98fa51f96b7/episode-00000171-slot-6.json,199,75211f7c6a0e0abd2ee6b5e1c439c538da552ec9911fdecd8c54d6a95a0bcbaa
training,logs/training/br-address-low-noise-feedback-20261003,logs/training/br-address-low-noise-feedback-20261003/replays/4e76f8a6c210468a9276f98fa51f96b7/episode-00000172-slot-2.json,200,4048fd741c005b93c773d00cdfbc260bae204e524aaebfe8254fbbd72f5cec44
training,logs/training/br-address-low-noise-feedback-20261003,logs/training/br-address-low-noise-feedback-20261003/replays/4e76f8a6c210468a9276f98fa51f96b7/episode-00000173-slot-3.json,200,6fd9192598419da2bf3926b1746d7397d17800af7d257959a3d7fc25094c6513
training,logs/training/br-address-low-noise-feedback-20261003,logs/training/br-address-low-noise-feedback-20261003/replays/4e76f8a6c210468a9276f98fa51f96b7/episode-00000174-slot-0.json,200,06f5532a361e21bf0437567eab12ab85eb9f92978d1c576fe19ff303c9be1099
training,logs/training/br-address-low-noise-feedback-20261003,logs/training/br-address-low-noise-feedback-20261003/replays/4e76f8a6c210468a9276f98fa51f96b7/episode-00000175-slot-4.json,200,d96d1c4e58d239d5dc5605a9a3b4bc1f675d45d40041bca8430aeb49a2e34ce6
training,logs/training/br-address-low-noise-feedback-20261003,logs/training/br-address-low-noise-feedback-20261003/replays/4e76f8a6c210468a9276f98fa51f96b7/episode-00000176-slot-7.json,199,dd9106b5287e05f6dbc6e262d1b5521b8cf7849288f3acf3e31307ba2e59b9dc
training,logs/training/br-address-low-noise-feedback-20261003,logs/training/br-address-low-noise-feedback-20261003/replays/4e76f8a6c210468a9276f98fa51f96b7/episode-00000177-slot-1.json,199,7ab9d4efa14da80f089d2245c69094588d85be02d69d41022e77e70c9b2aa748
training,logs/training/br-address-low-noise-feedback-20261003,logs/training/br-address-low-noise-feedback-20261003/replays/4e76f8a6c210468a9276f98fa51f96b7/episode-00000178-slot-5.json,199,84ef824903fdfb36e776c2583a59a132f671a92eff6c9a03defbcd40c464275f
training,logs/training/br-address-low-noise-feedback-20261003,logs/training/br-address-low-noise-feedback-20261003/replays/4e76f8a6c210468a9276f98fa51f96b7/episode-00000179-slot-6.json,200,7ee2e645b81502eaefa5f6799c930da80325d7501026ce48f04e02851e4c9933
training,logs/training/br-address-low-noise-feedback-20261003,logs/training/br-address-low-noise-feedback-20261003/replays/4e76f8a6c210468a9276f98fa51f96b7/episode-00000180-slot-2.json,200,8f7b7fbeb10cb5c15f16a6accffbd3935e9b7ad5fb4ca3e9bbef7f4a7a35035d
training,logs/training/br-address-low-noise-feedback-20261003,logs/training/br-address-low-noise-feedback-20261003/replays/4e76f8a6c210468a9276f98fa51f96b7/episode-00000181-slot-0.json,199,85068fe812bf2dbce12b8ca9d08a9cb0f4d47dd18d64378dc3ba62f979b378ad
training,logs/training/br-address-low-noise-feedback-20261003,logs/training/br-address-low-noise-feedback-20261003/replays/4e76f8a6c210468a9276f98fa51f96b7/episode-00000182-slot-3.json,200,0fc156b30ba6838ec790df33093f0270b97d5a8c130889547f93c70c9a7f1558
training,logs/training/br-address-low-noise-feedback-20261003,logs/training/br-address-low-noise-feedback-20261003/replays/4e76f8a6c210468a9276f98fa51f96b7/episode-00000183-slot-7.json,200,b92d3ea9a820a91313ae155f877d32802a903325096bb491066009ae0e8a1023
training,logs/training/br-address-low-noise-feedback-20261003,logs/training/br-address-low-noise-feedback-20261003/replays/4e76f8a6c210468a9276f98fa51f96b7/episode-00000184-slot-4.json,200,6298b9bf27202107e07bf55a5f607459e2ac14af6a26e20115c30b841e49cc7b
training,logs/training/br-address-low-noise-feedback-20261003,logs/training/br-address-low-noise-feedback-20261003/replays/4e76f8a6c210468a9276f98fa51f96b7/episode-00000185-slot-1.json,200,e93a0c0c8020ab91ee9b1080f03b8a453f076dd5b51b57981e1adadd6ba47746
training,logs/training/br-address-low-noise-feedback-20261003,logs/training/br-address-low-noise-feedback-20261003/replays/4e76f8a6c210468a9276f98fa51f96b7/episode-00000186-slot-5.json,199,3a1690c2efaaec2031767d2007d7cc159f9c0a05016f3185c68b6de84e87b8ec
training,logs/training/br-address-low-noise-feedback-20261003,logs/training/br-address-low-noise-feedback-20261003/replays/4e76f8a6c210468a9276f98fa51f96b7/episode-00000187-slot-0.json,200,9f6fa50e932e5c06077aa1d0957c4e6611c0769fcb295733d1f72177621d07ea
training,logs/training/br-address-low-noise-feedback-20261003,logs/training/br-address-low-noise-feedback-20261003/replays/4e76f8a6c210468a9276f98fa51f96b7/episode-00000188-slot-2.json,200,565a168e7cf05fd21cbfd09ecf24c469fc819b210bb4eec5d23014b7885968d4
training,logs/training/br-address-low-noise-feedback-20261003,logs/training/br-address-low-noise-feedback-20261003/replays/4e76f8a6c210468a9276f98fa51f96b7/episode-00000189-slot-3.json,200,f9201c24a33ccbd3fdcbb113e76e0806b549b89f356e4b03f0c0fbec62daaba9
training,logs/training/br-address-low-noise-feedback-20261003,logs/training/br-address-low-noise-feedback-20261003/replays/4e76f8a6c210468a9276f98fa51f96b7/episode-00000190-slot-7.json,199,a11447f96a7d69d941847b1713853c0636c756ea8a184e15d4eca408ab58103d
training,logs/training/br-address-low-noise-feedback-20261003,logs/training/br-address-low-noise-feedback-20261003/replays/4e76f8a6c210468a9276f98fa51f96b7/episode-00000191-slot-6.json,200,a1b1efb5753d9fe35a938b45200e8e7fb9dd293de69816ad9d6831fa7a2326ca
training,logs/training/br-address-low-noise-feedback-20261003,logs/training/br-address-low-noise-feedback-20261003/replays/4e76f8a6c210468a9276f98fa51f96b7/episode-00000192-slot-1.json,200,cba5baf0515c2220834e13430ad1e7d42fbfec5b0d0e597e52b019655cf7990b
training,logs/training/br-address-low-noise-feedback-20261003,logs/training/br-address-low-noise-feedback-20261003/replays/4e76f8a6c210468a9276f98fa51f96b7/episode-00000193-slot-3.json,199,73e6800b0ac93f998e61070e8c250f47e5121f063e90964aeb163438c2b6a1aa
training,logs/training/br-address-low-noise-feedback-20261003,logs/training/br-address-low-noise-feedback-20261003/replays/4e76f8a6c210468a9276f98fa51f96b7/episode-00000194-slot-4.json,200,76b4429b39be91d8ddbaac1ea82b9084df49f7333d513691a5d749473e1fd5cf
training,logs/training/br-address-low-noise-feedback-20261003,logs/training/br-address-low-noise-feedback-20261003/replays/4e76f8a6c210468a9276f98fa51f96b7/episode-00000195-slot-7.json,200,98b5d12c726debd6a62c159439d0796e2f4c6ef9e0eabf645e6cae0bea705402
training,logs/training/br-address-low-noise-feedback-20261003,logs/training/br-address-low-noise-feedback-20261003/replays/4e76f8a6c210468a9276f98fa51f96b7/episode-00000196-slot-0.json,200,a9f4c2ae15328e45e6f0ff8725877afc028050f37c3ccdf63cd8e6dae6258240
training,logs/training/br-address-low-noise-feedback-20261003,logs/training/br-address-low-noise-feedback-20261003/replays/4e76f8a6c210468a9276f98fa51f96b7/episode-00000197-slot-2.json,200,f109d017d3af549afe2c6295692df5a05b0a378933467be08ceb68ebd1ee2cd2
training,logs/training/br-address-low-noise-feedback-20261003,logs/training/br-address-low-noise-feedback-20261003/replays/4e76f8a6c210468a9276f98fa51f96b7/episode-00000198-slot-6.json,200,0aaf9ea8ca6b8ea669c27110d34ccf8a6f68a8ba5dfb3d92c7bc434aaad7707e
training,logs/training/br-address-low-noise-feedback-20261003,logs/training/br-address-low-noise-feedback-20261003/replays/4e76f8a6c210468a9276f98fa51f96b7/episode-00000199-slot-5.json,199,4dbefecb4ff50e0adadbd9a5d50a34be6501af58a53166a4351cba09d686b871
training,logs/training/br-address-low-noise-feedback-20261003,logs/training/br-address-low-noise-feedback-20261003/replays/4e76f8a6c210468a9276f98fa51f96b7/episode-00000200-slot-1.json,200,cdb45c7131bf60ab8e47fd094a96c437c0e1c9a7e80a5dd90e6d4cdee224f60f
training,logs/training/br-address-low-noise-feedback-20261003,logs/training/br-address-low-noise-feedback-20261003/replays/4e76f8a6c210468a9276f98fa51f96b7/episode-00000201-slot-4.json,200,3349d7c0e9956b9b54c4b12e53f0a5ec4ef196ac97c3e8b2c667f5a6e46d4d54
training,logs/training/br-address-low-noise-feedback-20261003,logs/training/br-address-low-noise-feedback-20261003/replays/4e76f8a6c210468a9276f98fa51f96b7/episode-00000202-slot-3.json,200,a3ecdab4668fb96943d1cb059abbb3ac27f16bcfdbfbc747390a046c9414c3d5
training,logs/training/br-address-low-noise-feedback-20261003,logs/training/br-address-low-noise-feedback-20261003/replays/4e76f8a6c210468a9276f98fa51f96b7/episode-00000203-slot-7.json,199,c14f8aff10d2909a6ac2afcf38ac5b01f04b55af07ea7b51e8851d97d08c9d2a
training,logs/training/br-address-low-noise-feedback-20261003,logs/training/br-address-low-noise-feedback-20261003/replays/4e76f8a6c210468a9276f98fa51f96b7/episode-00000204-slot-6.json,199,4865e01e640a0e8e47dc1cb366a374c159cc24cf401c7727ad36a300a03d9704
training,logs/training/br-address-low-noise-feedback-20261003,logs/training/br-address-low-noise-feedback-20261003/replays/4e76f8a6c210468a9276f98fa51f96b7/episode-00000205-slot-0.json,200,25cb373680840034ec847720941bf6642eb5715bebe140f95ac04693220ddadd
training,logs/training/br-address-low-noise-feedback-20261003,logs/training/br-address-low-noise-feedback-20261003/replays/4e76f8a6c210468a9276f98fa51f96b7/episode-00000206-slot-5.json,200,6e66348bba249d3c6d438a22163b87f76bed4bd4d1773aafade0a0e5a7987dbc
training,logs/training/br-address-low-noise-feedback-20261003,logs/training/br-address-low-noise-feedback-20261003/replays/4e76f8a6c210468a9276f98fa51f96b7/episode-00000207-slot-1.json,199,2f4b0a471e59f5c12925c572ed60037ee3302ca1b56c41ad1ef3399604c1328c
training,logs/training/br-address-low-noise-feedback-20261003,logs/training/br-address-low-noise-feedback-20261003/replays/4e76f8a6c210468a9276f98fa51f96b7/episode-00000208-slot-2.json,199,dcde826db586fb3486ad86fe5af9cc3a7f9e26a9cab17e2b2d81dcd66bf38b07
training,logs/training/br-address-low-noise-feedback-20261003,logs/training/br-address-low-noise-feedback-20261003/replays/4e76f8a6c210468a9276f98fa51f96b7/episode-00000209-slot-6.json,200,398a6b0dd0cf8d15aa1825bee348d819ab383a26fd29e1fa9f6559fccec7ab2d
training,logs/training/br-address-low-noise-feedback-20261003,logs/training/br-address-low-noise-feedback-20261003/replays/4e76f8a6c210468a9276f98fa51f96b7/episode-00000210-slot-3.json,200,ecef0f750643da4007278c625e69d66de378df8254df4122a159ab31a1898808
training,logs/training/br-address-low-noise-feedback-20261003,logs/training/br-address-low-noise-feedback-20261003/replays/4e76f8a6c210468a9276f98fa51f96b7/episode-00000211-slot-4.json,200,a31eabdacdf549b592fb7a3e37e3a04bf8c12f56267b4a63c888d50a1c365bde
training,logs/training/br-address-low-noise-feedback-20261003,logs/training/br-address-low-noise-feedback-20261003/replays/4e76f8a6c210468a9276f98fa51f96b7/episode-00000212-slot-7.json,200,c3ee01ea33e341e7edef5bfb6265ff876679fad23cb9d557f166e867c123f42b
training,logs/training/br-address-low-noise-feedback-20261003,logs/training/br-address-low-noise-feedback-20261003/replays/4e76f8a6c210468a9276f98fa51f96b7/episode-00000213-slot-2.json,199,31347e4958deb0daf066a8e869ae9e5d029851c6e92558d29b71a18867c628f5
training,logs/training/br-address-low-noise-feedback-20261003,logs/training/br-address-low-noise-feedback-20261003/replays/4e76f8a6c210468a9276f98fa51f96b7/episode-00000214-slot-5.json,200,23f488ee0250d8a71d35bc17f6de11260583257f2f778766427c2e20edb98f97
training,logs/training/br-address-low-noise-feedback-20261003,logs/training/br-address-low-noise-feedback-20261003/replays/4e76f8a6c210468a9276f98fa51f96b7/episode-00000215-slot-0.json,199,d9b62acbd6bcc9786f14158f89faa3fb5b1d40060c4ef37b3303b456bcf2eec0
training,logs/training/br-address-low-noise-feedback-20261003,logs/training/br-address-low-noise-feedback-20261003/replays/4e76f8a6c210468a9276f98fa51f96b7/episode-00000216-slot-1.json,200,6ac53530b59ddf18f2b6bdcd8561bff97f342d31951b883a05a72abf8d8b682b
training,logs/training/br-address-low-noise-feedback-20261003,logs/training/br-address-low-noise-feedback-20261003/replays/4e76f8a6c210468a9276f98fa51f96b7/episode-00000217-slot-0.json,197,47579ec55d4af712dbf59e2afb96471f78688b9872ac4c351d44b34041d3af20
training,logs/training/br-address-low-noise-feedback-20261003,logs/training/br-address-low-noise-feedback-20261003/replays/4e76f8a6c210468a9276f98fa51f96b7/episode-00000218-slot-1.json,198,b1f914e8134ebf9df9cdc64c76514cc32f8abe82b810175b2496e7726869714c
training,logs/training/br-address-low-noise-feedback-20261003,logs/training/br-address-low-noise-feedback-20261003/replays/4e76f8a6c210468a9276f98fa51f96b7/episode-00000219-slot-2.json,199,3b288328e3ecabb742a7fe51f3f99a55e0f9a1d9466cb7daf38e94cb3fd7b93e
training,logs/training/br-address-low-noise-feedback-20261003,logs/training/br-address-low-noise-feedback-20261003/replays/4e76f8a6c210468a9276f98fa51f96b7/episode-00000220-slot-3.json,199,fd70286b014baa4b442c9b2be5e3b5cb409c66239011184577dab83cfefb0082
training,logs/training/br-address-low-noise-feedback-20261003,logs/training/br-address-low-noise-feedback-20261003/replays/4e76f8a6c210468a9276f98fa51f96b7/episode-00000221-slot-4.json,199,7d98684e4531a76a81f418811ac5a7b67c49287ce22e9c5f77102d5c743270f7
training,logs/training/br-address-low-noise-feedback-20261003,logs/training/br-address-low-noise-feedback-20261003/replays/4e76f8a6c210468a9276f98fa51f96b7/episode-00000222-slot-5.json,199,2eeb18dfe833d14267a65ade060d4f006477b7a249bec7a6784c1fad2c38cbec
training,logs/training/br-address-low-noise-feedback-20261003,logs/training/br-address-low-noise-feedback-20261003/replays/4e76f8a6c210468a9276f98fa51f96b7/episode-00000223-slot-6.json,198,b528790768a375f2489ae5461a53973165d9ed4b12b8618f7c12cc95c13d8605
training,logs/training/br-address-low-noise-feedback-20261003,logs/training/br-address-low-noise-feedback-20261003/replays/4e76f8a6c210468a9276f98fa51f96b7/episode-00000224-slot-7.json,197,2a51edb44afc6f8854ab3d99611ed8b740c5a139517a3c92da1adc39254e7267
training,logs/training/br-address-low-noise-feedback-20261003,logs/training/br-address-low-noise-feedback-20261003/result.json,2031,15ee7e79fca08209da0c194a88e412ace287d89fd3f25c64553abaf1582d51b5
training,logs/training/br-address-low-noise-feedback-20261003,logs/training/br-address-low-noise-feedback-20261003/scalars/progress.csv,224723,550f73c03cb328668f5515d9faa7892f4107c8e00ccf3fa36a1cfbbd855257d5
training,logs/training/br-address-low-noise-feedback-20261003,logs/training/br-address-low-noise-feedback-20261003/timing.json,95082,9d9c74450a1912e2d560a0a89ba96b0b8557def080c80d54938cc3edb8348366
training,logs/training/br-address-online-teacher-20261002,logs/training/br-address-online-teacher-20261002/checkpoints/ppo_32768_steps.curriculum.json,913,01c48211caf387a40cacaf5cc205f56b1d792ff00bee089b4ba761f4beed20df
training,logs/training/br-address-online-teacher-20261002,logs/training/br-address-online-teacher-20261002/checkpoints/ppo_65536_steps.curriculum.json,927,3fb715dfaa03b2e131e8e981043a0c84bee6b4dbe464fff4a786fb81def7f308
training,logs/training/br-address-online-teacher-20261002,logs/training/br-address-online-teacher-20261002/checkpoints/updated_2048_steps.curriculum.json,851,3f5358a8f79e84e68f6d20b7629952a2520046c6f22af806fba5f2977cdb52a0
training,logs/training/br-address-online-teacher-20261002,logs/training/br-address-online-teacher-20261002/checkpoints/updated_32768_steps.curriculum.json,913,56b7098ceab41e533ba1b1d1572ffa7aa54ff3e09ea07ad399fa82000410b65a
training,logs/training/br-address-online-teacher-20261002,logs/training/br-address-online-teacher-20261002/checkpoints/updated_65536_steps.curriculum.json,927,09b4c94ed0ce6346c6283f0d3fa3388a7bec66277352e4b2eb21e572e4f0dd73
training,logs/training/br-address-online-teacher-20261002,logs/training/br-address-online-teacher-20261002/config.yaml,7496,10991a11575857da1fcdb200fb943b3e840bcbb28fd84d52f1bd084f3d583d37
training,logs/training/br-address-online-teacher-20261002,logs/training/br-address-online-teacher-20261002/final.curriculum.json,927,09b4c94ed0ce6346c6283f0d3fa3388a7bec66277352e4b2eb21e572e4f0dd73
training,logs/training/br-address-online-teacher-20261002,logs/training/br-address-online-teacher-20261002/identity.json,50925,f932bc4131be48ebf139a9176b183aa55b03e09f6bc1f70a5be2143722730614
training,logs/training/br-address-online-teacher-20261002,logs/training/br-address-online-teacher-20261002/progress.json,43057,9fa1dec653cd57aea9beb8e33aff4af920e37a97bdb4656b05f87d2e3d7656a0
training,logs/training/br-address-online-teacher-20261002,logs/training/br-address-online-teacher-20261002/replays/4f4ca5a304eb4d17a9d656b0a2be05c1/episode-00000001-slot-1.json,194,169a10c5d8b0d31d0470b3b45b1875e8e270489ae3ea8e38372eba0ba30743c9
training,logs/training/br-address-online-teacher-20261002,logs/training/br-address-online-teacher-20261002/replays/4f4ca5a304eb4d17a9d656b0a2be05c1/episode-00000002-slot-5.json,194,93d8402c61c24c287c099f511468e6c72bd96306614c0cc5c32eff827a482564
training,logs/training/br-address-online-teacher-20261002,logs/training/br-address-online-teacher-20261002/replays/4f4ca5a304eb4d17a9d656b0a2be05c1/episode-00000003-slot-3.json,194,a468bdd3c3cbcdb33805f6299f0543b50c0406b8a1b2bba4065292bd4b823d80
training,logs/training/br-address-online-teacher-20261002,logs/training/br-address-online-teacher-20261002/replays/4f4ca5a304eb4d17a9d656b0a2be05c1/episode-00000004-slot-0.json,194,98787ce1443f9ea9237943c48372d9bb1ab538746a71d7dc1828649316f89799
training,logs/training/br-address-online-teacher-20261002,logs/training/br-address-online-teacher-20261002/replays/4f4ca5a304eb4d17a9d656b0a2be05c1/episode-00000005-slot-4.json,194,865639a32a88cbad5e138a99174f585d94b5bbd0579063198c1163b0abeb56fd
training,logs/training/br-address-online-teacher-20261002,logs/training/br-address-online-teacher-20261002/replays/4f4ca5a304eb4d17a9d656b0a2be05c1/episode-00000006-slot-2.json,194,5bde8ab43a6cd8120d026f379ac2e72e13f6634b89add8d45e7dc929c6404904
training,logs/training/br-address-online-teacher-20261002,logs/training/br-address-online-teacher-20261002/replays/4f4ca5a304eb4d17a9d656b0a2be05c1/episode-00000007-slot-6.json,194,629f3d7165ef3f6df2d549eadca3b835e6d190dba60a480c57521dc13ae93e94
training,logs/training/br-address-online-teacher-20261002,logs/training/br-address-online-teacher-20261002/replays/4f4ca5a304eb4d17a9d656b0a2be05c1/episode-00000008-slot-7.json,194,2828c09d470a2a6a1d947890308bb7192ce5e29c20302c7310f94fbd3389863f
training,logs/training/br-address-online-teacher-20261002,logs/training/br-address-online-teacher-20261002/replays/4f4ca5a304eb4d17a9d656b0a2be05c1/episode-00000009-slot-1.json,200,9d3a955263985200014b172d944d0533cba5216f2674d0d972116c263e8aceae
training,logs/training/br-address-online-teacher-20261002,logs/training/br-address-online-teacher-20261002/replays/4f4ca5a304eb4d17a9d656b0a2be05c1/episode-00000010-slot-0.json,199,8929f3e0a1d6be4fc5a558f10d1f1662517c4843d55d4dbf6c9d1ab007195f8a
training,logs/training/br-address-online-teacher-20261002,logs/training/br-address-online-teacher-20261002/replays/4f4ca5a304eb4d17a9d656b0a2be05c1/episode-00000011-slot-1.json,197,ea3af9b0d81690e338092c3590b98af86d9d712725dff197e7c1d60b0fbc7b0e
training,logs/training/br-address-online-teacher-20261002,logs/training/br-address-online-teacher-20261002/replays/4f4ca5a304eb4d17a9d656b0a2be05c1/episode-00000012-slot-2.json,199,1bfef1a03cf0f8b59896e122e7e6b34e3802ce6f8d3f075f7d19812bf8628797
training,logs/training/br-address-online-teacher-20261002,logs/training/br-address-online-teacher-20261002/replays/4f4ca5a304eb4d17a9d656b0a2be05c1/episode-00000013-slot-3.json,199,696085c908e9fee434885e371c664145abd5d4afc74e5d6c1414cacbf6dab13c
training,logs/training/br-address-online-teacher-20261002,logs/training/br-address-online-teacher-20261002/replays/4f4ca5a304eb4d17a9d656b0a2be05c1/episode-00000014-slot-4.json,198,7dcb08ebbd91dfcbbba481cf999c7369f414d12f9fbbf4d4a772da15ab954932
training,logs/training/br-address-online-teacher-20261002,logs/training/br-address-online-teacher-20261002/replays/4f4ca5a304eb4d17a9d656b0a2be05c1/episode-00000015-slot-5.json,199,d8b86b5cea987a5c9f351a65071fdc8fcdb5bc07de9aaf6e0f4b41b25a964eb4
training,logs/training/br-address-online-teacher-20261002,logs/training/br-address-online-teacher-20261002/replays/4f4ca5a304eb4d17a9d656b0a2be05c1/episode-00000016-slot-6.json,199,b12d6238c72b0a1bf21941a641ad33ad79ccda872da3b322b8945846ab8e39c2
training,logs/training/br-address-online-teacher-20261002,logs/training/br-address-online-teacher-20261002/replays/4f4ca5a304eb4d17a9d656b0a2be05c1/episode-00000017-slot-7.json,199,f9573b816d3209b2a7e374ac9454fc5145729955ea7c685284f4a26d27ffa2e7
training,logs/training/br-address-online-teacher-20261002,logs/training/br-address-online-teacher-20261002/result.json,2010,26e1086fcd9832f21e09cda7109e5fd8fccb07fcb447c57efa1800474b2383bb
training,logs/training/br-address-online-teacher-20261002,logs/training/br-address-online-teacher-20261002/scalars/progress.csv,13923,ef2922ae8c534bc4d8ffe4845687a85b905a28410a3294ca6bc4a400c7f32f63
training,logs/training/br-address-online-teacher-20261002,logs/training/br-address-online-teacher-20261002/timing.json,26511,1574399e68b0c9eb34bf9638aa4d8ad642037df5679bd694a64006ed9bd3af53
training,logs/training/br-address-online-teacher-strong-20261003,logs/training/br-address-online-teacher-strong-20261003/checkpoints/ppo_32768_steps.curriculum.json,852,4e7128873fecb6eb8b5e5f75a4decdbcac1bcf0196052fd4ee11dfce2f263b52
training,logs/training/br-address-online-teacher-strong-20261003,logs/training/br-address-online-teacher-strong-20261003/checkpoints/ppo_65536_steps.curriculum.json,928,2cd3820a41f26ddcac6aafaee086a3278cb2d3090c3f3ee93713a359265bc84a
training,logs/training/br-address-online-teacher-strong-20261003,logs/training/br-address-online-teacher-strong-20261003/checkpoints/updated_2048_steps.curriculum.json,851,351ea0a6bbb11bf1916446bbe644df9a938e41283f99af19bcd08859af9cc3b2
training,logs/training/br-address-online-teacher-strong-20261003,logs/training/br-address-online-teacher-strong-20261003/checkpoints/updated_32768_steps.curriculum.json,852,ebf3a97279e913e1ee7f702a0e9a13b0761aa481a2ec5820a39e601e9bff5bd5
training,logs/training/br-address-online-teacher-strong-20261003,logs/training/br-address-online-teacher-strong-20261003/checkpoints/updated_65536_steps.curriculum.json,928,584406ef681a210ae6d81ed42fae76e61dff915f421c071e1da42229c21cd758
training,logs/training/br-address-online-teacher-strong-20261003,logs/training/br-address-online-teacher-strong-20261003/config.yaml,7502,5785d30b1bb30b621ab018276fb6c8c4ef0298adf958bd0ac95b562182c45598
training,logs/training/br-address-online-teacher-strong-20261003,logs/training/br-address-online-teacher-strong-20261003/final.curriculum.json,928,090f1cd718baaefa3c35da2fff6c71a63c8e3fd5ff5172f19b8a1b9452ebb23a
training,logs/training/br-address-online-teacher-strong-20261003,logs/training/br-address-online-teacher-strong-20261003/identity.json,51127,bade210c08afef1066145b8b7053fd527d08375be0634869d6936bc977eb3684
training,logs/training/br-address-online-teacher-strong-20261003,logs/training/br-address-online-teacher-strong-20261003/progress.json,38448,0358ef02a57abcce1c5b5f53c2c9b8e150697cce53ca688d4039a8522af8ecbd
training,logs/training/br-address-online-teacher-strong-20261003,logs/training/br-address-online-teacher-strong-20261003/replays/17a9159fb98241ca8206f7138df8e9b1/episode-00000001-slot-1.json,194,852706d21fa9976bd2d62bd3d662a122af84383fab41de00a0a22bd5a3c7df7c
training,logs/training/br-address-online-teacher-strong-20261003,logs/training/br-address-online-teacher-strong-20261003/replays/17a9159fb98241ca8206f7138df8e9b1/episode-00000002-slot-7.json,194,88a5da81a5557b9b24dc670d3d41c72338db34e0cd95f04629cdaad82c530524
training,logs/training/br-address-online-teacher-strong-20261003,logs/training/br-address-online-teacher-strong-20261003/replays/17a9159fb98241ca8206f7138df8e9b1/episode-00000003-slot-3.json,194,e7fbe913c6d6dd61ba84cf5b7b4680eefae7e3444c5d6e263eb0e8cd31946061
training,logs/training/br-address-online-teacher-strong-20261003,logs/training/br-address-online-teacher-strong-20261003/replays/17a9159fb98241ca8206f7138df8e9b1/episode-00000004-slot-5.json,194,a41696490a881262f059bbb2bc83170b394ec97422edd76c4e0ed5bfa64b96a7
training,logs/training/br-address-online-teacher-strong-20261003,logs/training/br-address-online-teacher-strong-20261003/replays/17a9159fb98241ca8206f7138df8e9b1/episode-00000005-slot-4.json,194,163c90a579f06509767d75e38667dae991ed8e9b7da705a581e081773462b450
training,logs/training/br-address-online-teacher-strong-20261003,logs/training/br-address-online-teacher-strong-20261003/replays/17a9159fb98241ca8206f7138df8e9b1/episode-00000006-slot-2.json,194,ff8a6333f470108a568d4eb2eedb3813f49c878e084b620c3835475cbe18eff7
training,logs/training/br-address-online-teacher-strong-20261003,logs/training/br-address-online-teacher-strong-20261003/replays/17a9159fb98241ca8206f7138df8e9b1/episode-00000007-slot-0.json,194,1a26a8f85bda2ee0a88aafea0e8b73649c03e9f6e1e08486aeca10abdcba91c5
training,logs/training/br-address-online-teacher-strong-20261003,logs/training/br-address-online-teacher-strong-20261003/replays/17a9159fb98241ca8206f7138df8e9b1/episode-00000008-slot-6.json,194,27b6ab15aaf193cd723f875d04f52e580e0a0014faa974cdf9ef54ec3120db23
training,logs/training/br-address-online-teacher-strong-20261003,logs/training/br-address-online-teacher-strong-20261003/replays/17a9159fb98241ca8206f7138df8e9b1/episode-00000009-slot-0.json,199,bab8ee4d9d65c47d045e997d54d5a1af33cbb637376218c738b23cee07f97684
training,logs/training/br-address-online-teacher-strong-20261003,logs/training/br-address-online-teacher-strong-20261003/replays/17a9159fb98241ca8206f7138df8e9b1/episode-00000010-slot-1.json,199,d2d43a81c3fcf5ca11587294924ef9bee3c89b2bad32745186ed3f40cafb1abb
training,logs/training/br-address-online-teacher-strong-20261003,logs/training/br-address-online-teacher-strong-20261003/replays/17a9159fb98241ca8206f7138df8e9b1/episode-00000011-slot-2.json,199,054749cbea6b2858a8ee80d90754585575d1b4998493ae397452d83dbec12719
training,logs/training/br-address-online-teacher-strong-20261003,logs/training/br-address-online-teacher-strong-20261003/replays/17a9159fb98241ca8206f7138df8e9b1/episode-00000012-slot-3.json,199,512fb6eeb94cc4d214f6488f79f109d415c377c2e54d32be9d4232341f6fd8ee
training,logs/training/br-address-online-teacher-strong-20261003,logs/training/br-address-online-teacher-strong-20261003/replays/17a9159fb98241ca8206f7138df8e9b1/episode-00000013-slot-4.json,198,a6ab35278160b33b069843ede7b7a0f1e20f9476626adadd7917eeec6fecd448
training,logs/training/br-address-online-teacher-strong-20261003,logs/training/br-address-online-teacher-strong-20261003/replays/17a9159fb98241ca8206f7138df8e9b1/episode-00000014-slot-5.json,199,5658dcb533c6bbdd12cf96f43f9dc1a5c0ce10881b35ef5f39b76621dfdefffa
training,logs/training/br-address-online-teacher-strong-20261003,logs/training/br-address-online-teacher-strong-20261003/replays/17a9159fb98241ca8206f7138df8e9b1/episode-00000015-slot-6.json,199,05a2f44e09e6f7dc862e21597d27a133805fc60dd35bbfda853450f3101429ee
training,logs/training/br-address-online-teacher-strong-20261003,logs/training/br-address-online-teacher-strong-20261003/replays/17a9159fb98241ca8206f7138df8e9b1/episode-00000016-slot-7.json,199,04cdbf2cc902c1082f81ea2ce3c4fc8a124aed581344cb840aea2bd17ae5db87
training,logs/training/br-address-online-teacher-strong-20261003,logs/training/br-address-online-teacher-strong-20261003/result.json,2017,9a3f1fcccacb7eefa70dafa7ed7f6f6b699ff4b91e6fc72a60774ed312e9322a
training,logs/training/br-address-online-teacher-strong-20261003,logs/training/br-address-online-teacher-strong-20261003/scalars/progress.csv,15320,70b21f63493ccce25df2947fdb5c621d8e3538fd8b8ddfebdf5c3834bc231d56
training,logs/training/br-address-online-teacher-strong-20261003,logs/training/br-address-online-teacher-strong-20261003/timing.json,32866,76a3e291ce1e584bee4ac0908baf7bee09f8e9eb3973b4be7855aaffeb72c0c2
training,logs/training/br-address-slow-feedback-20261003,logs/training/br-address-slow-feedback-20261003/checkpoints/ppo_131072_steps.curriculum.json,943,4eb0ff65202e39296b07c07f2b30bbd22a74d90dbaea376f6d250b2ca9d5567c
training,logs/training/br-address-slow-feedback-20261003,logs/training/br-address-slow-feedback-20261003/checkpoints/ppo_196608_steps.curriculum.json,943,9214512cb44c5468ada86850eb946621665d0c448e6027a8b4578815c5864b60
training,logs/training/br-address-slow-feedback-20261003,logs/training/br-address-slow-feedback-20261003/checkpoints/ppo_262144_steps.curriculum.json,943,e477a8426ae84c1b360c8ab10d84b0fc9f3e493a667d906df47fb2453b1f6930
training,logs/training/br-address-slow-feedback-20261003,logs/training/br-address-slow-feedback-20261003/checkpoints/ppo_65536_steps.curriculum.json,925,de4330ef136a7b41160a3938706afeeede9ed1a82459a495fa05492303411b01
training,logs/training/br-address-slow-feedback-20261003,logs/training/br-address-slow-feedback-20261003/checkpoints/updated_131072_steps.curriculum.json,943,b960dda9477f306c8bfe7063db24d43f0ac9afb9ec67d9daad3074f5fcbf69b1
training,logs/training/br-address-slow-feedback-20261003,logs/training/br-address-slow-feedback-20261003/checkpoints/updated_196608_steps.curriculum.json,943,84df87733854f509bcc38d1303bb5a51b9df948d95464f6deb3e97ffef0e57f6
training,logs/training/br-address-slow-feedback-20261003,logs/training/br-address-slow-feedback-20261003/checkpoints/updated_2048_steps.curriculum.json,851,a2cb5f304cb466c30c733c307ce1184c9f1d19fd0a2859036d766542491173dc
training,logs/training/br-address-slow-feedback-20261003,logs/training/br-address-slow-feedback-20261003/checkpoints/updated_262144_steps.curriculum.json,943,21de7721e43fd1c438267a732648822f7f07026ab035d3edd6863fa77ccf6ccc
training,logs/training/br-address-slow-feedback-20261003,logs/training/br-address-slow-feedback-20261003/checkpoints/updated_65536_steps.curriculum.json,925,00f5f5a4fb0638895bb6f99bbe832ef15876fa66d455b675ca41c6d6c3198632
training,logs/training/br-address-slow-feedback-20261003,logs/training/br-address-slow-feedback-20261003/config.yaml,5206,6cfa59e375fe1f69349b7e8e2eff08a721c867d74a3fbb958c075db0bb783e64
training,logs/training/br-address-slow-feedback-20261003,logs/training/br-address-slow-feedback-20261003/final.curriculum.json,943,21de7721e43fd1c438267a732648822f7f07026ab035d3edd6863fa77ccf6ccc
training,logs/training/br-address-slow-feedback-20261003,logs/training/br-address-slow-feedback-20261003/identity.json,51347,23dfeea7050907e732e7ddc91bbe03a4f4456998ee5dc61df76518dc056a180d
training,logs/training/br-address-slow-feedback-20261003,logs/training/br-address-slow-feedback-20261003/progress.json,208314,f4189da7f6744c3af0f371083694914297cb305bb18c22c3ee69290ea59a3344
training,logs/training/br-address-slow-feedback-20261003,logs/training/br-address-slow-feedback-20261003/replays/6b73139f2305465983ff2075ff4a2f71/episode-00000001-slot-0.json,194,2d078d87dc286de7c61211f637221a4dcbedfbd0cf07e44b85d4e0f32b2393e3
training,logs/training/br-address-slow-feedback-20261003,logs/training/br-address-slow-feedback-20261003/replays/6b73139f2305465983ff2075ff4a2f71/episode-00000002-slot-5.json,194,fe72b1d318cf1ceb99b1c5e10c2c44e299e065539b682613450aec4200310471
training,logs/training/br-address-slow-feedback-20261003,logs/training/br-address-slow-feedback-20261003/replays/6b73139f2305465983ff2075ff4a2f71/episode-00000003-slot-7.json,194,eeab22200ca4b0ad7e8aa97db68d7c544b0932329da531d7189ddfdeb78fca28
training,logs/training/br-address-slow-feedback-20261003,logs/training/br-address-slow-feedback-20261003/replays/6b73139f2305465983ff2075ff4a2f71/episode-00000004-slot-6.json,194,c70bddc6dbdc57930ff119cc45eb465ecf0fcda0e8442adbbdca19e6a11bb8a2
training,logs/training/br-address-slow-feedback-20261003,logs/training/br-address-slow-feedback-20261003/replays/6b73139f2305465983ff2075ff4a2f71/episode-00000005-slot-1.json,194,a7743206626de115e6a5bda64335e088b5410e3e3b50f1e3f706621ec68072a0
training,logs/training/br-address-slow-feedback-20261003,logs/training/br-address-slow-feedback-20261003/replays/6b73139f2305465983ff2075ff4a2f71/episode-00000006-slot-3.json,194,cdf9cf606fe616e5159072a6589d41482c5ffb88d076d33caeb00e8504c00152
training,logs/training/br-address-slow-feedback-20261003,logs/training/br-address-slow-feedback-20261003/replays/6b73139f2305465983ff2075ff4a2f71/episode-00000007-slot-4.json,194,b87a56fb120078fa18994553db81fd48583bd6c4d6a6507cea16febadf891b49
training,logs/training/br-address-slow-feedback-20261003,logs/training/br-address-slow-feedback-20261003/replays/6b73139f2305465983ff2075ff4a2f71/episode-00000008-slot-2.json,194,dfcf516045bb25d5f85044e3a326d751b97123f1ea172bc70d87735040a1df5e
training,logs/training/br-address-slow-feedback-20261003,logs/training/br-address-slow-feedback-20261003/replays/6b73139f2305465983ff2075ff4a2f71/episode-00000009-slot-0.json,200,bde41baafae845f5db466d7f78af3ba44502dfce64dfe653cba3f09d2e855266
training,logs/training/br-address-slow-feedback-20261003,logs/training/br-address-slow-feedback-20261003/replays/6b73139f2305465983ff2075ff4a2f71/episode-00000010-slot-5.json,200,43e05084edbca4acce3cd7e022f216490e0bb8078bfd9727afb74e75eaec3b13
training,logs/training/br-address-slow-feedback-20261003,logs/training/br-address-slow-feedback-20261003/replays/6b73139f2305465983ff2075ff4a2f71/episode-00000011-slot-1.json,199,af2df3a871505e6f8ae4fa949a1c4e570257bd7aec13a271a8d31b77809ecf4d
training,logs/training/br-address-slow-feedback-20261003,logs/training/br-address-slow-feedback-20261003/replays/6b73139f2305465983ff2075ff4a2f71/episode-00000012-slot-6.json,200,6f140826ea28a87e1a138f792f75024ac83034a39ee718c357913f2cb1a41efb
training,logs/training/br-address-slow-feedback-20261003,logs/training/br-address-slow-feedback-20261003/replays/6b73139f2305465983ff2075ff4a2f71/episode-00000013-slot-4.json,200,d3d1b6408db448c5a2cfc7e5d1afeeb7a2e1051cfd22439859962551c91c687e
training,logs/training/br-address-slow-feedback-20261003,logs/training/br-address-slow-feedback-20261003/replays/6b73139f2305465983ff2075ff4a2f71/episode-00000014-slot-7.json,200,b52bb9c2a56b62bc8ea64b7133cfedf184b517381b3988e0ebc5685eace1b758
training,logs/training/br-address-slow-feedback-20261003,logs/training/br-address-slow-feedback-20261003/replays/6b73139f2305465983ff2075ff4a2f71/episode-00000015-slot-3.json,200,de5749a0aad80e4fc2abeff1a64988f3d84278e2618aa69ebe6be5de000db4c8
training,logs/training/br-address-slow-feedback-20261003,logs/training/br-address-slow-feedback-20261003/replays/6b73139f2305465983ff2075ff4a2f71/episode-00000016-slot-0.json,199,f72e6e7b876eccddc2694484ae15b3a84e3dbf6dda7e923fa63b5d5a8cda224f
training,logs/training/br-address-slow-feedback-20261003,logs/training/br-address-slow-feedback-20261003/replays/6b73139f2305465983ff2075ff4a2f71/episode-00000017-slot-1.json,200,fdfa4fe3bc438980ec1c963de4ed71567d065c95db17a8595d9862c40ec742a8
training,logs/training/br-address-slow-feedback-20261003,logs/training/br-address-slow-feedback-20261003/replays/6b73139f2305465983ff2075ff4a2f71/episode-00000018-slot-2.json,200,3304d9fa1ad482c9244d68708f69cffbdc038901817a24505161263feb959a5f
training,logs/training/br-address-slow-feedback-20261003,logs/training/br-address-slow-feedback-20261003/replays/6b73139f2305465983ff2075ff4a2f71/episode-00000019-slot-6.json,200,92a7fe3faaa883c68303e68a2e6e02f6f0052dc527c8aaf020b5c2074d160cd3
training,logs/training/br-address-slow-feedback-20261003,logs/training/br-address-slow-feedback-20261003/replays/6b73139f2305465983ff2075ff4a2f71/episode-00000020-slot-7.json,200,1331f2918be4ef2d60bd16dab800310407a21c49c2c4dd7b9d8256b1efec3705
training,logs/training/br-address-slow-feedback-20261003,logs/training/br-address-slow-feedback-20261003/replays/6b73139f2305465983ff2075ff4a2f71/episode-00000021-slot-5.json,200,c74befaf2c266a463d43f597198006aa2f956ec21a545eb46603c6270570d1d9
training,logs/training/br-address-slow-feedback-20261003,logs/training/br-address-slow-feedback-20261003/replays/6b73139f2305465983ff2075ff4a2f71/episode-00000022-slot-4.json,200,7d5e02811715a49c35289dd0f8ca684e5e15384e59caf2257107af8b32938275
training,logs/training/br-address-slow-feedback-20261003,logs/training/br-address-slow-feedback-20261003/replays/6b73139f2305465983ff2075ff4a2f71/episode-00000023-slot-3.json,199,3511e93737b0ef32a535c26f222cc9c45acdbc4e59310aad6e0cf918f5d0b4ee
training,logs/training/br-address-slow-feedback-20261003,logs/training/br-address-slow-feedback-20261003/replays/6b73139f2305465983ff2075ff4a2f71/episode-00000024-slot-0.json,200,88205e8c4750db20975ca00286451162dd7a452c12ce44cbb3351e40b91829c8
training,logs/training/br-address-slow-feedback-20261003,logs/training/br-address-slow-feedback-20261003/replays/6b73139f2305465983ff2075ff4a2f71/episode-00000025-slot-1.json,200,8025ff0c37df6b9854c76079520645352b26cc315d11d8b59331f944b8565841
training,logs/training/br-address-slow-feedback-20261003,logs/training/br-address-slow-feedback-20261003/replays/6b73139f2305465983ff2075ff4a2f71/episode-00000026-slot-2.json,200,cfe0888b0b4c5e132306536f12b37b0c7110e70303bcf895caef1e1ec20cd650
training,logs/training/br-address-slow-feedback-20261003,logs/training/br-address-slow-feedback-20261003/replays/6b73139f2305465983ff2075ff4a2f71/episode-00000027-slot-6.json,200,8ecabb1249afd38d878df2511da4a9eb7f5f80bb8cda7f230195099d19fbaf70
training,logs/training/br-address-slow-feedback-20261003,logs/training/br-address-slow-feedback-20261003/replays/6b73139f2305465983ff2075ff4a2f71/episode-00000028-slot-7.json,200,e097111dd58d8ec5d45ba954f768a7cae82dd59e8fc9e588ff3729c44aead924
training,logs/training/br-address-slow-feedback-20261003,logs/training/br-address-slow-feedback-20261003/replays/6b73139f2305465983ff2075ff4a2f71/episode-00000029-slot-1.json,200,690252dd4cc78d5ae9b34556e85e7fc4570399ac52805c5c786837c56cc80684
training,logs/training/br-address-slow-feedback-20261003,logs/training/br-address-slow-feedback-20261003/replays/6b73139f2305465983ff2075ff4a2f71/episode-00000030-slot-5.json,200,38124eb0fd322ede2aaa9aafdf1bbf2d5b01942be60318e4a0687538283c5d8c
training,logs/training/br-address-slow-feedback-20261003,logs/training/br-address-slow-feedback-20261003/replays/6b73139f2305465983ff2075ff4a2f71/episode-00000031-slot-3.json,200,bc50698ba9858ffec78174567cc658e4ab76c0f62aa4024256d363f572f536c1
training,logs/training/br-address-slow-feedback-20261003,logs/training/br-address-slow-feedback-20261003/replays/6b73139f2305465983ff2075ff4a2f71/episode-00000032-slot-0.json,199,eb1867b60175513eeb88100d24da7acd00c95a4c215ff915b0287c74d8856bc7
training,logs/training/br-address-slow-feedback-20261003,logs/training/br-address-slow-feedback-20261003/replays/6b73139f2305465983ff2075ff4a2f71/episode-00000033-slot-4.json,199,a0106e2fd3ebc89c95346d04fd972a3e0fe5269baf5cb0a2302f320fbfdd9735
training,logs/training/br-address-slow-feedback-20261003,logs/training/br-address-slow-feedback-20261003/replays/6b73139f2305465983ff2075ff4a2f71/episode-00000034-slot-2.json,199,1a923858258f48c69b1a95627d566bdb4b34b4807403abff6e84714960f71823
training,logs/training/br-address-slow-feedback-20261003,logs/training/br-address-slow-feedback-20261003/replays/6b73139f2305465983ff2075ff4a2f71/episode-00000035-slot-6.json,200,a6967359ad4fe68bdbb2fe8eb8ff8083947cc2504f492a1e927605d1905b7c6b
training,logs/training/br-address-slow-feedback-20261003,logs/training/br-address-slow-feedback-20261003/replays/6b73139f2305465983ff2075ff4a2f71/episode-00000036-slot-1.json,200,91944b7b0cdd1fec2c849ea3f32044162908ea0a2c3db8c8e6dc1c87a62b3417
training,logs/training/br-address-slow-feedback-20261003,logs/training/br-address-slow-feedback-20261003/replays/6b73139f2305465983ff2075ff4a2f71/episode-00000037-slot-7.json,199,e9a3d49b5396dd876ed36750eba69bb1eb29ecd4208a2639291f647af2100a7e
training,logs/training/br-address-slow-feedback-20261003,logs/training/br-address-slow-feedback-20261003/replays/6b73139f2305465983ff2075ff4a2f71/episode-00000038-slot-0.json,200,57276259ba46191d3772a33af16a944f84e2fd003697ff6ae46dc5eb0e38bf5d
training,logs/training/br-address-slow-feedback-20261003,logs/training/br-address-slow-feedback-20261003/replays/6b73139f2305465983ff2075ff4a2f71/episode-00000039-slot-3.json,200,0ff4a3afe88ae95e3beb415cea604095d7e9568b9bcfb8334d2e40fc3e829699
training,logs/training/br-address-slow-feedback-20261003,logs/training/br-address-slow-feedback-20261003/replays/6b73139f2305465983ff2075ff4a2f71/episode-00000040-slot-5.json,199,6cea73b2956c93b98739e909e79c2a59a9fb9dd5e6a64a4256240907e3ab9943
training,logs/training/br-address-slow-feedback-20261003,logs/training/br-address-slow-feedback-20261003/replays/6b73139f2305465983ff2075ff4a2f71/episode-00000041-slot-4.json,200,0b7304584b0cb472c733967847380303704853a993cc2d7a3190c67910acf551
training,logs/training/br-address-slow-feedback-20261003,logs/training/br-address-slow-feedback-20261003/replays/6b73139f2305465983ff2075ff4a2f71/episode-00000042-slot-6.json,200,3ff49be3c0ed0a30d07354434ca474732dea95f708b0aba077582823433ae705
training,logs/training/br-address-slow-feedback-20261003,logs/training/br-address-slow-feedback-20261003/replays/6b73139f2305465983ff2075ff4a2f71/episode-00000043-slot-7.json,200,59d551e95dab6e35ec27d4a4d03305ec11d2326ae61eff987336a0c03d3385d1
training,logs/training/br-address-slow-feedback-20261003,logs/training/br-address-slow-feedback-20261003/replays/6b73139f2305465983ff2075ff4a2f71/episode-00000044-slot-2.json,199,4d8c5c12c6a42fc32308652f703ebbe5009f5afa6bac21513d166552f24e0a6a
training,logs/training/br-address-slow-feedback-20261003,logs/training/br-address-slow-feedback-20261003/replays/6b73139f2305465983ff2075ff4a2f71/episode-00000045-slot-5.json,200,ea1e09e9187f14c44feeab86835fd09ef5602b311dee87d832be7db64fa8df9f
training,logs/training/br-address-slow-feedback-20261003,logs/training/br-address-slow-feedback-20261003/replays/6b73139f2305465983ff2075ff4a2f71/episode-00000046-slot-1.json,200,749b4d1fcff0635b7a46641d7ca2eb8c2d474c9c48d0eaea2e66281e8d72ece3
training,logs/training/br-address-slow-feedback-20261003,logs/training/br-address-slow-feedback-20261003/replays/6b73139f2305465983ff2075ff4a2f71/episode-00000047-slot-0.json,199,ac1e2cd65b18156acd2d9ce7c7fa81c8c4c3d98736744f54f6a5e09c74d852ae
training,logs/training/br-address-slow-feedback-20261003,logs/training/br-address-slow-feedback-20261003/replays/6b73139f2305465983ff2075ff4a2f71/episode-00000048-slot-3.json,200,207e4cc3c1fae9ad0518cfe272fc62efa5c2d665c18067f51fe8780addbe8fe7
training,logs/training/br-address-slow-feedback-20261003,logs/training/br-address-slow-feedback-20261003/replays/6b73139f2305465983ff2075ff4a2f71/episode-00000049-slot-4.json,200,1121881c35eb7e0d258981596b336e48e12fbb289ec65ae822b75a1338e9e7d0
training,logs/training/br-address-slow-feedback-20261003,logs/training/br-address-slow-feedback-20261003/replays/6b73139f2305465983ff2075ff4a2f71/episode-00000050-slot-6.json,200,0a73286a4d4a29538051b9fc1d360f754c38dec86044e1a3f5c37cd3d31125e6
training,logs/training/br-address-slow-feedback-20261003,logs/training/br-address-slow-feedback-20261003/replays/6b73139f2305465983ff2075ff4a2f71/episode-00000051-slot-7.json,200,a6951c8a73816ae32684cc040236ce571db71a451c79e16159531007261fefd4
training,logs/training/br-address-slow-feedback-20261003,logs/training/br-address-slow-feedback-20261003/replays/6b73139f2305465983ff2075ff4a2f71/episode-00000052-slot-2.json,200,291630e2a4393b66d075da89bbca85eb459e934a472b8f0b3957e949e73ff1cd
training,logs/training/br-address-slow-feedback-20261003,logs/training/br-address-slow-feedback-20261003/replays/6b73139f2305465983ff2075ff4a2f71/episode-00000053-slot-0.json,199,afebaae2341451249e2a89c8b96ea31e5afec4f2ea3230e021bfc5c02ab46a91
training,logs/training/br-address-slow-feedback-20261003,logs/training/br-address-slow-feedback-20261003/replays/6b73139f2305465983ff2075ff4a2f71/episode-00000054-slot-1.json,198,cc41536b43dc74b47b6f3657686badc92607808d26e86f00d3074a1b39c2ca2f
training,logs/training/br-address-slow-feedback-20261003,logs/training/br-address-slow-feedback-20261003/replays/6b73139f2305465983ff2075ff4a2f71/episode-00000055-slot-2.json,198,a23645d4d59cf9232745ed888f5db6d5e36498f15434b691d7cdf70a2221e6b4
training,logs/training/br-address-slow-feedback-20261003,logs/training/br-address-slow-feedback-20261003/replays/6b73139f2305465983ff2075ff4a2f71/episode-00000056-slot-3.json,199,8a6283ad7c72275b85e9e0d2e61d12a77e409fe7946370021c4546013d48c0e9
training,logs/training/br-address-slow-feedback-20261003,logs/training/br-address-slow-feedback-20261003/replays/6b73139f2305465983ff2075ff4a2f71/episode-00000057-slot-4.json,199,b58832d36a760f8916f3ce8017186d7160e28e047c94d90a995dc4d1dbba3d20
training,logs/training/br-address-slow-feedback-20261003,logs/training/br-address-slow-feedback-20261003/replays/6b73139f2305465983ff2075ff4a2f71/episode-00000058-slot-5.json,199,81746fe0f1cf0f3bbfdb4bbac226e408b24f3f3fd89aa8ae5ec832a8a903ebbe
training,logs/training/br-address-slow-feedback-20261003,logs/training/br-address-slow-feedback-20261003/replays/6b73139f2305465983ff2075ff4a2f71/episode-00000059-slot-6.json,198,2d53561b3d04d224e8b80126fad18f631331ae9127e0b18ba257de61fa224cca
training,logs/training/br-address-slow-feedback-20261003,logs/training/br-address-slow-feedback-20261003/replays/6b73139f2305465983ff2075ff4a2f71/episode-00000060-slot-7.json,198,c80d2e9623543fc00b705993954c8c24db600299039c0c96a7420c9317fff317
training,logs/training/br-address-slow-feedback-20261003,logs/training/br-address-slow-feedback-20261003/result.json,2024,6832fba1fbb565b631bc2c4b736b50a639d334876fbf0cdcd5a55f0de18bd723
training,logs/training/br-address-slow-feedback-20261003,logs/training/br-address-slow-feedback-20261003/scalars/progress.csv,35229,4bc430faf444e2ea65d72b20a88195ee2d1180024d4c2faed338afb9d605b25a
training,logs/training/br-address-slow-feedback-20261003,logs/training/br-address-slow-feedback-20261003/timing.json,24249,07463dd23b9dfb8ab96bc7bc8e73ac8f867ceacfadb41cf8375facadcdc249f4
training,logs/training/br-address-slow-feedback-budget-20261003,logs/training/br-address-slow-feedback-budget-20261003/checkpoints/ppo_1048576_steps.curriculum.json,943,7a2010b412742ec9bdaa23533b4a924c871c5a9076b20d0dd22e8851eda01dca
training,logs/training/br-address-slow-feedback-budget-20261003,logs/training/br-address-slow-feedback-budget-20261003/checkpoints/ppo_524288_steps.curriculum.json,943,033fef0e1782b5270bbae90544ec527e2ca4464f6307d4875c76af167f1beea6
training,logs/training/br-address-slow-feedback-budget-20261003,logs/training/br-address-slow-feedback-budget-20261003/checkpoints/ppo_786432_steps.curriculum.json,942,545b4bda2238f2acb06de9c740743bcab9bc01d40b938e346262e5bbcf5f1287
training,logs/training/br-address-slow-feedback-budget-20261003,logs/training/br-address-slow-feedback-budget-20261003/checkpoints/updated_1048576_steps.curriculum.json,943,ba07c8270e33cff2aa6244b7ef6cc46e381fb4eea6d995349109b684b06416aa
training,logs/training/br-address-slow-feedback-budget-20261003,logs/training/br-address-slow-feedback-budget-20261003/checkpoints/updated_264192_steps.curriculum.json,943,3ee5f55500e42f339b4171f53ba47cc5a20ba79d699aaf4304d987375590f069
training,logs/training/br-address-slow-feedback-budget-20261003,logs/training/br-address-slow-feedback-budget-20261003/checkpoints/updated_524288_steps.curriculum.json,943,7ddc68351949f9714c31b051616e669f46baf9cf60d71d991e24bdac64a9dabb
training,logs/training/br-address-slow-feedback-budget-20261003,logs/training/br-address-slow-feedback-budget-20261003/checkpoints/updated_786432_steps.curriculum.json,942,147d4f165c3d481fefbf9272fc65aa433f57865309710e6b888c5e82e2e73e45
training,logs/training/br-address-slow-feedback-budget-20261003,logs/training/br-address-slow-feedback-budget-20261003/config.yaml,5192,7812ddcf6ea9e0f3d5b51066cf4785c3ede74f5d87a716a48b97cd11ef561548
training,logs/training/br-address-slow-feedback-budget-20261003,logs/training/br-address-slow-feedback-budget-20261003/final.curriculum.json,943,2e6da3cd4883d32660a1d9e55382e667ab3d9c5f088d91f36955eab9aecf5550
training,logs/training/br-address-slow-feedback-budget-20261003,logs/training/br-address-slow-feedback-budget-20261003/identity.json,51581,03c2663144e10a43adebc65253cba737c55e81cbbaaa30d4a49b18784ea18c90
training,logs/training/br-address-slow-feedback-budget-20261003,logs/training/br-address-slow-feedback-budget-20261003/progress.json,610572,fdb4abbaee2a6b782e5657126df5b3b71409d053a206ed9f85230885b2253ed6
training,logs/training/br-address-slow-feedback-budget-20261003,logs/training/br-address-slow-feedback-budget-20261003/replays/55266d1b1eea40078b7c86d43f4e6aa5/episode-00000001-slot-4.json,194,deb70b23c3f1286f83111f7d4f6fa674ac9f1be11d36eae1acc5f71484f368ff
training,logs/training/br-address-slow-feedback-budget-20261003,logs/training/br-address-slow-feedback-budget-20261003/replays/55266d1b1eea40078b7c86d43f4e6aa5/episode-00000002-slot-3.json,194,910a8ead5e0a394922f67b0c120b4cbeae66115b246ca148b68cae9fd4e6fdab
training,logs/training/br-address-slow-feedback-budget-20261003,logs/training/br-address-slow-feedback-budget-20261003/replays/55266d1b1eea40078b7c86d43f4e6aa5/episode-00000003-slot-7.json,194,686840f42a7e1d9ad6a85c99b07bf6add5c82917eb7ca2f80a3476299ea87978
training,logs/training/br-address-slow-feedback-budget-20261003,logs/training/br-address-slow-feedback-budget-20261003/replays/55266d1b1eea40078b7c86d43f4e6aa5/episode-00000004-slot-0.json,194,aa2d8dab5bf7c2996d63ccf66cbc2930b807920d3f35ec0b2688ba9283b05367
training,logs/training/br-address-slow-feedback-budget-20261003,logs/training/br-address-slow-feedback-budget-20261003/replays/55266d1b1eea40078b7c86d43f4e6aa5/episode-00000005-slot-1.json,194,b345b24d1f5d6e016239d393b3e6424bd2e3bb34047ad6caf94b34a90ab61837
training,logs/training/br-address-slow-feedback-budget-20261003,logs/training/br-address-slow-feedback-budget-20261003/replays/55266d1b1eea40078b7c86d43f4e6aa5/episode-00000006-slot-2.json,194,e84ae9e157c30d65ce36abb174a6e9f4cb549a9ef5e820cbdd80d7c4f5bbdc7e
