kind,run,path,bytes,sha256
training,logs/training/br-address-block-feedback-20261003,logs/training/br-address-block-feedback-20261003/replays/d76fd2df9073466ba5b5ced4ec469366/episode-00000155-slot-6.json,200,b87e88d67ff3defbda3681d49ba3f69009a542880d8d7fa009387905d9779e5d
training,logs/training/br-address-block-feedback-20261003,logs/training/br-address-block-feedback-20261003/replays/d76fd2df9073466ba5b5ced4ec469366/episode-00000156-slot-2.json,199,f6518b798ee0089c9d6b2e1edd5cef5d9ba8fa40738813cf5a7e5cf731e45467
training,logs/training/br-address-block-feedback-20261003,logs/training/br-address-block-feedback-20261003/replays/d76fd2df9073466ba5b5ced4ec469366/episode-00000157-slot-7.json,200,eb6ec1493266881ea175dc1dd06de78240735bee3ea20af1411c24213955b23b
training,logs/training/br-address-block-feedback-20261003,logs/training/br-address-block-feedback-20261003/replays/d76fd2df9073466ba5b5ced4ec469366/episode-00000158-slot-1.json,200,11e6b94520b1d071b6ff54ef660324af49ae51e34949836daf2fa04afc00085c
training,logs/training/br-address-block-feedback-20261003,logs/training/br-address-block-feedback-20261003/replays/d76fd2df9073466ba5b5ced4ec469366/episode-00000159-slot-4.json,200,d8d87062785146acd2d33e559eb294217c96cee4e2cb63d753e6c70c0adf2d5a
training,logs/training/br-address-block-feedback-20261003,logs/training/br-address-block-feedback-20261003/replays/d76fd2df9073466ba5b5ced4ec469366/episode-00000160-slot-3.json,200,83eec26f4924576e009c943e2602be16daf80d3b461b48f3db6934639f222b09
training,logs/training/br-address-block-feedback-20261003,logs/training/br-address-block-feedback-20261003/replays/d76fd2df9073466ba5b5ced4ec469366/episode-00000161-slot-5.json,200,bc0268851228ecbabf51bdeb8b6b73cfc7cb15da1d9c2bc9ddb246c6c76513b6
training,logs/training/br-address-block-feedback-20261003,logs/training/br-address-block-feedback-20261003/replays/d76fd2df9073466ba5b5ced4ec469366/episode-00000162-slot-0.json,200,3c7136510023c3a5e8cf62055310c799dbc65855508e44101a7d5f42a0dfb61a
training,logs/training/br-address-block-feedback-20261003,logs/training/br-address-block-feedback-20261003/replays/d76fd2df9073466ba5b5ced4ec469366/episode-00000163-slot-2.json,199,866185d0144e656d2fb2b958138a0c57fc0d05646e114cb479bff32c0d1b5430
training,logs/training/br-address-block-feedback-20261003,logs/training/br-address-block-feedback-20261003/replays/d76fd2df9073466ba5b5ced4ec469366/episode-00000164-slot-6.json,200,302ff6f2cafa05f04b69c131afccfc2148d6410eeeff1e9ff255d314faf41303
training,logs/training/br-address-block-feedback-20261003,logs/training/br-address-block-feedback-20261003/replays/d76fd2df9073466ba5b5ced4ec469366/episode-00000165-slot-1.json,200,39207ec8a15a69424601a6e202a53c16fde883b93723dd1168c17507a51e0852
training,logs/training/br-address-block-feedback-20261003,logs/training/br-address-block-feedback-20261003/replays/d76fd2df9073466ba5b5ced4ec469366/episode-00000166-slot-4.json,200,99b67dec20b5c8b0d221c7351b93f93212c19c7d099f0dc0ef0a2b1894962662
training,logs/training/br-address-block-feedback-20261003,logs/training/br-address-block-feedback-20261003/replays/d76fd2df9073466ba5b5ced4ec469366/episode-00000167-slot-7.json,199,63f3d4da92cdc9caf59f38b3fd0c20596b3ff29eb6c5c3a0b446884592d23e36
training,logs/training/br-address-block-feedback-20261003,logs/training/br-address-block-feedback-20261003/replays/d76fd2df9073466ba5b5ced4ec469366/episode-00000168-slot-3.json,199,650be2b02cc1c864f0ee90aa45095374aa2e54bfbf2697132380bc140971cdb9
training,logs/training/br-address-block-feedback-20261003,logs/training/br-address-block-feedback-20261003/replays/d76fd2df9073466ba5b5ced4ec469366/episode-00000169-slot-0.json,200,a8bf35ead49e768532c0013fc4fd6dfc8954f6f8cc8988805fbfdbfbf2ea28c0
training,logs/training/br-address-block-feedback-20261003,logs/training/br-address-block-feedback-20261003/replays/d76fd2df9073466ba5b5ced4ec469366/episode-00000170-slot-6.json,199,cb91147a041a5848b3309b8a3a2b2e928c58052cda38cec404eec63251d77b36
training,logs/training/br-address-block-feedback-20261003,logs/training/br-address-block-feedback-20261003/replays/d76fd2df9073466ba5b5ced4ec469366/episode-00000171-slot-4.json,199,794d6e0dfce20f19844429e1a35f5a4131ca84086a42295c99b4b5b31e7a5b36
training,logs/training/br-address-block-feedback-20261003,logs/training/br-address-block-feedback-20261003/replays/d76fd2df9073466ba5b5ced4ec469366/episode-00000172-slot-5.json,204,dbe15aa21c32631db545e5f104a2b3291740c669a4dae4d8738b930ff64e0280
training,logs/training/br-address-block-feedback-20261003,logs/training/br-address-block-feedback-20261003/replays/d76fd2df9073466ba5b5ced4ec469366/episode-00000173-slot-1.json,200,801a30c119958181cfb36546912ef88d337289b4f8c5496e2a33fe5f900a3498
training,logs/training/br-address-block-feedback-20261003,logs/training/br-address-block-feedback-20261003/replays/d76fd2df9073466ba5b5ced4ec469366/episode-00000174-slot-2.json,200,fc743b4587a0d4ca4452865d20c57463e29bad034445dff937030971503919f2
training,logs/training/br-address-block-feedback-20261003,logs/training/br-address-block-feedback-20261003/replays/d76fd2df9073466ba5b5ced4ec469366/episode-00000175-slot-7.json,200,f04078b2dbfdc904cefaab294f8c5ee31a8b4a025054bf67c669fad8b1abcb7d
training,logs/training/br-address-block-feedback-20261003,logs/training/br-address-block-feedback-20261003/replays/d76fd2df9073466ba5b5ced4ec469366/episode-00000176-slot-4.json,200,cdb9ccd71bf2be85414f101d331624ef5a258bd2a1c46e1767ccf81e7417e63b
training,logs/training/br-address-block-feedback-20261003,logs/training/br-address-block-feedback-20261003/replays/d76fd2df9073466ba5b5ced4ec469366/episode-00000177-slot-0.json,200,478f6c0d6c82b16556592a4f8b618053c0318d9a9b4710fb0d43a9d3ebee06dd
training,logs/training/br-address-block-feedback-20261003,logs/training/br-address-block-feedback-20261003/replays/d76fd2df9073466ba5b5ced4ec469366/episode-00000178-slot-1.json,200,0f41e379915cb1e6aef90538f7aaf89add456ba0a05c1df2cbbb22f6c093425a
training,logs/training/br-address-block-feedback-20261003,logs/training/br-address-block-feedback-20261003/replays/d76fd2df9073466ba5b5ced4ec469366/episode-00000179-slot-5.json,200,e5beb57c5634be2ee34fbd000c2fd68024226c9efbeee6f0e3c82a284495877e
training,logs/training/br-address-block-feedback-20261003,logs/training/br-address-block-feedback-20261003/replays/d76fd2df9073466ba5b5ced4ec469366/episode-00000180-slot-3.json,199,2da930ec0c37a6a405e3f61603d484890ee3f500ebe1fce8969bf2583d8caaff
training,logs/training/br-address-block-feedback-20261003,logs/training/br-address-block-feedback-20261003/replays/d76fd2df9073466ba5b5ced4ec469366/episode-00000181-slot-6.json,199,40992fa47fc1b94070b6dea66e9f2e27138534b400b433f589df1df9617bcfec
training,logs/training/br-address-block-feedback-20261003,logs/training/br-address-block-feedback-20261003/replays/d76fd2df9073466ba5b5ced4ec469366/episode-00000182-slot-7.json,200,36614ba633b81bfe869240dcc760196a8307087ec52870b9d757d8b4f57eab6e
training,logs/training/br-address-block-feedback-20261003,logs/training/br-address-block-feedback-20261003/replays/d76fd2df9073466ba5b5ced4ec469366/episode-00000183-slot-2.json,199,fc367a34eebb9c9752bb309b6ad0eac42173ef25c6bcfa7ef32ec726121487e8
training,logs/training/br-address-block-feedback-20261003,logs/training/br-address-block-feedback-20261003/replays/d76fd2df9073466ba5b5ced4ec469366/episode-00000184-slot-1.json,199,aef36042b7bd09fba5d78424baf844bc7305fce3cfc3e85464ae8f62161d163e
training,logs/training/br-address-block-feedback-20261003,logs/training/br-address-block-feedback-20261003/replays/d76fd2df9073466ba5b5ced4ec469366/episode-00000185-slot-5.json,200,1b8be4c1bf16e82879edfa45df3f470d3bf262704505edaf33c62e0e8e6c3537
training,logs/training/br-address-block-feedback-20261003,logs/training/br-address-block-feedback-20261003/replays/d76fd2df9073466ba5b5ced4ec469366/episode-00000186-slot-4.json,200,a4df70ba5b208c9b33944a67b6e87b80d48a8255494b1cfc665d618da9901dd9
training,logs/training/br-address-block-feedback-20261003,logs/training/br-address-block-feedback-20261003/replays/d76fd2df9073466ba5b5ced4ec469366/episode-00000187-slot-0.json,200,7a11e4f840cba2dce4eb605f5e3db93a52cd2d949a05bee2078fafc088704553
training,logs/training/br-address-block-feedback-20261003,logs/training/br-address-block-feedback-20261003/replays/d76fd2df9073466ba5b5ced4ec469366/episode-00000188-slot-3.json,200,bbebda009449d4d1675423312f8993dcf7dd5646ac6a488c37be53e754dea06d
training,logs/training/br-address-block-feedback-20261003,logs/training/br-address-block-feedback-20261003/replays/d76fd2df9073466ba5b5ced4ec469366/episode-00000189-slot-7.json,200,042c7c580bc3699c5f55b9034db79e297e481c9a0a791d398cd7dca75a433e12
training,logs/training/br-address-block-feedback-20261003,logs/training/br-address-block-feedback-20261003/replays/d76fd2df9073466ba5b5ced4ec469366/episode-00000190-slot-6.json,200,7ca71d0d765dc59e1c891f9433023fde85825a89113eb907f2b194122a8ada86
training,logs/training/br-address-block-feedback-20261003,logs/training/br-address-block-feedback-20261003/replays/d76fd2df9073466ba5b5ced4ec469366/episode-00000191-slot-2.json,200,d6e1d0f09855c7f4e7f0be61ba5f6ba3e4eb641584dfc5f512cb4234bac1bb9b
training,logs/training/br-address-block-feedback-20261003,logs/training/br-address-block-feedback-20261003/replays/d76fd2df9073466ba5b5ced4ec469366/episode-00000192-slot-3.json,200,163496dd5e54adfa016e8ed20ff7ff1dc6a33b54af946553bb363088af5a6e55
training,logs/training/br-address-block-feedback-20261003,logs/training/br-address-block-feedback-20261003/replays/d76fd2df9073466ba5b5ced4ec469366/episode-00000193-slot-1.json,200,42d520d1161eee6f322199e24cf48e48c7b77028e32edc4e514acc603bf91240
training,logs/training/br-address-block-feedback-20261003,logs/training/br-address-block-feedback-20261003/replays/d76fd2df9073466ba5b5ced4ec469366/episode-00000194-slot-0.json,200,5e966fbae86c50c0b3e005fa075c6dd911b310e1732a1c1006194cb4d24a8f3d
training,logs/training/br-address-block-feedback-20261003,logs/training/br-address-block-feedback-20261003/replays/d76fd2df9073466ba5b5ced4ec469366/episode-00000195-slot-7.json,199,bf753a315ebc240f461b46b5c87d8cecd3c6409d83dd0bdde0f21b2b987b33a9
training,logs/training/br-address-block-feedback-20261003,logs/training/br-address-block-feedback-20261003/replays/d76fd2df9073466ba5b5ced4ec469366/episode-00000196-slot-5.json,204,79528f8ee14c243ff2403605348f48c9231b0f85f3e6c6471d6b8498f24fef92
training,logs/training/br-address-block-feedback-20261003,logs/training/br-address-block-feedback-20261003/replays/d76fd2df9073466ba5b5ced4ec469366/episode-00000197-slot-4.json,199,b52b35aaf835243f71f1416419c708bb51bfd6042cce2e6bd334e18ccd5cce24
training,logs/training/br-address-block-feedback-20261003,logs/training/br-address-block-feedback-20261003/replays/d76fd2df9073466ba5b5ced4ec469366/episode-00000198-slot-2.json,200,aef1f8f43322197c2ecc1b5689db69fb47f4727cbae57e2e71a4f17e2ddaba5f
training,logs/training/br-address-block-feedback-20261003,logs/training/br-address-block-feedback-20261003/replays/d76fd2df9073466ba5b5ced4ec469366/episode-00000199-slot-6.json,200,8268f43ece0a8246e5a600e078ad5b8bdbd4e064fffbdb6a3a9084c443819268
training,logs/training/br-address-block-feedback-20261003,logs/training/br-address-block-feedback-20261003/replays/d76fd2df9073466ba5b5ced4ec469366/episode-00000200-slot-1.json,200,8f8f34ac73c30b399692c553dbdb5fb0efb06395ef5e056c14d14ddbae69c17b
training,logs/training/br-address-block-feedback-20261003,logs/training/br-address-block-feedback-20261003/replays/d76fd2df9073466ba5b5ced4ec469366/episode-00000201-slot-3.json,200,f99bd0fe3552f19bedd97923d4dfeb5e3a0fcb2806808ab3edc52d45e16efce4
training,logs/training/br-address-block-feedback-20261003,logs/training/br-address-block-feedback-20261003/replays/d76fd2df9073466ba5b5ced4ec469366/episode-00000202-slot-0.json,200,5d7adf4d3205f9c29d6b220e1f1b3c71acdc1d3bc52145d9a7fc12a779a6bc19
training,logs/training/br-address-block-feedback-20261003,logs/training/br-address-block-feedback-20261003/replays/d76fd2df9073466ba5b5ced4ec469366/episode-00000203-slot-4.json,199,166bb018b5fc4a459d2442b79a6ab724ba209f579014682b34d8e01aded79de7
training,logs/training/br-address-block-feedback-20261003,logs/training/br-address-block-feedback-20261003/replays/d76fd2df9073466ba5b5ced4ec469366/episode-00000204-slot-5.json,200,2f4a48becd81ea5d9d473b1c72fb214f84c2c87b234b2abd10ef237c4a096a92
training,logs/training/br-address-block-feedback-20261003,logs/training/br-address-block-feedback-20261003/replays/d76fd2df9073466ba5b5ced4ec469366/episode-00000205-slot-2.json,199,debf74a6caf7c5bb6af927a8e3c148f558cbec31360f579723244678d7f05164
training,logs/training/br-address-block-feedback-20261003,logs/training/br-address-block-feedback-20261003/replays/d76fd2df9073466ba5b5ced4ec469366/episode-00000206-slot-6.json,200,c530b4d6fc7b9339b06738bc78a6be50f51c3063f0b9e0863760591d08a7cdef
training,logs/training/br-address-block-feedback-20261003,logs/training/br-address-block-feedback-20261003/replays/d76fd2df9073466ba5b5ced4ec469366/episode-00000207-slot-7.json,199,5c3e7aedce6ab2341f73ce099148e3350af0cd17c16dce22cbfcdd02b3c7fd58
training,logs/training/br-address-block-feedback-20261003,logs/training/br-address-block-feedback-20261003/replays/d76fd2df9073466ba5b5ced4ec469366/episode-00000208-slot-1.json,199,617daacefaf34a11c310305377d90fb6dfe780bcd88cc49c85d31738a19496d3
training,logs/training/br-address-block-feedback-20261003,logs/training/br-address-block-feedback-20261003/replays/d76fd2df9073466ba5b5ced4ec469366/episode-00000209-slot-0.json,199,acfe37aa5584eba902222a9d70055a06cbabbb700c2e8131ba2ee1d0529f52ba
training,logs/training/br-address-block-feedback-20261003,logs/training/br-address-block-feedback-20261003/replays/d76fd2df9073466ba5b5ced4ec469366/episode-00000210-slot-1.json,197,bf90dc06667b1ed5cfbae62ed87892298a861cea0faebb8d9904d64b03dc2749
training,logs/training/br-address-block-feedback-20261003,logs/training/br-address-block-feedback-20261003/replays/d76fd2df9073466ba5b5ced4ec469366/episode-00000211-slot-2.json,198,3dbedd246648656b7b5da9686284788a6109c70d5aca929694555dd8903caa02
training,logs/training/br-address-block-feedback-20261003,logs/training/br-address-block-feedback-20261003/replays/d76fd2df9073466ba5b5ced4ec469366/episode-00000212-slot-3.json,199,f06b621a3c39d2cefd71cc87e98bf6d9ea7627c5901d9441ed7ab74ab5feb3c6
training,logs/training/br-address-block-feedback-20261003,logs/training/br-address-block-feedback-20261003/replays/d76fd2df9073466ba5b5ced4ec469366/episode-00000213-slot-4.json,199,5fbc41ec0a2f2cf863a09639522df569d3c2415f752722ceed467835273aa841
training,logs/training/br-address-block-feedback-20261003,logs/training/br-address-block-feedback-20261003/replays/d76fd2df9073466ba5b5ced4ec469366/episode-00000214-slot-5.json,199,227919f9e5ba7baa90ec81aaece62a9739845ce6d50cf68e0beca3906989142d
training,logs/training/br-address-block-feedback-20261003,logs/training/br-address-block-feedback-20261003/replays/d76fd2df9073466ba5b5ced4ec469366/episode-00000215-slot-6.json,198,b47fcb6a08a3508ad4df4858904d8bcf80142a9389231ddcd7217b4f90966f16
training,logs/training/br-address-block-feedback-20261003,logs/training/br-address-block-feedback-20261003/replays/d76fd2df9073466ba5b5ced4ec469366/episode-00000216-slot-7.json,198,b131fb02aaedd2fae896ff8ec749da48e925810421a1f0780102192523fa3013
training,logs/training/br-address-block-feedback-20261003,logs/training/br-address-block-feedback-20261003/result.json,2066,b2bed0df9ad5da3665a11e39145fc12152f6577e95bcd6a7efdd94a97ab81a95
training,logs/training/br-address-block-feedback-20261003,logs/training/br-address-block-feedback-20261003/scalars/progress.csv,224661,b7cb3102665039146f887b8aa0617785931e2be48735fe9a93e990b3c170b45e
training,logs/training/br-address-block-feedback-20261003,logs/training/br-address-block-feedback-20261003/timing.json,95072,fdbd43fc3da5293a3a552e23c3c0f811608d73cc24556800d591456fc11631c6
training,logs/training/br-address-control-continued-20261002,logs/training/br-address-control-continued-20261002/checkpoints/ppo_32768_steps.curriculum.json,895,edf246c33f7e38b875b102494367af126b5fe8670e4c2247873689f7a30be3ab
training,logs/training/br-address-control-continued-20261002,logs/training/br-address-control-continued-20261002/checkpoints/ppo_49152_steps.curriculum.json,896,c379c0511c5570efcd49b8aeb16e975b87d110998e335c751d36e3980241076f
training,logs/training/br-address-control-continued-20261002,logs/training/br-address-control-continued-20261002/checkpoints/ppo_65536_steps.curriculum.json,896,d69934565a4e968163a1271e4eea83a0c3fd6c36a4d2f363c1488e651b4fc56d
training,logs/training/br-address-control-continued-20261002,logs/training/br-address-control-continued-20261002/checkpoints/updated_16896_steps.curriculum.json,895,290b59165461b0ad02df9b7eb4c17dfad36348dc73d1cc20a4ebc5e2ab85db27
training,logs/training/br-address-control-continued-20261002,logs/training/br-address-control-continued-20261002/checkpoints/updated_32768_steps.curriculum.json,895,61bc774184c7078fd305fa5172a2533cb28b55bf59d3d005862eca8f06930ae3
training,logs/training/br-address-control-continued-20261002,logs/training/br-address-control-continued-20261002/checkpoints/updated_49152_steps.curriculum.json,896,8d43b26af175b8d5d1e6df83744c32d7a665162cea063ce944862b07b5a52f33
training,logs/training/br-address-control-continued-20261002,logs/training/br-address-control-continued-20261002/checkpoints/updated_65536_steps.curriculum.json,896,80e44a5ad05f66c649801287d996fec9505647e0e7b0fb5bd6b05db09f9b5de7
training,logs/training/br-address-control-continued-20261002,logs/training/br-address-control-continued-20261002/config.yaml,5121,3631cc872aa81afdb3b969fd121a9ab9b0fb45b1f27ea4f96a322b1a155095ea
training,logs/training/br-address-control-continued-20261002,logs/training/br-address-control-continued-20261002/final.curriculum.json,896,5ef2917b4b67ecbf0432733d46c5075722d910916744136ed239fee691f82d7f
training,logs/training/br-address-control-continued-20261002,logs/training/br-address-control-continued-20261002/identity.json,47761,b9cfdacb73e53a037efb8e0c1b7bd89e23e2bb832d88467ce82b562ec6820f3f
training,logs/training/br-address-control-continued-20261002,logs/training/br-address-control-continued-20261002/progress.json,57614,6e3d3f734eded5343da5e99531e3ff7efb63e994f88bc8254836103de596aa69
training,logs/training/br-address-control-continued-20261002,logs/training/br-address-control-continued-20261002/replays/b9756dc2832a45f59ead7f2a3fddbe67/episode-00000001-slot-1.json,196,7399718c8298ad70a764ab2c2db7151a07061d34a011e1c2183c131955bdb5fb
training,logs/training/br-address-control-continued-20261002,logs/training/br-address-control-continued-20261002/replays/b9756dc2832a45f59ead7f2a3fddbe67/episode-00000002-slot-0.json,196,82e497342c873e7c1d520ef14c422affae3efc1605bad332036176471ccb8933
training,logs/training/br-address-control-continued-20261002,logs/training/br-address-control-continued-20261002/replays/b9756dc2832a45f59ead7f2a3fddbe67/episode-00000003-slot-1.json,199,53e25a32dc754f2e8faf8f53c673a23d24a526d1ea53ead6e45ddad8cf75f306
training,logs/training/br-address-control-continued-20261002,logs/training/br-address-control-continued-20261002/replays/b9756dc2832a45f59ead7f2a3fddbe67/episode-00000004-slot-0.json,200,784b55fe62819d1d919f0a462e8a75a553ea30edc74ad8fac059119c41da6f59
training,logs/training/br-address-control-continued-20261002,logs/training/br-address-control-continued-20261002/replays/b9756dc2832a45f59ead7f2a3fddbe67/episode-00000005-slot-1.json,200,eca1c188963ad5426e2395ec5900003f9e069c4a1ab9742b746fca7dc1937fdc
training,logs/training/br-address-control-continued-20261002,logs/training/br-address-control-continued-20261002/replays/b9756dc2832a45f59ead7f2a3fddbe67/episode-00000006-slot-0.json,200,1eed0a43dd65c00f190af31d3974a9b9539181b77feb217cde8951aef0da6cdc
training,logs/training/br-address-control-continued-20261002,logs/training/br-address-control-continued-20261002/replays/b9756dc2832a45f59ead7f2a3fddbe67/episode-00000007-slot-1.json,200,58e221437caee0ba6780ec51c3ae4527c39884a71709eb5df54eeb1f2c03d4c9
training,logs/training/br-address-control-continued-20261002,logs/training/br-address-control-continued-20261002/replays/b9756dc2832a45f59ead7f2a3fddbe67/episode-00000008-slot-0.json,200,07788963e97e475cca7bee230c18822d8db7a5b3ca033fd25b93862cb8486b6d
training,logs/training/br-address-control-continued-20261002,logs/training/br-address-control-continued-20261002/replays/b9756dc2832a45f59ead7f2a3fddbe67/episode-00000009-slot-1.json,200,02a140710dea78b33987bb98103a282cb73d8a383337cb52b2d86188931e82a3
training,logs/training/br-address-control-continued-20261002,logs/training/br-address-control-continued-20261002/replays/b9756dc2832a45f59ead7f2a3fddbe67/episode-00000010-slot-0.json,200,005baba6b008bf1932c78ff870d165f8153f139b4fab92acc60f89918c02b3b7
training,logs/training/br-address-control-continued-20261002,logs/training/br-address-control-continued-20261002/replays/b9756dc2832a45f59ead7f2a3fddbe67/episode-00000011-slot-1.json,199,496849769ae09211f359d27362edd8f53079f1d0ff3705fdf0ae709bbde8044d
training,logs/training/br-address-control-continued-20261002,logs/training/br-address-control-continued-20261002/replays/b9756dc2832a45f59ead7f2a3fddbe67/episode-00000012-slot-0.json,199,aa63d15d18e388f71e3b45549ce0e8649abd9dfe6d6d5fbe6ef10300a2420111
training,logs/training/br-address-control-continued-20261002,logs/training/br-address-control-continued-20261002/replays/b9756dc2832a45f59ead7f2a3fddbe67/episode-00000013-slot-1.json,200,eb32d360b311fd412e38ddf38896cbbb822c1036db4d8430280ec5f5122d0d7b
training,logs/training/br-address-control-continued-20261002,logs/training/br-address-control-continued-20261002/replays/b9756dc2832a45f59ead7f2a3fddbe67/episode-00000014-slot-0.json,200,6b33b7516d6a4ba4d4ef60c3484f7fbea5ca6364dcfb7853d94afd55bed3fd08
training,logs/training/br-address-control-continued-20261002,logs/training/br-address-control-continued-20261002/replays/b9756dc2832a45f59ead7f2a3fddbe67/episode-00000015-slot-0.json,199,dfda860204756d6631bb9ae00b33df15d9a994de07ea1486762d4251d6c6c259
training,logs/training/br-address-control-continued-20261002,logs/training/br-address-control-continued-20261002/replays/b9756dc2832a45f59ead7f2a3fddbe67/episode-00000016-slot-1.json,199,432a5eb5d35a4add96269975c707b1fd598af85e3ddb90f6a555405f32660ed1
training,logs/training/br-address-control-continued-20261002,logs/training/br-address-control-continued-20261002/result.json,1958,e0bdd82caa8cfab9972d14591d3f7114c5748824b693cc6f8d970abad73ebf1c
training,logs/training/br-address-control-continued-20261002,logs/training/br-address-control-continued-20261002/scalars/progress.csv,23045,e2fc30efbe09a02e0eca1b5b1318371c6b528f3b0df585b345c84c6377efacd1
training,logs/training/br-address-control-continued-20261002,logs/training/br-address-control-continued-20261002/timing.json,18194,68fe5209636f590c5855bedecab59d1470b0bb86c1a3dc9c884dc09f70b166e7
training,logs/training/br-address-diverse-rollouts-20261002,logs/training/br-address-diverse-rollouts-20261002/checkpoints/ppo_131072_steps.curriculum.json,896,a8f6a52c0c5a67fa74b80d6c0d01c83f21ef415769df38336e93d9dd3172a1da
training,logs/training/br-address-diverse-rollouts-20261002,logs/training/br-address-diverse-rollouts-20261002/checkpoints/ppo_196608_steps.curriculum.json,931,6e6066c656f26f2eec06efa395dc1bff9b16391646e1cb757bc0d3cc948192a0
training,logs/training/br-address-diverse-rollouts-20261002,logs/training/br-address-diverse-rollouts-20261002/checkpoints/ppo_262144_steps.curriculum.json,927,6d9950ae0ec66fde4c13eacf1d2bdb04064d230e3d28513dd611194bc83a2095
training,logs/training/br-address-diverse-rollouts-20261002,logs/training/br-address-diverse-rollouts-20261002/checkpoints/ppo_65536_steps.curriculum.json,896,df12b58857e48ce5f068955394348dc0ed65ee922b8a3ea5ac30cdefcfd61648
training,logs/training/br-address-diverse-rollouts-20261002,logs/training/br-address-diverse-rollouts-20261002/checkpoints/updated_131072_steps.curriculum.json,896,c442e16309f72a61fcce7c6cefb8a1b37fde71b96603cfa8667e2336833b4896
training,logs/training/br-address-diverse-rollouts-20261002,logs/training/br-address-diverse-rollouts-20261002/checkpoints/updated_196608_steps.curriculum.json,931,849e5310908aa22b301436cb37d9dcaa86bffa7c5fa8eaed5c1f66468f00aa59
training,logs/training/br-address-diverse-rollouts-20261002,logs/training/br-address-diverse-rollouts-20261002/checkpoints/updated_2048_steps.curriculum.json,851,55d0a301a6c8361d027f3254af538f86330c938c77f6cd8915d3c9e5724568ce
training,logs/training/br-address-diverse-rollouts-20261002,logs/training/br-address-diverse-rollouts-20261002/checkpoints/updated_262144_steps.curriculum.json,927,c5f13d87f48fc91bdf4b704c0333e5eadeffdefd3a11f98dd0e19b131146c8ca
training,logs/training/br-address-diverse-rollouts-20261002,logs/training/br-address-diverse-rollouts-20261002/checkpoints/updated_65536_steps.curriculum.json,896,a130080e0330f950505ab4081aa5d901a439fd43e0dabc78cb60d5911f295502
training,logs/training/br-address-diverse-rollouts-20261002,logs/training/br-address-diverse-rollouts-20261002/config.yaml,5149,28ffdd1efaf7cba6ba8ad3a5d1e46e8d257911bfe3ace6a966a3b5039496d66e
training,logs/training/br-address-diverse-rollouts-20261002,logs/training/br-address-diverse-rollouts-20261002/final.curriculum.json,927,50a344dc776358091e0bcb0098578692da4ec3b0610df2a350eb593f8664f03e
training,logs/training/br-address-diverse-rollouts-20261002,logs/training/br-address-diverse-rollouts-20261002/identity.json,49775,30cc7caa392c2292395747bb020eca9c1a0349783e1ee922f547ea8a257f1df6
training,logs/training/br-address-diverse-rollouts-20261002,logs/training/br-address-diverse-rollouts-20261002/progress.json,225984,179ef50d3025d014544671efff9f3081f7d144204acb5789d8fe5b6fc852f4d9
training,logs/training/br-address-diverse-rollouts-20261002,logs/training/br-address-diverse-rollouts-20261002/replays/222699530dd1480a8fec8d253353eb74/episode-00000001-slot-3.json,194,cb6856b483b91138f12a2ee87a121b8766b2b1a1cab2c7ebed5731d2c94df402
training,logs/training/br-address-diverse-rollouts-20261002,logs/training/br-address-diverse-rollouts-20261002/replays/222699530dd1480a8fec8d253353eb74/episode-00000002-slot-0.json,194,d685b0a5193406100d5a64c06501ce359a88cad859e22e13346a870b46c30626
training,logs/training/br-address-diverse-rollouts-20261002,logs/training/br-address-diverse-rollouts-20261002/replays/222699530dd1480a8fec8d253353eb74/episode-00000003-slot-6.json,194,a526cb30dd54d374f40d371e496209eb554ff37803795d597c4b4724e73bd65a
training,logs/training/br-address-diverse-rollouts-20261002,logs/training/br-address-diverse-rollouts-20261002/replays/222699530dd1480a8fec8d253353eb74/episode-00000004-slot-7.json,194,ff6bde7936bc737f2c0619585bbe6fcbfe7924f558943187a032ec09353e5cd2
training,logs/training/br-address-diverse-rollouts-20261002,logs/training/br-address-diverse-rollouts-20261002/replays/222699530dd1480a8fec8d253353eb74/episode-00000005-slot-2.json,194,60620392897de2e185ee3a4c527f1f19e4986b027ee5ea74611e6d5632069032
training,logs/training/br-address-diverse-rollouts-20261002,logs/training/br-address-diverse-rollouts-20261002/replays/222699530dd1480a8fec8d253353eb74/episode-00000006-slot-5.json,194,8661f6ea361d9d01a83d6a6961e261860e02da485719597d8faa47ee6cb7b6c5
training,logs/training/br-address-diverse-rollouts-20261002,logs/training/br-address-diverse-rollouts-20261002/replays/222699530dd1480a8fec8d253353eb74/episode-00000007-slot-4.json,194,0ae7a468b774232a265aa194065bfae81b1d8195fc54261406bc657d2db835c7
training,logs/training/br-address-diverse-rollouts-20261002,logs/training/br-address-diverse-rollouts-20261002/replays/222699530dd1480a8fec8d253353eb74/episode-00000008-slot-1.json,194,f74c0445fb0816156ce6976e8fb7d703d722ef63f256199e73c7d7556ae22f27
training,logs/training/br-address-diverse-rollouts-20261002,logs/training/br-address-diverse-rollouts-20261002/replays/222699530dd1480a8fec8d253353eb74/episode-00000009-slot-7.json,200,f4d6cd3e4a32ce9f7ef815b5807756e8f2c7d6bbeb80456aa8ecebc95c754df7
training,logs/training/br-address-diverse-rollouts-20261002,logs/training/br-address-diverse-rollouts-20261002/replays/222699530dd1480a8fec8d253353eb74/episode-00000010-slot-3.json,200,8053e33c7df68fd7e8adf685941e82e696316bb854b1c87e0ef3518417c234cf
training,logs/training/br-address-diverse-rollouts-20261002,logs/training/br-address-diverse-rollouts-20261002/replays/222699530dd1480a8fec8d253353eb74/episode-00000011-slot-6.json,200,13c2a6920646e4076666786e8a1217f719dde04725ca056fbdf7796889835ad5
training,logs/training/br-address-diverse-rollouts-20261002,logs/training/br-address-diverse-rollouts-20261002/replays/222699530dd1480a8fec8d253353eb74/episode-00000012-slot-0.json,200,9fcfd37d8a57ef32c6b2db7139ad77cf10bf4f1253157fba826722dfd8f90066
training,logs/training/br-address-diverse-rollouts-20261002,logs/training/br-address-diverse-rollouts-20261002/replays/222699530dd1480a8fec8d253353eb74/episode-00000013-slot-2.json,199,45d12c4cd3500e0478ef2cc3aef1eef0da04e9dff65601c67335383733b14dbb
training,logs/training/br-address-diverse-rollouts-20261002,logs/training/br-address-diverse-rollouts-20261002/replays/222699530dd1480a8fec8d253353eb74/episode-00000014-slot-5.json,200,317b2a906e3c0a9544dd64a4e49b56737ec94b7cbc1d1de24310c1a8b34aa834
training,logs/training/br-address-diverse-rollouts-20261002,logs/training/br-address-diverse-rollouts-20261002/replays/222699530dd1480a8fec8d253353eb74/episode-00000015-slot-4.json,200,e124c39b00dd7af69bbecd0e969e2a69da42e0fbfaf8cf1fc9f65dd04e99aaf4
training,logs/training/br-address-diverse-rollouts-20261002,logs/training/br-address-diverse-rollouts-20261002/replays/222699530dd1480a8fec8d253353eb74/episode-00000016-slot-1.json,200,8004dea7a128228fdc15213fe163b559726f8eb1d4aaef5919b35253a0f4f769
training,logs/training/br-address-diverse-rollouts-20261002,logs/training/br-address-diverse-rollouts-20261002/replays/222699530dd1480a8fec8d253353eb74/episode-00000017-slot-7.json,199,8b6c037b40d6ef236e31970cc01c431c36424d719390c2cb4754fb9fc7a35b0a
training,logs/training/br-address-diverse-rollouts-20261002,logs/training/br-address-diverse-rollouts-20261002/replays/222699530dd1480a8fec8d253353eb74/episode-00000018-slot-3.json,200,655b489f02f7594007a920b2f0b4695aee9e44dd1612e16dd5fdf2ca521799fe
training,logs/training/br-address-diverse-rollouts-20261002,logs/training/br-address-diverse-rollouts-20261002/replays/222699530dd1480a8fec8d253353eb74/episode-00000019-slot-0.json,200,6c73dc0bf469e22be7c0d2042ca91833986527d43fe7755dd40953270fd4723b
training,logs/training/br-address-diverse-rollouts-20261002,logs/training/br-address-diverse-rollouts-20261002/replays/222699530dd1480a8fec8d253353eb74/episode-00000020-slot-6.json,200,0a18fe68d72151ea029e7ead6a135515126eb689cff16d4f14a888ac2cfca9f4
training,logs/training/br-address-diverse-rollouts-20261002,logs/training/br-address-diverse-rollouts-20261002/replays/222699530dd1480a8fec8d253353eb74/episode-00000021-slot-4.json,199,7cdb1cb780836118bfd3865c2d31a9370f78e10042e916de1cc5cbf360642440
training,logs/training/br-address-diverse-rollouts-20261002,logs/training/br-address-diverse-rollouts-20261002/replays/222699530dd1480a8fec8d253353eb74/episode-00000022-slot-1.json,200,0f73eaa2195fa5d031f2e26aa6664bf03ce37bc243b5446cb0a4e176769d5ecd
training,logs/training/br-address-diverse-rollouts-20261002,logs/training/br-address-diverse-rollouts-20261002/replays/222699530dd1480a8fec8d253353eb74/episode-00000023-slot-7.json,200,4ce7f4c54b3cf6d73ce36ffe34f2f6797fc5029d255522c6146dde36b8c5bfab
training,logs/training/br-address-diverse-rollouts-20261002,logs/training/br-address-diverse-rollouts-20261002/replays/222699530dd1480a8fec8d253353eb74/episode-00000024-slot-5.json,200,43f05556298654ac80e68afdf9ee150ad5a678548acd09e8be5d4015918e90ef
training,logs/training/br-address-diverse-rollouts-20261002,logs/training/br-address-diverse-rollouts-20261002/replays/222699530dd1480a8fec8d253353eb74/episode-00000025-slot-0.json,200,5d6f05aaecf2601d6a7f56f87cc2a9f5c76bb5ffcb11254ff791d278ff278424
training,logs/training/br-address-diverse-rollouts-20261002,logs/training/br-address-diverse-rollouts-20261002/replays/222699530dd1480a8fec8d253353eb74/episode-00000026-slot-2.json,200,4a2fc9685bcb7b72f01ad24f817855f0275b61da458f998bb7473b9eccb394df
training,logs/training/br-address-diverse-rollouts-20261002,logs/training/br-address-diverse-rollouts-20261002/replays/222699530dd1480a8fec8d253353eb74/episode-00000027-slot-3.json,200,0be8e6661d5a01fb72c226a10792e81ab92f35fe1bed7d875109f3afdb36558a
training,logs/training/br-address-diverse-rollouts-20261002,logs/training/br-address-diverse-rollouts-20261002/replays/222699530dd1480a8fec8d253353eb74/episode-00000028-slot-4.json,200,59559378744bb972f58ea71b901c0bf8919535bc88e208360167e7e9747d11fd
training,logs/training/br-address-diverse-rollouts-20261002,logs/training/br-address-diverse-rollouts-20261002/replays/222699530dd1480a8fec8d253353eb74/episode-00000029-slot-6.json,200,70b7345b7b6feab12de0bb5cee7ce19c42bf3ba4125e7e00789fc94e0ed25657
training,logs/training/br-address-diverse-rollouts-20261002,logs/training/br-address-diverse-rollouts-20261002/replays/222699530dd1480a8fec8d253353eb74/episode-00000030-slot-7.json,200,ed255f6e08ba2552c5045dc50017e4a9d074e351506ca34b728c07352f227570
training,logs/training/br-address-diverse-rollouts-20261002,logs/training/br-address-diverse-rollouts-20261002/replays/222699530dd1480a8fec8d253353eb74/episode-00000031-slot-1.json,199,412c03974520adf281b5b352189d91a095e9a887a17bfe410a62494576483ef5
training,logs/training/br-address-diverse-rollouts-20261002,logs/training/br-address-diverse-rollouts-20261002/replays/222699530dd1480a8fec8d253353eb74/episode-00000032-slot-2.json,199,c89c5e3d7a17070d5c899f1ced3edd45124da83775633416957410c33d2888d9
training,logs/training/br-address-diverse-rollouts-20261002,logs/training/br-address-diverse-rollouts-20261002/replays/222699530dd1480a8fec8d253353eb74/episode-00000033-slot-5.json,203,0770e4fab54b4e88a61d4cf50b592137f9da5bf974b53fbcf92b5f2f1135cd61
training,logs/training/br-address-diverse-rollouts-20261002,logs/training/br-address-diverse-rollouts-20261002/replays/222699530dd1480a8fec8d253353eb74/episode-00000034-slot-0.json,200,e7550c878a7c474cf99b67ae0352a92386be59101f5e482138ce600c03295934
training,logs/training/br-address-diverse-rollouts-20261002,logs/training/br-address-diverse-rollouts-20261002/replays/222699530dd1480a8fec8d253353eb74/episode-00000035-slot-1.json,200,de08d4b319400d004374189ee5e39cb84f3123f62f6a759f1e6058bf3dc1de7c
training,logs/training/br-address-diverse-rollouts-20261002,logs/training/br-address-diverse-rollouts-20261002/replays/222699530dd1480a8fec8d253353eb74/episode-00000036-slot-6.json,200,ba68e6485b4dcf0ef64cf80736da0567217a60d2ca5d59ae904e0ffb2d361f6b
training,logs/training/br-address-diverse-rollouts-20261002,logs/training/br-address-diverse-rollouts-20261002/replays/222699530dd1480a8fec8d253353eb74/episode-00000037-slot-3.json,200,fc957743587298ade50e0c7602cda8e90cec595362dedf9fb5543bed7b884693
training,logs/training/br-address-diverse-rollouts-20261002,logs/training/br-address-diverse-rollouts-20261002/replays/222699530dd1480a8fec8d253353eb74/episode-00000038-slot-4.json,203,390fcfd6ebedc70c3e8168d6a6e92b4c527fc3aec19bea9db8f0691ba65260ae
training,logs/training/br-address-diverse-rollouts-20261002,logs/training/br-address-diverse-rollouts-20261002/replays/222699530dd1480a8fec8d253353eb74/episode-00000039-slot-7.json,199,e31c4c69e62d08189551c5403d6570c3345728cdfe979eb029e0956c1dc0a49b
training,logs/training/br-address-diverse-rollouts-20261002,logs/training/br-address-diverse-rollouts-20261002/replays/222699530dd1480a8fec8d253353eb74/episode-00000040-slot-2.json,200,53f530871392ef8065adbf791bcf281d6abb4da522b5072182488db5bb88446b
training,logs/training/br-address-diverse-rollouts-20261002,logs/training/br-address-diverse-rollouts-20261002/replays/222699530dd1480a8fec8d253353eb74/episode-00000041-slot-0.json,199,e7d7701814e5fc173e55be46192564367e092bb8c21634846f4ca99b40208655
training,logs/training/br-address-diverse-rollouts-20261002,logs/training/br-address-diverse-rollouts-20261002/replays/222699530dd1480a8fec8d253353eb74/episode-00000042-slot-1.json,200,e849aa580722258b12dfd747e0f1aa0ee5aa7f1736e14856ede93590cdc84853
training,logs/training/br-address-diverse-rollouts-20261002,logs/training/br-address-diverse-rollouts-20261002/replays/222699530dd1480a8fec8d253353eb74/episode-00000043-slot-5.json,200,5919e6cda23ff5fd1541536313edf2e7677bf4c75fcb2c3ad5969cd9296f6ab2
training,logs/training/br-address-diverse-rollouts-20261002,logs/training/br-address-diverse-rollouts-20261002/replays/222699530dd1480a8fec8d253353eb74/episode-00000044-slot-6.json,200,bc0f3321c0198ee5f02a382e1b9e3bc2c212a823cce64e7d29053c03dea0d5dc
training,logs/training/br-address-diverse-rollouts-20261002,logs/training/br-address-diverse-rollouts-20261002/replays/222699530dd1480a8fec8d253353eb74/episode-00000045-slot-7.json,200,448320f396ded5771ab0ed2757a22f42dc64ddf1dfa20fea1d60d57328e854b1
training,logs/training/br-address-diverse-rollouts-20261002,logs/training/br-address-diverse-rollouts-20261002/replays/222699530dd1480a8fec8d253353eb74/episode-00000046-slot-2.json,200,4649e866a2032778927e4eff36d3ecf8f8deffbe578ada2436a7bb278d52553f
training,logs/training/br-address-diverse-rollouts-20261002,logs/training/br-address-diverse-rollouts-20261002/replays/222699530dd1480a8fec8d253353eb74/episode-00000047-slot-4.json,199,19b68a3b7575b3b5366a609eb513a319cedd15fc4462fc60e17f6f62ef41e937
training,logs/training/br-address-diverse-rollouts-20261002,logs/training/br-address-diverse-rollouts-20261002/replays/222699530dd1480a8fec8d253353eb74/episode-00000048-slot-3.json,200,4a64e8d4b1a0e386812d48beb3829163795240a331120690a38961fddb5b1535
training,logs/training/br-address-diverse-rollouts-20261002,logs/training/br-address-diverse-rollouts-20261002/replays/222699530dd1480a8fec8d253353eb74/episode-00000049-slot-0.json,200,6ac346c5d575477d0dc419b9f1fc4a5154799e2f6df048b1efe93e1cb237d827
training,logs/training/br-address-diverse-rollouts-20261002,logs/training/br-address-diverse-rollouts-20261002/replays/222699530dd1480a8fec8d253353eb74/episode-00000050-slot-1.json,200,d05cfb518e5a8a1c20cf117d0a05ac8dbd78d079c1f92882c6efe7d269e77f82
training,logs/training/br-address-diverse-rollouts-20261002,logs/training/br-address-diverse-rollouts-20261002/replays/222699530dd1480a8fec8d253353eb74/episode-00000051-slot-6.json,200,b80555fd17fd6c98bfd3f50c7b40bb9f200394c00b7aca759e3c3c391c0724ea
training,logs/training/br-address-diverse-rollouts-20261002,logs/training/br-address-diverse-rollouts-20261002/replays/222699530dd1480a8fec8d253353eb74/episode-00000052-slot-4.json,200,e29d537a0b460f828879742c667e5d6c47e46bf04c3deb540974d674c0c71774
training,logs/training/br-address-diverse-rollouts-20261002,logs/training/br-address-diverse-rollouts-20261002/replays/222699530dd1480a8fec8d253353eb74/episode-00000053-slot-2.json,199,eeeaeb8afdbe3beb9b06a01e71cc0d3798c1f8dbbf02d9bffec7ea6b43da9024
training,logs/training/br-address-diverse-rollouts-20261002,logs/training/br-address-diverse-rollouts-20261002/replays/222699530dd1480a8fec8d253353eb74/episode-00000054-slot-5.json,200,07ad19d81d3ac4ad6ac8350a7e5b9ac4d7f0eb4f8e01fac4b1749c3b08b8dfaf
training,logs/training/br-address-diverse-rollouts-20261002,logs/training/br-address-diverse-rollouts-20261002/replays/222699530dd1480a8fec8d253353eb74/episode-00000055-slot-7.json,200,4b3f82034ab15929d81e5d5df625e397cb3e3bc7b9105c14b8f4670102407529
training,logs/training/br-address-diverse-rollouts-20261002,logs/training/br-address-diverse-rollouts-20261002/replays/222699530dd1480a8fec8d253353eb74/episode-00000056-slot-1.json,199,4b89cbd1bd9c7b623d76299d558e5f71ff66f6e5d8da9be6a8315af40e2a07de
training,logs/training/br-address-diverse-rollouts-20261002,logs/training/br-address-diverse-rollouts-20261002/replays/222699530dd1480a8fec8d253353eb74/episode-00000057-slot-0.json,200,4e32f5a67c34cff54b21229263e74aee3d1a4cd89cfe18a9c7cae495c5a68485
training,logs/training/br-address-diverse-rollouts-20261002,logs/training/br-address-diverse-rollouts-20261002/replays/222699530dd1480a8fec8d253353eb74/episode-00000058-slot-0.json,198,eee431c32f49f74c74124545a1ff7e1818073301a2ca9083610ed60c7f387f4a
training,logs/training/br-address-diverse-rollouts-20261002,logs/training/br-address-diverse-rollouts-20261002/replays/222699530dd1480a8fec8d253353eb74/episode-00000059-slot-1.json,199,f7e601c2451af984c32e6bfa56048ddced3a87a64b7ba599e98fbaca4d7a1a93
training,logs/training/br-address-diverse-rollouts-20261002,logs/training/br-address-diverse-rollouts-20261002/replays/222699530dd1480a8fec8d253353eb74/episode-00000060-slot-2.json,197,c8571909736a6b605881654ba2fa701efd9dd63c261cad9a460420c5150ee3c7
training,logs/training/br-address-diverse-rollouts-20261002,logs/training/br-address-diverse-rollouts-20261002/replays/222699530dd1480a8fec8d253353eb74/episode-00000061-slot-3.json,199,4844261c7b9ca30001b2d194f0be18ed6d1b1568c093e4a4c366867dbb7d7f67
training,logs/training/br-address-diverse-rollouts-20261002,logs/training/br-address-diverse-rollouts-20261002/replays/222699530dd1480a8fec8d253353eb74/episode-00000062-slot-4.json,198,a6811e3f20cbd8c4bce98a4159ed0193c083c97739795a39e557899a2f059a27
training,logs/training/br-address-diverse-rollouts-20261002,logs/training/br-address-diverse-rollouts-20261002/replays/222699530dd1480a8fec8d253353eb74/episode-00000063-slot-5.json,199,6a7fad84152f3ffef66a9c2ce356238eff2835dea63fcf460d8675535075e10e
training,logs/training/br-address-diverse-rollouts-20261002,logs/training/br-address-diverse-rollouts-20261002/replays/222699530dd1480a8fec8d253353eb74/episode-00000064-slot-6.json,198,2a6dcd480a01ec8813a1cae90902e9de0d936612953597e65fbbc3e1bb3945d9
training,logs/training/br-address-diverse-rollouts-20261002,logs/training/br-address-diverse-rollouts-20261002/replays/222699530dd1480a8fec8d253353eb74/episode-00000065-slot-7.json,198,fdfaa179d70923d19ef0f0b9cdbab2ac23445e9799c77478341f4046a769a4be
training,logs/training/br-address-diverse-rollouts-20261002,logs/training/br-address-diverse-rollouts-20261002/result.json,2011,891215560a884e925b4f7722c89ec9a6682f650b083ef31c0786b8d76bcf87a5
training,logs/training/br-address-diverse-rollouts-20261002,logs/training/br-address-diverse-rollouts-20261002/scalars/progress.csv,33237,f761d2275932d0be4c8983e8cf202791d0ee3698f82f9508de7e79f0c696b486
training,logs/training/br-address-diverse-rollouts-20261002,logs/training/br-address-diverse-rollouts-20261002/timing.json,24153,5f8e26056a0d2fca1bd4c92e878f84ea286bc0a8025f0696ddd303181b300912
training,logs/training/br-address-episode-mix50-20261002,logs/training/br-address-episode-mix50-20261002/checkpoints/ppo_131072_steps.curriculum.json,947,e2f0ea1c7a777f0444aadea7987df8aea9c122df7fba7627d3c67eb05caf2236
training,logs/training/br-address-episode-mix50-20261002,logs/training/br-address-episode-mix50-20261002/checkpoints/ppo_196608_steps.curriculum.json,934,1e8a1f37adb69448f2a80c6b3169552c4a3f0971e6070400d724e1d31040b509
training,logs/training/br-address-episode-mix50-20261002,logs/training/br-address-episode-mix50-20261002/checkpoints/ppo_262144_steps.curriculum.json,934,361c112ad97a35c1b230e2ad299b4b14801b8fe30d3314a8314632e85a356f48
training,logs/training/br-address-episode-mix50-20261002,logs/training/br-address-episode-mix50-20261002/checkpoints/ppo_65536_steps.curriculum.json,933,19cb3f8f9443e6df68cd5a5e97c827d9e62a2e2cbb166e26e77dab2cd750fc8f
training,logs/training/br-address-episode-mix50-20261002,logs/training/br-address-episode-mix50-20261002/checkpoints/updated_131072_steps.curriculum.json,947,2e30d71c17f046bc7aaa61b61a5db8b8213dd39328cec286064960e99df13512
training,logs/training/br-address-episode-mix50-20261002,logs/training/br-address-episode-mix50-20261002/checkpoints/updated_196608_steps.curriculum.json,934,2d14f7f8dd2e76a9ab42841396d8141af8a634634ae2dda8292135d33229a640
training,logs/training/br-address-episode-mix50-20261002,logs/training/br-address-episode-mix50-20261002/checkpoints/updated_2048_steps.curriculum.json,857,054f1d4f6926e130e1ad3eae8b6f9a219d67860dc23b90b3c2b7087d35f62aae
training,logs/training/br-address-episode-mix50-20261002,logs/training/br-address-episode-mix50-20261002/checkpoints/updated_262144_steps.curriculum.json,934,7794434e079b2ae0f177c29459a3937ce7016d75340a909c4535202b13dbc188
training,logs/training/br-address-episode-mix50-20261002,logs/training/br-address-episode-mix50-20261002/checkpoints/updated_65536_steps.curriculum.json,933,04247c1317e8a157e92e7671b16d24dc34ef4e495ed7477c95193486281b84f2
training,logs/training/br-address-episode-mix50-20261002,logs/training/br-address-episode-mix50-20261002/config.yaml,5209,b7a9fb9d43d8063c8b5bc74eea79c4f18df5b4cd3ae1d0279a3c4dad773a48bc
training,logs/training/br-address-episode-mix50-20261002,logs/training/br-address-episode-mix50-20261002/final.curriculum.json,934,c931f3e4656b95bca9657c858f3bf452014c5e97470b10cbbb32c5d795bff4e8
training,logs/training/br-address-episode-mix50-20261002,logs/training/br-address-episode-mix50-20261002/identity.json,50705,bf497a52fb3f5257b644b0efc7a853752045ac663747557cba803dd08ee590d5
training,logs/training/br-address-episode-mix50-20261002,logs/training/br-address-episode-mix50-20261002/progress.json,203387,a2f6bf1f061e5febe82fbbd8a37fa0ba788e34cef9760bb532f9833b4eae579f
training,logs/training/br-address-episode-mix50-20261002,logs/training/br-address-episode-mix50-20261002/replays/38fbf6d049d144bc9bff5e59486e30b0/episode-00000001-slot-3.json,194,46525a535cd8a7741e08e829da4e15094f27c0fb86561ee73810207de00169fb
training,logs/training/br-address-episode-mix50-20261002,logs/training/br-address-episode-mix50-20261002/replays/38fbf6d049d144bc9bff5e59486e30b0/episode-00000002-slot-7.json,194,82a4ae0d52b06e6edd6e94a39c306a50072b9da3622ee6006d89733cf4fac6e4
training,logs/training/br-address-episode-mix50-20261002,logs/training/br-address-episode-mix50-20261002/replays/38fbf6d049d144bc9bff5e59486e30b0/episode-00000003-slot-1.json,194,6e818e613cc956ef3e4374aa793c3bf3cd47daa748ab219afa6aa39ab8a3c607
training,logs/training/br-address-episode-mix50-20261002,logs/training/br-address-episode-mix50-20261002/replays/38fbf6d049d144bc9bff5e59486e30b0/episode-00000004-slot-0.json,194,e5514fda4bfbb38124f174cbe157f2cc38fbf10b2d65131d9be519e0feec52d2
training,logs/training/br-address-episode-mix50-20261002,logs/training/br-address-episode-mix50-20261002/replays/38fbf6d049d144bc9bff5e59486e30b0/episode-00000005-slot-5.json,194,c01bcfb1b5f2fd6589ef42b83f83a33e195ca782750e97a7946e9d1753d9b543
training,logs/training/br-address-episode-mix50-20261002,logs/training/br-address-episode-mix50-20261002/replays/38fbf6d049d144bc9bff5e59486e30b0/episode-00000006-slot-6.json,194,dca6404355c59f7846c54804cde8e787d335bfe196132e67231f22a6b340bccb
training,logs/training/br-address-episode-mix50-20261002,logs/training/br-address-episode-mix50-20261002/replays/38fbf6d049d144bc9bff5e59486e30b0/episode-00000007-slot-2.json,194,8ce03aab8714f4e84749d51e8ea9fbbb61e72d40079d2bf775e13b5428a3f964
training,logs/training/br-address-episode-mix50-20261002,logs/training/br-address-episode-mix50-20261002/replays/38fbf6d049d144bc9bff5e59486e30b0/episode-00000008-slot-4.json,198,0242ca2039ac3f8ca318edb77f9ffc837a25953622f3657f4d9ee393b6678be6
training,logs/training/br-address-episode-mix50-20261002,logs/training/br-address-episode-mix50-20261002/replays/38fbf6d049d144bc9bff5e59486e30b0/episode-00000009-slot-3.json,200,1adaa3ff277d876b8c7c03e4edc8a99aed25f80bc35b93e8cab87c57146667e7
training,logs/training/br-address-episode-mix50-20261002,logs/training/br-address-episode-mix50-20261002/replays/38fbf6d049d144bc9bff5e59486e30b0/episode-00000010-slot-0.json,200,f52a3118a5ae08f3d1229279e923a34245a2c644e039c994eb919d39fa9613d9
training,logs/training/br-address-episode-mix50-20261002,logs/training/br-address-episode-mix50-20261002/replays/38fbf6d049d144bc9bff5e59486e30b0/episode-00000011-slot-7.json,200,d0f769699d09d904bdd3978530596c5baffcf26d050898327f683ddb102d90a9
training,logs/training/br-address-episode-mix50-20261002,logs/training/br-address-episode-mix50-20261002/replays/38fbf6d049d144bc9bff5e59486e30b0/episode-00000012-slot-6.json,200,55ebe73878cd4ccb2a05224c67a9916673d01cc0676033a384d222504c793556
training,logs/training/br-address-episode-mix50-20261002,logs/training/br-address-episode-mix50-20261002/replays/38fbf6d049d144bc9bff5e59486e30b0/episode-00000013-slot-1.json,200,fb665aafeed189ac9f8c5b847bc1a839983864d4693c7f1c7e0e3de29885ac25
training,logs/training/br-address-episode-mix50-20261002,logs/training/br-address-episode-mix50-20261002/replays/38fbf6d049d144bc9bff5e59486e30b0/episode-00000014-slot-0.json,200,e934cf50db15a286e9b39f0f0ca281e168ce863971460a24304d6048289eea01
training,logs/training/br-address-episode-mix50-20261002,logs/training/br-address-episode-mix50-20261002/replays/38fbf6d049d144bc9bff5e59486e30b0/episode-00000015-slot-3.json,199,3e70f6f472e0cd344079cfc413fe464392573bcb8f184edfecb3c243db5a8ced
training,logs/training/br-address-episode-mix50-20261002,logs/training/br-address-episode-mix50-20261002/replays/38fbf6d049d144bc9bff5e59486e30b0/episode-00000016-slot-5.json,199,98bf55d59756726b0eb4512926d8e517138d71c45212cfce154283abaf26d897
training,logs/training/br-address-episode-mix50-20261002,logs/training/br-address-episode-mix50-20261002/replays/38fbf6d049d144bc9bff5e59486e30b0/episode-00000017-slot-4.json,200,990aa1b7738b91e3c7ab775a3807abf0494657088d2577ced4fec2c650348bf5
training,logs/training/br-address-episode-mix50-20261002,logs/training/br-address-episode-mix50-20261002/replays/38fbf6d049d144bc9bff5e59486e30b0/episode-00000018-slot-2.json,200,efb411b183f4cb90d8d022e0e14bba7e632c6c4004c7997541861e5c67bccf6e
training,logs/training/br-address-episode-mix50-20261002,logs/training/br-address-episode-mix50-20261002/replays/38fbf6d049d144bc9bff5e59486e30b0/episode-00000019-slot-7.json,200,5e031dfd49406c2ec771a289677a783cc4f4685b2c4245699dbf52ff8b90d6cc
training,logs/training/br-address-episode-mix50-20261002,logs/training/br-address-episode-mix50-20261002/replays/38fbf6d049d144bc9bff5e59486e30b0/episode-00000020-slot-5.json,200,ff097288e4839d820da95b7adf529630a29f64eeeeabe043e1ed6e40f6dff9ce
training,logs/training/br-address-episode-mix50-20261002,logs/training/br-address-episode-mix50-20261002/replays/38fbf6d049d144bc9bff5e59486e30b0/episode-00000021-slot-3.json,199,b6a4f0e99cbc6bc7ebd74f62ca79005472a8ca172d814deda293cedf309b7cd0
training,logs/training/br-address-episode-mix50-20261002,logs/training/br-address-episode-mix50-20261002/replays/38fbf6d049d144bc9bff5e59486e30b0/episode-00000022-slot-0.json,200,912265ddf8bbd8dd72c16b358f16a33c24cdee254fb871988f2af5421baada6a
training,logs/training/br-address-episode-mix50-20261002,logs/training/br-address-episode-mix50-20261002/replays/38fbf6d049d144bc9bff5e59486e30b0/episode-00000023-slot-2.json,200,2bf3f73b7e6b8e3bc1ab1bbdf197a78390609780ae2a6383cb5841bfe02620d5
training,logs/training/br-address-episode-mix50-20261002,logs/training/br-address-episode-mix50-20261002/replays/38fbf6d049d144bc9bff5e59486e30b0/episode-00000024-slot-1.json,200,0bb689e2cab1eec7b7a887edb97b8d81c56d78c151ff145cc4addd57a65bd3ac
training,logs/training/br-address-episode-mix50-20261002,logs/training/br-address-episode-mix50-20261002/replays/38fbf6d049d144bc9bff5e59486e30b0/episode-00000025-slot-7.json,200,e23000a2b804fe9421ce85c4bcd09a3805ef70309f9ee31d7462f72f1d6103c6
training,logs/training/br-address-episode-mix50-20261002,logs/training/br-address-episode-mix50-20261002/replays/38fbf6d049d144bc9bff5e59486e30b0/episode-00000026-slot-5.json,200,ac4c029df732e5073e44c4ac51e74c99b79781d0daa22a6c01f2ea7af334cf4d
training,logs/training/br-address-episode-mix50-20261002,logs/training/br-address-episode-mix50-20261002/replays/38fbf6d049d144bc9bff5e59486e30b0/episode-00000027-slot-6.json,204,7feadc3345360e1d322a6c45193d95850ba33f764408b9ab3d6a300e08485635
training,logs/training/br-address-episode-mix50-20261002,logs/training/br-address-episode-mix50-20261002/replays/38fbf6d049d144bc9bff5e59486e30b0/episode-00000028-slot-4.json,200,435b8cf04b8e3bf23bba3f47335840584078f23ef2114eaedd0fc51c134d9aca
training,logs/training/br-address-episode-mix50-20261002,logs/training/br-address-episode-mix50-20261002/replays/38fbf6d049d144bc9bff5e59486e30b0/episode-00000029-slot-3.json,200,ca34091248ed8853e4258d7b65524affe08b3673455261444a3de2fd9c688c47
training,logs/training/br-address-episode-mix50-20261002,logs/training/br-address-episode-mix50-20261002/replays/38fbf6d049d144bc9bff5e59486e30b0/episode-00000030-slot-0.json,199,6e8acbd46b120dab127ebdf9423e5ec28cfcf491ded964fe9c11f7515c6cd3a4
training,logs/training/br-address-episode-mix50-20261002,logs/training/br-address-episode-mix50-20261002/replays/38fbf6d049d144bc9bff5e59486e30b0/episode-00000031-slot-7.json,200,bbb259d78c3e979358157a21b1c9df9ceb971885983007092d2e263e5067d100
training,logs/training/br-address-episode-mix50-20261002,logs/training/br-address-episode-mix50-20261002/replays/38fbf6d049d144bc9bff5e59486e30b0/episode-00000032-slot-3.json,200,3ae2a65810836e65b586c568fba7498a05fbcc236e2458b5d07296cd117673b8
training,logs/training/br-address-episode-mix50-20261002,logs/training/br-address-episode-mix50-20261002/replays/38fbf6d049d144bc9bff5e59486e30b0/episode-00000033-slot-5.json,199,e4664d3bc9bca41cb3efff8ebd3f66fe6eb4c247173bc8b4e8966407fa6374c7
training,logs/training/br-address-episode-mix50-20261002,logs/training/br-address-episode-mix50-20261002/replays/38fbf6d049d144bc9bff5e59486e30b0/episode-00000034-slot-1.json,199,528417bdb7fcac26dbc1346699b65dca7715454287e2c87fb8ea117aca3227cd
training,logs/training/br-address-episode-mix50-20261002,logs/training/br-address-episode-mix50-20261002/replays/38fbf6d049d144bc9bff5e59486e30b0/episode-00000035-slot-6.json,200,8bea77ce667e3bfa6b1b42dfc319d61bdbec6dbab1dfd678a0bb12c873df2c05
training,logs/training/br-address-episode-mix50-20261002,logs/training/br-address-episode-mix50-20261002/replays/38fbf6d049d144bc9bff5e59486e30b0/episode-00000036-slot-2.json,200,7b3b20a80c4697315beffc81592f9417c176d7e21189d99a957479d6ad7ab88b
training,logs/training/br-address-episode-mix50-20261002,logs/training/br-address-episode-mix50-20261002/replays/38fbf6d049d144bc9bff5e59486e30b0/episode-00000037-slot-4.json,199,a5c85e4726582637cbc23ae54be54c76d10e77e7fdccb1afbacd11aa6fdbfee6
training,logs/training/br-address-episode-mix50-20261002,logs/training/br-address-episode-mix50-20261002/replays/38fbf6d049d144bc9bff5e59486e30b0/episode-00000038-slot-3.json,200,d10fed8fcbe2a7e30f5fd6852c2c106726a071c32688a4d40032a8e9af2764c4
training,logs/training/br-address-episode-mix50-20261002,logs/training/br-address-episode-mix50-20261002/replays/38fbf6d049d144bc9bff5e59486e30b0/episode-00000039-slot-7.json,200,e8901f09159cef5ae7f649c877e112a8e53bdfec3b6cb63a500852ec349c030a
training,logs/training/br-address-episode-mix50-20261002,logs/training/br-address-episode-mix50-20261002/replays/38fbf6d049d144bc9bff5e59486e30b0/episode-00000040-slot-5.json,200,4a588b7ec82240ed9347be8aa32d525caf624091df7c8dad31c123cdea01f17d
training,logs/training/br-address-episode-mix50-20261002,logs/training/br-address-episode-mix50-20261002/replays/38fbf6d049d144bc9bff5e59486e30b0/episode-00000041-slot-0.json,203,bf4f7df2654f8307079b426ce5835226817821f8eec1c2ac4cb3ae455b9bfc0f
training,logs/training/br-address-episode-mix50-20261002,logs/training/br-address-episode-mix50-20261002/replays/38fbf6d049d144bc9bff5e59486e30b0/episode-00000042-slot-1.json,199,2a48ea78b2c5c10d10851913247d368ddb40f15b61bedc0e4a847389d5f5a7a6
training,logs/training/br-address-episode-mix50-20261002,logs/training/br-address-episode-mix50-20261002/replays/38fbf6d049d144bc9bff5e59486e30b0/episode-00000043-slot-6.json,200,f775ed133eb4c661250ebe7391456d3ca9ec5c0f8856670a00f87e6a80f79f5f
training,logs/training/br-address-episode-mix50-20261002,logs/training/br-address-episode-mix50-20261002/replays/38fbf6d049d144bc9bff5e59486e30b0/episode-00000044-slot-2.json,200,313766aa75f55fa7cf9f9f83c2f3b64ba42671d0ae2044c07016bd76181b709e
training,logs/training/br-address-episode-mix50-20261002,logs/training/br-address-episode-mix50-20261002/replays/38fbf6d049d144bc9bff5e59486e30b0/episode-00000045-slot-4.json,200,84d04f69efa7597d0581964cb6ea959f12e4d88816d8de10a63b6e3b2477655f
training,logs/training/br-address-episode-mix50-20261002,logs/training/br-address-episode-mix50-20261002/replays/38fbf6d049d144bc9bff5e59486e30b0/episode-00000046-slot-7.json,200,1ef329acca70732d44ab10a00625d9d54e94c121cb1d73241dcc99512234d1f0
training,logs/training/br-address-episode-mix50-20261002,logs/training/br-address-episode-mix50-20261002/replays/38fbf6d049d144bc9bff5e59486e30b0/episode-00000047-slot-6.json,200,2aedd190ca86c148b12cc012c4a2658848e3e1c375ecb07fcea39476399ec089
training,logs/training/br-address-episode-mix50-20261002,logs/training/br-address-episode-mix50-20261002/replays/38fbf6d049d144bc9bff5e59486e30b0/episode-00000048-slot-0.json,200,ab1fdf875566ff2636d1e0906ac58a2a088ae404fbc7c2fd58d6426eb255f48c
training,logs/training/br-address-episode-mix50-20261002,logs/training/br-address-episode-mix50-20261002/replays/38fbf6d049d144bc9bff5e59486e30b0/episode-00000049-slot-0.json,198,7ff6cbd645196364b31c80d6e131b88ec8c1c1c4872c0ccd3af3e6b473a06ae3
training,logs/training/br-address-episode-mix50-20261002,logs/training/br-address-episode-mix50-20261002/replays/38fbf6d049d144bc9bff5e59486e30b0/episode-00000050-slot-1.json,199,571d2bf753de4b9c09fadb195366bf266d7ac45090baaa41a19d27cee4e20e9b
training,logs/training/br-address-episode-mix50-20261002,logs/training/br-address-episode-mix50-20261002/replays/38fbf6d049d144bc9bff5e59486e30b0/episode-00000051-slot-2.json,199,f80625414f1fa89b1310c5c0b1e84494ed960d087b278c7f2d83adc600daf2ab
training,logs/training/br-address-episode-mix50-20261002,logs/training/br-address-episode-mix50-20261002/replays/38fbf6d049d144bc9bff5e59486e30b0/episode-00000052-slot-3.json,198,a232c9849bd111dccf99b87364b9a4b718a18205d3a5d616fce30fd01386c8b0
training,logs/training/br-address-episode-mix50-20261002,logs/training/br-address-episode-mix50-20261002/replays/38fbf6d049d144bc9bff5e59486e30b0/episode-00000053-slot-4.json,199,23d72330c87940f4bc98b57b841709a85d37f9c09d6ba34714a7ba45c6394efc
training,logs/training/br-address-episode-mix50-20261002,logs/training/br-address-episode-mix50-20261002/replays/38fbf6d049d144bc9bff5e59486e30b0/episode-00000054-slot-5.json,199,85e5a99e1f165bea87689a01d15e7ea462e6bfc72f6d4e16fbac37b15b7ae5dd
training,logs/training/br-address-episode-mix50-20261002,logs/training/br-address-episode-mix50-20261002/replays/38fbf6d049d144bc9bff5e59486e30b0/episode-00000055-slot-6.json,199,aab546708c41d2008f5f9ecac874b4e33bde63a12f91e9b72211ab6ad7f87ed2
training,logs/training/br-address-episode-mix50-20261002,logs/training/br-address-episode-mix50-20261002/replays/38fbf6d049d144bc9bff5e59486e30b0/episode-00000056-slot-7.json,198,8db04eb3d926be65470dd28b139e2c112e378276cbf3bff893b1805d409ca362
training,logs/training/br-address-episode-mix50-20261002,logs/training/br-address-episode-mix50-20261002/result.json,2016,bc09e8a716f68f5380a1dd30d77c7ba963f6991a738fd1268182cb86c2eaf7aa
training,logs/training/br-address-episode-mix50-20261002,logs/training/br-address-episode-mix50-20261002/scalars/progress.csv,34208,3b899390d897b29cfe03d5ba700526e3977ec91150849fb6c4581a770e344ded
training,logs/training/br-address-episode-mix50-20261002,logs/training/br-address-episode-mix50-20261002/timing.json,24263,302341610cfff7fa63e9a8f45c3ebd35cfe63a8dc76b482127743e8a19873385
training,logs/training/br-address-facing-ppo-20261003,logs/training/br-address-facing-ppo-20261003/checkpoints/ppo_131072_steps.curriculum.json,928,793bf9ca039ed3962df4e7f7cd843ebad5f1e478e598a2a1df6779e288b01a9b
training,logs/training/br-address-facing-ppo-20261003,logs/training/br-address-facing-ppo-20261003/checkpoints/ppo_196608_steps.curriculum.json,927,ec922612ca0607c2244ac5fe3d38e7498a3888525440e15ea9abae283c98b53b
training,logs/training/br-address-facing-ppo-20261003,logs/training/br-address-facing-ppo-20261003/checkpoints/ppo_262144_steps.curriculum.json,942,400fb22e7013e73118e7d0f39735c8fa91b396bb32da7714e439cb10c979954d
training,logs/training/br-address-facing-ppo-20261003,logs/training/br-address-facing-ppo-20261003/checkpoints/ppo_65536_steps.curriculum.json,926,a9570cc3dd215cfa0b9a73f764682b5a1b040b49c0cba9831d0d47575c6cdf4a
training,logs/training/br-address-facing-ppo-20261003,logs/training/br-address-facing-ppo-20261003/checkpoints/updated_131072_steps.curriculum.json,928,ed301655289c57c5fa08b5469a197b26f8939c272802f5011be7c98760a64253
training,logs/training/br-address-facing-ppo-20261003,logs/training/br-address-facing-ppo-20261003/checkpoints/updated_196608_steps.curriculum.json,927,513c49cecab9772b5e30f4728ba3ee425c9198f1df2be9295b8ce7e171217cf5
training,logs/training/br-address-facing-ppo-20261003,logs/training/br-address-facing-ppo-20261003/checkpoints/updated_2048_steps.curriculum.json,851,af7470db65f637722148372fefd818387fe5bcf2593f4f7a0a2db4dfcd6210cd
training,logs/training/br-address-facing-ppo-20261003,logs/training/br-address-facing-ppo-20261003/checkpoints/updated_262144_steps.curriculum.json,942,6594b5bb5d1b54d76e88d4836120b1ce806eb0afa9a38ade5a1476da34cf482a
training,logs/training/br-address-facing-ppo-20261003,logs/training/br-address-facing-ppo-20261003/checkpoints/updated_65536_steps.curriculum.json,926,b91f90c7d70beb08f5a57793195d89b0585340724599295f08131813293e7b78
training,logs/training/br-address-facing-ppo-20261003,logs/training/br-address-facing-ppo-20261003/config.yaml,5239,f7b1c520305bf269593e725b88d4491c026cbf8437417cbeaf547d821d0d2f70
training,logs/training/br-address-facing-ppo-20261003,logs/training/br-address-facing-ppo-20261003/final.curriculum.json,942,e08f8b3f885876d61dfcaff01c53c8f375562da928fd6ad55d7d66d7483c1948
training,logs/training/br-address-facing-ppo-20261003,logs/training/br-address-facing-ppo-20261003/identity.json,52973,cd1a067bc4d5e5a16d9c3efe32f4828cf04e8c6dbda9a5fd3f6d74a12b331764
training,logs/training/br-address-facing-ppo-20261003,logs/training/br-address-facing-ppo-20261003/progress.json,978898,a331b5466e3107bf0738007c0053f0f8665d4d52f60e002cca8dac7c819bb9c5
training,logs/training/br-address-facing-ppo-20261003,logs/training/br-address-facing-ppo-20261003/replays/96205f643d0943f6b397e41c6db66768/episode-00000001-slot-7.json,194,deb574fd473ccb69393bcdfa94539f9297db7c55dbd467cb9a613c5fe5799e89
training,logs/training/br-address-facing-ppo-20261003,logs/training/br-address-facing-ppo-20261003/replays/96205f643d0943f6b397e41c6db66768/episode-00000002-slot-1.json,194,420436e12d0c6914b993d00bb3f328f4bc6255825e36485a9e963e1a1d62f152
training,logs/training/br-address-facing-ppo-20261003,logs/training/br-address-facing-ppo-20261003/replays/96205f643d0943f6b397e41c6db66768/episode-00000003-slot-4.json,194,e37160be42a3589737ef1dca8041a73b6ca45c820a069bf1773ad4025362ce8f
training,logs/training/br-address-facing-ppo-20261003,logs/training/br-address-facing-ppo-20261003/replays/96205f643d0943f6b397e41c6db66768/episode-00000004-slot-3.json,194,da36c1de1a44635d3da77fbcb33a70eebe0c8f37f2459000e5c735e247e3145f
training,logs/training/br-address-facing-ppo-20261003,logs/training/br-address-facing-ppo-20261003/replays/96205f643d0943f6b397e41c6db66768/episode-00000005-slot-2.json,194,ffd2222af98654a6f2f13523bfcc61805b243d24bceda562bd1f0d98ebb0b301
training,logs/training/br-address-facing-ppo-20261003,logs/training/br-address-facing-ppo-20261003/replays/96205f643d0943f6b397e41c6db66768/episode-00000006-slot-5.json,194,364b0a986a2d1b383d8bbb4c1d6dbed432539541b286f3ad87a9dc9044504e19
training,logs/training/br-address-facing-ppo-20261003,logs/training/br-address-facing-ppo-20261003/replays/96205f643d0943f6b397e41c6db66768/episode-00000007-slot-0.json,194,acd56507e94ab4512b0f9dd6f55909e65e142c13621335265bbd06a11cd00e5c
training,logs/training/br-address-facing-ppo-20261003,logs/training/br-address-facing-ppo-20261003/replays/96205f643d0943f6b397e41c6db66768/episode-00000008-slot-6.json,194,0b512bea5c0378af2616c9c7c46174718e31e2bf863f1928685ebe46ff5d58d4
training,logs/training/br-address-facing-ppo-20261003,logs/training/br-address-facing-ppo-20261003/replays/96205f643d0943f6b397e41c6db66768/episode-00000009-slot-1.json,200,1eaf764571fe8e9f943f78f4c724e0fd8ac58438ade73d1b3a89683b4038eccd
training,logs/training/br-address-facing-ppo-20261003,logs/training/br-address-facing-ppo-20261003/replays/96205f643d0943f6b397e41c6db66768/episode-00000010-slot-4.json,200,f738c18c6e1a7d91ce555d2764c611623b3ff4d7ba81b1e23cb36a3bbecc91f0
training,logs/training/br-address-facing-ppo-20261003,logs/training/br-address-facing-ppo-20261003/replays/96205f643d0943f6b397e41c6db66768/episode-00000011-slot-2.json,199,e9c91789f1eb1e61cfa5ebea328145d8e7b3edec9fc22356742678fa346bc155
training,logs/training/br-address-facing-ppo-20261003,logs/training/br-address-facing-ppo-20261003/replays/96205f643d0943f6b397e41c6db66768/episode-00000012-slot-3.json,200,e0c66c2a7c1b350dd7a8ce782b42f452cd07f3aaccd53280b8a081ee56b82f3d
training,logs/training/br-address-facing-ppo-20261003,logs/training/br-address-facing-ppo-20261003/replays/96205f643d0943f6b397e41c6db66768/episode-00000013-slot-7.json,200,ec7ca422569040579f3ede2b41eeeb061df07827ca4eab300c2e8a2bb721a928
training,logs/training/br-address-facing-ppo-20261003,logs/training/br-address-facing-ppo-20261003/replays/96205f643d0943f6b397e41c6db66768/episode-00000014-slot-0.json,200,e771fea3a54bc1b5b6d802ef4a759779550a9baf206009ae9bfcf38340f262d8
training,logs/training/br-address-facing-ppo-20261003,logs/training/br-address-facing-ppo-20261003/replays/96205f643d0943f6b397e41c6db66768/episode-00000015-slot-5.json,200,a8e3a4393a51fb2156e518b4e946b3cdb2163cbc6e329140e770e60869b4a954
training,logs/training/br-address-facing-ppo-20261003,logs/training/br-address-facing-ppo-20261003/replays/96205f643d0943f6b397e41c6db66768/episode-00000016-slot-4.json,200,4bfc4221796c6175c1290666baba694246123a24cbd2b5fdf451f70c100ae765
training,logs/training/br-address-facing-ppo-20261003,logs/training/br-address-facing-ppo-20261003/replays/96205f643d0943f6b397e41c6db66768/episode-00000017-slot-6.json,200,72633a8bb45951a76eefbe44b07cc9b6ac9310db0baff88439650f8c663768b7
training,logs/training/br-address-facing-ppo-20261003,logs/training/br-address-facing-ppo-20261003/replays/96205f643d0943f6b397e41c6db66768/episode-00000018-slot-1.json,199,4816c79136ca48f10b862e57bf7a5fc0fa4e78475c1bef9a620031a63614e420
training,logs/training/br-address-facing-ppo-20261003,logs/training/br-address-facing-ppo-20261003/replays/96205f643d0943f6b397e41c6db66768/episode-00000019-slot-2.json,200,53e5fa81b13013e8b8a80854238fc4c525871d540ccbe47d5be6af6dbc85eb86
training,logs/training/br-address-facing-ppo-20261003,logs/training/br-address-facing-ppo-20261003/replays/96205f643d0943f6b397e41c6db66768/episode-00000020-slot-7.json,200,b00f031947a53e498407c27950c4c8ffe15319dafffc2dc0df62938ee386840e
training,logs/training/br-address-facing-ppo-20261003,logs/training/br-address-facing-ppo-20261003/replays/96205f643d0943f6b397e41c6db66768/episode-00000021-slot-3.json,200,dda742b206e9e89dd51854191e3c3d5b5022af2641a34f4332c1a94fd3f3a195
training,logs/training/br-address-facing-ppo-20261003,logs/training/br-address-facing-ppo-20261003/replays/96205f643d0943f6b397e41c6db66768/episode-00000022-slot-4.json,200,6617ca609f9e0438d250e71c98c14230e6f71e2963d182da24d896d590b1afdb
training,logs/training/br-address-facing-ppo-20261003,logs/training/br-address-facing-ppo-20261003/replays/96205f643d0943f6b397e41c6db66768/episode-00000023-slot-0.json,200,5a5c7d27d39cd1f0352c31db203ffdff40ae2380d4d8cc9beee3092763d5ed7a
training,logs/training/br-address-facing-ppo-20261003,logs/training/br-address-facing-ppo-20261003/replays/96205f643d0943f6b397e41c6db66768/episode-00000024-slot-6.json,200,57f41352335238dbed932f4e970384a80afd03772422797aaf44de0aceec9f53
training,logs/training/br-address-facing-ppo-20261003,logs/training/br-address-facing-ppo-20261003/replays/96205f643d0943f6b397e41c6db66768/episode-00000025-slot-5.json,199,2bea03db1534604324fd38bda614f04865e5991b3a5b1a21b2cd6e03a9875806
training,logs/training/br-address-facing-ppo-20261003,logs/training/br-address-facing-ppo-20261003/replays/96205f643d0943f6b397e41c6db66768/episode-00000026-slot-1.json,200,331b710c03a4d4039bcfcca803a3055d74cbbf87a768e681356bcff3ed6d554a
training,logs/training/br-address-facing-ppo-20261003,logs/training/br-address-facing-ppo-20261003/replays/96205f643d0943f6b397e41c6db66768/episode-00000027-slot-2.json,200,ddf0b087f3ccd91c7f38a4b73a38f4f9ed43cac5290656a8584417fdf4f0558a
training,logs/training/br-address-facing-ppo-20261003,logs/training/br-address-facing-ppo-20261003/replays/96205f643d0943f6b397e41c6db66768/episode-00000028-slot-6.json,199,4b80de7d9909b725f1e14fa2e6245dfb13c7fddbefbcfa9c6b1dd0daffa101c3
training,logs/training/br-address-facing-ppo-20261003,logs/training/br-address-facing-ppo-20261003/replays/96205f643d0943f6b397e41c6db66768/episode-00000029-slot-7.json,200,c1884aff6a95d4f080d1cb2f5393f78c9e1fa9a9471d17665f6a16b86ad20025
training,logs/training/br-address-facing-ppo-20261003,logs/training/br-address-facing-ppo-20261003/replays/96205f643d0943f6b397e41c6db66768/episode-00000030-slot-3.json,200,86071f365b55ffbc294bcff93814c3254797536fd340208792687b2617059b62
training,logs/training/br-address-facing-ppo-20261003,logs/training/br-address-facing-ppo-20261003/replays/96205f643d0943f6b397e41c6db66768/episode-00000031-slot-4.json,199,3ec88ec55b9e96bf7a79f7355038c3f15724ca992d246ea671617b8683e0413b
training,logs/training/br-address-facing-ppo-20261003,logs/training/br-address-facing-ppo-20261003/replays/96205f643d0943f6b397e41c6db66768/episode-00000032-slot-0.json,200,a83da0d1155fe50ca7cfe799e18573e910a52bd5ca8f639f9135b877f2e041b2
training,logs/training/br-address-facing-ppo-20261003,logs/training/br-address-facing-ppo-20261003/replays/96205f643d0943f6b397e41c6db66768/episode-00000033-slot-5.json,200,6ff42c1a1b0ae12efc1d17708446d214db8fc83c52bd47447cdff130533fb971
training,logs/training/br-address-facing-ppo-20261003,logs/training/br-address-facing-ppo-20261003/replays/96205f643d0943f6b397e41c6db66768/episode-00000034-slot-1.json,199,5b85976cb0375aad3dfb3b86bafeba39dd2b45c85eef1670a39ca4232601faf2
training,logs/training/br-address-facing-ppo-20261003,logs/training/br-address-facing-ppo-20261003/replays/96205f643d0943f6b397e41c6db66768/episode-00000035-slot-7.json,200,08d01f6b734a6b00737b053314ed3cf99261cfb8a4aaea631955b3f9bd22f139
training,logs/training/br-address-facing-ppo-20261003,logs/training/br-address-facing-ppo-20261003/replays/96205f643d0943f6b397e41c6db66768/episode-00000036-slot-2.json,200,c5dce23e9d6e1722cdf742fcad0bcaa5641c986f739ad2bfc3148b5d04889538
training,logs/training/br-address-facing-ppo-20261003,logs/training/br-address-facing-ppo-20261003/replays/96205f643d0943f6b397e41c6db66768/episode-00000037-slot-6.json,199,e6a802c3be587a7ff4a2e80d2b5c0065dca300ae20eb7db751846d9a98acadcf
training,logs/training/br-address-facing-ppo-20261003,logs/training/br-address-facing-ppo-20261003/replays/96205f643d0943f6b397e41c6db66768/episode-00000038-slot-4.json,200,95196778bd4894d9d96ce029bd22f7cce1f4c8c78579c995a20e9196d91a49bc
training,logs/training/br-address-facing-ppo-20261003,logs/training/br-address-facing-ppo-20261003/replays/96205f643d0943f6b397e41c6db66768/episode-00000039-slot-3.json,199,4d6a197feb53f240e95ddb646a567a7abf614bd9699a2c1256bbb0b0ed3d2e21
training,logs/training/br-address-facing-ppo-20261003,logs/training/br-address-facing-ppo-20261003/replays/96205f643d0943f6b397e41c6db66768/episode-00000040-slot-5.json,200,3876c6f6b394c111debc27a7843f66b156daa8098d7ea4b4092012c7e59e7464
training,logs/training/br-address-facing-ppo-20261003,logs/training/br-address-facing-ppo-20261003/replays/96205f643d0943f6b397e41c6db66768/episode-00000041-slot-0.json,200,3e4f155a8042609adefb502789dcd18ac5c67150625a36126254eada81561052
training,logs/training/br-address-facing-ppo-20261003,logs/training/br-address-facing-ppo-20261003/replays/96205f643d0943f6b397e41c6db66768/episode-00000042-slot-1.json,199,6a751443c978d2c007f93be46d3045297e481b1a35103a4606fa1654336ac7fa
training,logs/training/br-address-facing-ppo-20261003,logs/training/br-address-facing-ppo-20261003/replays/96205f643d0943f6b397e41c6db66768/episode-00000043-slot-2.json,200,7b9255398a4402fdd8090583ac0bc9a75b5906f9abd38b62d7307b0f05869ce7
training,logs/training/br-address-facing-ppo-20261003,logs/training/br-address-facing-ppo-20261003/replays/96205f643d0943f6b397e41c6db66768/episode-00000044-slot-4.json,199,e8d323441d4ab3ed13fe5955ca34fe3b5d7b063bd8317fc8afd6a37041142ab2
training,logs/training/br-address-facing-ppo-20261003,logs/training/br-address-facing-ppo-20261003/replays/96205f643d0943f6b397e41c6db66768/episode-00000045-slot-5.json,200,6eae52cac35826577339487441036a1a924133acb318d0fea269fe555198abd9
training,logs/training/br-address-facing-ppo-20261003,logs/training/br-address-facing-ppo-20261003/replays/96205f643d0943f6b397e41c6db66768/episode-00000046-slot-6.json,200,d50fadf68e1feac664341bc9030a1ff4de7b6ea8b1523a6c54b6ae01da82badd
training,logs/training/br-address-facing-ppo-20261003,logs/training/br-address-facing-ppo-20261003/replays/96205f643d0943f6b397e41c6db66768/episode-00000047-slot-3.json,200,7d5fc54480f9ec2d0fd2509d4b059982b1328d149f950076e95f8dcb8d4fbbb0
training,logs/training/br-address-facing-ppo-20261003,logs/training/br-address-facing-ppo-20261003/replays/96205f643d0943f6b397e41c6db66768/episode-00000048-slot-7.json,200,68d217ae6904a6e86376c39b0febf98421764daf0f939d85c4bc757013cd36b2
training,logs/training/br-address-facing-ppo-20261003,logs/training/br-address-facing-ppo-20261003/replays/96205f643d0943f6b397e41c6db66768/episode-00000049-slot-0.json,200,5ca5cccda1865e2fd8353c516666fd80a191d4bbd09d60ef4b282506265092a1
training,logs/training/br-address-facing-ppo-20261003,logs/training/br-address-facing-ppo-20261003/replays/96205f643d0943f6b397e41c6db66768/episode-00000050-slot-1.json,200,222be3e9c1d4f64d6877e1f18896a6ab2bc76c78af3a38a87e0870e5e7451aa3
training,logs/training/br-address-facing-ppo-20261003,logs/training/br-address-facing-ppo-20261003/replays/96205f643d0943f6b397e41c6db66768/episode-00000051-slot-4.json,200,741d21975eeb2c04b3b28c72e75060202c0aab240314ffe75b3eb31f2503e323
training,logs/training/br-address-facing-ppo-20261003,logs/training/br-address-facing-ppo-20261003/replays/96205f643d0943f6b397e41c6db66768/episode-00000052-slot-2.json,200,bcc1a4272fda834eab140137ef854144a139d2b76f54c9804f9bae869ae31b40
training,logs/training/br-address-facing-ppo-20261003,logs/training/br-address-facing-ppo-20261003/replays/96205f643d0943f6b397e41c6db66768/episode-00000053-slot-5.json,200,71201ce43324abfd88aef7d9c2da31011c7180c619d59460093333c610d6faf7
training,logs/training/br-address-facing-ppo-20261003,logs/training/br-address-facing-ppo-20261003/replays/96205f643d0943f6b397e41c6db66768/episode-00000054-slot-6.json,199,44682e5edcba54513d09ff7a2b11e9a34ddf15fdaaaac13fa43ed81309cd44ee
training,logs/training/br-address-facing-ppo-20261003,logs/training/br-address-facing-ppo-20261003/replays/96205f643d0943f6b397e41c6db66768/episode-00000055-slot-0.json,199,5cfb91e2044005a6bbbeae0647e71826f6db680bbf35d75234d9f0bdd5a8df80
training,logs/training/br-address-facing-ppo-20261003,logs/training/br-address-facing-ppo-20261003/replays/96205f643d0943f6b397e41c6db66768/episode-00000056-slot-1.json,198,523b9255cee93df36d3bf25b5ad472e28defeab777442a86edaf910a663f5b0e
training,logs/training/br-address-facing-ppo-20261003,logs/training/br-address-facing-ppo-20261003/replays/96205f643d0943f6b397e41c6db66768/episode-00000057-slot-2.json,198,1dcc92e3bfe088683c48094c78ee05ec0487595bfb3bd035fd743f4ec2e534d8
training,logs/training/br-address-facing-ppo-20261003,logs/training/br-address-facing-ppo-20261003/replays/96205f643d0943f6b397e41c6db66768/episode-00000058-slot-3.json,199,f44691a162e2f3b30ef5c8aa35cac25f555e0091192bc13c7cefd08267b53287
training,logs/training/br-address-facing-ppo-20261003,logs/training/br-address-facing-ppo-20261003/replays/96205f643d0943f6b397e41c6db66768/episode-00000059-slot-4.json,198,47c96b4b5ac4fb20da2e426048226fba92cada2f65d740f2068265b0279ea864
training,logs/training/br-address-facing-ppo-20261003,logs/training/br-address-facing-ppo-20261003/replays/96205f643d0943f6b397e41c6db66768/episode-00000060-slot-5.json,197,ccf7664f5063ed6b7e73687c3b4fd5cf8b8743b4401db47cf316e24027821c8c
training,logs/training/br-address-facing-ppo-20261003,logs/training/br-address-facing-ppo-20261003/replays/96205f643d0943f6b397e41c6db66768/episode-00000061-slot-6.json,198,eed39ac9dd60856e71565b807af80a2bb79091ab0754c56a09fec75a6f8cc17c
training,logs/training/br-address-facing-ppo-20261003,logs/training/br-address-facing-ppo-20261003/replays/96205f643d0943f6b397e41c6db66768/episode-00000062-slot-7.json,199,8f644bda01b3f9a6634e7fc71c02872df317c2e6c3f31664dd3b0747a1d394fa
training,logs/training/br-address-facing-ppo-20261003,logs/training/br-address-facing-ppo-20261003/result.json,1998,6fa165fa3bcbef77744dc969f6cbe568ad3d83f728d6eeb501294c32d30a4997
training,logs/training/br-address-facing-ppo-20261003,logs/training/br-address-facing-ppo-20261003/scalars/progress.csv,54672,c9b0b2c6a853e8cca9ecd617a62ffa242f95f9c5201431a980361e824742ebf5
training,logs/training/br-address-facing-ppo-20261003,logs/training/br-address-facing-ppo-20261003/timing.json,24212,7f29934b9c1377b88c6006d97359ef01b6ea44c0adb6e3450e97613b8c9ad3b3
training,logs/training/br-address-frozen-representation-20261003,logs/training/br-address-frozen-representation-20261003/checkpoints/ppo_32768_steps.curriculum.json,852,5d5f06c84b1c5f82cf2558b2c052666704c1777da75f244d4db0bd52c44ca6f7
training,logs/training/br-address-frozen-representation-20261003,logs/training/br-address-frozen-representation-20261003/checkpoints/ppo_65536_steps.curriculum.json,927,c5a347f3b41a95e3981fc62343d1c79b4f7bb468098000f4400fd25ea95f4aef
training,logs/training/br-address-frozen-representation-20261003,logs/training/br-address-frozen-representation-20261003/checkpoints/updated_2048_steps.curriculum.json,851,f5930cbb6984a719018cd896c12a74e6766a9926410491519e77f4f8a74bcf47
training,logs/training/br-address-frozen-representation-20261003,logs/training/br-address-frozen-representation-20261003/checkpoints/updated_32768_steps.curriculum.json,852,806cde5e7e3952ec911ffda42bd640fa3dfb945d9e1e390d966726503a9d1a8e
training,logs/training/br-address-frozen-representation-20261003,logs/training/br-address-frozen-representation-20261003/checkpoints/updated_65536_steps.curriculum.json,927,18f631d238bc6be2f389c14abd3283b3eb9ba3c2ab6aa07ca4d31eb8d62e8557
training,logs/training/br-address-frozen-representation-20261003,logs/training/br-address-frozen-representation-20261003/config.yaml,5291,7d56d43bc5b5d529ee88d412d22c28d9cc93b75da8ffa118b4085332892ded5f
training,logs/training/br-address-frozen-representation-20261003,logs/training/br-address-frozen-representation-20261003/final.curriculum.json,927,18f631d238bc6be2f389c14abd3283b3eb9ba3c2ab6aa07ca4d31eb8d62e8557
training,logs/training/br-address-frozen-representation-20261003,logs/training/br-address-frozen-representation-20261003/identity.json,51581,fd6a7b58164f7077f78fdc48d0d930343509e10e28e84e69887af33a53a127c4
training,logs/training/br-address-frozen-representation-20261003,logs/training/br-address-frozen-representation-20261003/progress.json,38633,ca4ff05b40dc750adeeb917d4dbed713a7e0cbcf6c8a1ecd47e64c9501732e90
training,logs/training/br-address-frozen-representation-20261003,logs/training/br-address-frozen-representation-20261003/replays/73fe6fccfca0445f99ed3348e6433b43/episode-00000001-slot-1.json,194,41e69d6fb025c72fbad0176c509192db766edbabbcdbb77f6b612c1aff996862
training,logs/training/br-address-frozen-representation-20261003,logs/training/br-address-frozen-representation-20261003/replays/73fe6fccfca0445f99ed3348e6433b43/episode-00000002-slot-4.json,194,46b3bb84cc7756800c1f13f09531b806c059d78cb0202f4f7f9a151859bd5644
training,logs/training/br-address-frozen-representation-20261003,logs/training/br-address-frozen-representation-20261003/replays/73fe6fccfca0445f99ed3348e6433b43/episode-00000003-slot-3.json,194,65e86d2761985b351af5e6aa9ad9df9e932b97e7ad14cbdc4b9275890e1e0c6c
training,logs/training/br-address-frozen-representation-20261003,logs/training/br-address-frozen-representation-20261003/replays/73fe6fccfca0445f99ed3348e6433b43/episode-00000004-slot-6.json,194,a9bb7fe9b9c66f5f1ebfd96420384de8f5d5314c101e87eb11561fcb8aae07a2
training,logs/training/br-address-frozen-representation-20261003,logs/training/br-address-frozen-representation-20261003/replays/73fe6fccfca0445f99ed3348e6433b43/episode-00000005-slot-2.json,194,45ae185167f8b33fe73a5d53517fb5366d7ad3bb4328e330b7f0779352209afb
training,logs/training/br-address-frozen-representation-20261003,logs/training/br-address-frozen-representation-20261003/replays/73fe6fccfca0445f99ed3348e6433b43/episode-00000006-slot-5.json,194,dfb8a0967820683d2da1329459691394e02418b325580f250e685d13afc475c7
training,logs/training/br-address-frozen-representation-20261003,logs/training/br-address-frozen-representation-20261003/replays/73fe6fccfca0445f99ed3348e6433b43/episode-00000007-slot-0.json,198,78eec00bc15cd767fd1be4e8a0f3391fc6689570636bf71331fbd852fbc277f2
training,logs/training/br-address-frozen-representation-20261003,logs/training/br-address-frozen-representation-20261003/replays/73fe6fccfca0445f99ed3348e6433b43/episode-00000008-slot-7.json,198,60b5aa8f977a7f2010ea0f901229768b8384a60398f56c01c90a6f07b4e817ac
training,logs/training/br-address-frozen-representation-20261003,logs/training/br-address-frozen-representation-20261003/replays/73fe6fccfca0445f99ed3348e6433b43/episode-00000009-slot-0.json,198,423f0ece79ee9b323872bf147623f7eb5d249c632f5174348a8b55efae0ba288
training,logs/training/br-address-frozen-representation-20261003,logs/training/br-address-frozen-representation-20261003/replays/73fe6fccfca0445f99ed3348e6433b43/episode-00000010-slot-1.json,199,1abae9f8f80cce66172f8ae6213de607c40846c6006d9f664e9dfb8c8109280b
training,logs/training/br-address-frozen-representation-20261003,logs/training/br-address-frozen-representation-20261003/replays/73fe6fccfca0445f99ed3348e6433b43/episode-00000011-slot-2.json,198,945e89b82b98942ca8b1a9c9557237604b487f4f88c7b29e9c2acd993da7325d
training,logs/training/br-address-frozen-representation-20261003,logs/training/br-address-frozen-representation-20261003/replays/73fe6fccfca0445f99ed3348e6433b43/episode-00000012-slot-3.json,199,58e2c24024120cc5d64eecec2c9c3468e28dc1e410ccd21c6b1443dadc5a14a8
training,logs/training/br-address-frozen-representation-20261003,logs/training/br-address-frozen-representation-20261003/replays/73fe6fccfca0445f99ed3348e6433b43/episode-00000013-slot-4.json,199,51b4929b8c86b9b8fc8f38ca8915fed3d74a41f6a923ae5c818183cbe07120c4
training,logs/training/br-address-frozen-representation-20261003,logs/training/br-address-frozen-representation-20261003/replays/73fe6fccfca0445f99ed3348e6433b43/episode-00000014-slot-5.json,199,d14ac78290eb98c7bcd7fe4771fea68f862492b43d75a66e80d3c9193fb9a63a
training,logs/training/br-address-frozen-representation-20261003,logs/training/br-address-frozen-representation-20261003/replays/73fe6fccfca0445f99ed3348e6433b43/episode-00000015-slot-6.json,199,bf24a99ca1de8597fccf4c18c062002dc3ceaf525afc52b9af5bf55b4e20c0c8
training,logs/training/br-address-frozen-representation-20261003,logs/training/br-address-frozen-representation-20261003/replays/73fe6fccfca0445f99ed3348e6433b43/episode-00000016-slot-7.json,198,1755c366b5fea40504f09dc7ae28ec9828f57ac35bbe0075f9f886341590d942
training,logs/training/br-address-frozen-representation-20261003,logs/training/br-address-frozen-representation-20261003/result.json,2017,ccb10c522ff564df444a21afa0b6a6054b8da28ef9a7529262ac68dc211cc369
training,logs/training/br-address-frozen-representation-20261003,logs/training/br-address-frozen-representation-20261003/scalars/progress.csv,7764,f38368e0146e9a720916b095ad1b3a0147ea65773f754fd35a31af42060c78ea
training,logs/training/br-address-frozen-representation-20261003,logs/training/br-address-frozen-representation-20261003/timing.json,6349,8865d27e8440621e9a9aedb617cf03be4f67cc0d29f07acc9d832c64ff82c269
training,logs/training/br-address-large-batch-20261002,logs/training/br-address-large-batch-20261002/checkpoints/ppo_16384_steps.curriculum.json,895,d6f8aeab070c9c1e48840d74ba9a0afc40c54620e26b8168928b8fd89d5244f6
training,logs/training/br-address-large-batch-20261002,logs/training/br-address-large-batch-20261002/checkpoints/ppo_32768_steps.curriculum.json,895,35e4dc8cc288faa887411273456b798a1ec6089104d2470fc7d815a734e35653
training,logs/training/br-address-large-batch-20261002,logs/training/br-address-large-batch-20261002/checkpoints/ppo_49152_steps.curriculum.json,896,bd52fca62639a6efdb4370ffc82e790713093816ea37d3a43a35006b6b8d2742
training,logs/training/br-address-large-batch-20261002,logs/training/br-address-large-batch-20261002/checkpoints/ppo_65536_steps.curriculum.json,896,f29b5499c878973080c33d58ccd0fdfd1972eda9b6c77ec43ea9e149a124c630
training,logs/training/br-address-large-batch-20261002,logs/training/br-address-large-batch-20261002/checkpoints/updated_16384_steps.curriculum.json,895,34aa5d7901ad80ea7199df6faf95aeb5d65dc1687b6f46e5f269a9384a04d824
training,logs/training/br-address-large-batch-20261002,logs/training/br-address-large-batch-20261002/checkpoints/updated_32768_steps.curriculum.json,895,5529806b8e028f8be5e8d8879ceba46b09783a082ddc69a7e2ba7a746cd3a1b8
training,logs/training/br-address-large-batch-20261002,logs/training/br-address-large-batch-20261002/checkpoints/updated_49152_steps.curriculum.json,896,efeb9db14da78c7898a24a3ad28c578112c5df67244ff6bddcc3da55fa3f71d9
training,logs/training/br-address-large-batch-20261002,logs/training/br-address-large-batch-20261002/checkpoints/updated_512_steps.curriculum.json,850,665c8cda0213e0b2c00319f089c4f4118bf49201bc50e0d1b811f0fcfc5c7e14
training,logs/training/br-address-large-batch-20261002,logs/training/br-address-large-batch-20261002/checkpoints/updated_65536_steps.curriculum.json,896,e87817993f6f62d6e660071386b2f49a24067a6cbbb3a41c03a1e80ee126728d
training,logs/training/br-address-large-batch-20261002,logs/training/br-address-large-batch-20261002/config.yaml,5143,087016ca450a5776d9c7fd3ae2a7bfd6230df794b168c56e56e648f3f60f35af
training,logs/training/br-address-large-batch-20261002,logs/training/br-address-large-batch-20261002/final.curriculum.json,896,e9a989ebeb9bad091487fab8ee1211c07b5282acfc83e399c5fefba96a59ae04
training,logs/training/br-address-large-batch-20261002,logs/training/br-address-large-batch-20261002/identity.json,49775,6b1cf7d64ce5056e5d44d8e5a7a258c4af3698b4554097842a255c5226952dca
training,logs/training/br-address-large-batch-20261002,logs/training/br-address-large-batch-20261002/progress.json,71921,e54d6795118528934351c0b61ea7ca0f2df2539713780de040e37bbd0201212b
training,logs/training/br-address-large-batch-20261002,logs/training/br-address-large-batch-20261002/replays/376dac61b7044236993f3ea6ea7ebd3f/episode-00000001-slot-0.json,194,c838764e773dbf9777ad5abc849053332fea76775ef83e05b0ee956c3362d314
training,logs/training/br-address-large-batch-20261002,logs/training/br-address-large-batch-20261002/replays/376dac61b7044236993f3ea6ea7ebd3f/episode-00000002-slot-1.json,194,560046fe371044e4ece5aa2d8f9198791a65d36bd4dd9db5f3809c28aa1c64ea
training,logs/training/br-address-large-batch-20261002,logs/training/br-address-large-batch-20261002/replays/376dac61b7044236993f3ea6ea7ebd3f/episode-00000003-slot-1.json,200,cee08585c043b7f507a009918de79b98985d0eeedf1035bca8f117cbd1e654a7
training,logs/training/br-address-large-batch-20261002,logs/training/br-address-large-batch-20261002/replays/376dac61b7044236993f3ea6ea7ebd3f/episode-00000004-slot-0.json,200,ccd610778784fdd3709a9a987d6215ea18f5cce385ceebc97faf8783bca76e1b
training,logs/training/br-address-large-batch-20261002,logs/training/br-address-large-batch-20261002/replays/376dac61b7044236993f3ea6ea7ebd3f/episode-00000005-slot-1.json,200,2d63cb6ff4febe5e9511d7bd60706ad96ea8306e03c7ab8df06a67d3b06528ef
training,logs/training/br-address-large-batch-20261002,logs/training/br-address-large-batch-20261002/replays/376dac61b7044236993f3ea6ea7ebd3f/episode-00000006-slot-0.json,200,134b2b0fd91faf4b65aaef800d123b4ab11a77fb7684b0c6a50ddb2d56b859cf
training,logs/training/br-address-large-batch-20261002,logs/training/br-address-large-batch-20261002/replays/376dac61b7044236993f3ea6ea7ebd3f/episode-00000007-slot-1.json,200,31bdf3e87fd34cf93187ee8129297dcf2037e19f9a2665f887d58f61a1c48936
training,logs/training/br-address-large-batch-20261002,logs/training/br-address-large-batch-20261002/replays/376dac61b7044236993f3ea6ea7ebd3f/episode-00000008-slot-0.json,200,1d69dddaf2b2e81ded91dae6f97c7c136fc488e46fbbda1df16e48d819a01a63
training,logs/training/br-address-large-batch-20261002,logs/training/br-address-large-batch-20261002/replays/376dac61b7044236993f3ea6ea7ebd3f/episode-00000009-slot-1.json,200,4bf4603ff4d6881724a9ca925feb9ed7cb461fd8ba88173603449719b309a8f9
training,logs/training/br-address-large-batch-20261002,logs/training/br-address-large-batch-20261002/replays/376dac61b7044236993f3ea6ea7ebd3f/episode-00000010-slot-0.json,200,976f36ddc3be8c1fa10727ed3b2b96ae092318cb94099c25e5b5c649fe6a6287
training,logs/training/br-address-large-batch-20261002,logs/training/br-address-large-batch-20261002/replays/376dac61b7044236993f3ea6ea7ebd3f/episode-00000011-slot-1.json,200,c004fabfea4084197eb4cbe9baaaa6fc297b71576c3c3d85c5bb5bef9c26103f
training,logs/training/br-address-large-batch-20261002,logs/training/br-address-large-batch-20261002/replays/376dac61b7044236993f3ea6ea7ebd3f/episode-00000012-slot-0.json,200,38505e08e6874f6e706a16510841da7c024cf775811e7c2c458b2d1bddf7506b
training,logs/training/br-address-large-batch-20261002,logs/training/br-address-large-batch-20261002/replays/376dac61b7044236993f3ea6ea7ebd3f/episode-00000013-slot-0.json,200,316000056ec6a123f4893c7df9707b7118ab295a95305e4f6a553eda3ecc5557
training,logs/training/br-address-large-batch-20261002,logs/training/br-address-large-batch-20261002/replays/376dac61b7044236993f3ea6ea7ebd3f/episode-00000014-slot-1.json,200,defefa447445a36c91a3bf4c39dd912f63223d4a9f657544ec93759bac241fff
training,logs/training/br-address-large-batch-20261002,logs/training/br-address-large-batch-20261002/replays/376dac61b7044236993f3ea6ea7ebd3f/episode-00000015-slot-1.json,200,b2ba7203ce10865301053b4dcbc4d5406160a2c0cf360727b2d83e6550e2726f
training,logs/training/br-address-large-batch-20261002,logs/training/br-address-large-batch-20261002/replays/376dac61b7044236993f3ea6ea7ebd3f/episode-00000016-slot-0.json,200,4df79ea1b7ce08bbd6cb1de7a845a11772968fc3fbfb58efafe0d4ff6afce473
training,logs/training/br-address-large-batch-20261002,logs/training/br-address-large-batch-20261002/replays/376dac61b7044236993f3ea6ea7ebd3f/episode-00000017-slot-1.json,200,ef36c456c46ca4ffaaa6561c3e4dffc6d92d23a58e197de1d5f8c119d67e20c3
training,logs/training/br-address-large-batch-20261002,logs/training/br-address-large-batch-20261002/replays/376dac61b7044236993f3ea6ea7ebd3f/episode-00000018-slot-0.json,200,fdd3b209e5e5b92fc13eae534431b26ebb2b3edfff6908fe203953b5a2057e96
training,logs/training/br-address-large-batch-20261002,logs/training/br-address-large-batch-20261002/replays/376dac61b7044236993f3ea6ea7ebd3f/episode-00000019-slot-0.json,199,7c6302efc27fac58e5d00fc391dcd6edf5e47833e7c2ee10e4852dd79e27cf27
training,logs/training/br-address-large-batch-20261002,logs/training/br-address-large-batch-20261002/replays/376dac61b7044236993f3ea6ea7ebd3f/episode-00000020-slot-1.json,199,98545f5b91ef2bf74642b942a320d92acfab173673b6f95f6d60473e7d6a1f74
training,logs/training/br-address-large-batch-20261002,logs/training/br-address-large-batch-20261002/result.json,1975,e622b3e6a053efbb71107e83812a8a8942cba9ee177612cd21ec7fd71f37be34
training,logs/training/br-address-large-batch-20261002,logs/training/br-address-large-batch-20261002/scalars/progress.csv,29909,3c74b2dbc573eaa148d635a13ad4f14e210af1521350d2a613d7d7067e4be4eb
training,logs/training/br-address-large-batch-20261002,logs/training/br-address-large-batch-20261002/timing.json,24065,ac0c329cf5ed160ff79206d34aa5e3daaace804e0692cf5459e9502cb8f8e3da
training,logs/training/br-address-long-credit-budget-20261003,logs/training/br-address-long-credit-budget-20261003/checkpoints/ppo_1048576_steps.curriculum.json,944,f26bff32ff3ab35a0215fefaaa74059d8393522d3b2b08a1a03e3dd211845a9d
training,logs/training/br-address-long-credit-budget-20261003,logs/training/br-address-long-credit-budget-20261003/checkpoints/ppo_262144_steps.curriculum.json,943,8b88546c6dd6f5f2ef0eab2788514a757176a2f7c07236ded427b8cdb9c901f0
training,logs/training/br-address-long-credit-budget-20261003,logs/training/br-address-long-credit-budget-20261003/checkpoints/ppo_524288_steps.curriculum.json,943,b63cea48febd224b626291050f24063dae4e988b16ad8de7a2fe4f12eed1cb8f
training,logs/training/br-address-long-credit-budget-20261003,logs/training/br-address-long-credit-budget-20261003/checkpoints/ppo_786432_steps.curriculum.json,945,1cda5acdf538238e95a626a1635a90a0716ad3eb07e0b7ec74a1a514ef0b3fd8
training,logs/training/br-address-long-credit-budget-20261003,logs/training/br-address-long-credit-budget-20261003/checkpoints/updated_1048576_steps.curriculum.json,944,a7e51bced958f17cf4abc31d68ddf9bc4736dea30a69b4f71a368ba43945bb4c
training,logs/training/br-address-long-credit-budget-20261003,logs/training/br-address-long-credit-budget-20261003/checkpoints/updated_16384_steps.curriculum.json,852,5fce1f267379003d895a063081dbe82ec80794f291d6eced5fa769d78fc4868f
training,logs/training/br-address-long-credit-budget-20261003,logs/training/br-address-long-credit-budget-20261003/checkpoints/updated_262144_steps.curriculum.json,943,309612273e3d98fb3bbd8f3c2843c1bc70feb30d50cfd766ff7f3d28bb1b2bbb
training,logs/training/br-address-long-credit-budget-20261003,logs/training/br-address-long-credit-budget-20261003/checkpoints/updated_524288_steps.curriculum.json,943,aac712eded7d10f7138db60b0aa41617f92475cecc72dd356e2629f62e2a33b8
training,logs/training/br-address-long-credit-budget-20261003,logs/training/br-address-long-credit-budget-20261003/checkpoints/updated_786432_steps.curriculum.json,945,b72611971ed1a1dbbdd040b091f8f34d335acaa89e6a551e9fb537eb45311e49
training,logs/training/br-address-long-credit-budget-20261003,logs/training/br-address-long-credit-budget-20261003/config.yaml,5263,6bc89b2905f998c49c77df09af42c83849b0373bdc9002988be2f8448a6ec299
training,logs/training/br-address-long-credit-budget-20261003,logs/training/br-address-long-credit-budget-20261003/final.curriculum.json,944,5e6ab75eb0cd9e50f797f8e55e4331e31b2fb08b0d75e46e928aee04e36f37d9
training,logs/training/br-address-long-credit-budget-20261003,logs/training/br-address-long-credit-budget-20261003/identity.json,52546,bb80a437576516987c4c8c1e80d9e1187e8a058a38b307c6e60a9735f709a502
training,logs/training/br-address-long-credit-budget-20261003,logs/training/br-address-long-credit-budget-20261003/progress.json,767932,96b531af358c852058c914cdfff35b98e50e5a1029b1e44c24d086ea9939c82c
training,logs/training/br-address-long-credit-budget-20261003,logs/training/br-address-long-credit-budget-20261003/replays/fd3995c5d62c4e7c99388c2342deb94f/episode-00000001-slot-4.json,194,7214dc02746f36c1c60100f1311684bcf64577b732da284de99a876a5c66e98e
training,logs/training/br-address-long-credit-budget-20261003,logs/training/br-address-long-credit-budget-20261003/replays/fd3995c5d62c4e7c99388c2342deb94f/episode-00000002-slot-3.json,194,8c7c8b5b5fae5745fa8c6375c51d56fe816ce5ceaf8948b1fb2dfbcadeba49e6
training,logs/training/br-address-long-credit-budget-20261003,logs/training/br-address-long-credit-budget-20261003/replays/fd3995c5d62c4e7c99388c2342deb94f/episode-00000003-slot-6.json,194,1ce93743041285d7efaee564a5ae65f4a3a292acdbc07372532a7231a5aea6fe
training,logs/training/br-address-long-credit-budget-20261003,logs/training/br-address-long-credit-budget-20261003/replays/fd3995c5d62c4e7c99388c2342deb94f/episode-00000004-slot-1.json,194,29c89b4a98444b2e48ed0a2e7f88ff8e62a7008d512bfc194aacd9633506ecce
training,logs/training/br-address-long-credit-budget-20261003,logs/training/br-address-long-credit-budget-20261003/replays/fd3995c5d62c4e7c99388c2342deb94f/episode-00000005-slot-2.json,194,9aba23140f14b11dc063f6219a8c86b21fb65fd0e4dd8e5ea21b259ce886ac55
training,logs/training/br-address-long-credit-budget-20261003,logs/training/br-address-long-credit-budget-20261003/replays/fd3995c5d62c4e7c99388c2342deb94f/episode-00000006-slot-7.json,194,a9d840f40c50c2950ce063527d6ef3f8b4afce5e12f16a8939dbf3009bc75099
training,logs/training/br-address-long-credit-budget-20261003,logs/training/br-address-long-credit-budget-20261003/replays/fd3995c5d62c4e7c99388c2342deb94f/episode-00000007-slot-0.json,194,79503181e0172f766425f3f344905ed53bf19cc53984a82a5d14380051d8b042
training,logs/training/br-address-long-credit-budget-20261003,logs/training/br-address-long-credit-budget-20261003/replays/fd3995c5d62c4e7c99388c2342deb94f/episode-00000008-slot-5.json,194,33e452eaaa6224bf345ec3d0ed5824bcc50453b7f13300a301a0f564203bb828
training,logs/training/br-address-long-credit-budget-20261003,logs/training/br-address-long-credit-budget-20261003/replays/fd3995c5d62c4e7c99388c2342deb94f/episode-00000009-slot-1.json,200,99fc5de8e82366c64dbb9bd0633b53e708abef16772a9b36e1b6ef8535c52fd8
training,logs/training/br-address-long-credit-budget-20261003,logs/training/br-address-long-credit-budget-20261003/replays/fd3995c5d62c4e7c99388c2342deb94f/episode-00000010-slot-3.json,200,a3fc27f4aa01be7b8524b2dfa1adeec3f073803b8f0f040845962c7b45937e65
training,logs/training/br-address-long-credit-budget-20261003,logs/training/br-address-long-credit-budget-20261003/replays/fd3995c5d62c4e7c99388c2342deb94f/episode-00000011-slot-6.json,200,d55807da851ea4098de392fa595384aefbb7a93d67f030aed51c97210860e07b
training,logs/training/br-address-long-credit-budget-20261003,logs/training/br-address-long-credit-budget-20261003/replays/fd3995c5d62c4e7c99388c2342deb94f/episode-00000012-slot-7.json,200,23d080b8c7463dcca2305ec8c77c0ed5ce88cdd0aa312eebbbee03238f198e2d
training,logs/training/br-address-long-credit-budget-20261003,logs/training/br-address-long-credit-budget-20261003/replays/fd3995c5d62c4e7c99388c2342deb94f/episode-00000013-slot-4.json,200,60f9740e23f1b093c9e4b9be49851c0e9d3cb696018e13d75e005dfd34e1a7a5
training,logs/training/br-address-long-credit-budget-20261003,logs/training/br-address-long-credit-budget-20261003/replays/fd3995c5d62c4e7c99388c2342deb94f/episode-00000014-slot-2.json,199,76f7042ed09f62df3561ff0f5edd72411e3f5c9ce223c5a60d7bb94fe7213e11
training,logs/training/br-address-long-credit-budget-20261003,logs/training/br-address-long-credit-budget-20261003/replays/fd3995c5d62c4e7c99388c2342deb94f/episode-00000015-slot-0.json,200,0647e3f3938512bc99de471eae6c287de70447f134f32e1be2196d43560e220c
training,logs/training/br-address-long-credit-budget-20261003,logs/training/br-address-long-credit-budget-20261003/replays/fd3995c5d62c4e7c99388c2342deb94f/episode-00000016-slot-5.json,200,e05bdebb4cc789a36ef41b90e4887b3489e048a7510346a235bbe65aa49b26aa
training,logs/training/br-address-long-credit-budget-20261003,logs/training/br-address-long-credit-budget-20261003/replays/fd3995c5d62c4e7c99388c2342deb94f/episode-00000017-slot-6.json,200,aef71f324b03622bdc64e03e85aac7c0bff4a5b20515b70a8f114616e5a9d826
training,logs/training/br-address-long-credit-budget-20261003,logs/training/br-address-long-credit-budget-20261003/replays/fd3995c5d62c4e7c99388c2342deb94f/episode-00000018-slot-4.json,200,c895b6eb3280d8c449abb75cac634aae6526c65024536bf75ca5a5f259ab22ec
training,logs/training/br-address-long-credit-budget-20261003,logs/training/br-address-long-credit-budget-20261003/replays/fd3995c5d62c4e7c99388c2342deb94f/episode-00000019-slot-3.json,200,b43bcc6421686de4c82284c46a5160553580d20fdfbf9f37d81f0f449d2478d3
training,logs/training/br-address-long-credit-budget-20261003,logs/training/br-address-long-credit-budget-20261003/replays/fd3995c5d62c4e7c99388c2342deb94f/episode-00000020-slot-7.json,200,219eaec53cc26de66bf3d70eb645b34dc9ba3692c65addffeebf90efb47d5d6f
training,logs/training/br-address-long-credit-budget-20261003,logs/training/br-address-long-credit-budget-20261003/replays/fd3995c5d62c4e7c99388c2342deb94f/episode-00000021-slot-1.json,199,2a6d822ee4a48e0349098aedc0c1757119fd9e8db209c708329de775a47aab63
training,logs/training/br-address-long-credit-budget-20261003,logs/training/br-address-long-credit-budget-20261003/replays/fd3995c5d62c4e7c99388c2342deb94f/episode-00000022-slot-0.json,199,2a5613ff82d1b50e7c71229d2e23ef2e1d52a3a54112194b136cefdb338253c4
training,logs/training/br-address-long-credit-budget-20261003,logs/training/br-address-long-credit-budget-20261003/replays/fd3995c5d62c4e7c99388c2342deb94f/episode-00000023-slot-5.json,200,dd78c5a2924c3393549533152e6d1f31c0d788c7d8dc64b3ff34289b02f0a025
training,logs/training/br-address-long-credit-budget-20261003,logs/training/br-address-long-credit-budget-20261003/replays/fd3995c5d62c4e7c99388c2342deb94f/episode-00000024-slot-2.json,204,8ccc0f6f84f2cdb1bb8007a141fa47c8772fd82bd07e7edab3b417b17832405f
training,logs/training/br-address-long-credit-budget-20261003,logs/training/br-address-long-credit-budget-20261003/replays/fd3995c5d62c4e7c99388c2342deb94f/episode-00000025-slot-6.json,200,dd223b911d716a112bb309f83611cd8d99bb410054edd98c8acc2f09e20079be
training,logs/training/br-address-long-credit-budget-20261003,logs/training/br-address-long-credit-budget-20261003/replays/fd3995c5d62c4e7c99388c2342deb94f/episode-00000026-slot-4.json,200,14c658d12e42bd13bca4b35f2c64dee3c2833fb313a56533fe52856abd6b4b8a
training,logs/training/br-address-long-credit-budget-20261003,logs/training/br-address-long-credit-budget-20261003/replays/fd3995c5d62c4e7c99388c2342deb94f/episode-00000027-slot-7.json,200,6deb1469f66fa636f570640ed69770d66ca7ab8b636b0680c35aecffe94502a4
training,logs/training/br-address-long-credit-budget-20261003,logs/training/br-address-long-credit-budget-20261003/replays/fd3995c5d62c4e7c99388c2342deb94f/episode-00000028-slot-3.json,200,ddad2b55f94dd4adc823fa0a2087c8c43856435c82f49d3ff5dbc97a15ff184f
training,logs/training/br-address-long-credit-budget-20261003,logs/training/br-address-long-credit-budget-20261003/replays/fd3995c5d62c4e7c99388c2342deb94f/episode-00000029-slot-0.json,199,6530353686857e3056995890e5cdc5f419c1279b9eb090d9974f6a973a82d96e
training,logs/training/br-address-long-credit-budget-20261003,logs/training/br-address-long-credit-budget-20261003/replays/fd3995c5d62c4e7c99388c2342deb94f/episode-00000030-slot-1.json,204,d099696c991eb1e92b15fdf440900529d3e4dc3aacf7699d05b87ee71937b2d4
training,logs/training/br-address-long-credit-budget-20261003,logs/training/br-address-long-credit-budget-20261003/replays/fd3995c5d62c4e7c99388c2342deb94f/episode-00000031-slot-5.json,200,75fa91465db7505c763f95d953e129e8fdd90fd165d067a4519004a0c733e979
training,logs/training/br-address-long-credit-budget-20261003,logs/training/br-address-long-credit-budget-20261003/replays/fd3995c5d62c4e7c99388c2342deb94f/episode-00000032-slot-4.json,199,4aa6b4616d6039aa41fe7615a6586cffe443f99e1545709edbf9898507022796
training,logs/training/br-address-long-credit-budget-20261003,logs/training/br-address-long-credit-budget-20261003/replays/fd3995c5d62c4e7c99388c2342deb94f/episode-00000033-slot-6.json,200,e7b018ccb99faf41ffc0c1c7c0a8ff81529707f43dc2eaec45a5f011ba2a0483
training,logs/training/br-address-long-credit-budget-20261003,logs/training/br-address-long-credit-budget-20261003/replays/fd3995c5d62c4e7c99388c2342deb94f/episode-00000034-slot-7.json,200,863b2221e2500f5fff905804d6e6ea8af729b8cec7b1e3176bb6cfe0f2c8b164
training,logs/training/br-address-long-credit-budget-20261003,logs/training/br-address-long-credit-budget-20261003/replays/fd3995c5d62c4e7c99388c2342deb94f/episode-00000035-slot-2.json,199,ae83354fe4ca97cdea4c41602bacd2a4e1d547001de2c07c01e9ae329d9ddfd8
training,logs/training/br-address-long-credit-budget-20261003,logs/training/br-address-long-credit-budget-20261003/replays/fd3995c5d62c4e7c99388c2342deb94f/episode-00000036-slot-3.json,199,4031bedafaa0fc4a6b0ac666b07184e3059691a235d0f173ae7406313bad0105
training,logs/training/br-address-long-credit-budget-20261003,logs/training/br-address-long-credit-budget-20261003/replays/fd3995c5d62c4e7c99388c2342deb94f/episode-00000037-slot-5.json,200,3c3887dc0c17163f60e120e1f12a0d4e58bfdd72b203beb1d5efb195905bb81c
training,logs/training/br-address-long-credit-budget-20261003,logs/training/br-address-long-credit-budget-20261003/replays/fd3995c5d62c4e7c99388c2342deb94f/episode-00000038-slot-0.json,200,0cb7f37a5f496d8e601236148b0a6604da5546755017c91bcfaf7c52def95730
training,logs/training/br-address-long-credit-budget-20261003,logs/training/br-address-long-credit-budget-20261003/replays/fd3995c5d62c4e7c99388c2342deb94f/episode-00000039-slot-1.json,199,c3a4f3a64a238de0edb02e87dbe907ec675c54b31637c18029a8b1c617f2d451
training,logs/training/br-address-long-credit-budget-20261003,logs/training/br-address-long-credit-budget-20261003/replays/fd3995c5d62c4e7c99388c2342deb94f/episode-00000040-slot-2.json,200,5fa35011b706427eada8849cb2772a7ebf67f18a38f569912addd52b16a1a22e
training,logs/training/br-address-long-credit-budget-20261003,logs/training/br-address-long-credit-budget-20261003/replays/fd3995c5d62c4e7c99388c2342deb94f/episode-00000041-slot-4.json,200,289aba7d39d45879454d8c2a8c9d5d781ca9cee84c54fedcc9f9a41e9cae00b7
training,logs/training/br-address-long-credit-budget-20261003,logs/training/br-address-long-credit-budget-20261003/replays/fd3995c5d62c4e7c99388c2342deb94f/episode-00000042-slot-6.json,200,776266da25dd8e51d10aca629732fec188cc4df9bc3499ca0757e12abfd32ea4
training,logs/training/br-address-long-credit-budget-20261003,logs/training/br-address-long-credit-budget-20261003/replays/fd3995c5d62c4e7c99388c2342deb94f/episode-00000043-slot-7.json,199,1276ae6b06e6e4e194351c298f2e08322b40cd0a25c6060c544d81fb3a9682ad
training,logs/training/br-address-long-credit-budget-20261003,logs/training/br-address-long-credit-budget-20261003/replays/fd3995c5d62c4e7c99388c2342deb94f/episode-00000044-slot-0.json,199,4cdcdb452deae3a7b82212b37aa9a04a4a6edb633a6ba93bf9ba9b606e79b726
training,logs/training/br-address-long-credit-budget-20261003,logs/training/br-address-long-credit-budget-20261003/replays/fd3995c5d62c4e7c99388c2342deb94f/episode-00000045-slot-3.json,200,f13051a6313a50ba39b799d602490eae1d165e445a2d9918f2dee5c8361bd398
training,logs/training/br-address-long-credit-budget-20261003,logs/training/br-address-long-credit-budget-20261003/replays/fd3995c5d62c4e7c99388c2342deb94f/episode-00000046-slot-5.json,200,18529767c7702107d3f580102e4b5189c6cecdcbbe6a5c43bc41393aac3860bf
training,logs/training/br-address-long-credit-budget-20261003,logs/training/br-address-long-credit-budget-20261003/replays/fd3995c5d62c4e7c99388c2342deb94f/episode-00000047-slot-2.json,200,8cee45caaafdae33a56bac3005f49c69ff8584a9abb1ebbf61dc8494b7e9dad2
training,logs/training/br-address-long-credit-budget-20261003,logs/training/br-address-long-credit-budget-20261003/replays/fd3995c5d62c4e7c99388c2342deb94f/episode-00000048-slot-1.json,200,c81c5d8e261f1e0fa1850fae53b8c55542e312eaa11a651e37eb71cafbab6cc7
training,logs/training/br-address-long-credit-budget-20261003,logs/training/br-address-long-credit-budget-20261003/replays/fd3995c5d62c4e7c99388c2342deb94f/episode-00000049-slot-4.json,200,4e46c2b7a568cbaf52ed7174d8225dae2002d098a74b3f52b9cf705a83dfe493
training,logs/training/br-address-long-credit-budget-20261003,logs/training/br-address-long-credit-budget-20261003/replays/fd3995c5d62c4e7c99388c2342deb94f/episode-00000050-slot-6.json,200,b5a5d3f6293a8412ef81156edd9fd18df2b0563cd73fd0ac6be12c670466ba27
training,logs/training/br-address-long-credit-budget-20261003,logs/training/br-address-long-credit-budget-20261003/replays/fd3995c5d62c4e7c99388c2342deb94f/episode-00000051-slot-7.json,200,d3041c12fa2ccae6aaa85305cdb93f3e06e7d5cdb502044371b3a76d424a5be8
training,logs/training/br-address-long-credit-budget-20261003,logs/training/br-address-long-credit-budget-20261003/replays/fd3995c5d62c4e7c99388c2342deb94f/episode-00000052-slot-0.json,200,d1558bb40781243c5fd6b360d5f5bb3e59fcae91d5efffa4bb923e3a894130bc
training,logs/training/br-address-long-credit-budget-20261003,logs/training/br-address-long-credit-budget-20261003/replays/fd3995c5d62c4e7c99388c2342deb94f/episode-00000053-slot-2.json,200,57ee6b847a66b1fbf864c9fd23d470307a1e14a4976b89e5b98eaf6707cf714c
training,logs/training/br-address-long-credit-budget-20261003,logs/training/br-address-long-credit-budget-20261003/replays/fd3995c5d62c4e7c99388c2342deb94f/episode-00000054-slot-3.json,200,96ab61a13feddad283723b9c940f2cc028c0daaee2eb808474d994992f3fb573
training,logs/training/br-address-long-credit-budget-20261003,logs/training/br-address-long-credit-budget-20261003/replays/fd3995c5d62c4e7c99388c2342deb94f/episode-00000055-slot-5.json,203,0b534193861e5cd0901e9fb5d7f2f3f6d6189e951d1c461dd39dc02a7adfe452
training,logs/training/br-address-long-credit-budget-20261003,logs/training/br-address-long-credit-budget-20261003/replays/fd3995c5d62c4e7c99388c2342deb94f/episode-00000056-slot-4.json,200,c8b831152dc5ec685046b89eb4ba54ea1be8618427b4d09f31818633bb0b621a
training,logs/training/br-address-long-credit-budget-20261003,logs/training/br-address-long-credit-budget-20261003/replays/fd3995c5d62c4e7c99388c2342deb94f/episode-00000057-slot-0.json,199,31740e47fc7e027e4fc7ce08befa74813eccc5f18ccc277f053d07ba807609e6
training,logs/training/br-address-long-credit-budget-20261003,logs/training/br-address-long-credit-budget-20261003/replays/fd3995c5d62c4e7c99388c2342deb94f/episode-00000058-slot-7.json,199,5178096235aa38db78f419d36ccc16930cb023ff04daa00343230586c9b5e04b
training,logs/training/br-address-long-credit-budget-20261003,logs/training/br-address-long-credit-budget-20261003/replays/fd3995c5d62c4e7c99388c2342deb94f/episode-00000059-slot-6.json,199,68cc88e58b2920c390a6bd02e1d5bf3499d3ea82173113f718eaf5ec863ea547
training,logs/training/br-address-long-credit-budget-20261003,logs/training/br-address-long-credit-budget-20261003/replays/fd3995c5d62c4e7c99388c2342deb94f/episode-00000060-slot-1.json,204,325242c44b1528657b08d955900dc463e1a5f3bb7a70c96f3bfc40965cdb7156
training,logs/training/br-address-long-credit-budget-20261003,logs/training/br-address-long-credit-budget-20261003/replays/fd3995c5d62c4e7c99388c2342deb94f/episode-00000061-slot-3.json,200,985e56d21de4be9bef9698c6b2826496481eb202600cf056b9b5593281c73149
training,logs/training/br-address-long-credit-budget-20261003,logs/training/br-address-long-credit-budget-20261003/replays/fd3995c5d62c4e7c99388c2342deb94f/episode-00000062-slot-6.json,200,7854fd2fa8c6362a4d09c6b71033469d3e204c80ccfbeeb70d5eb69fce70c711
training,logs/training/br-address-long-credit-budget-20261003,logs/training/br-address-long-credit-budget-20261003/replays/fd3995c5d62c4e7c99388c2342deb94f/episode-00000063-slot-4.json,200,d528948c485301ed4aa2dc1d021bef7647b663201e1d1407116d76aef8770d6a
training,logs/training/br-address-long-credit-budget-20261003,logs/training/br-address-long-credit-budget-20261003/replays/fd3995c5d62c4e7c99388c2342deb94f/episode-00000064-slot-2.json,198,aa11308ed06b26d5f30ace7be8c9723c0e530ebf78e97d34776c8f4409a9e06f
training,logs/training/br-address-long-credit-budget-20261003,logs/training/br-address-long-credit-budget-20261003/replays/fd3995c5d62c4e7c99388c2342deb94f/episode-00000065-slot-7.json,200,952966dd590adb5931dadfbd7035edf9d80af461d4e5c352dacf014d045f3c79
training,logs/training/br-address-long-credit-budget-20261003,logs/training/br-address-long-credit-budget-20261003/replays/fd3995c5d62c4e7c99388c2342deb94f/episode-00000066-slot-5.json,203,5b8374504715a9ce5411d0e0955a86c0005831210c0ede47ce0f7ca17de72672
training,logs/training/br-address-long-credit-budget-20261003,logs/training/br-address-long-credit-budget-20261003/replays/fd3995c5d62c4e7c99388c2342deb94f/episode-00000067-slot-0.json,200,6e8bbb265637e09638488d1b7b0985e08925fe60a5c9d1eef2f381d816c99dfb
training,logs/training/br-address-long-credit-budget-20261003,logs/training/br-address-long-credit-budget-20261003/replays/fd3995c5d62c4e7c99388c2342deb94f/episode-00000068-slot-1.json,200,dca12ae29cb1472580e4e9f6a97b8f88e0177938f7f1f2a75fbcf050aa354253
training,logs/training/br-address-long-credit-budget-20261003,logs/training/br-address-long-credit-budget-20261003/replays/fd3995c5d62c4e7c99388c2342deb94f/episode-00000069-slot-6.json,200,9da75bee307f117e4b1e51b79268fe694b50c908d6bf093876c28a841a2bda69
training,logs/training/br-address-long-credit-budget-20261003,logs/training/br-address-long-credit-budget-20261003/replays/fd3995c5d62c4e7c99388c2342deb94f/episode-00000070-slot-4.json,200,7450b8143100a366da46bef1565ab98780a58637a987930b8a6f4689d994161d
training,logs/training/br-address-long-credit-budget-20261003,logs/training/br-address-long-credit-budget-20261003/replays/fd3995c5d62c4e7c99388c2342deb94f/episode-00000071-slot-3.json,204,16e05b77037b5044307cf20a33599afa40d2bd117317485e85ea45c7b68ace86
training,logs/training/br-address-long-credit-budget-20261003,logs/training/br-address-long-credit-budget-20261003/replays/fd3995c5d62c4e7c99388c2342deb94f/episode-00000072-slot-2.json,200,3ef38f7df7f8e55812e2b7069c1a0f24c3a6cbaf40bd7755f7eff78a8592a2cf
training,logs/training/br-address-long-credit-budget-20261003,logs/training/br-address-long-credit-budget-20261003/replays/fd3995c5d62c4e7c99388c2342deb94f/episode-00000073-slot-5.json,200,c98deab3f6bbc3a60edf328181e06fbb225c4d55669e296694e31876b6178560
training,logs/training/br-address-long-credit-budget-20261003,logs/training/br-address-long-credit-budget-20261003/replays/fd3995c5d62c4e7c99388c2342deb94f/episode-00000074-slot-7.json,199,2a47d4d2f673c4c89da61cef365b539930a8cf81c14e73a00785ed40b3973382
training,logs/training/br-address-long-credit-budget-20261003,logs/training/br-address-long-credit-budget-20261003/replays/fd3995c5d62c4e7c99388c2342deb94f/episode-00000075-slot-0.json,200,662f4f5e2dafef87bf2103cc228aaaf8f494dd277c06575a8a178a4e0de38e45
training,logs/training/br-address-long-credit-budget-20261003,logs/training/br-address-long-credit-budget-20261003/replays/fd3995c5d62c4e7c99388c2342deb94f/episode-00000076-slot-1.json,200,775980f7c5670fd0f86469ef1fd7839464bb9cd8e370f99bad9db165a4df131c
training,logs/training/br-address-long-credit-budget-20261003,logs/training/br-address-long-credit-budget-20261003/replays/fd3995c5d62c4e7c99388c2342deb94f/episode-00000077-slot-4.json,200,5cd4a7bcb1cbee55c09016f8234fc16995b5032649a2a4c7e44f0d71d5c6c42f
training,logs/training/br-address-long-credit-budget-20261003,logs/training/br-address-long-credit-budget-20261003/replays/fd3995c5d62c4e7c99388c2342deb94f/episode-00000078-slot-2.json,200,2c7290d82ee55713da9415f6db3fecc2205abed345eed2193cce6e8e93ec2caa
training,logs/training/br-address-long-credit-budget-20261003,logs/training/br-address-long-credit-budget-20261003/replays/fd3995c5d62c4e7c99388c2342deb94f/episode-00000079-slot-5.json,198,a0e8f2ecf86fb98acfdb54eb8d643ae6dfb1b4b5064c1d5e49054e9112f822ff
training,logs/training/br-address-long-credit-budget-20261003,logs/training/br-address-long-credit-budget-20261003/replays/fd3995c5d62c4e7c99388c2342deb94f/episode-00000080-slot-3.json,200,60098214ad031c4c1bd8274fc7b736713687708fe0791c57960d46b3a19a02ae
training,logs/training/br-address-long-credit-budget-20261003,logs/training/br-address-long-credit-budget-20261003/replays/fd3995c5d62c4e7c99388c2342deb94f/episode-00000081-slot-6.json,203,a79c4cd14f40936c877c663efb95d7cae644b453d4d7681a8c8c0ca662208b4d
training,logs/training/br-address-long-credit-budget-20261003,logs/training/br-address-long-credit-budget-20261003/replays/fd3995c5d62c4e7c99388c2342deb94f/episode-00000082-slot-4.json,200,c55c8e3235e46d39d05a96c584db2328b40470267c0e6719291bc92d14d263c5
training,logs/training/br-address-long-credit-budget-20261003,logs/training/br-address-long-credit-budget-20261003/replays/fd3995c5d62c4e7c99388c2342deb94f/episode-00000083-slot-1.json,200,b9ceb3b3c4883c1c68447431f30b62d040e43c972c91a17fc247cf6d6c23a9cb
training,logs/training/br-address-long-credit-budget-20261003,logs/training/br-address-long-credit-budget-20261003/replays/fd3995c5d62c4e7c99388c2342deb94f/episode-00000084-slot-7.json,199,a6db05a582ffc6a19dfe9aa8378e80385f1a3e2ac2a1932f7fc9b27c484b9d30
training,logs/training/br-address-long-credit-budget-20261003,logs/training/br-address-long-credit-budget-20261003/replays/fd3995c5d62c4e7c99388c2342deb94f/episode-00000085-slot-0.json,199,98b3c244aad3a44169d07b6f35cc9137ff37fa93b5d38ffcfa2c2ff9f3681a71
training,logs/training/br-address-long-credit-budget-20261003,logs/training/br-address-long-credit-budget-20261003/replays/fd3995c5d62c4e7c99388c2342deb94f/episode-00000086-slot-2.json,200,a1dc7705ec8624c3d30636c22a62c3bf10b4d8be1384c17981d605c81c4ec2a8
training,logs/training/br-address-long-credit-budget-20261003,logs/training/br-address-long-credit-budget-20261003/replays/fd3995c5d62c4e7c99388c2342deb94f/episode-00000087-slot-3.json,200,9db6c1d6bfafb0509b055787fcc9d495c12642bab971bb3d57fd431f05d1df97
training,logs/training/br-address-long-credit-budget-20261003,logs/training/br-address-long-credit-budget-20261003/replays/fd3995c5d62c4e7c99388c2342deb94f/episode-00000088-slot-5.json,199,248a1d975a6ced6f8987b45a93035cd94814fc21b1183ba0389d11b1511cd489
training,logs/training/br-address-long-credit-budget-20261003,logs/training/br-address-long-credit-budget-20261003/replays/fd3995c5d62c4e7c99388c2342deb94f/episode-00000089-slot-6.json,200,a3d6e9e3200f81af62ea6803c1b476614a98f505deca7d883e314410a806a1ac
training,logs/training/br-address-long-credit-budget-20261003,logs/training/br-address-long-credit-budget-20261003/replays/fd3995c5d62c4e7c99388c2342deb94f/episode-00000090-slot-4.json,200,5bd64bb9f024f0b000902f259a4257afbbfec4c38fd41eff78a87cd801e89cd9
training,logs/training/br-address-long-credit-budget-20261003,logs/training/br-address-long-credit-budget-20261003/replays/fd3995c5d62c4e7c99388c2342deb94f/episode-00000091-slot-7.json,200,0768599db041008ca087706d8895f5415fe586c06cffa7917f6499ac185e51e0
training,logs/training/br-address-long-credit-budget-20261003,logs/training/br-address-long-credit-budget-20261003/replays/fd3995c5d62c4e7c99388c2342deb94f/episode-00000092-slot-1.json,200,3f74e10eb8aa527861858c0f0594f07eb031abf4e0d8c3af09b0bc75e1eabd6a
training,logs/training/br-address-long-credit-budget-20261003,logs/training/br-address-long-credit-budget-20261003/replays/fd3995c5d62c4e7c99388c2342deb94f/episode-00000093-slot-2.json,199,fb53211fb890e32892ab40638547bd46938d7af9f34d1c95d704bb87b3e59f46
training,logs/training/br-address-long-credit-budget-20261003,logs/training/br-address-long-credit-budget-20261003/replays/fd3995c5d62c4e7c99388c2342deb94f/episode-00000094-slot-5.json,200,603f9b000f9e02bca2652b32e5b4007b008337fe4e4d4167c3e2229c1c033b71
training,logs/training/br-address-long-credit-budget-20261003,logs/training/br-address-long-credit-budget-20261003/replays/fd3995c5d62c4e7c99388c2342deb94f/episode-00000095-slot-3.json,200,870b578c03332b10f491d2b41665a4f916838edac402f08de765187a9be9100b
training,logs/training/br-address-long-credit-budget-20261003,logs/training/br-address-long-credit-budget-20261003/replays/fd3995c5d62c4e7c99388c2342deb94f/episode-00000096-slot-0.json,200,445fe070f32184e091ad1cd6735e118f4cd8f8bc4710bca74987e602b33b6056
training,logs/training/br-address-long-credit-budget-20261003,logs/training/br-address-long-credit-budget-20261003/replays/fd3995c5d62c4e7c99388c2342deb94f/episode-00000097-slot-6.json,200,0555a836856fd736e70bc9bf9e799c8fa3adedebae14f4c21e7dce24e5ccaff5
