kind,run,path,bytes,sha256
benchmark,logs/benchmark/br-reimu-address-change1-zero-shot-20261003,logs/benchmark/br-reimu-address-change1-zero-shot-20261003/replays/0ded3a016036445fb04fe0c8673e440c/episode-00000016-slot-5.json,200,46e40dab99238a62600accf991b0966694df848cffd43f425000452bbbd4b827
benchmark,logs/benchmark/br-reimu-address-change1-zero-shot-20261003,logs/benchmark/br-reimu-address-change1-zero-shot-20261003/result.json,147207,13508e6641e0c964de60ffbe115ed95dbe7aa2e05b4a38e0c4ee11c90b78fba1
benchmark,logs/benchmark/br-reimu-address-change4-zero-shot-20261003,logs/benchmark/br-reimu-address-change4-zero-shot-20261003/config.yaml,17056,003e1f06178b8c5a113bed893e0258e78c29577d12766b2c15100062252b4e41
benchmark,logs/benchmark/br-reimu-address-change4-zero-shot-20261003,logs/benchmark/br-reimu-address-change4-zero-shot-20261003/plan.json,12796,8253ef06f138ada066c629439f907cb73ce7f904766ec1fb13de9588749b05f1
benchmark,logs/benchmark/br-reimu-address-change4-zero-shot-20261003,logs/benchmark/br-reimu-address-change4-zero-shot-20261003/progress.json,105189,dda1f32fe1a8d26ed7a316c0f8287bd5cd6912cf6523ed4f85c7a31fddca6922
benchmark,logs/benchmark/br-reimu-address-change4-zero-shot-20261003,logs/benchmark/br-reimu-address-change4-zero-shot-20261003/replays/861d9fc446dc425da50939e6bb1bfc61/episode-00000001-slot-6.json,200,576f5c1b1b0eba6802b3f736f555562339c0b945cd60e166d59c55f2f39fb5d7
benchmark,logs/benchmark/br-reimu-address-change4-zero-shot-20261003,logs/benchmark/br-reimu-address-change4-zero-shot-20261003/replays/861d9fc446dc425da50939e6bb1bfc61/episode-00000002-slot-1.json,199,fbb92cc9df60efaf01deb61c5df73cb0e43f14f730a403abb0ebbaffa89f56b2
benchmark,logs/benchmark/br-reimu-address-change4-zero-shot-20261003,logs/benchmark/br-reimu-address-change4-zero-shot-20261003/replays/861d9fc446dc425da50939e6bb1bfc61/episode-00000003-slot-3.json,200,34cccdc79dbd6523e0ecd3b8bbde2a07a9b5f5b9291adb0d18182a0441a59795
benchmark,logs/benchmark/br-reimu-address-change4-zero-shot-20261003,logs/benchmark/br-reimu-address-change4-zero-shot-20261003/replays/861d9fc446dc425da50939e6bb1bfc61/episode-00000004-slot-5.json,200,6d2ed0a005628140e52a764260e793c05d3436617c1e300f99d435f8a01ba11a
benchmark,logs/benchmark/br-reimu-address-change4-zero-shot-20261003,logs/benchmark/br-reimu-address-change4-zero-shot-20261003/replays/861d9fc446dc425da50939e6bb1bfc61/episode-00000005-slot-2.json,199,24dbeb4ad2bce3436877bbe96454c32df887b589529fbdd82371863ea87ae7cb
benchmark,logs/benchmark/br-reimu-address-change4-zero-shot-20261003,logs/benchmark/br-reimu-address-change4-zero-shot-20261003/replays/861d9fc446dc425da50939e6bb1bfc61/episode-00000006-slot-7.json,200,b3fd4f963d52ad5cbb6fe0b0d92b29d9729f4388783db9796806be9b104b8e28
benchmark,logs/benchmark/br-reimu-address-change4-zero-shot-20261003,logs/benchmark/br-reimu-address-change4-zero-shot-20261003/replays/861d9fc446dc425da50939e6bb1bfc61/episode-00000007-slot-0.json,199,536e3f8b946aecc50a7f4629d58a36ab5c71570d8d3e6f24b2762fdd36a6f40d
benchmark,logs/benchmark/br-reimu-address-change4-zero-shot-20261003,logs/benchmark/br-reimu-address-change4-zero-shot-20261003/replays/861d9fc446dc425da50939e6bb1bfc61/episode-00000008-slot-4.json,200,cf9aa01db1f8a954f0ec554f5d085c2cdbca33a8d08321f6dc7cf658f9830e35
benchmark,logs/benchmark/br-reimu-address-change4-zero-shot-20261003,logs/benchmark/br-reimu-address-change4-zero-shot-20261003/replays/861d9fc446dc425da50939e6bb1bfc61/episode-00000009-slot-6.json,200,defa918067a7d3ab12d5cab995d0f8112b30b826eed6349fa970273dd200b060
benchmark,logs/benchmark/br-reimu-address-change4-zero-shot-20261003,logs/benchmark/br-reimu-address-change4-zero-shot-20261003/replays/861d9fc446dc425da50939e6bb1bfc61/episode-00000010-slot-1.json,199,441bf4063dd9f454a6a56e1c9bdc870e0cba7777a3d7ffc9ee86784f9e3eb14d
benchmark,logs/benchmark/br-reimu-address-change4-zero-shot-20261003,logs/benchmark/br-reimu-address-change4-zero-shot-20261003/replays/861d9fc446dc425da50939e6bb1bfc61/episode-00000011-slot-4.json,200,3a2147d656bf1d1d60e0b8da4c531374400034532c1f936e3c909fabb9cd2962
benchmark,logs/benchmark/br-reimu-address-change4-zero-shot-20261003,logs/benchmark/br-reimu-address-change4-zero-shot-20261003/replays/861d9fc446dc425da50939e6bb1bfc61/episode-00000012-slot-3.json,200,a07ec8206eb7293fd1054fccfe2149999e2ecc7dbf4136f6b30ab90f0ff3de08
benchmark,logs/benchmark/br-reimu-address-change4-zero-shot-20261003,logs/benchmark/br-reimu-address-change4-zero-shot-20261003/replays/861d9fc446dc425da50939e6bb1bfc61/episode-00000013-slot-2.json,199,8c196f7e532372c84fd17d75b8d2f6143ec90efea3574afca5426ea2d7e3d911
benchmark,logs/benchmark/br-reimu-address-change4-zero-shot-20261003,logs/benchmark/br-reimu-address-change4-zero-shot-20261003/replays/861d9fc446dc425da50939e6bb1bfc61/episode-00000014-slot-5.json,200,c548f35a79d0bc7e49bf6774a2f5919be9defffdddd83c9491c8e743b46b5398
benchmark,logs/benchmark/br-reimu-address-change4-zero-shot-20261003,logs/benchmark/br-reimu-address-change4-zero-shot-20261003/replays/861d9fc446dc425da50939e6bb1bfc61/episode-00000015-slot-0.json,199,86a72bfb195e9f0aeeecab271250ffe615ed653279463732533d3eb87ae00be5
benchmark,logs/benchmark/br-reimu-address-change4-zero-shot-20261003,logs/benchmark/br-reimu-address-change4-zero-shot-20261003/replays/861d9fc446dc425da50939e6bb1bfc61/episode-00000016-slot-7.json,200,a847923c6b68cc06b39c380d923cf2c3dedf06692e07c5bf2725e502eb219d8e
benchmark,logs/benchmark/br-reimu-address-change4-zero-shot-20261003,logs/benchmark/br-reimu-address-change4-zero-shot-20261003/result.json,143780,e70833e54504d7df95041f969f2e3210fe01323be6287bcd0d0efc5838ec34f0
benchmark,logs/benchmark/br-reimu-address-expansion64-zero-shot-20261002,logs/benchmark/br-reimu-address-expansion64-zero-shot-20261002/config.yaml,16701,e36b19edbdcaa444e0c489138d2cd340e3f843c514d09118625b351d58faffc9
benchmark,logs/benchmark/br-reimu-address-expansion64-zero-shot-20261002,logs/benchmark/br-reimu-address-expansion64-zero-shot-20261002/plan.json,3198,a2ef0720f2efc68f9ac1bd4013e8cbf459a0983ac2e4f73bae8d3b4dafca0733
benchmark,logs/benchmark/br-reimu-address-expansion64-zero-shot-20261002,logs/benchmark/br-reimu-address-expansion64-zero-shot-20261002/progress.json,29122,b881f80b840765a47ac143ba0f5fd1510cb6db7a034042a59dd394b19274a9e9
benchmark,logs/benchmark/br-reimu-address-expansion64-zero-shot-20261002,logs/benchmark/br-reimu-address-expansion64-zero-shot-20261002/replays/bfd15a5c4727419eaabab8e4537acfbc/episode-00000001-slot-1.json,200,1f1d12cf0f20c0721fc65b67f340cee6e35f0c3b870e6d570a229a340491b350
benchmark,logs/benchmark/br-reimu-address-expansion64-zero-shot-20261002,logs/benchmark/br-reimu-address-expansion64-zero-shot-20261002/replays/bfd15a5c4727419eaabab8e4537acfbc/episode-00000002-slot-0.json,199,97554f4ca45477de5dba5ac553031765c2afd65c3ca1ebe8cb252c3cc202e9ed
benchmark,logs/benchmark/br-reimu-address-expansion64-zero-shot-20261002,logs/benchmark/br-reimu-address-expansion64-zero-shot-20261002/replays/bfd15a5c4727419eaabab8e4537acfbc/episode-00000003-slot-3.json,200,8747d968f2186085c1ac6273b895013b060f1e9a3640ea6e9aef20bb169077ea
benchmark,logs/benchmark/br-reimu-address-expansion64-zero-shot-20261002,logs/benchmark/br-reimu-address-expansion64-zero-shot-20261002/replays/bfd15a5c4727419eaabab8e4537acfbc/episode-00000004-slot-2.json,199,087ad3e05b62f457cc427a4049b30fc4fe2c1abf3c883e443a93e199fe487526
benchmark,logs/benchmark/br-reimu-address-expansion64-zero-shot-20261002,logs/benchmark/br-reimu-address-expansion64-zero-shot-20261002/result.json,57651,1cd2ca58eef3448d6eb4c94d013dcfbbdc9c73ac00245435e3c3133c57351a65
benchmark,logs/benchmark/br-reimu-address-invariant-expanded-20261002,logs/benchmark/br-reimu-address-invariant-expanded-20261002/config.yaml,16686,eee3c6a1af19b36bea3659ffc42b2b5a1e71c01adb4116a522e3aa1406104680
benchmark,logs/benchmark/br-reimu-address-invariant-expanded-20261002,logs/benchmark/br-reimu-address-invariant-expanded-20261002/plan.json,9600,87426d232eb0ea5a594bc40a524f0a278b19561c03840eccb21360f8157c1f01
benchmark,logs/benchmark/br-reimu-address-invariant-expanded-20261002,logs/benchmark/br-reimu-address-invariant-expanded-20261002/progress.json,81535,00aad00f26a566bc28eaa992006b8ba0f82612c129a212ef599dcdb045818e5f
benchmark,logs/benchmark/br-reimu-address-invariant-expanded-20261002,logs/benchmark/br-reimu-address-invariant-expanded-20261002/replays/0a8a96e6f7d1405fa861e6dc78859f40/episode-00000001-slot-3.json,200,e76bad0d27f4728f9951125853ce70c8bc5c471bff86a5a241a3dde454187b75
benchmark,logs/benchmark/br-reimu-address-invariant-expanded-20261002,logs/benchmark/br-reimu-address-invariant-expanded-20261002/replays/0a8a96e6f7d1405fa861e6dc78859f40/episode-00000002-slot-6.json,199,4c198e603211acf29c1e46ea52ae1ddb497507589ec25e5d91519a4b1b1f296b
benchmark,logs/benchmark/br-reimu-address-invariant-expanded-20261002,logs/benchmark/br-reimu-address-invariant-expanded-20261002/replays/0a8a96e6f7d1405fa861e6dc78859f40/episode-00000003-slot-5.json,200,b7d740e094d07c7443f882170843906a7749249424ca977cbb5f32c3e063ba2f
benchmark,logs/benchmark/br-reimu-address-invariant-expanded-20261002,logs/benchmark/br-reimu-address-invariant-expanded-20261002/replays/0a8a96e6f7d1405fa861e6dc78859f40/episode-00000004-slot-8.json,200,51e502d6c4aaab40eaffd7bff6eb1a1f454fc88af072a77b8e24750fe3b4db8f
benchmark,logs/benchmark/br-reimu-address-invariant-expanded-20261002,logs/benchmark/br-reimu-address-invariant-expanded-20261002/replays/0a8a96e6f7d1405fa861e6dc78859f40/episode-00000005-slot-2.json,200,c8bc58bcb01987b17adcbfa771ff06d734207b1f75a7dfb6c904fb0ca269873e
benchmark,logs/benchmark/br-reimu-address-invariant-expanded-20261002,logs/benchmark/br-reimu-address-invariant-expanded-20261002/replays/0a8a96e6f7d1405fa861e6dc78859f40/episode-00000006-slot-1.json,199,6d4c83e8b62543b131edd034751dcbc7024a3c510fadcda071bb9b324785089f
benchmark,logs/benchmark/br-reimu-address-invariant-expanded-20261002,logs/benchmark/br-reimu-address-invariant-expanded-20261002/replays/0a8a96e6f7d1405fa861e6dc78859f40/episode-00000007-slot-4.json,200,286b46b143abd871ddb95ffe589b2202abc16064222966d50206eddd40f05c75
benchmark,logs/benchmark/br-reimu-address-invariant-expanded-20261002,logs/benchmark/br-reimu-address-invariant-expanded-20261002/replays/0a8a96e6f7d1405fa861e6dc78859f40/episode-00000008-slot-10.json,202,8e217f25a38beba75ca2234a05ce0e98af137d3097437f0de950b00d9f84725d
benchmark,logs/benchmark/br-reimu-address-invariant-expanded-20261002,logs/benchmark/br-reimu-address-invariant-expanded-20261002/replays/0a8a96e6f7d1405fa861e6dc78859f40/episode-00000009-slot-11.json,202,83c5e3831b92eae755d3d7b87b143b5fb72d09d0fce39a085197ef9030c3ac40
benchmark,logs/benchmark/br-reimu-address-invariant-expanded-20261002,logs/benchmark/br-reimu-address-invariant-expanded-20261002/replays/0a8a96e6f7d1405fa861e6dc78859f40/episode-00000010-slot-0.json,199,3572f41061f4b02b02326a7b95ac59c1dbf775cce17ce9f4a564e14113f59ad8
benchmark,logs/benchmark/br-reimu-address-invariant-expanded-20261002,logs/benchmark/br-reimu-address-invariant-expanded-20261002/replays/0a8a96e6f7d1405fa861e6dc78859f40/episode-00000011-slot-7.json,199,90f6c7fc1b1a2716494982c6734f92d743b76f2c069c0fd01e19d29fa733d46e
benchmark,logs/benchmark/br-reimu-address-invariant-expanded-20261002,logs/benchmark/br-reimu-address-invariant-expanded-20261002/replays/0a8a96e6f7d1405fa861e6dc78859f40/episode-00000012-slot-9.json,200,0b56a2e83340978308ea897f8bdd832fde88a58352f7df282db77df2e85f313b
benchmark,logs/benchmark/br-reimu-address-invariant-expanded-20261002,logs/benchmark/br-reimu-address-invariant-expanded-20261002/result.json,114467,8f3b51ec451e8587ad91d519111c3e40dbe924c8e21d1a3e6eccaa6158f8cf59
benchmark,logs/benchmark/br-reimu-address-invariant-greedy-20261002,logs/benchmark/br-reimu-address-invariant-greedy-20261002/config.yaml,16686,c8d74ff8cd7c7d7b02871370b5bc416de04d60dad72aef43d5339519f7d0d153
benchmark,logs/benchmark/br-reimu-address-invariant-greedy-20261002,logs/benchmark/br-reimu-address-invariant-greedy-20261002/plan.json,3226,028aec3c4acee7a1b541e811cc4db74d71da70c64c306a2d0ae996288fe19b3e
benchmark,logs/benchmark/br-reimu-address-invariant-greedy-20261002,logs/benchmark/br-reimu-address-invariant-greedy-20261002/progress.json,25631,bcde7b1f20305d1127f56f66f0f902eb5096ed3311281868a365a485f507b6bc
benchmark,logs/benchmark/br-reimu-address-invariant-greedy-20261002,logs/benchmark/br-reimu-address-invariant-greedy-20261002/replays/274f05ab57c84aa199a352b0e631b58c/episode-00000001-slot-0.json,199,74dd5f21a6180d8bb4d4ca6cb32ad640793d2315dd5baccc2ef409da6f701cc7
benchmark,logs/benchmark/br-reimu-address-invariant-greedy-20261002,logs/benchmark/br-reimu-address-invariant-greedy-20261002/replays/274f05ab57c84aa199a352b0e631b58c/episode-00000002-slot-1.json,200,48cf3bda85557b5415e646f5381a912e31d8564d72e5495a9022ba634725c219
benchmark,logs/benchmark/br-reimu-address-invariant-greedy-20261002,logs/benchmark/br-reimu-address-invariant-greedy-20261002/replays/274f05ab57c84aa199a352b0e631b58c/episode-00000003-slot-2.json,199,c76f7975e636f7c1fb9ddb7c5e674782d5f98ae52a7ea6b90f90fdc61f5aaf43
benchmark,logs/benchmark/br-reimu-address-invariant-greedy-20261002,logs/benchmark/br-reimu-address-invariant-greedy-20261002/replays/274f05ab57c84aa199a352b0e631b58c/episode-00000004-slot-3.json,200,2811bab6662eea8c7ef1264fae4a7140352aa5fa896a00813fe22e8593ebc647
benchmark,logs/benchmark/br-reimu-address-invariant-greedy-20261002,logs/benchmark/br-reimu-address-invariant-greedy-20261002/result.json,53725,d608004f287f942572295c9a8040406b19a1a3bc6645c52c195bf57a9514d6a9
benchmark,logs/benchmark/br-reimu-address-invariant-repeat-20261002,logs/benchmark/br-reimu-address-invariant-repeat-20261002/config.yaml,16624,51c0fe11e02990e11b0db25105c0b4d982c1676da1a30893350a6bb36bd79aec
benchmark,logs/benchmark/br-reimu-address-invariant-repeat-20261002,logs/benchmark/br-reimu-address-invariant-repeat-20261002/plan.json,3198,8090bc1ca6b2bf7031e9c0e491c634cdb9f652992b2ffdce32e9a91b036a43c7
benchmark,logs/benchmark/br-reimu-address-invariant-repeat-20261002,logs/benchmark/br-reimu-address-invariant-repeat-20261002/progress.json,29414,0c591315cb1552aff2c53bde682a503b8c3f6ed1c174405819d2c7f138f4d5d1
benchmark,logs/benchmark/br-reimu-address-invariant-repeat-20261002,logs/benchmark/br-reimu-address-invariant-repeat-20261002/replays/44120ec9005c4ef995fb92449ccb81ec/episode-00000001-slot-1.json,200,ee95a87f358a34f611ae74596a7ec1cb9050ad5bec4eeec3947380e6cedc0bf1
benchmark,logs/benchmark/br-reimu-address-invariant-repeat-20261002,logs/benchmark/br-reimu-address-invariant-repeat-20261002/replays/44120ec9005c4ef995fb92449ccb81ec/episode-00000002-slot-0.json,199,cec4398ca3b084d852b3f5002a043bfe889f01b2b48228c4c0757dede5f85ebf
benchmark,logs/benchmark/br-reimu-address-invariant-repeat-20261002,logs/benchmark/br-reimu-address-invariant-repeat-20261002/replays/44120ec9005c4ef995fb92449ccb81ec/episode-00000003-slot-3.json,200,35efff854e132a24c785370e05a37c507ef1fb1faf12445edd96c94ea69c0cee
benchmark,logs/benchmark/br-reimu-address-invariant-repeat-20261002,logs/benchmark/br-reimu-address-invariant-repeat-20261002/replays/44120ec9005c4ef995fb92449ccb81ec/episode-00000004-slot-2.json,199,ae0b086ecc791bc56c583a846f430004ae70a29f34b8869c816fe7d3dc684efc
benchmark,logs/benchmark/br-reimu-address-invariant-repeat-20261002,logs/benchmark/br-reimu-address-invariant-repeat-20261002/result.json,57743,0ed13bc6cf4f11f678a7fad827ce964a657fc923c826d81f6236896406d1ed67
benchmark,logs/benchmark/br-reimu-address-invariant-zero-shot-20261002,logs/benchmark/br-reimu-address-invariant-zero-shot-20261002/config.yaml,16627,d6b299dd8729960276810735d883aff6eee26c67c97a8ad9e6d6271b50a6983f
benchmark,logs/benchmark/br-reimu-address-invariant-zero-shot-20261002,logs/benchmark/br-reimu-address-invariant-zero-shot-20261002/plan.json,3198,8090bc1ca6b2bf7031e9c0e491c634cdb9f652992b2ffdce32e9a91b036a43c7
benchmark,logs/benchmark/br-reimu-address-invariant-zero-shot-20261002,logs/benchmark/br-reimu-address-invariant-zero-shot-20261002/progress.json,29415,45d2d4dbdc13cd4677395f1e038de5c81cdcfe05758999c863212a8d01f22259
benchmark,logs/benchmark/br-reimu-address-invariant-zero-shot-20261002,logs/benchmark/br-reimu-address-invariant-zero-shot-20261002/replays/9a24581527d74306a12f2879e3d2453e/episode-00000001-slot-1.json,200,ee95a87f358a34f611ae74596a7ec1cb9050ad5bec4eeec3947380e6cedc0bf1
benchmark,logs/benchmark/br-reimu-address-invariant-zero-shot-20261002,logs/benchmark/br-reimu-address-invariant-zero-shot-20261002/replays/9a24581527d74306a12f2879e3d2453e/episode-00000002-slot-0.json,199,cec4398ca3b084d852b3f5002a043bfe889f01b2b48228c4c0757dede5f85ebf
benchmark,logs/benchmark/br-reimu-address-invariant-zero-shot-20261002,logs/benchmark/br-reimu-address-invariant-zero-shot-20261002/replays/9a24581527d74306a12f2879e3d2453e/episode-00000003-slot-3.json,200,35efff854e132a24c785370e05a37c507ef1fb1faf12445edd96c94ea69c0cee
benchmark,logs/benchmark/br-reimu-address-invariant-zero-shot-20261002,logs/benchmark/br-reimu-address-invariant-zero-shot-20261002/replays/9a24581527d74306a12f2879e3d2453e/episode-00000004-slot-2.json,199,ae0b086ecc791bc56c583a846f430004ae70a29f34b8869c816fe7d3dc684efc
benchmark,logs/benchmark/br-reimu-address-invariant-zero-shot-20261002,logs/benchmark/br-reimu-address-invariant-zero-shot-20261002/result.json,57744,1505d760efaf2078f58b108cbf4311a8ae58f0c5c71500c39a0841bc143245a8
benchmark,logs/benchmark/br-reimu-address-lstm512-zero-shot-20261002,logs/benchmark/br-reimu-address-lstm512-zero-shot-20261002/config.yaml,16617,6e60b362432db5e77f2f30b9b2d6cf60b02c29ab030735cada2009a09ef54b79
benchmark,logs/benchmark/br-reimu-address-lstm512-zero-shot-20261002,logs/benchmark/br-reimu-address-lstm512-zero-shot-20261002/plan.json,3198,63540c245b79fcfaf86e1e2e763daae706037a8f3ad03dc43effc49af7924c91
benchmark,logs/benchmark/br-reimu-address-lstm512-zero-shot-20261002,logs/benchmark/br-reimu-address-lstm512-zero-shot-20261002/progress.json,26524,a67dc7475aaef25d15730fad99b42cea5759124e2f74a9b69d425fcdcb853e09
benchmark,logs/benchmark/br-reimu-address-lstm512-zero-shot-20261002,logs/benchmark/br-reimu-address-lstm512-zero-shot-20261002/replays/c2b02c6fc8544b3b9034bc31a6cc727a/episode-00000001-slot-3.json,200,b92055581aee061abddb2b29515d161562878a63271fd4c99e341bf01b3ac952
benchmark,logs/benchmark/br-reimu-address-lstm512-zero-shot-20261002,logs/benchmark/br-reimu-address-lstm512-zero-shot-20261002/replays/c2b02c6fc8544b3b9034bc31a6cc727a/episode-00000002-slot-2.json,199,67b6c75fd458411debd9201026f8fbb9de35139e48193916bcd70432ae268243
benchmark,logs/benchmark/br-reimu-address-lstm512-zero-shot-20261002,logs/benchmark/br-reimu-address-lstm512-zero-shot-20261002/replays/c2b02c6fc8544b3b9034bc31a6cc727a/episode-00000003-slot-1.json,200,18a62ae0ebea82312fe72be14122d37ac27cf95baf69f7bf7af2379f9c545b4c
benchmark,logs/benchmark/br-reimu-address-lstm512-zero-shot-20261002,logs/benchmark/br-reimu-address-lstm512-zero-shot-20261002/replays/c2b02c6fc8544b3b9034bc31a6cc727a/episode-00000004-slot-0.json,199,d5c9952f25a14bc376d3b7d590b943421079ece9b291cc2dbac85e1454d3080c
benchmark,logs/benchmark/br-reimu-address-lstm512-zero-shot-20261002,logs/benchmark/br-reimu-address-lstm512-zero-shot-20261002/result.json,54581,527534a1c0f9a6a1c2e5cfbf3b286543242549d87d3df443d111290340ab1801
benchmark,logs/benchmark/br-reimu-address-noise10-131072-20261002,logs/benchmark/br-reimu-address-noise10-131072-20261002/config.yaml,13835,39143ede74aa2e067970525ea7169787fe47f2411c531248bd7e04e6a42d877c
benchmark,logs/benchmark/br-reimu-address-noise10-131072-20261002,logs/benchmark/br-reimu-address-noise10-131072-20261002/plan.json,3198,4fc06f2f8e71be3c3f0e59a6e01117036aa4b8e44923d4c243cda7e17da7ce3b
benchmark,logs/benchmark/br-reimu-address-noise10-131072-20261002,logs/benchmark/br-reimu-address-noise10-131072-20261002/progress.json,26630,e7fceea8cd1816f5963e5482f1fcd81751b5099ea0724a3c2eec2794eb8547b1
benchmark,logs/benchmark/br-reimu-address-noise10-131072-20261002,logs/benchmark/br-reimu-address-noise10-131072-20261002/replays/ea28fb782b0c4b6b8e83439a52455483/episode-00000001-slot-3.json,200,e8527b49bd99afde6e7ecdacc5b1b25b127e4fbd91ceecc9b11ac31eb0c45061
benchmark,logs/benchmark/br-reimu-address-noise10-131072-20261002,logs/benchmark/br-reimu-address-noise10-131072-20261002/replays/ea28fb782b0c4b6b8e83439a52455483/episode-00000002-slot-0.json,199,9c3e2388133fbada99ef690a1afd4cbe6d59de24bb0ed8c09e2734529ea3bd07
benchmark,logs/benchmark/br-reimu-address-noise10-131072-20261002,logs/benchmark/br-reimu-address-noise10-131072-20261002/replays/ea28fb782b0c4b6b8e83439a52455483/episode-00000003-slot-2.json,199,22d1433ed5dfbf555d13ae39448d1bf5bd58cb0afd8469f177b7737bedebe149
benchmark,logs/benchmark/br-reimu-address-noise10-131072-20261002,logs/benchmark/br-reimu-address-noise10-131072-20261002/replays/ea28fb782b0c4b6b8e83439a52455483/episode-00000004-slot-1.json,200,f59736f737e9f2f914044afaf395ad2208a49349d378c64f9b73a66ed9aa91c0
benchmark,logs/benchmark/br-reimu-address-noise10-131072-20261002,logs/benchmark/br-reimu-address-noise10-131072-20261002/result.json,54698,8bf122d81d6b776ad4556e70ddac28b8cbb651b088e5e43bc013243bbd79be93
benchmark,logs/benchmark/br-reimu-address-noise10-65536-20261002,logs/benchmark/br-reimu-address-noise10-65536-20261002/config.yaml,13832,da793833c1fef1a1865890cdd0e90b44540eb4301f4531ab0222a38f3e21d363
benchmark,logs/benchmark/br-reimu-address-noise10-65536-20261002,logs/benchmark/br-reimu-address-noise10-65536-20261002/plan.json,3198,5556f1a05eeb63ba60dd3c4fcc40d9852e1c2ffbbf90958558e8eb86c02d143c
benchmark,logs/benchmark/br-reimu-address-noise10-65536-20261002,logs/benchmark/br-reimu-address-noise10-65536-20261002/progress.json,28304,a304ab515bc1abccf4aa237c14e179fedddd5fe41717b7b41ed0677f5b719976
benchmark,logs/benchmark/br-reimu-address-noise10-65536-20261002,logs/benchmark/br-reimu-address-noise10-65536-20261002/replays/506e00f046914eb0b5fcdc534cdb3c21/episode-00000001-slot-1.json,200,d4aba888676d0979480b682020c47ecf3d7551d63708e6ae895d4a91b14cb4e6
benchmark,logs/benchmark/br-reimu-address-noise10-65536-20261002,logs/benchmark/br-reimu-address-noise10-65536-20261002/replays/506e00f046914eb0b5fcdc534cdb3c21/episode-00000002-slot-3.json,200,456e3be759ab8546a8e73eab97e6352f50c8b768e6bda7886ec801feb8f096f1
benchmark,logs/benchmark/br-reimu-address-noise10-65536-20261002,logs/benchmark/br-reimu-address-noise10-65536-20261002/replays/506e00f046914eb0b5fcdc534cdb3c21/episode-00000003-slot-2.json,199,0ff6eca6f52f952414ff26ad7df6829eb0551deeb7a9668bd95b381c40833215
benchmark,logs/benchmark/br-reimu-address-noise10-65536-20261002,logs/benchmark/br-reimu-address-noise10-65536-20261002/replays/506e00f046914eb0b5fcdc534cdb3c21/episode-00000004-slot-0.json,199,95e99fad854287d9e79affea2986a13533ec0103bfbc3d5e08464944223868ce
benchmark,logs/benchmark/br-reimu-address-noise10-65536-20261002,logs/benchmark/br-reimu-address-noise10-65536-20261002/result.json,56526,c63082c2f0ec13919cae2b95eaed90608ca78a141a95f654a7309338d8e6494e
benchmark,logs/benchmark/br-reimu-address-noise10-final-20261002,logs/benchmark/br-reimu-address-noise10-final-20261002/config.yaml,13779,5989e4304898ef5797794d9258453896944f601e9103baa1123192d674fb8deb
benchmark,logs/benchmark/br-reimu-address-noise10-final-20261002,logs/benchmark/br-reimu-address-noise10-final-20261002/plan.json,3198,78bb2316583c056175d3998157cb23ce7f8ec5367f485252ce3e049a445dc0e9
benchmark,logs/benchmark/br-reimu-address-noise10-final-20261002,logs/benchmark/br-reimu-address-noise10-final-20261002/progress.json,27019,73043ce180dc7535c967b94ed475903c87d3f402874cd50931130b065cbd695e
benchmark,logs/benchmark/br-reimu-address-noise10-final-20261002,logs/benchmark/br-reimu-address-noise10-final-20261002/replays/6b4aa5cd8a424192be612a7199ca4643/episode-00000001-slot-1.json,200,566c34556b460ab927f969523927a012cf86b69c59981b66afb9e975a4409d36
benchmark,logs/benchmark/br-reimu-address-noise10-final-20261002,logs/benchmark/br-reimu-address-noise10-final-20261002/replays/6b4aa5cd8a424192be612a7199ca4643/episode-00000002-slot-3.json,200,d45509b46660b2eaecb45c4e04eb308795e54f52fb804d4d2cac093878aeca4c
benchmark,logs/benchmark/br-reimu-address-noise10-final-20261002,logs/benchmark/br-reimu-address-noise10-final-20261002/replays/6b4aa5cd8a424192be612a7199ca4643/episode-00000003-slot-2.json,199,77343d2105fe38dba8aefe0fbaa05e23afd7e1a784f0a39ce75e1992f43b6338
benchmark,logs/benchmark/br-reimu-address-noise10-final-20261002,logs/benchmark/br-reimu-address-noise10-final-20261002/replays/6b4aa5cd8a424192be612a7199ca4643/episode-00000004-slot-0.json,199,01aec231b0cd945f6112793b3be865a26397697def4e063ad3a80457b8ddbe0c
benchmark,logs/benchmark/br-reimu-address-noise10-final-20261002,logs/benchmark/br-reimu-address-noise10-final-20261002/result.json,55128,3af2fe6319bfabb7601a1be44c06aa227a45461801adfecbddd5b30df5478817
benchmark,logs/benchmark/br-reimu-address-noise90-131072-20261002,logs/benchmark/br-reimu-address-noise90-131072-20261002/config.yaml,13835,2278d05e5abc9c8c2e0b726ec6706d55dd484f751779f8d24689927672419f79
benchmark,logs/benchmark/br-reimu-address-noise90-131072-20261002,logs/benchmark/br-reimu-address-noise90-131072-20261002/plan.json,3198,0650e4cd66bf842cd3d5081653d8acedf2595f0d3e2b65daeb8e72c0419fb7a8
benchmark,logs/benchmark/br-reimu-address-noise90-131072-20261002,logs/benchmark/br-reimu-address-noise90-131072-20261002/progress.json,26364,71475efb5b3141a50d9a565003172cccf90517b043c7390de832491e0510cc75
benchmark,logs/benchmark/br-reimu-address-noise90-131072-20261002,logs/benchmark/br-reimu-address-noise90-131072-20261002/replays/f2267d31056b43feaf9b9c81450cdb32/episode-00000001-slot-2.json,199,16b4b0ec3101e45b2123a1fa766b086bc481edede1b99a592a4739540b57f3d3
benchmark,logs/benchmark/br-reimu-address-noise90-131072-20261002,logs/benchmark/br-reimu-address-noise90-131072-20261002/replays/f2267d31056b43feaf9b9c81450cdb32/episode-00000002-slot-1.json,200,cc68f42e2670c6e39080dd49edd2a059368ebc337dab42d350c8c269838abdb3
benchmark,logs/benchmark/br-reimu-address-noise90-131072-20261002,logs/benchmark/br-reimu-address-noise90-131072-20261002/replays/f2267d31056b43feaf9b9c81450cdb32/episode-00000003-slot-0.json,199,a218af9dda7b51d3961a6e5cf50991096d0c1a15a38578a06d9573463f738f34
benchmark,logs/benchmark/br-reimu-address-noise90-131072-20261002,logs/benchmark/br-reimu-address-noise90-131072-20261002/replays/f2267d31056b43feaf9b9c81450cdb32/episode-00000004-slot-3.json,200,9c5f8121644875bbe74bf037e0ca2235daaa377181463f27f7d3b21f142dedd0
benchmark,logs/benchmark/br-reimu-address-noise90-131072-20261002,logs/benchmark/br-reimu-address-noise90-131072-20261002/result.json,54408,2cbda5c847bb8b8dc33719142f5bb0d8924a21a7db80ed018fd5b4860ad30e74
benchmark,logs/benchmark/br-reimu-address-noise90-65536-20261002,logs/benchmark/br-reimu-address-noise90-65536-20261002/config.yaml,13832,e26872a79bc78f752a13be272726704d0c0c5a9dd39029a1e1ee1cd5ced4787f
benchmark,logs/benchmark/br-reimu-address-noise90-65536-20261002,logs/benchmark/br-reimu-address-noise90-65536-20261002/plan.json,3198,06fb288d317db94b166b42efde6c5af2e64d4c34584176634e0c711a516638cd
benchmark,logs/benchmark/br-reimu-address-noise90-65536-20261002,logs/benchmark/br-reimu-address-noise90-65536-20261002/progress.json,25896,08c1bf0b2080fbd636c780886ff9c79277a39cd9777e77664c4dc271c8a67ca6
benchmark,logs/benchmark/br-reimu-address-noise90-65536-20261002,logs/benchmark/br-reimu-address-noise90-65536-20261002/replays/2dc0919dfa1c43939c321dba449e4dff/episode-00000001-slot-3.json,200,468b5e141227506028a4b36c9c93a34c1007024f7779260951a772208a79cf20
benchmark,logs/benchmark/br-reimu-address-noise90-65536-20261002,logs/benchmark/br-reimu-address-noise90-65536-20261002/replays/2dc0919dfa1c43939c321dba449e4dff/episode-00000002-slot-0.json,199,43b03f8a3a115f987ca2b0a3be1722b8cee2c722cfddc6f34aa393e024417356
benchmark,logs/benchmark/br-reimu-address-noise90-65536-20261002,logs/benchmark/br-reimu-address-noise90-65536-20261002/replays/2dc0919dfa1c43939c321dba449e4dff/episode-00000003-slot-2.json,199,fbaad65379d654d39f3d2b80e8e64b27b57b262d0f9c54e82c17832b0ab92e61
benchmark,logs/benchmark/br-reimu-address-noise90-65536-20261002,logs/benchmark/br-reimu-address-noise90-65536-20261002/replays/2dc0919dfa1c43939c321dba449e4dff/episode-00000004-slot-1.json,200,200bf0eb64e723f0a6cb634b40173b99cdca7852e1df978a5c707542ba15e704
benchmark,logs/benchmark/br-reimu-address-noise90-65536-20261002,logs/benchmark/br-reimu-address-noise90-65536-20261002/result.json,53902,97c197225a5d5d6554bec195c00f969af6d7a52b43a0f431f275b0d57bced885
benchmark,logs/benchmark/br-reimu-address-noise90-final-20261002,logs/benchmark/br-reimu-address-noise90-final-20261002/config.yaml,13779,73f407fe5ef4e4f1401e756af0ef68f7ff2286f8fcc1912151d330ed779b40e5
benchmark,logs/benchmark/br-reimu-address-noise90-final-20261002,logs/benchmark/br-reimu-address-noise90-final-20261002/plan.json,3198,b7f3978c8174bd54f0582688b5bd040109d1a6ca300c943019fb307b243c88db
benchmark,logs/benchmark/br-reimu-address-noise90-final-20261002,logs/benchmark/br-reimu-address-noise90-final-20261002/progress.json,26016,34880d69fe1c5fbbc14eaf26aac23dd926b0ab2148fadd744c192b0fb0d0dea3
benchmark,logs/benchmark/br-reimu-address-noise90-final-20261002,logs/benchmark/br-reimu-address-noise90-final-20261002/replays/638b7369c36a480982252ad68aba2488/episode-00000001-slot-0.json,199,5027a6aabd783ce0775da6f67d8a798f91833d5801e3b0badeb9f9ed968a481e
benchmark,logs/benchmark/br-reimu-address-noise90-final-20261002,logs/benchmark/br-reimu-address-noise90-final-20261002/replays/638b7369c36a480982252ad68aba2488/episode-00000002-slot-3.json,200,6abfb687e83f68e312f91c730ec6f22116d87eef37b386440524fbcaae09745d
benchmark,logs/benchmark/br-reimu-address-noise90-final-20261002,logs/benchmark/br-reimu-address-noise90-final-20261002/replays/638b7369c36a480982252ad68aba2488/episode-00000003-slot-1.json,200,1df9a7d38b4b36d7d0371d49c55b2efcb5f573cb770fb441ab5f1cbb1e2f22df
benchmark,logs/benchmark/br-reimu-address-noise90-final-20261002,logs/benchmark/br-reimu-address-noise90-final-20261002/replays/638b7369c36a480982252ad68aba2488/episode-00000004-slot-2.json,199,bdc2d80e2ee4912da4789795e54edf7c8b91908cd0402cc75a4e9915dacdf5ba
benchmark,logs/benchmark/br-reimu-address-noise90-final-20261002,logs/benchmark/br-reimu-address-noise90-final-20261002/result.json,54030,a1c9b48a24ca3ea76a3d471cdf18ccaad92ff7542b8088ac735e45620c73edb0
benchmark,logs/benchmark/br-reimu-aggregate-zero-shot-20261001,logs/benchmark/br-reimu-aggregate-zero-shot-20261001/config.yaml,16570,0eab94a0935cdeb7e70e24451b0fed663e9869ee2aa49eb8d94ac1d251bb8608
benchmark,logs/benchmark/br-reimu-aggregate-zero-shot-20261001,logs/benchmark/br-reimu-aggregate-zero-shot-20261001/plan.json,3198,bc230a6b35b389e7d03c0dcce172a264fa7e24455b91681f95634cb055e51152
benchmark,logs/benchmark/br-reimu-aggregate-zero-shot-20261001,logs/benchmark/br-reimu-aggregate-zero-shot-20261001/progress.json,26632,a19244ee1e2202f1d29b23a59b223c08abb27ee1c263072b15065bba41f8f844
benchmark,logs/benchmark/br-reimu-aggregate-zero-shot-20261001,logs/benchmark/br-reimu-aggregate-zero-shot-20261001/replays/165d40c83af747b386043c85f7749bbf/episode-00000001-slot-2.json,199,90090b0102434249301f78d7c86c5668bf48a0cfc91630731a4c540c2162ca04
benchmark,logs/benchmark/br-reimu-aggregate-zero-shot-20261001,logs/benchmark/br-reimu-aggregate-zero-shot-20261001/replays/165d40c83af747b386043c85f7749bbf/episode-00000002-slot-1.json,200,f76e86fae04f4b5a2696f2ef449b654638a243378ae660deeffdac4f93ce59d9
benchmark,logs/benchmark/br-reimu-aggregate-zero-shot-20261001,logs/benchmark/br-reimu-aggregate-zero-shot-20261001/replays/165d40c83af747b386043c85f7749bbf/episode-00000003-slot-3.json,200,ece32cdf8244a895f9cbcd98f58a7c7dd08e78052d26a232ca9947a3f874f26d
benchmark,logs/benchmark/br-reimu-aggregate-zero-shot-20261001,logs/benchmark/br-reimu-aggregate-zero-shot-20261001/replays/165d40c83af747b386043c85f7749bbf/episode-00000004-slot-0.json,199,72684fd297c198ae97e580d730607bc3a5186d2fa17fee950bc927feda17dfaa
benchmark,logs/benchmark/br-reimu-aggregate-zero-shot-20261001,logs/benchmark/br-reimu-aggregate-zero-shot-20261001/result.json,53664,ae80754adb4ed3071db7d1e1a0d416f4e2f184b0b919476382bb35475ed0ecc6
benchmark,logs/benchmark/br-reimu-aggregate2-zero-shot-20261001,logs/benchmark/br-reimu-aggregate2-zero-shot-20261001/config.yaml,16656,106164e1ff87c097efdc6695bcbf429d60698b1f6e85d6dcc11a32dd5607b178
benchmark,logs/benchmark/br-reimu-aggregate2-zero-shot-20261001,logs/benchmark/br-reimu-aggregate2-zero-shot-20261001/plan.json,3198,264cd7b94e3ce1c0e70906ab650d87bbf653411cbd9730adb11c52189d023897
benchmark,logs/benchmark/br-reimu-aggregate2-zero-shot-20261001,logs/benchmark/br-reimu-aggregate2-zero-shot-20261001/progress.json,26508,bf845de0f91319c58309f029fc2fa84c16b8b3977231abad7daa45c361097549
benchmark,logs/benchmark/br-reimu-aggregate2-zero-shot-20261001,logs/benchmark/br-reimu-aggregate2-zero-shot-20261001/replays/82655ebbf867401db3a14ae358fd7c82/episode-00000001-slot-2.json,199,421cdb1c69180434958a6c2a09e6edb8f255a265fac946f620cd98d8984188de
benchmark,logs/benchmark/br-reimu-aggregate2-zero-shot-20261001,logs/benchmark/br-reimu-aggregate2-zero-shot-20261001/replays/82655ebbf867401db3a14ae358fd7c82/episode-00000002-slot-0.json,199,b9f877849bb06d5c0e60f0d6a3d967ca0d3415c15ce0dfcc27ec38c1babae9cb
benchmark,logs/benchmark/br-reimu-aggregate2-zero-shot-20261001,logs/benchmark/br-reimu-aggregate2-zero-shot-20261001/replays/82655ebbf867401db3a14ae358fd7c82/episode-00000003-slot-1.json,200,ffd1856cf5bacadfd507dafc5e39173f580e231c452e75f0c2cdffde2f6d4f76
benchmark,logs/benchmark/br-reimu-aggregate2-zero-shot-20261001,logs/benchmark/br-reimu-aggregate2-zero-shot-20261001/replays/82655ebbf867401db3a14ae358fd7c82/episode-00000004-slot-3.json,200,a85d13e3cb2d785d806767f1ff6ba06749ee5677e1870a0216ede841d52cf0fe
benchmark,logs/benchmark/br-reimu-aggregate2-zero-shot-20261001,logs/benchmark/br-reimu-aggregate2-zero-shot-20261001/result.json,53644,edff34b2cf1be9efe43ba006d46f4c45d9d95d945a65c335eb2e8557811a49a2
benchmark,logs/benchmark/br-reimu-bc-adaptive-262144-20261001,logs/benchmark/br-reimu-bc-adaptive-262144-20261001/config.yaml,13390,4d533fe92b2200b8cd62d5aea93bd4467bbb1c8cf581a6dbd68b8afe261979ab
benchmark,logs/benchmark/br-reimu-bc-adaptive-262144-20261001,logs/benchmark/br-reimu-bc-adaptive-262144-20261001/plan.json,3198,0cb4d51eba4d7ff4f695d55a12319ed5b2958240dbbdafd3df18fcb9151a5e56
benchmark,logs/benchmark/br-reimu-bc-adaptive-262144-20261001,logs/benchmark/br-reimu-bc-adaptive-262144-20261001/progress.json,26662,74d24db7e214a694cb47e31a07de3ea37119fae567572e335cb4842abae301b6
benchmark,logs/benchmark/br-reimu-bc-adaptive-262144-20261001,logs/benchmark/br-reimu-bc-adaptive-262144-20261001/replays/1dd27509138c4b46954e78143bd83e4d/episode-00000001-slot-3.json,200,f5b43e3baaefe78c660736b45bf602ad210c415d4a3d12b1e26b70e2d6d5a2b1
benchmark,logs/benchmark/br-reimu-bc-adaptive-262144-20261001,logs/benchmark/br-reimu-bc-adaptive-262144-20261001/replays/1dd27509138c4b46954e78143bd83e4d/episode-00000002-slot-2.json,199,65f4333a176d34c8f94cd458d6b69c342fd010a1ee4959392f82b5e4e52a0d19
benchmark,logs/benchmark/br-reimu-bc-adaptive-262144-20261001,logs/benchmark/br-reimu-bc-adaptive-262144-20261001/replays/1dd27509138c4b46954e78143bd83e4d/episode-00000003-slot-1.json,200,f66775d0015b25bfc1040525ac491ac0c49ebcb736bae353d9088c06e0fa9a36
benchmark,logs/benchmark/br-reimu-bc-adaptive-262144-20261001,logs/benchmark/br-reimu-bc-adaptive-262144-20261001/replays/1dd27509138c4b46954e78143bd83e4d/episode-00000004-slot-0.json,199,147a37cfc0214914475110fd6a2822f813ef5ea28ee67684a1bff7e566cac653
benchmark,logs/benchmark/br-reimu-bc-adaptive-262144-20261001,logs/benchmark/br-reimu-bc-adaptive-262144-20261001/result.json,53807,172190fc77bdb2b9c4b8f250568a952a23be720929b0a522937fc7a488e6bd02
benchmark,logs/benchmark/br-reimu-bc-adaptive-65536-20261001,logs/benchmark/br-reimu-bc-adaptive-65536-20261001/config.yaml,13386,a632ef065cc4d9e45c4bcae597c5e1601891bf9b7a990dec8d523f973f53a58a
benchmark,logs/benchmark/br-reimu-bc-adaptive-65536-20261001,logs/benchmark/br-reimu-bc-adaptive-65536-20261001/plan.json,3198,29a24d720a56c2249fe052b36007bfff98891d7cd568d9e6a92fffe5e984581f
benchmark,logs/benchmark/br-reimu-bc-adaptive-65536-20261001,logs/benchmark/br-reimu-bc-adaptive-65536-20261001/progress.json,25608,bf0b2502fa68c2e598cf6dc84b90aec300701e9b76e051a4009e7edbca0d05c3
benchmark,logs/benchmark/br-reimu-bc-adaptive-65536-20261001,logs/benchmark/br-reimu-bc-adaptive-65536-20261001/replays/3aefde9c51444a44b428732239ca3199/episode-00000001-slot-1.json,200,54beb731b3cb63fde3a2b04590bf5977ca083e200706a07db5a3514cec1d52fb
benchmark,logs/benchmark/br-reimu-bc-adaptive-65536-20261001,logs/benchmark/br-reimu-bc-adaptive-65536-20261001/replays/3aefde9c51444a44b428732239ca3199/episode-00000002-slot-2.json,199,0d689610ca0a824cd622ecd2d1ade469977e8c4d1d5f91657cee7a06b483ff54
benchmark,logs/benchmark/br-reimu-bc-adaptive-65536-20261001,logs/benchmark/br-reimu-bc-adaptive-65536-20261001/replays/3aefde9c51444a44b428732239ca3199/episode-00000003-slot-0.json,199,5edb8009252f24f1749b5e357977246e412d74262b359143a0b20c106fd3c741
benchmark,logs/benchmark/br-reimu-bc-adaptive-65536-20261001,logs/benchmark/br-reimu-bc-adaptive-65536-20261001/replays/3aefde9c51444a44b428732239ca3199/episode-00000004-slot-3.json,200,a7fd99d66774c1e014afe128465f1a8223a3acfb4e0072cf8fdcc8f406893a25
benchmark,logs/benchmark/br-reimu-bc-adaptive-65536-20261001,logs/benchmark/br-reimu-bc-adaptive-65536-20261001/result.json,52549,386934b12c2bbd01133c38425faee90a2d180ab13fa1c07ecb591867c956ae8a
benchmark,logs/benchmark/br-reimu-bc-zero-shot-20261001,logs/benchmark/br-reimu-bc-zero-shot-20261001/config.yaml,16214,2e71b4f894e3aa08fdc503d5a568700da881a8cbaa08b9d47a7a0baef990c673
benchmark,logs/benchmark/br-reimu-bc-zero-shot-20261001,logs/benchmark/br-reimu-bc-zero-shot-20261001/plan.json,3198,b0d07afaf8fc2746bd31dc8c2781dcf18c9ee1a829663d66d8252fcca4f0dee2
benchmark,logs/benchmark/br-reimu-bc-zero-shot-20261001,logs/benchmark/br-reimu-bc-zero-shot-20261001/progress.json,24727,ec6e8e86c92e36b5b9c188136681b590a20cf343977449ce0676031b7739a249
benchmark,logs/benchmark/br-reimu-bc-zero-shot-20261001,logs/benchmark/br-reimu-bc-zero-shot-20261001/replays/3a91befac8a44d9ab668996eb31ba0f0/episode-00000001-slot-0.json,199,5a86ec7fe7c52baaf62cdd3cebf84bcd2f99b4ba2f602a0d56c7ef25245383c2
benchmark,logs/benchmark/br-reimu-bc-zero-shot-20261001,logs/benchmark/br-reimu-bc-zero-shot-20261001/replays/3a91befac8a44d9ab668996eb31ba0f0/episode-00000002-slot-2.json,199,fc0013c13396931e7eee31bc7935061e3361b0dfcd2847bc8a064b5c42d2ef1c
benchmark,logs/benchmark/br-reimu-bc-zero-shot-20261001,logs/benchmark/br-reimu-bc-zero-shot-20261001/replays/3a91befac8a44d9ab668996eb31ba0f0/episode-00000003-slot-3.json,200,bf90078b35cb6853be9e0d5d43571cb38165e9646d4a0fe61226ba4d956a528e
benchmark,logs/benchmark/br-reimu-bc-zero-shot-20261001,logs/benchmark/br-reimu-bc-zero-shot-20261001/replays/3a91befac8a44d9ab668996eb31ba0f0/episode-00000004-slot-1.json,200,88cd51b8741c66ac55b739e15f566cbcdcec14efcbdee94cfac1e2a8c0f35208
benchmark,logs/benchmark/br-reimu-bc-zero-shot-20261001,logs/benchmark/br-reimu-bc-zero-shot-20261001/result.json,51469,d3c4e1fa669ed0e5664babbb7926d2d87f83bd2118b716e6bd4e43e4f446b212
benchmark,logs/benchmark/br-reimu-button-prior-final-20261001,logs/benchmark/br-reimu-button-prior-final-20261001/config.yaml,12562,8d991477e410a9bdb973266952e7493950e4c65efdbe9a025cafd03db87b3654
benchmark,logs/benchmark/br-reimu-button-prior-final-20261001,logs/benchmark/br-reimu-button-prior-final-20261001/plan.json,3198,e51a7cb8ba4d1a4ca5f8a5ba54c907577f8d480eb1dcba1f1b2e93a5f4960dde
benchmark,logs/benchmark/br-reimu-button-prior-final-20261001,logs/benchmark/br-reimu-button-prior-final-20261001/progress.json,24472,c115dedbdad6728d86af37013b7598361587f31043681e11a6d196eea67ac961
benchmark,logs/benchmark/br-reimu-button-prior-final-20261001,logs/benchmark/br-reimu-button-prior-final-20261001/replays/23d9999ab9e04e11b6538d39deff708e/episode-00000001-slot-0.json,199,395ce7917e4cc3a2cdd451588d05ab020a3b9a0d402cb4e382a9ec81de1a96f7
benchmark,logs/benchmark/br-reimu-button-prior-final-20261001,logs/benchmark/br-reimu-button-prior-final-20261001/replays/23d9999ab9e04e11b6538d39deff708e/episode-00000002-slot-0.json,200,42705fdfdd1b84d3d7350e4a8501eb394b9cb0dde08cc34318af2c6459a5643a
benchmark,logs/benchmark/br-reimu-button-prior-final-20261001,logs/benchmark/br-reimu-button-prior-final-20261001/replays/23d9999ab9e04e11b6538d39deff708e/episode-00000003-slot-0.json,199,104c47466f1f16589395d79f51b3ac799ffad09bcf3bf158941b984b6891e554
benchmark,logs/benchmark/br-reimu-button-prior-final-20261001,logs/benchmark/br-reimu-button-prior-final-20261001/replays/23d9999ab9e04e11b6538d39deff708e/episode-00000004-slot-0.json,200,99371f1d8b631abe5f958fe5e7628d88ce16e66b8aa729b37c3654ccb70c9ae6
benchmark,logs/benchmark/br-reimu-button-prior-final-20261001,logs/benchmark/br-reimu-button-prior-final-20261001/result.json,50428,27cf882981a225bfa5ed6fa948ceaca3587a5a2efdd87f72ace5100df43a4af2
benchmark,logs/benchmark/br-reimu-combat-context-262144-20261001,logs/benchmark/br-reimu-combat-context-262144-20261001/config.yaml,12663,c5166705867bfcaa300d997831697a0c203f7e2125b49c849f80c12905b90dc1
benchmark,logs/benchmark/br-reimu-combat-context-262144-20261001,logs/benchmark/br-reimu-combat-context-262144-20261001/plan.json,3198,59ffa6706d9e33f802c48885789d754f36b9ba6f18d22bb67452c68458ff6bba
benchmark,logs/benchmark/br-reimu-combat-context-262144-20261001,logs/benchmark/br-reimu-combat-context-262144-20261001/progress.json,24108,dc2bbd86bf0820a2b587dab532107cf8f4771a3be0f17f0ff83ee07cd7655c02
benchmark,logs/benchmark/br-reimu-combat-context-262144-20261001,logs/benchmark/br-reimu-combat-context-262144-20261001/replays/a769031eace44ad7b278da82acf87e2a/episode-00000001-slot-0.json,199,6278d5fda92e094cb97e407e3907a753220786d7ea13be434ff37e311d3fc90a
benchmark,logs/benchmark/br-reimu-combat-context-262144-20261001,logs/benchmark/br-reimu-combat-context-262144-20261001/replays/a769031eace44ad7b278da82acf87e2a/episode-00000002-slot-0.json,200,cfca37a9d47c1915fac6e1b334dbf783f59de44befea159130f0013434f3fe0d
benchmark,logs/benchmark/br-reimu-combat-context-262144-20261001,logs/benchmark/br-reimu-combat-context-262144-20261001/replays/a769031eace44ad7b278da82acf87e2a/episode-00000003-slot-0.json,199,3f3531cfdd42c94306fc3fffda2ef3784796c82564275ce5727e0be2e229c76e
benchmark,logs/benchmark/br-reimu-combat-context-262144-20261001,logs/benchmark/br-reimu-combat-context-262144-20261001/replays/a769031eace44ad7b278da82acf87e2a/episode-00000004-slot-0.json,200,2b458f8e043f93c83f96fb1768b9a099dcf258862a943ec423511c7d1ebe3b83
benchmark,logs/benchmark/br-reimu-combat-context-262144-20261001,logs/benchmark/br-reimu-combat-context-262144-20261001/result.json,50018,8d1884efedd3a5ab4111711ec772ef3cbc010444373f7f38f5e18a4d92d91b59
benchmark,logs/benchmark/br-reimu-combat-context-final-20261001,logs/benchmark/br-reimu-combat-context-final-20261001/config.yaml,12446,198f2960d27e07dfb40061d6dfb6e1ebf4f3277d9267c249d49cb97e47847d40
benchmark,logs/benchmark/br-reimu-combat-context-final-20261001,logs/benchmark/br-reimu-combat-context-final-20261001/plan.json,3198,72fcf29fd28ae6642a79a121e57b67b9ecfa384a401ad5cba8f004f233ab3b13
benchmark,logs/benchmark/br-reimu-combat-context-final-20261001,logs/benchmark/br-reimu-combat-context-final-20261001/progress.json,24876,2d043c8cb534c96ace8ee0624b9f6676dad9c0a7e556e7573bbb402ca996e127
benchmark,logs/benchmark/br-reimu-combat-context-final-20261001,logs/benchmark/br-reimu-combat-context-final-20261001/replays/20bbbd5a117b4b47a5a9e6212204230e/episode-00000001-slot-0.json,199,754c6c9870631f1b61b4011cfb6e3cdc0469be1c0ef1b5c3bb80f73950dcda43
benchmark,logs/benchmark/br-reimu-combat-context-final-20261001,logs/benchmark/br-reimu-combat-context-final-20261001/replays/20bbbd5a117b4b47a5a9e6212204230e/episode-00000002-slot-0.json,200,ef55820337336db680ebb6c9d6a35959d040b4017009f413ad86b330bb117885
benchmark,logs/benchmark/br-reimu-combat-context-final-20261001,logs/benchmark/br-reimu-combat-context-final-20261001/replays/20bbbd5a117b4b47a5a9e6212204230e/episode-00000003-slot-0.json,199,5f58d1a051be3e45d968bb4a1e228e814a0145373f50c52da4e04ca7aae006f0
benchmark,logs/benchmark/br-reimu-combat-context-final-20261001,logs/benchmark/br-reimu-combat-context-final-20261001/replays/20bbbd5a117b4b47a5a9e6212204230e/episode-00000004-slot-0.json,200,9fb0fbc6838d9d36d29aca07d1849abc70d89a424deb2071b23f96016fa1e7ac
benchmark,logs/benchmark/br-reimu-combat-context-final-20261001,logs/benchmark/br-reimu-combat-context-final-20261001/result.json,50746,01cf782bbf7372a6de7f6e7ee53fd3d1a8f5f78c2a6c57be9b6544e8df2ca408
benchmark,logs/benchmark/br-reimu-default-147456-screening,logs/benchmark/br-reimu-default-147456-screening/config.yaml,12238,177175f918a5385d47cf245cda0c28476528957f5d2b82c3c35d20deb2037760
benchmark,logs/benchmark/br-reimu-default-147456-screening,logs/benchmark/br-reimu-default-147456-screening/plan.json,3200,4a39a50d4f01c9b2cb60969b4b2f6266fc36819ec7eadf6c8150894dc211e2d9
benchmark,logs/benchmark/br-reimu-default-147456-screening,logs/benchmark/br-reimu-default-147456-screening/progress.json,24002,57a9401267c8d576b43030955a3eb3fbfb90d95fcf5db13a5aec9da9903fb510
benchmark,logs/benchmark/br-reimu-default-147456-screening,logs/benchmark/br-reimu-default-147456-screening/replays/baecacbe0e3e45d297ba63de2ae700eb/episode-00000001-slot-0.json,199,b402c8281d31c73eb688d96dbd04b4d868f5fa777b1daf2fb349139991551d1f
benchmark,logs/benchmark/br-reimu-default-147456-screening,logs/benchmark/br-reimu-default-147456-screening/replays/baecacbe0e3e45d297ba63de2ae700eb/episode-00000002-slot-0.json,200,f4de9f35c24ff0aa80c3f22c2c977c14bf3fb5da26cd15a4e8d3923219f5049f
benchmark,logs/benchmark/br-reimu-default-147456-screening,logs/benchmark/br-reimu-default-147456-screening/replays/baecacbe0e3e45d297ba63de2ae700eb/episode-00000003-slot-0.json,199,68782c821f303b56e1c4559ff46ba9843be4e17385feda15bd82eadd76a60e9c
benchmark,logs/benchmark/br-reimu-default-147456-screening,logs/benchmark/br-reimu-default-147456-screening/replays/baecacbe0e3e45d297ba63de2ae700eb/episode-00000004-slot-0.json,200,86ccea59afe5cb36ffc25f39e46cc456eed91b735a79703b7dbd983c323ed00b
benchmark,logs/benchmark/br-reimu-default-147456-screening,logs/benchmark/br-reimu-default-147456-screening/result.json,47681,71337492b89bd9ef4422a69fc18c967f0748416615c6902126094a16bfd1e70f
benchmark,logs/benchmark/br-reimu-default-16384-screening,logs/benchmark/br-reimu-default-16384-screening/config.yaml,12236,08fe47ba5f706143744576368790477ab0bcd93a5660baea4bf1310346fbff13
benchmark,logs/benchmark/br-reimu-default-16384-screening,logs/benchmark/br-reimu-default-16384-screening/plan.json,3196,74d06dde2e34332b55860b70c351d51bf5eccf6234c0d014f9574641fdb90fc6
benchmark,logs/benchmark/br-reimu-default-16384-screening,logs/benchmark/br-reimu-default-16384-screening/progress.json,7007,67b3ae570a282885bdef045ca5bf7c1fbc6f198cd5eb1823c44e9d309e234df7
benchmark,logs/benchmark/br-reimu-default-16384-screening,logs/benchmark/br-reimu-default-16384-screening/replays/a05b823b6850415db21b50e332dc6ee8/episode-00000001-slot-3.json,200,9fe30bc80621e7187cf12cd272b612149d4a37395bb4b14f541ca305e9e8af02
benchmark,logs/benchmark/br-reimu-default-16384-screening,logs/benchmark/br-reimu-default-16384-screening/replays/a05b823b6850415db21b50e332dc6ee8/episode-00000002-slot-0.json,199,6974e914fb7e77b0100e301257e769e15865d40686d029d9c57886f589f21782
benchmark,logs/benchmark/br-reimu-default-16384-screening,logs/benchmark/br-reimu-default-16384-screening/replays/a05b823b6850415db21b50e332dc6ee8/episode-00000003-slot-2.json,199,6af16d018020066df695d0d884add34f29ea2695dc0381f9dc644127cc2d1362
benchmark,logs/benchmark/br-reimu-default-16384-screening,logs/benchmark/br-reimu-default-16384-screening/replays/a05b823b6850415db21b50e332dc6ee8/episode-00000004-slot-1.json,200,21c071f0e3df75d4a40f7b3d2d756ca7d7b2ebd45a90da582222014d0a8f4813
benchmark,logs/benchmark/br-reimu-default-16384-screening,logs/benchmark/br-reimu-default-16384-screening/result.json,28760,dbf84c2e1dd143de7677e76ba35d69e8b30d38a240ac26cd138f0e9a7a8d3b4e
benchmark,logs/benchmark/br-reimu-default-81920-screening,logs/benchmark/br-reimu-default-81920-screening/config.yaml,12236,9c2c5c1c7e5aeb408babbf483c624d1d3845f1a50f8d42494f8b7a27fd3f69d7
benchmark,logs/benchmark/br-reimu-default-81920-screening,logs/benchmark/br-reimu-default-81920-screening/plan.json,3202,dc69c3f2c5781e40456a67fef79cf32bb274b16f5c7c1c8742d9d60ba895f542
benchmark,logs/benchmark/br-reimu-default-81920-screening,logs/benchmark/br-reimu-default-81920-screening/progress.json,7014,39199e34cdcfa2b7d25c72898a7b79b97ae41b2e816e656dacd1c8032ba84c23
benchmark,logs/benchmark/br-reimu-default-81920-screening,logs/benchmark/br-reimu-default-81920-screening/replays/00bb1db396804b308813aa4b019dcd12/episode-00000001-slot-2.json,199,6cb3601bc9113d75e9588562e552f46c9074eb10c8073bb644c7e36cf5627cfc
benchmark,logs/benchmark/br-reimu-default-81920-screening,logs/benchmark/br-reimu-default-81920-screening/replays/00bb1db396804b308813aa4b019dcd12/episode-00000002-slot-1.json,200,4bf625169e182e76a9f4377b5e7e28b84823177ec2e40e740f7456e11d98fd79
benchmark,logs/benchmark/br-reimu-default-81920-screening,logs/benchmark/br-reimu-default-81920-screening/replays/00bb1db396804b308813aa4b019dcd12/episode-00000003-slot-3.json,200,27be5ed95b286ab9fd30af69e9143c68bb8bfbf1b66cbb7a048397fa052763a0
benchmark,logs/benchmark/br-reimu-default-81920-screening,logs/benchmark/br-reimu-default-81920-screening/replays/00bb1db396804b308813aa4b019dcd12/episode-00000004-slot-0.json,199,bfbde9149be03d56875544ebaa5633831d8325dc38d093a72155a2460d01a319
benchmark,logs/benchmark/br-reimu-default-81920-screening,logs/benchmark/br-reimu-default-81920-screening/result.json,28884,2e2430a147f3f48c9dacd5fac36aab1badbe61e6d1f40ae194e12f01e28200bf
benchmark,logs/benchmark/br-reimu-factorized-zero-shot-20261001,logs/benchmark/br-reimu-factorized-zero-shot-20261001/config.yaml,16494,9154ca3af3dcfea46f52a240085a07cc6af7394a2aa2408c237d4f7e01f8c664
benchmark,logs/benchmark/br-reimu-factorized-zero-shot-20261001,logs/benchmark/br-reimu-factorized-zero-shot-20261001/plan.json,3198,d694e757f06d1c9936025663fbee146e57fabd5a1fe3ca2d621568f483901910
benchmark,logs/benchmark/br-reimu-factorized-zero-shot-20261001,logs/benchmark/br-reimu-factorized-zero-shot-20261001/progress.json,24720,bc5ff521ac7569150bbe4ca0606e0b6979f245e72dc0ded6819b7bf7eaeee75b
benchmark,logs/benchmark/br-reimu-factorized-zero-shot-20261001,logs/benchmark/br-reimu-factorized-zero-shot-20261001/replays/19123656d04f483ebaefbf36af4e6680/episode-00000001-slot-0.json,199,133523d45dbb2898cdd459558dabb38b106188f02ea7dde2fb5071c6344cd273
benchmark,logs/benchmark/br-reimu-factorized-zero-shot-20261001,logs/benchmark/br-reimu-factorized-zero-shot-20261001/replays/19123656d04f483ebaefbf36af4e6680/episode-00000002-slot-3.json,200,9a2316534380fdc1b2985746e02eda0ed3dde14f11964f055e31e81f1f2c7b91
benchmark,logs/benchmark/br-reimu-factorized-zero-shot-20261001,logs/benchmark/br-reimu-factorized-zero-shot-20261001/replays/19123656d04f483ebaefbf36af4e6680/episode-00000003-slot-2.json,199,1bdca161ba7781f57a9ed559d9662a3c094a76c9909661f6c5078e49d4867187
benchmark,logs/benchmark/br-reimu-factorized-zero-shot-20261001,logs/benchmark/br-reimu-factorized-zero-shot-20261001/replays/19123656d04f483ebaefbf36af4e6680/episode-00000004-slot-1.json,200,65a537e093919be589ce151dbfab8b89234c442504fef6f9b2b7b4aaf527a300
benchmark,logs/benchmark/br-reimu-factorized-zero-shot-20261001,logs/benchmark/br-reimu-factorized-zero-shot-20261001/result.json,51694,754c289918227f614ee436e48d851ce018b2f83cdc93691391a401e9de355266
benchmark,logs/benchmark/br-reimu-feedforward-address-zero-shot-20261003,logs/benchmark/br-reimu-feedforward-address-zero-shot-20261003/config.yaml,16801,e144a3b13fc154aa5ad121a40736df0f2c6fdd6a13909cb0cbd88fb1e5ef5b55
benchmark,logs/benchmark/br-reimu-feedforward-address-zero-shot-20261003,logs/benchmark/br-reimu-feedforward-address-zero-shot-20261003/plan.json,12796,a7784b9a5a9517961a0b3c13311df99dc8963c72c6c494d06c95527132765f67
benchmark,logs/benchmark/br-reimu-feedforward-address-zero-shot-20261003,logs/benchmark/br-reimu-feedforward-address-zero-shot-20261003/progress.json,108237,4feaa04f9f0feb9e4c720097f5d20b8cced08a03efe46ee80a6cb5de3c0d87a5
benchmark,logs/benchmark/br-reimu-feedforward-address-zero-shot-20261003,logs/benchmark/br-reimu-feedforward-address-zero-shot-20261003/replays/be349244e0a9498d897db396f99bd834/episode-00000001-slot-2.json,199,8bb807d239a53d2c05dec85f55bf430871d5232001cb4694aec2417331e4cd86
benchmark,logs/benchmark/br-reimu-feedforward-address-zero-shot-20261003,logs/benchmark/br-reimu-feedforward-address-zero-shot-20261003/replays/be349244e0a9498d897db396f99bd834/episode-00000002-slot-6.json,200,6b222f74d6b9bd01a483b69ca45a4f9f9668175fc57952b124fc9992cc20193d
benchmark,logs/benchmark/br-reimu-feedforward-address-zero-shot-20261003,logs/benchmark/br-reimu-feedforward-address-zero-shot-20261003/replays/be349244e0a9498d897db396f99bd834/episode-00000003-slot-5.json,200,3bba15ea903bf72b96fb77def9a97befe71506febc4049806957229199d00006
benchmark,logs/benchmark/br-reimu-feedforward-address-zero-shot-20261003,logs/benchmark/br-reimu-feedforward-address-zero-shot-20261003/replays/be349244e0a9498d897db396f99bd834/episode-00000004-slot-7.json,200,489ba4220bd7e1dc69fcfa54f6732f00edb2bbbb501345bccf7f74a43930e191
benchmark,logs/benchmark/br-reimu-feedforward-address-zero-shot-20261003,logs/benchmark/br-reimu-feedforward-address-zero-shot-20261003/replays/be349244e0a9498d897db396f99bd834/episode-00000005-slot-3.json,200,65a72ebbedc8c049e196c794a99b7bfb174efa2543b01200db30937085cb3b4a
benchmark,logs/benchmark/br-reimu-feedforward-address-zero-shot-20261003,logs/benchmark/br-reimu-feedforward-address-zero-shot-20261003/replays/be349244e0a9498d897db396f99bd834/episode-00000006-slot-4.json,200,9318716bc89383cccba40820bcaace08ed93b4bd6e39be42aa3b7105422059cb
benchmark,logs/benchmark/br-reimu-feedforward-address-zero-shot-20261003,logs/benchmark/br-reimu-feedforward-address-zero-shot-20261003/replays/be349244e0a9498d897db396f99bd834/episode-00000007-slot-0.json,199,f1eb14ecfeaa5768acf5d1a65ddf94e9b6ddc802ec574ac595335e15a6405fda
benchmark,logs/benchmark/br-reimu-feedforward-address-zero-shot-20261003,logs/benchmark/br-reimu-feedforward-address-zero-shot-20261003/replays/be349244e0a9498d897db396f99bd834/episode-00000008-slot-1.json,199,76b15c45ed082ee0ffea17067e88b69f0e2e2bdc7cbd56ee8f800d05bd8b98fb
benchmark,logs/benchmark/br-reimu-feedforward-address-zero-shot-20261003,logs/benchmark/br-reimu-feedforward-address-zero-shot-20261003/replays/be349244e0a9498d897db396f99bd834/episode-00000009-slot-2.json,199,6724c11170c93cbd3895572c649528a594d300e0f5659f9b579cb5d6f61acb06
benchmark,logs/benchmark/br-reimu-feedforward-address-zero-shot-20261003,logs/benchmark/br-reimu-feedforward-address-zero-shot-20261003/replays/be349244e0a9498d897db396f99bd834/episode-00000010-slot-7.json,200,3913d103068d9ea5696efdb47356eff2613933d64330a8be01fba5299d17e22a
benchmark,logs/benchmark/br-reimu-feedforward-address-zero-shot-20261003,logs/benchmark/br-reimu-feedforward-address-zero-shot-20261003/replays/be349244e0a9498d897db396f99bd834/episode-00000011-slot-5.json,200,9bbca8026967a82065d4ab64b84e6407e2fdb1f0c262063fd933354a4fadc48a
benchmark,logs/benchmark/br-reimu-feedforward-address-zero-shot-20261003,logs/benchmark/br-reimu-feedforward-address-zero-shot-20261003/replays/be349244e0a9498d897db396f99bd834/episode-00000012-slot-1.json,199,6d2a043f109395c9e43e3c4641ab1d8fac32014d8fb17c99759419a6f416676d
benchmark,logs/benchmark/br-reimu-feedforward-address-zero-shot-20261003,logs/benchmark/br-reimu-feedforward-address-zero-shot-20261003/replays/be349244e0a9498d897db396f99bd834/episode-00000013-slot-0.json,199,b62bf5e6f14546cf81931620fd8c54b386a2d71179488680768908d9a8b98490
benchmark,logs/benchmark/br-reimu-feedforward-address-zero-shot-20261003,logs/benchmark/br-reimu-feedforward-address-zero-shot-20261003/replays/be349244e0a9498d897db396f99bd834/episode-00000014-slot-6.json,200,b7a8fb789a99a7bf57848bd8d3a4c405867ffc643ab85bf2c76e9c20c1144505
benchmark,logs/benchmark/br-reimu-feedforward-address-zero-shot-20261003,logs/benchmark/br-reimu-feedforward-address-zero-shot-20261003/replays/be349244e0a9498d897db396f99bd834/episode-00000015-slot-4.json,200,878977a25a8158299bec8e5a8caf68e811a76303816ed94d7fc0c8385e1600da
benchmark,logs/benchmark/br-reimu-feedforward-address-zero-shot-20261003,logs/benchmark/br-reimu-feedforward-address-zero-shot-20261003/replays/be349244e0a9498d897db396f99bd834/episode-00000016-slot-3.json,200,aaed92bd32156b4b48b41f37f980fd9b9af5da3db9af83590b281e2a89a0783c
benchmark,logs/benchmark/br-reimu-feedforward-address-zero-shot-20261003,logs/benchmark/br-reimu-feedforward-address-zero-shot-20261003/result.json,147237,c190f6f49a7d02cc72abb2a4eb91ea8aaa653f86980ee49331935fe96a21a734
benchmark,logs/benchmark/br-reimu-flat-greedy-20261001,logs/benchmark/br-reimu-flat-greedy-20261001/config.yaml,16275,1eb1c973b0c67b8885cc89a510e047bca600ce9a2d35f6218f962f9c039594f4
benchmark,logs/benchmark/br-reimu-flat-greedy-20261001,logs/benchmark/br-reimu-flat-greedy-20261001/plan.json,3226,7fc76840e69f9d33c87398b0e9b9804ce9d5c8bf23f7b87e2acf3a563b29c04a
benchmark,logs/benchmark/br-reimu-flat-greedy-20261001,logs/benchmark/br-reimu-flat-greedy-20261001/progress.json,18944,6a7a7c5588fed140c40201eecf76bc1d2cdd4ef63ca5eb9def7196f853ddb554
benchmark,logs/benchmark/br-reimu-flat-greedy-20261001,logs/benchmark/br-reimu-flat-greedy-20261001/replays/d86f86c24d48496497ac2ad1f4588fb5/episode-00000001-slot-0.json,203,694be0acdc78b1b78cae12fd3edeaee3df132738797a98bedddcdb7bb1001875
benchmark,logs/benchmark/br-reimu-flat-greedy-20261001,logs/benchmark/br-reimu-flat-greedy-20261001/replays/d86f86c24d48496497ac2ad1f4588fb5/episode-00000002-slot-1.json,204,c20d83aa9de296723caa3a38759c8f261c33761c9d3470d1987625e437437928
benchmark,logs/benchmark/br-reimu-flat-greedy-20261001,logs/benchmark/br-reimu-flat-greedy-20261001/replays/d86f86c24d48496497ac2ad1f4588fb5/episode-00000003-slot-2.json,203,052464ee56de5160d54f4d2e0829e9883d26b75256828b1e5f267799425b872e
benchmark,logs/benchmark/br-reimu-flat-greedy-20261001,logs/benchmark/br-reimu-flat-greedy-20261001/replays/d86f86c24d48496497ac2ad1f4588fb5/episode-00000004-slot-3.json,204,4f8e5788e15f82b7500fa6c6a7e866adf6c7e1333a92f77f8ad66d4ab2cd34b0
benchmark,logs/benchmark/br-reimu-flat-greedy-20261001,logs/benchmark/br-reimu-flat-greedy-20261001/result.json,45589,acfe22b46506d02f2d40db544ca5793e702653f7d626b99a45ad7656c069eff9
benchmark,logs/benchmark/br-reimu-long-credit-16384-screening,logs/benchmark/br-reimu-long-credit-16384-screening/config.yaml,12250,821c636b4c23424f0da484710b740cec951cf2ebee27dda6b009d677202bab75
benchmark,logs/benchmark/br-reimu-long-credit-16384-screening,logs/benchmark/br-reimu-long-credit-16384-screening/plan.json,3200,b3d50c81b65a285808a09ad5247425e8bcafc3b37406e7b66c4f3224c5a8e5c7
benchmark,logs/benchmark/br-reimu-long-credit-16384-screening,logs/benchmark/br-reimu-long-credit-16384-screening/progress.json,7012,ea46f785470728520703d9d8497349bf0f969d592448df33a2dc0195965f1387
benchmark,logs/benchmark/br-reimu-long-credit-16384-screening,logs/benchmark/br-reimu-long-credit-16384-screening/replays/ff210fb8f7d24dcc93bccba1349495d0/episode-00000001-slot-1.json,200,a59c94f8b2a3c887b77850defb28d67aeba4de344ca5b32b4bd5a8f4776fca46
benchmark,logs/benchmark/br-reimu-long-credit-16384-screening,logs/benchmark/br-reimu-long-credit-16384-screening/replays/ff210fb8f7d24dcc93bccba1349495d0/episode-00000002-slot-2.json,199,748a41c42603c4994f84ee86fb6d39a678e4abe7e6c60852e61df813dfd5771a
benchmark,logs/benchmark/br-reimu-long-credit-16384-screening,logs/benchmark/br-reimu-long-credit-16384-screening/replays/ff210fb8f7d24dcc93bccba1349495d0/episode-00000003-slot-0.json,199,b62f4212eae785953d8b5fa25d85de9e4cb9002e4469754044ddb74a0aeefcba
benchmark,logs/benchmark/br-reimu-long-credit-16384-screening,logs/benchmark/br-reimu-long-credit-16384-screening/replays/ff210fb8f7d24dcc93bccba1349495d0/episode-00000004-slot-3.json,200,2697fe9ac711bac675d708673910810e78af440939453cab56172dbdc60f1cd1
benchmark,logs/benchmark/br-reimu-long-credit-16384-screening,logs/benchmark/br-reimu-long-credit-16384-screening/result.json,28766,5aaff3a5a5c9fcd7e5d04aad7100c3b34de4da18ef9eaf7dcf8641b7db460e9c
benchmark,logs/benchmark/br-reimu-long-credit-81920-screening,logs/benchmark/br-reimu-long-credit-81920-screening/result.json,501,9391b9a55df37efcddb3605d38479834f860b8f4a0d9ee9b93d6df363e0585d0
benchmark,logs/benchmark/br-reimu-long-credit-81920-screening-v2,logs/benchmark/br-reimu-long-credit-81920-screening-v2/config.yaml,12253,476a0c44baa72efdd1f608c913e928e7cbc8445d21f7dc2336df1cee03e3d92c
benchmark,logs/benchmark/br-reimu-long-credit-81920-screening-v2,logs/benchmark/br-reimu-long-credit-81920-screening-v2/plan.json,3200,184da0312877401950c6746d6eb90258baebb9f7718dcc3c026238568d1844b1
benchmark,logs/benchmark/br-reimu-long-credit-81920-screening-v2,logs/benchmark/br-reimu-long-credit-81920-screening-v2/progress.json,9828,d2324a3a67d3b1b18dab81c933c0b8da1c86071ff60f51738854d0772ab5a0db
benchmark,logs/benchmark/br-reimu-long-credit-81920-screening-v2,logs/benchmark/br-reimu-long-credit-81920-screening-v2/replays/1e7bb0116f784a7cbbf70a7b2943d6eb/episode-00000001-slot-0.json,199,ba50eae45af861cdc3ec6dd2497d9866c7651bbd8339f275469469530b8d9c16
benchmark,logs/benchmark/br-reimu-long-credit-81920-screening-v2,logs/benchmark/br-reimu-long-credit-81920-screening-v2/replays/1e7bb0116f784a7cbbf70a7b2943d6eb/episode-00000002-slot-0.json,200,b5a6a66882a923753cf5a259a0d936b912e83ec30294ca5de34bbeb6855696f6
benchmark,logs/benchmark/br-reimu-long-credit-81920-screening-v2,logs/benchmark/br-reimu-long-credit-81920-screening-v2/replays/1e7bb0116f784a7cbbf70a7b2943d6eb/episode-00000003-slot-0.json,199,a81d42653e9d15d8a0df0e3e60b5769834a72369e84e7d6beb46c24626549627
benchmark,logs/benchmark/br-reimu-long-credit-81920-screening-v2,logs/benchmark/br-reimu-long-credit-81920-screening-v2/replays/1e7bb0116f784a7cbbf70a7b2943d6eb/episode-00000004-slot-0.json,200,7f72c11b849fa70db1afa8697cfead61e76982b6d84444c26905cf20d5bccb4c
benchmark,logs/benchmark/br-reimu-long-credit-81920-screening-v2,logs/benchmark/br-reimu-long-credit-81920-screening-v2/result.json,32240,f3270c04353d0d5ff931409398ec665a7bec7d500d8110ad0a7c6830508c1ef8
benchmark,logs/benchmark/br-reimu-numeric-81920-screening,logs/benchmark/br-reimu-numeric-81920-screening/config.yaml,12250,864b86b8c748062f661ce86929f2b7e645fb612d9c528c5a5274261917a82546
benchmark,logs/benchmark/br-reimu-numeric-81920-screening,logs/benchmark/br-reimu-numeric-81920-screening/plan.json,3202,e87647a9d985289307b9dba0d443e107764cc7bbb1e710f605f194bc69b8a32c
benchmark,logs/benchmark/br-reimu-numeric-81920-screening,logs/benchmark/br-reimu-numeric-81920-screening/progress.json,7013,e2917e47ad1215461b09c07a9229ee4197d34782383d001f5bbe1919520a71eb
benchmark,logs/benchmark/br-reimu-numeric-81920-screening,logs/benchmark/br-reimu-numeric-81920-screening/replays/71366f39165c4cb4a6c1a1414fc966fd/episode-00000001-slot-0.json,199,9ff9a81acfb20196b65755bfec17cf794b3aa186b2073d35717e3c595d729ff4
benchmark,logs/benchmark/br-reimu-numeric-81920-screening,logs/benchmark/br-reimu-numeric-81920-screening/replays/71366f39165c4cb4a6c1a1414fc966fd/episode-00000002-slot-0.json,200,33a120c72694b1eba43574630367329e36f2351ee5f73e61d0281c6fa372f8da
benchmark,logs/benchmark/br-reimu-numeric-81920-screening,logs/benchmark/br-reimu-numeric-81920-screening/replays/71366f39165c4cb4a6c1a1414fc966fd/episode-00000003-slot-0.json,199,d85e7476535682eaa03d9cd071d0b9c2002d8b594d3a75d1141148875b528f28
benchmark,logs/benchmark/br-reimu-numeric-81920-screening,logs/benchmark/br-reimu-numeric-81920-screening/replays/71366f39165c4cb4a6c1a1414fc966fd/episode-00000004-slot-0.json,200,c5f95b70b501afa3210db87968b3b63df1fa0715d9c9eb514086c62554c537ab
benchmark,logs/benchmark/br-reimu-numeric-81920-screening,logs/benchmark/br-reimu-numeric-81920-screening/result.json,29120,b3a4c310b04eb98d7cd2df9adaca331803d52fea26f499417bf5dd6c1e740fd9
benchmark,logs/benchmark/br-reimu-numeric-change1-zero-shot-20261002,logs/benchmark/br-reimu-numeric-change1-zero-shot-20261002/config.yaml,16790,0101227b51d55161d82018a2e475de9acb84cc37e11f87e7dc5de9b1a6c5b7e5
benchmark,logs/benchmark/br-reimu-numeric-change1-zero-shot-20261002,logs/benchmark/br-reimu-numeric-change1-zero-shot-20261002/plan.json,3198,f9527e9e615fbacaaa6c74d5f6805a965f0584f8d0445017727a4d572bf0210d
benchmark,logs/benchmark/br-reimu-numeric-change1-zero-shot-20261002,logs/benchmark/br-reimu-numeric-change1-zero-shot-20261002/progress.json,28986,e5206524688386dc4a1319c86a636ab7dec5007407864833c3498a78de36c019
benchmark,logs/benchmark/br-reimu-numeric-change1-zero-shot-20261002,logs/benchmark/br-reimu-numeric-change1-zero-shot-20261002/replays/8208aa88b98243d491152d5ce215e1f4/episode-00000001-slot-2.json,199,a6ea6700c6ee21c3b2110e41f50511e678606f0122a44cc1b3c30cfe395922d5
benchmark,logs/benchmark/br-reimu-numeric-change1-zero-shot-20261002,logs/benchmark/br-reimu-numeric-change1-zero-shot-20261002/replays/8208aa88b98243d491152d5ce215e1f4/episode-00000002-slot-3.json,200,2ad59d36a930b7388fa9f0ec48b10dddd5952fda8fb76f525db06b64547402fb
benchmark,logs/benchmark/br-reimu-numeric-change1-zero-shot-20261002,logs/benchmark/br-reimu-numeric-change1-zero-shot-20261002/replays/8208aa88b98243d491152d5ce215e1f4/episode-00000003-slot-1.json,200,f17bb36b05f8562a65defdb6305a7fc86dd141dc40d815acfe75395149642768
benchmark,logs/benchmark/br-reimu-numeric-change1-zero-shot-20261002,logs/benchmark/br-reimu-numeric-change1-zero-shot-20261002/replays/8208aa88b98243d491152d5ce215e1f4/episode-00000004-slot-0.json,199,3e1bfb58a964d00e3a2dba89c9750564e287f0a3639c88e16bbf1b2d1c0e98da
benchmark,logs/benchmark/br-reimu-numeric-change1-zero-shot-20261002,logs/benchmark/br-reimu-numeric-change1-zero-shot-20261002/result.json,57151,3695b3967f2b470d12f7ff36caed57bd67f07303f498025dc29b9df87a66f9e5
benchmark,logs/benchmark/br-reimu-numeric-change4-zero-shot-20261002,logs/benchmark/br-reimu-numeric-change4-zero-shot-20261002/config.yaml,16790,ca9b443ca1f03f10df3f5fe3a741d3c5ee4cf9036dbc7e7de695e3315e639ce3
benchmark,logs/benchmark/br-reimu-numeric-change4-zero-shot-20261002,logs/benchmark/br-reimu-numeric-change4-zero-shot-20261002/plan.json,3198,4ad0350ca4b0bb5643d2c11c0e528209d12cd41028b7926b6a9bbbbb4224a79e
benchmark,logs/benchmark/br-reimu-numeric-change4-zero-shot-20261002,logs/benchmark/br-reimu-numeric-change4-zero-shot-20261002/progress.json,26550,4feb6f5cbba9001e8d68ab8bad74f1a5c5a1fea8af5d66c39df5c2b117e80bf9
benchmark,logs/benchmark/br-reimu-numeric-change4-zero-shot-20261002,logs/benchmark/br-reimu-numeric-change4-zero-shot-20261002/replays/16dfe93952954928a113538b11883227/episode-00000001-slot-0.json,199,6cd0c8d95417918b08f7a8a11a15c52e84e2d5754b9723c27c05f916f64b7614
benchmark,logs/benchmark/br-reimu-numeric-change4-zero-shot-20261002,logs/benchmark/br-reimu-numeric-change4-zero-shot-20261002/replays/16dfe93952954928a113538b11883227/episode-00000002-slot-1.json,200,78f368d2b01bb306973fdba6c033edc34bc6dc246aad4d6acf8533636e5cb6cd
benchmark,logs/benchmark/br-reimu-numeric-change4-zero-shot-20261002,logs/benchmark/br-reimu-numeric-change4-zero-shot-20261002/replays/16dfe93952954928a113538b11883227/episode-00000003-slot-3.json,200,33a0266b9547a8d184d0ef6d643673a730a8912c03347dda7e6668ccf75749f0
benchmark,logs/benchmark/br-reimu-numeric-change4-zero-shot-20261002,logs/benchmark/br-reimu-numeric-change4-zero-shot-20261002/replays/16dfe93952954928a113538b11883227/episode-00000004-slot-2.json,199,1dbc33b0c7f71aec11c877bad7e63c4c6ffc4b87ed36df094a1d7a7d8b30ad62
benchmark,logs/benchmark/br-reimu-numeric-change4-zero-shot-20261002,logs/benchmark/br-reimu-numeric-change4-zero-shot-20261002/result.json,54491,b044170d0e08770f63e7add608564cce14494cef59080748bf7426d6dc4e1dd2
benchmark,logs/benchmark/br-reimu-numeric-control-zero-shot-20261002,logs/benchmark/br-reimu-numeric-control-zero-shot-20261002/config.yaml,16597,f64c5eea6896e81efc282bea1db03e2b998ebda68c8bee711bbe928b079ab26f
benchmark,logs/benchmark/br-reimu-numeric-control-zero-shot-20261002,logs/benchmark/br-reimu-numeric-control-zero-shot-20261002/plan.json,3198,e16bcfe53ba4e85094efe5b501184e8edd74de39711cf80a499e65a6b4d0120b
benchmark,logs/benchmark/br-reimu-numeric-control-zero-shot-20261002,logs/benchmark/br-reimu-numeric-control-zero-shot-20261002/progress.json,28706,0848eb0ebaf22eb7278449659ffa6e58031e282500c1c0ba5188909555495949
benchmark,logs/benchmark/br-reimu-numeric-control-zero-shot-20261002,logs/benchmark/br-reimu-numeric-control-zero-shot-20261002/replays/a02af0e48e03443a8b42310301f623c4/episode-00000001-slot-0.json,199,de3858c2330b9993826993ad8239f2edc7901e25815bc31c43d1d966c9ceaf47
benchmark,logs/benchmark/br-reimu-numeric-control-zero-shot-20261002,logs/benchmark/br-reimu-numeric-control-zero-shot-20261002/replays/a02af0e48e03443a8b42310301f623c4/episode-00000002-slot-1.json,200,ca76bca0fe03961565e9f5b6a65e5d71711fc641913b1b60bbba034d547bd656
benchmark,logs/benchmark/br-reimu-numeric-control-zero-shot-20261002,logs/benchmark/br-reimu-numeric-control-zero-shot-20261002/replays/a02af0e48e03443a8b42310301f623c4/episode-00000003-slot-3.json,200,240846989e602003e0bb52669ce80d2f2d63ec4f9be1b4b9c50072e44f5ea0fe
benchmark,logs/benchmark/br-reimu-numeric-control-zero-shot-20261002,logs/benchmark/br-reimu-numeric-control-zero-shot-20261002/replays/a02af0e48e03443a8b42310301f623c4/episode-00000004-slot-2.json,199,18262f885add13a6ca1c36017cf86c19c58cc888c1ad5d6d5e2b20abc79b8c71
benchmark,logs/benchmark/br-reimu-numeric-control-zero-shot-20261002,logs/benchmark/br-reimu-numeric-control-zero-shot-20261002/result.json,56970,8a80975476c0e9aafd00036b6a56157d9cda23fa8e2b99912d469a73d5652ca5
benchmark,logs/benchmark/br-reimu-numeric-rehearsal-episode-mix50-131072-20261002,logs/benchmark/br-reimu-numeric-rehearsal-episode-mix50-131072-20261002/config.yaml,13872,8dfcee5bee55c35db7d7b6738886ddc2d90cc2db0f3d5547cf29b5ad3528cc1e
benchmark,logs/benchmark/br-reimu-numeric-rehearsal-episode-mix50-131072-20261002,logs/benchmark/br-reimu-numeric-rehearsal-episode-mix50-131072-20261002/plan.json,3198,a152c703b7577d6b951b572e046f6b8eff5f2e4168b81c84c3abb28356952026
benchmark,logs/benchmark/br-reimu-numeric-rehearsal-episode-mix50-131072-20261002,logs/benchmark/br-reimu-numeric-rehearsal-episode-mix50-131072-20261002/progress.json,26006,844b3a693a5a795c6d2b5ce6b6f9a1771b006112dbac5fbde4642edb94808527
benchmark,logs/benchmark/br-reimu-numeric-rehearsal-episode-mix50-131072-20261002,logs/benchmark/br-reimu-numeric-rehearsal-episode-mix50-131072-20261002/replays/c4fe6ac46dc94602b9f55e9805aeb43d/episode-00000001-slot-0.json,199,e419190cb82513bc5db71cf8e3bb7fa06c27050321eb008797b3080bb64ec459
benchmark,logs/benchmark/br-reimu-numeric-rehearsal-episode-mix50-131072-20261002,logs/benchmark/br-reimu-numeric-rehearsal-episode-mix50-131072-20261002/replays/c4fe6ac46dc94602b9f55e9805aeb43d/episode-00000002-slot-1.json,200,04437828029ca5e59452f42a241aa1f20ddf73ec5687be1828213010ca0b3a05
benchmark,logs/benchmark/br-reimu-numeric-rehearsal-episode-mix50-131072-20261002,logs/benchmark/br-reimu-numeric-rehearsal-episode-mix50-131072-20261002/replays/c4fe6ac46dc94602b9f55e9805aeb43d/episode-00000003-slot-2.json,199,3c6a22167a73ff0c6c2de65d04091b0e5d692787f323294ea9578521b2ca80c2
benchmark,logs/benchmark/br-reimu-numeric-rehearsal-episode-mix50-131072-20261002,logs/benchmark/br-reimu-numeric-rehearsal-episode-mix50-131072-20261002/replays/c4fe6ac46dc94602b9f55e9805aeb43d/episode-00000004-slot-3.json,200,ba2cee038d461ed33bf651c77209c4395b974574da316c72f56bf446340e9a8e
benchmark,logs/benchmark/br-reimu-numeric-rehearsal-episode-mix50-131072-20261002,logs/benchmark/br-reimu-numeric-rehearsal-episode-mix50-131072-20261002/result.json,53893,18f2af8ac4644690b6a1679adfbc31112bf2e0de01f9bb4ae36066a7ea5ffb68
benchmark,logs/benchmark/br-reimu-numeric-rehearsal-episode-mix50-65536-20261002,logs/benchmark/br-reimu-numeric-rehearsal-episode-mix50-65536-20261002/config.yaml,13870,0f6c9d9ff9f8d1bdc0a4ffbf5a3de6144a7ec8e7d92a834a562d87eaec6b6365
benchmark,logs/benchmark/br-reimu-numeric-rehearsal-episode-mix50-65536-20261002,logs/benchmark/br-reimu-numeric-rehearsal-episode-mix50-65536-20261002/plan.json,3198,37289253b297fdb00f16015ba19baffb68ea93f07fd5b974d010839753483ee5
benchmark,logs/benchmark/br-reimu-numeric-rehearsal-episode-mix50-65536-20261002,logs/benchmark/br-reimu-numeric-rehearsal-episode-mix50-65536-20261002/progress.json,27379,57fb0fbb52d02773e6a8d020e6b14d5dc8a1d12279cf33c15b0192c894ebf866
benchmark,logs/benchmark/br-reimu-numeric-rehearsal-episode-mix50-65536-20261002,logs/benchmark/br-reimu-numeric-rehearsal-episode-mix50-65536-20261002/replays/487fae1c94214bc3b89f963a3a1ece80/episode-00000001-slot-1.json,200,f6acc435b937beff1cbff7af2fc50586d50bfd8088219f4908ec1c319f6383be
benchmark,logs/benchmark/br-reimu-numeric-rehearsal-episode-mix50-65536-20261002,logs/benchmark/br-reimu-numeric-rehearsal-episode-mix50-65536-20261002/replays/487fae1c94214bc3b89f963a3a1ece80/episode-00000002-slot-0.json,199,e871fcbc77cfb6eaa71df235e65c4f09d524718f3b2296c89e30b4d5e384309f
benchmark,logs/benchmark/br-reimu-numeric-rehearsal-episode-mix50-65536-20261002,logs/benchmark/br-reimu-numeric-rehearsal-episode-mix50-65536-20261002/replays/487fae1c94214bc3b89f963a3a1ece80/episode-00000003-slot-3.json,200,3ede1abe202ba24bb2f1e1747a8544ffd51d4e722c213827d4d3e44ae1cecc5f
benchmark,logs/benchmark/br-reimu-numeric-rehearsal-episode-mix50-65536-20261002,logs/benchmark/br-reimu-numeric-rehearsal-episode-mix50-65536-20261002/replays/487fae1c94214bc3b89f963a3a1ece80/episode-00000004-slot-2.json,199,89295572f3b8d5f9700a9e1129ef21a2a7fccaa92c269164837fd102e97de326
benchmark,logs/benchmark/br-reimu-numeric-rehearsal-episode-mix50-65536-20261002,logs/benchmark/br-reimu-numeric-rehearsal-episode-mix50-65536-20261002/result.json,55281,3d1ad29528eb37ac6bbed28a4550a30d6df43b589a9ae58b4decec6e510a2bb3
benchmark,logs/benchmark/br-reimu-numeric-rehearsal-episode-mix50-final-20261002,logs/benchmark/br-reimu-numeric-rehearsal-episode-mix50-final-20261002/config.yaml,13817,7c013490dfa9d6d29447eae6efc5ff5194512de3bedc29239b98a1347499a9c6
benchmark,logs/benchmark/br-reimu-numeric-rehearsal-episode-mix50-final-20261002,logs/benchmark/br-reimu-numeric-rehearsal-episode-mix50-final-20261002/plan.json,3198,df5b3f8a74f8d6f1927028efead0c29a7fc6be1c69b4967c4ac052e38b4a4b36
benchmark,logs/benchmark/br-reimu-numeric-rehearsal-episode-mix50-final-20261002,logs/benchmark/br-reimu-numeric-rehearsal-episode-mix50-final-20261002/progress.json,27492,3e20db5a3eae4f2407338f74f638af2f5d7e44512368a0ab9e1ffc695636692f
benchmark,logs/benchmark/br-reimu-numeric-rehearsal-episode-mix50-final-20261002,logs/benchmark/br-reimu-numeric-rehearsal-episode-mix50-final-20261002/replays/06be49a2662c4531b5be12d8d7e94180/episode-00000001-slot-2.json,199,e157e388d0c1fc07631427b54ba582e7d55fe10303d16f6dc28a682a754feb85
benchmark,logs/benchmark/br-reimu-numeric-rehearsal-episode-mix50-final-20261002,logs/benchmark/br-reimu-numeric-rehearsal-episode-mix50-final-20261002/replays/06be49a2662c4531b5be12d8d7e94180/episode-00000002-slot-1.json,200,a963ad09fe2c24f11c59d4eb93c3a328d94e8533e8134100c50c476c0f89f6f7
benchmark,logs/benchmark/br-reimu-numeric-rehearsal-episode-mix50-final-20261002,logs/benchmark/br-reimu-numeric-rehearsal-episode-mix50-final-20261002/replays/06be49a2662c4531b5be12d8d7e94180/episode-00000003-slot-0.json,199,3419a89cee08d7ff4812354fe726e38fe789427a461b04e10244b20915ecd82e
benchmark,logs/benchmark/br-reimu-numeric-rehearsal-episode-mix50-final-20261002,logs/benchmark/br-reimu-numeric-rehearsal-episode-mix50-final-20261002/replays/06be49a2662c4531b5be12d8d7e94180/episode-00000004-slot-3.json,200,4082ab86383334285c1261a9843757b7f50542f48120adb0637dca50494ce607
benchmark,logs/benchmark/br-reimu-numeric-rehearsal-episode-mix50-final-20261002,logs/benchmark/br-reimu-numeric-rehearsal-episode-mix50-final-20261002/result.json,55519,85da202505ff39f4b3ea347ba3b36f1b2210f17bec0e8754d67ea0bc5b22818e
benchmark,logs/benchmark/br-reimu-numeric-rehearsal-frequent-feedback-131072-20261002,logs/benchmark/br-reimu-numeric-rehearsal-frequent-feedback-131072-20261002/config.yaml,13852,d641bc2dc171b16918ce2bdad67b9ff7b7e513f23fc48d8df7eb70d0995b60ae
benchmark,logs/benchmark/br-reimu-numeric-rehearsal-frequent-feedback-131072-20261002,logs/benchmark/br-reimu-numeric-rehearsal-frequent-feedback-131072-20261002/plan.json,3198,7c8251d96e775b0998d6b3a92a86b1e84d0f813292118efb956ff6487b539e92
benchmark,logs/benchmark/br-reimu-numeric-rehearsal-frequent-feedback-131072-20261002,logs/benchmark/br-reimu-numeric-rehearsal-frequent-feedback-131072-20261002/progress.json,27540,0ab8e923951b8222c2eb726f4d71562cbf98e51d19a8b856e1ba9746ef1e2e5e
benchmark,logs/benchmark/br-reimu-numeric-rehearsal-frequent-feedback-131072-20261002,logs/benchmark/br-reimu-numeric-rehearsal-frequent-feedback-131072-20261002/replays/2e86ea1220ca4b1392b23908192c09c1/episode-00000001-slot-1.json,200,5b0a349530d225df4b0ba912c0353acba9c3f368316e65c7e936a332481f9286
benchmark,logs/benchmark/br-reimu-numeric-rehearsal-frequent-feedback-131072-20261002,logs/benchmark/br-reimu-numeric-rehearsal-frequent-feedback-131072-20261002/replays/2e86ea1220ca4b1392b23908192c09c1/episode-00000002-slot-2.json,199,2fe048ea9d4a85e66d448f1dcfd407c39a4e6bcd24941df518a662e6eadff78b
benchmark,logs/benchmark/br-reimu-numeric-rehearsal-frequent-feedback-131072-20261002,logs/benchmark/br-reimu-numeric-rehearsal-frequent-feedback-131072-20261002/replays/2e86ea1220ca4b1392b23908192c09c1/episode-00000003-slot-3.json,200,99442a9f5629f2d7ac1cc3131511a3501be386967fa644e12dd06cfb79810093
benchmark,logs/benchmark/br-reimu-numeric-rehearsal-frequent-feedback-131072-20261002,logs/benchmark/br-reimu-numeric-rehearsal-frequent-feedback-131072-20261002/replays/2e86ea1220ca4b1392b23908192c09c1/episode-00000004-slot-0.json,199,a9122d5dfa57ded82fa71bd24f04b8c64d3decbb9563561f799cd4a1af94ed63
benchmark,logs/benchmark/br-reimu-numeric-rehearsal-frequent-feedback-131072-20261002,logs/benchmark/br-reimu-numeric-rehearsal-frequent-feedback-131072-20261002/result.json,55566,277f7d43276d5642f009bcec71950769571998da7b9c7df26cb4a7c93fdc6745
benchmark,logs/benchmark/br-reimu-numeric-rehearsal-frequent-feedback-65536-20261002,logs/benchmark/br-reimu-numeric-rehearsal-frequent-feedback-65536-20261002/config.yaml,13849,743249d0ebcde62a2527667b735bd9e09a270a83086d1460587a1bd4eef5a433
benchmark,logs/benchmark/br-reimu-numeric-rehearsal-frequent-feedback-65536-20261002,logs/benchmark/br-reimu-numeric-rehearsal-frequent-feedback-65536-20261002/plan.json,3198,6b0231ff91173305c6d6e083a86540108dc754277174a9f9d4b2405aac0ddddd
benchmark,logs/benchmark/br-reimu-numeric-rehearsal-frequent-feedback-65536-20261002,logs/benchmark/br-reimu-numeric-rehearsal-frequent-feedback-65536-20261002/progress.json,26276,02d4862cf967bf51b35f770d737be052fcb2f5577cb099b4cf9c170124db9c2c
benchmark,logs/benchmark/br-reimu-numeric-rehearsal-frequent-feedback-65536-20261002,logs/benchmark/br-reimu-numeric-rehearsal-frequent-feedback-65536-20261002/replays/e28c30315081432e8dbbe1b4cc0e4aa3/episode-00000001-slot-2.json,199,64e8ea9f3bc064bae77e932e3067d0da186281740591aa84cac3cc4ff3b09402
benchmark,logs/benchmark/br-reimu-numeric-rehearsal-frequent-feedback-65536-20261002,logs/benchmark/br-reimu-numeric-rehearsal-frequent-feedback-65536-20261002/replays/e28c30315081432e8dbbe1b4cc0e4aa3/episode-00000002-slot-0.json,199,f94e45ff3a86f6b8a300918ef814bc8eea08ffc90656d3d352efc64cb60c5062
benchmark,logs/benchmark/br-reimu-numeric-rehearsal-frequent-feedback-65536-20261002,logs/benchmark/br-reimu-numeric-rehearsal-frequent-feedback-65536-20261002/replays/e28c30315081432e8dbbe1b4cc0e4aa3/episode-00000003-slot-3.json,200,e595ee4c28cd25e632c1beb433c6270ebf65d9716ba6e3173391c5ba6c04f4f4
benchmark,logs/benchmark/br-reimu-numeric-rehearsal-frequent-feedback-65536-20261002,logs/benchmark/br-reimu-numeric-rehearsal-frequent-feedback-65536-20261002/replays/e28c30315081432e8dbbe1b4cc0e4aa3/episode-00000004-slot-1.json,200,cc997ec26f07d0b6a81c292ec90673473c5148638a741e87a8a7b609327f4b1b
benchmark,logs/benchmark/br-reimu-numeric-rehearsal-frequent-feedback-65536-20261002,logs/benchmark/br-reimu-numeric-rehearsal-frequent-feedback-65536-20261002/result.json,54189,a8a5d9f35b317e6da8e4c5702f423c53ab0b7bcfc0543c3d5c2f8faf2034784c
benchmark,logs/benchmark/br-reimu-numeric-rehearsal-frequent-feedback-final-20261002,logs/benchmark/br-reimu-numeric-rehearsal-frequent-feedback-final-20261002/config.yaml,13797,4745e3495c3e74066b6d28d0cb3667c77bd4a0d0c5af67db2a7e9313283df5a5
benchmark,logs/benchmark/br-reimu-numeric-rehearsal-frequent-feedback-final-20261002,logs/benchmark/br-reimu-numeric-rehearsal-frequent-feedback-final-20261002/plan.json,3198,968ef9636833432632ad5077e0bc038d6bff5afbd3570d85cdef03562d4a8cb2
benchmark,logs/benchmark/br-reimu-numeric-rehearsal-frequent-feedback-final-20261002,logs/benchmark/br-reimu-numeric-rehearsal-frequent-feedback-final-20261002/progress.json,24393,d7980020527c260e9efc796425db1c9057aa56b021911d80025df27db6afa87b
benchmark,logs/benchmark/br-reimu-numeric-rehearsal-frequent-feedback-final-20261002,logs/benchmark/br-reimu-numeric-rehearsal-frequent-feedback-final-20261002/replays/2eeda61460b44794ac686c45fed1c7f0/episode-00000001-slot-1.json,200,483ead71c372b09cf9a8bec523aaee3307ac9bcc3b673166972f16932f5c9d87
benchmark,logs/benchmark/br-reimu-numeric-rehearsal-frequent-feedback-final-20261002,logs/benchmark/br-reimu-numeric-rehearsal-frequent-feedback-final-20261002/replays/2eeda61460b44794ac686c45fed1c7f0/episode-00000002-slot-0.json,199,df44c7d255276174dec37f5267cae087bfb19dbf4052d612429ff58f0f0e50c3
benchmark,logs/benchmark/br-reimu-numeric-rehearsal-frequent-feedback-final-20261002,logs/benchmark/br-reimu-numeric-rehearsal-frequent-feedback-final-20261002/replays/2eeda61460b44794ac686c45fed1c7f0/episode-00000003-slot-3.json,200,1ba199f7a8fb9953d6e51201f471a62c2f707e924e721fd841946bc59afbd4a2
benchmark,logs/benchmark/br-reimu-numeric-rehearsal-frequent-feedback-final-20261002,logs/benchmark/br-reimu-numeric-rehearsal-frequent-feedback-final-20261002/replays/2eeda61460b44794ac686c45fed1c7f0/episode-00000004-slot-2.json,199,0b2ac5eac4c46fa36639a2ac264cd54ef8456c4b4fc4482114c94b6be58f5aec
benchmark,logs/benchmark/br-reimu-numeric-rehearsal-frequent-feedback-final-20261002,logs/benchmark/br-reimu-numeric-rehearsal-frequent-feedback-final-20261002/result.json,52131,d31277d64ed42e76f60b94a428710ce3c54d39a858990e2f2b20383cc21aeccd
benchmark,logs/benchmark/br-reimu-numeric-rehearsal-gae95-131072-20261001,logs/benchmark/br-reimu-numeric-rehearsal-gae95-131072-20261001/config.yaml,13830,58597ced944e1890d3ee02efe69deb39bb70ed1319438560eb6119603a8685f9
benchmark,logs/benchmark/br-reimu-numeric-rehearsal-gae95-131072-20261001,logs/benchmark/br-reimu-numeric-rehearsal-gae95-131072-20261001/plan.json,3198,80e182fa5fb09493b7ee75a9ce6a21edc2987d0a848165e222b6bbe194b79aff
benchmark,logs/benchmark/br-reimu-numeric-rehearsal-gae95-131072-20261001,logs/benchmark/br-reimu-numeric-rehearsal-gae95-131072-20261001/progress.json,29066,7f6995b93b25c147136eedd48fbc83df80a41e3da846e4b29ade33d82cd68933
benchmark,logs/benchmark/br-reimu-numeric-rehearsal-gae95-131072-20261001,logs/benchmark/br-reimu-numeric-rehearsal-gae95-131072-20261001/replays/625c05cc837c4eb68f8bb824d1d65a44/episode-00000001-slot-3.json,200,6aabd790f72ca903b6dc45fff7437d00c977b214716f460fc84337ca423605f4
benchmark,logs/benchmark/br-reimu-numeric-rehearsal-gae95-131072-20261001,logs/benchmark/br-reimu-numeric-rehearsal-gae95-131072-20261001/replays/625c05cc837c4eb68f8bb824d1d65a44/episode-00000002-slot-2.json,199,d212c7345e6818e427dd139de29656a282a124906f88f782ca58f9a8efc05bcf
benchmark,logs/benchmark/br-reimu-numeric-rehearsal-gae95-131072-20261001,logs/benchmark/br-reimu-numeric-rehearsal-gae95-131072-20261001/replays/625c05cc837c4eb68f8bb824d1d65a44/episode-00000003-slot-1.json,200,2e09dbb787dd1c322e0ba8839bd48eaa7249fd1825d3ee8e7705589141b4c50c
benchmark,logs/benchmark/br-reimu-numeric-rehearsal-gae95-131072-20261001,logs/benchmark/br-reimu-numeric-rehearsal-gae95-131072-20261001/replays/625c05cc837c4eb68f8bb824d1d65a44/episode-00000004-slot-0.json,199,442d3ecf2f91b74064cc82ad4585ee729f0863a104905b7a2b29852b7d452589
benchmark,logs/benchmark/br-reimu-numeric-rehearsal-gae95-131072-20261001,logs/benchmark/br-reimu-numeric-rehearsal-gae95-131072-20261001/result.json,57119,f53e7907bd838c5bcb98a4d61543f5dd9446131bca376e824c6b3a4ebe017fac
benchmark,logs/benchmark/br-reimu-numeric-rehearsal-gae95-65536-20261001,logs/benchmark/br-reimu-numeric-rehearsal-gae95-65536-20261001/config.yaml,13827,d31665db66534bfbc892a96466d6b2d8b8cb23586a0aa5fa680714ce9d1144c5
benchmark,logs/benchmark/br-reimu-numeric-rehearsal-gae95-65536-20261001,logs/benchmark/br-reimu-numeric-rehearsal-gae95-65536-20261001/plan.json,3198,b89d56c1af07c2c7878e758cf45b41178085c3bdcfdb1f96f851494b85a22799
benchmark,logs/benchmark/br-reimu-numeric-rehearsal-gae95-65536-20261001,logs/benchmark/br-reimu-numeric-rehearsal-gae95-65536-20261001/progress.json,26330,0c3415926e8d358dabbec7afd83c992082bf37fb36d531080d7d16ca1db91ef9
benchmark,logs/benchmark/br-reimu-numeric-rehearsal-gae95-65536-20261001,logs/benchmark/br-reimu-numeric-rehearsal-gae95-65536-20261001/replays/806bb31e02784994bc6f4565b6670600/episode-00000001-slot-1.json,200,29fcedad863aa7aa7b6a09fa58f2a99b6cdca6b105b4b57037f18d7c3ebc4bf7
benchmark,logs/benchmark/br-reimu-numeric-rehearsal-gae95-65536-20261001,logs/benchmark/br-reimu-numeric-rehearsal-gae95-65536-20261001/replays/806bb31e02784994bc6f4565b6670600/episode-00000002-slot-0.json,199,f78e99c1383d277bf9c9315a6d33dc8a2d80c8cfbd31b10d6b966ce15494376d
benchmark,logs/benchmark/br-reimu-numeric-rehearsal-gae95-65536-20261001,logs/benchmark/br-reimu-numeric-rehearsal-gae95-65536-20261001/replays/806bb31e02784994bc6f4565b6670600/episode-00000003-slot-3.json,200,b04d72c5d35a217fb336edb303f2f4bdcd7698b9f13fc8992737446954323134
benchmark,logs/benchmark/br-reimu-numeric-rehearsal-gae95-65536-20261001,logs/benchmark/br-reimu-numeric-rehearsal-gae95-65536-20261001/replays/806bb31e02784994bc6f4565b6670600/episode-00000004-slot-2.json,199,a90b7c5a09e292817fdd59e89d01344b45d9d0dd0dd3d81dde80f4ead9f75b23
benchmark,logs/benchmark/br-reimu-numeric-rehearsal-gae95-65536-20261001,logs/benchmark/br-reimu-numeric-rehearsal-gae95-65536-20261001/result.json,54139,51e46bd41f429e67c2c57e2ccc1c10e8e9d269cf93608f15edf627e9aac52b2d
benchmark,logs/benchmark/br-reimu-numeric-rehearsal-gae95-final-20261001,logs/benchmark/br-reimu-numeric-rehearsal-gae95-final-20261001/config.yaml,13774,44f95b0d9e62bf5b5b34297ac29e3010e20c42ea04f481b470d644040cfe165b
benchmark,logs/benchmark/br-reimu-numeric-rehearsal-gae95-final-20261001,logs/benchmark/br-reimu-numeric-rehearsal-gae95-final-20261001/plan.json,3198,87132c8e1a8ec2d91fd82987973933d936d11b597201add7be34b4dd31145071
benchmark,logs/benchmark/br-reimu-numeric-rehearsal-gae95-final-20261001,logs/benchmark/br-reimu-numeric-rehearsal-gae95-final-20261001/progress.json,27326,a3fc605fcc799450db3eb268941aeb78f69d408f8de31f620fa7ed1f98563b03
benchmark,logs/benchmark/br-reimu-numeric-rehearsal-gae95-final-20261001,logs/benchmark/br-reimu-numeric-rehearsal-gae95-final-20261001/replays/92383c39a05448bf891731257888dae8/episode-00000001-slot-2.json,199,b1f2237422de4e970e3e959392d342f820eccf81410dc50b42c6e97f70ce697b
benchmark,logs/benchmark/br-reimu-numeric-rehearsal-gae95-final-20261001,logs/benchmark/br-reimu-numeric-rehearsal-gae95-final-20261001/replays/92383c39a05448bf891731257888dae8/episode-00000002-slot-3.json,200,21489ee5c5a778fa9190ffa892e03680469c7cdffd5cc815845f6bd9502a9895
benchmark,logs/benchmark/br-reimu-numeric-rehearsal-gae95-final-20261001,logs/benchmark/br-reimu-numeric-rehearsal-gae95-final-20261001/replays/92383c39a05448bf891731257888dae8/episode-00000003-slot-1.json,200,d5f2de51577b76988e6a0c9065674ec4a3b6ac062859c1c7c39d9709b9ab435e
benchmark,logs/benchmark/br-reimu-numeric-rehearsal-gae95-final-20261001,logs/benchmark/br-reimu-numeric-rehearsal-gae95-final-20261001/replays/92383c39a05448bf891731257888dae8/episode-00000004-slot-0.json,199,1be1a3e3e6bbd168993c0f7c3ee1b6a49e7e21495ca2d38f819643e8ba8a6305
benchmark,logs/benchmark/br-reimu-numeric-rehearsal-gae95-final-20261001,logs/benchmark/br-reimu-numeric-rehearsal-gae95-final-20261001/result.json,55216,66461a8953c4da84efbbf6d37b160e10cf3c719213a3cad926d18bcba409b1ba
benchmark,logs/benchmark/br-reimu-numeric-rehearsal-gae995-131072-20261001,logs/benchmark/br-reimu-numeric-rehearsal-gae995-131072-20261001/config.yaml,13837,938cf7f410c5ccf90d47c30e6063e3dd7c3f7061c0ac1cf831d0bc78429b1438
benchmark,logs/benchmark/br-reimu-numeric-rehearsal-gae995-131072-20261001,logs/benchmark/br-reimu-numeric-rehearsal-gae995-131072-20261001/plan.json,3198,ca58a96ae66ef80ca6c885228766105dd5e32ec43355b404d8f74af3f2eb5e2e
benchmark,logs/benchmark/br-reimu-numeric-rehearsal-gae995-131072-20261001,logs/benchmark/br-reimu-numeric-rehearsal-gae995-131072-20261001/progress.json,26968,a1715df2b217823da1d5b05a8fb70afd386eceff6640a7333cc844164d9fad1e
benchmark,logs/benchmark/br-reimu-numeric-rehearsal-gae995-131072-20261001,logs/benchmark/br-reimu-numeric-rehearsal-gae995-131072-20261001/replays/ff5f846c12374e20985653be5a06fd45/episode-00000001-slot-3.json,200,53395c638aceda6c17db1a86982972b5557af543b8c55c71e082d0a413c8fb50
benchmark,logs/benchmark/br-reimu-numeric-rehearsal-gae995-131072-20261001,logs/benchmark/br-reimu-numeric-rehearsal-gae995-131072-20261001/replays/ff5f846c12374e20985653be5a06fd45/episode-00000002-slot-2.json,199,6edee77ed63cb5e152322bdb19e5f95c7fb66f417ced9e96c0a233734f07c4c6
benchmark,logs/benchmark/br-reimu-numeric-rehearsal-gae995-131072-20261001,logs/benchmark/br-reimu-numeric-rehearsal-gae995-131072-20261001/replays/ff5f846c12374e20985653be5a06fd45/episode-00000003-slot-1.json,200,835767f4ee76e56cc8ed030e918b272f9601d3afa85a8fc2301ca16552c7aff0
benchmark,logs/benchmark/br-reimu-numeric-rehearsal-gae995-131072-20261001,logs/benchmark/br-reimu-numeric-rehearsal-gae995-131072-20261001/replays/ff5f846c12374e20985653be5a06fd45/episode-00000004-slot-0.json,199,5d08eed2d2bd7080180c2545ded1300ab0e7165c789cf9b0efee54575e01de20
benchmark,logs/benchmark/br-reimu-numeric-rehearsal-gae995-131072-20261001,logs/benchmark/br-reimu-numeric-rehearsal-gae995-131072-20261001/result.json,54831,7df44a42acf8094ff09ceea18459d3ccba0a881d5d0d17830189354cc0b9538d
benchmark,logs/benchmark/br-reimu-numeric-rehearsal-gae995-65536-20261001,logs/benchmark/br-reimu-numeric-rehearsal-gae995-65536-20261001/config.yaml,13834,d1fc27ad7b276f7f8b09e8c5365d65d38ef6f2fbbd05980243033122fff66553
benchmark,logs/benchmark/br-reimu-numeric-rehearsal-gae995-65536-20261001,logs/benchmark/br-reimu-numeric-rehearsal-gae995-65536-20261001/plan.json,3198,e15bdf0771b1f609121cfae463b77cd14e76c8cedd14f5ab725ab374273bfe7b
benchmark,logs/benchmark/br-reimu-numeric-rehearsal-gae995-65536-20261001,logs/benchmark/br-reimu-numeric-rehearsal-gae995-65536-20261001/progress.json,27385,8805a1ec5b7125d775a5084fb8817e8d3041e4fd7d4c4c7865256d1ae0c51262
benchmark,logs/benchmark/br-reimu-numeric-rehearsal-gae995-65536-20261001,logs/benchmark/br-reimu-numeric-rehearsal-gae995-65536-20261001/replays/3396b71fe73b451296bd39d92aebfb7e/episode-00000001-slot-2.json,199,215a8e96af68807f25e7689bd3bfbb7665fc861c6d379bdb57dd2b14a5be8bad
benchmark,logs/benchmark/br-reimu-numeric-rehearsal-gae995-65536-20261001,logs/benchmark/br-reimu-numeric-rehearsal-gae995-65536-20261001/replays/3396b71fe73b451296bd39d92aebfb7e/episode-00000002-slot-1.json,200,48e7eedf801fa3346ec56d22b2704b15b344d9da2ae54e23edc5e37b00f8f35c
benchmark,logs/benchmark/br-reimu-numeric-rehearsal-gae995-65536-20261001,logs/benchmark/br-reimu-numeric-rehearsal-gae995-65536-20261001/replays/3396b71fe73b451296bd39d92aebfb7e/episode-00000003-slot-0.json,199,fe5e523e81325426a7e01601e78f93967ba1beb0e14e70ed33ff01fa714d3902
benchmark,logs/benchmark/br-reimu-numeric-rehearsal-gae995-65536-20261001,logs/benchmark/br-reimu-numeric-rehearsal-gae995-65536-20261001/replays/3396b71fe73b451296bd39d92aebfb7e/episode-00000004-slot-3.json,200,d3b29cd964544990e6eb0d95747770f86cc987b165c719888a0efd090271f0d0
benchmark,logs/benchmark/br-reimu-numeric-rehearsal-gae995-65536-20261001,logs/benchmark/br-reimu-numeric-rehearsal-gae995-65536-20261001/result.json,55287,3600cdec28a5965e2a1a651c7e9da4bef4d7db83372400893d27a4b9c8ed0827
benchmark,logs/benchmark/br-reimu-numeric-rehearsal-gae995-final-20261001,logs/benchmark/br-reimu-numeric-rehearsal-gae995-final-20261001/config.yaml,13781,83d5a7990b38842035557396e9bd2eb3ea717fecfbc748847b4f380ad829bf5e
benchmark,logs/benchmark/br-reimu-numeric-rehearsal-gae995-final-20261001,logs/benchmark/br-reimu-numeric-rehearsal-gae995-final-20261001/plan.json,3198,fd4bba8ce9dfccb204f8c5ed90a21c3a0118ce199df5cd34d1605ae0cf6cb582
benchmark,logs/benchmark/br-reimu-numeric-rehearsal-gae995-final-20261001,logs/benchmark/br-reimu-numeric-rehearsal-gae995-final-20261001/progress.json,27796,93c5e40b97187f7c5f4fe9aa2677c9f4b1600252bf43847d2777b27bce918d9c
benchmark,logs/benchmark/br-reimu-numeric-rehearsal-gae995-final-20261001,logs/benchmark/br-reimu-numeric-rehearsal-gae995-final-20261001/replays/0c64b70ae3e1400f8ff6c1f2fc7f88e8/episode-00000001-slot-0.json,199,8e2354d87240c85bbf947cae926e8ed521ccded1261c0e4d29c0733a27208dfb
benchmark,logs/benchmark/br-reimu-numeric-rehearsal-gae995-final-20261001,logs/benchmark/br-reimu-numeric-rehearsal-gae995-final-20261001/replays/0c64b70ae3e1400f8ff6c1f2fc7f88e8/episode-00000002-slot-1.json,200,72da2149d4142bb75624dbcd64a59c4667b8e5570799d6f18b6522755eb250b4
benchmark,logs/benchmark/br-reimu-numeric-rehearsal-gae995-final-20261001,logs/benchmark/br-reimu-numeric-rehearsal-gae995-final-20261001/replays/0c64b70ae3e1400f8ff6c1f2fc7f88e8/episode-00000003-slot-2.json,199,d04e24a4fd2c911c511d7915f508423887741e7943c4cd458f9fd0d8191d78fd
benchmark,logs/benchmark/br-reimu-numeric-rehearsal-gae995-final-20261001,logs/benchmark/br-reimu-numeric-rehearsal-gae995-final-20261001/replays/0c64b70ae3e1400f8ff6c1f2fc7f88e8/episode-00000004-slot-3.json,200,b5b7253fcdf3108f9fcbed7954c21c6823c42d29cfe56e562dbbda7a4c77cd0e
benchmark,logs/benchmark/br-reimu-numeric-rehearsal-gae995-final-20261001,logs/benchmark/br-reimu-numeric-rehearsal-gae995-final-20261001/result.json,55733,da161f18f2a322c6463dc9a2c2b28ea4ce38400c6efc88e5a52f3618e34f5ed6
benchmark,logs/benchmark/br-reimu-persistent-8192-20261001,logs/benchmark/br-reimu-persistent-8192-20261001/config.yaml,12695,39683381553bca4230199524d38298b9173ac187cb06ce33bc0920e1d04921e6
benchmark,logs/benchmark/br-reimu-persistent-8192-20261001,logs/benchmark/br-reimu-persistent-8192-20261001/plan.json,3198,130ef447e6cf26926b27eb2ae4e561edc4a05f536c61991b6c609efd82b2b780
benchmark,logs/benchmark/br-reimu-persistent-8192-20261001,logs/benchmark/br-reimu-persistent-8192-20261001/progress.json,25570,cec10b2ea0511c866e33e45ae1cb2b63c78c76edff5afcc575a5a3f1499a1f39
benchmark,logs/benchmark/br-reimu-persistent-8192-20261001,logs/benchmark/br-reimu-persistent-8192-20261001/replays/b286566b40914f269fd7d331e91c5286/episode-00000001-slot-0.json,199,a464a17be5953ad8868e4a48c48d0bdae32be5cf34cae4883d2410d63d993be7
benchmark,logs/benchmark/br-reimu-persistent-8192-20261001,logs/benchmark/br-reimu-persistent-8192-20261001/replays/b286566b40914f269fd7d331e91c5286/episode-00000002-slot-0.json,200,d1096395fd93515b5ae7d69884a908487b979f42c662dcfbefc991758cf1959b
benchmark,logs/benchmark/br-reimu-persistent-8192-20261001,logs/benchmark/br-reimu-persistent-8192-20261001/replays/b286566b40914f269fd7d331e91c5286/episode-00000003-slot-0.json,199,f9562a22e86d8787c2602a7b1cc91643d1012e3eec0ad9ee232350e8eddc47b9
benchmark,logs/benchmark/br-reimu-persistent-8192-20261001,logs/benchmark/br-reimu-persistent-8192-20261001/replays/b286566b40914f269fd7d331e91c5286/episode-00000004-slot-0.json,200,5b76165b7bd51963760e79b6885e6ae63ddc0995e53d50364cd9c20106b9d8ed
benchmark,logs/benchmark/br-reimu-persistent-8192-20261001,logs/benchmark/br-reimu-persistent-8192-20261001/result.json,51738,36675fec50b06d5ae486a147bf954c589486a79d8564b7d61b73d04e68d8ef55
benchmark,logs/benchmark/br-reimu-persistent-final-20261001,logs/benchmark/br-reimu-persistent-final-20261001/config.yaml,12670,6df1e5c834991f80502805aa0a85bddb4598d40a444b2f3af75eb1f53540d8a7
benchmark,logs/benchmark/br-reimu-persistent-final-20261001,logs/benchmark/br-reimu-persistent-final-20261001/plan.json,3198,61f519ac636fff7e1d69378e0478d8c3b9d52c8ba4382124087806ea8b8e4de4
benchmark,logs/benchmark/br-reimu-persistent-final-20261001,logs/benchmark/br-reimu-persistent-final-20261001/progress.json,24240,421eafb4e8db8fa14f65d86126f0852243fd35d38f4d9e9594ead61323dc74f2
benchmark,logs/benchmark/br-reimu-persistent-final-20261001,logs/benchmark/br-reimu-persistent-final-20261001/replays/3fc17b6529e747ef809d4a3a5a47b974/episode-00000001-slot-0.json,199,6935f285cc3c9e25bc5db692e00d689daf6b7f425dcf6270cdc9cd682758ff58
benchmark,logs/benchmark/br-reimu-persistent-final-20261001,logs/benchmark/br-reimu-persistent-final-20261001/replays/3fc17b6529e747ef809d4a3a5a47b974/episode-00000002-slot-0.json,200,8d5c5c21794c2b7d47dd255e69f7bbfb14a7c5a2b5280a3d267397030592195e
benchmark,logs/benchmark/br-reimu-persistent-final-20261001,logs/benchmark/br-reimu-persistent-final-20261001/replays/3fc17b6529e747ef809d4a3a5a47b974/episode-00000003-slot-0.json,199,aa6d3fd0beaae6a6a63bac294dabe97e3692433be43e7f13a7f7af421f0bc281
benchmark,logs/benchmark/br-reimu-persistent-final-20261001,logs/benchmark/br-reimu-persistent-final-20261001/replays/3fc17b6529e747ef809d4a3a5a47b974/episode-00000004-slot-0.json,200,8bc5c54e742c0d67b3d52083c2f18b289eb8c3a8d2aede25a36be04635444b93
benchmark,logs/benchmark/br-reimu-persistent-final-20261001,logs/benchmark/br-reimu-persistent-final-20261001/result.json,50396,c894793a63c0f119807b89ff5e9c6d3a23cbf45d89167b804fedc76378725c41
benchmark,logs/benchmark/br-reimu-recurrent-adaptive-131072-20261001,logs/benchmark/br-reimu-recurrent-adaptive-131072-20261001/config.yaml,13457,7c3376fa85c82c48b0a6a4beb3b5ce85d3f63b7460ef70095ddd6fc7ef9cb012
benchmark,logs/benchmark/br-reimu-recurrent-adaptive-131072-20261001,logs/benchmark/br-reimu-recurrent-adaptive-131072-20261001/plan.json,3198,82e2c51bd7785b5657480c446f948f2a64bd8ebd73977d58eb674d243f7c9227
benchmark,logs/benchmark/br-reimu-recurrent-adaptive-131072-20261001,logs/benchmark/br-reimu-recurrent-adaptive-131072-20261001/progress.json,24219,20691f3f3ba8c788ba24c286717a4235d34a5983992af3821ae34bb9d3054563
benchmark,logs/benchmark/br-reimu-recurrent-adaptive-131072-20261001,logs/benchmark/br-reimu-recurrent-adaptive-131072-20261001/replays/500a1e42ca5f4123aaeb01562b5a21a2/episode-00000001-slot-3.json,200,268d6485a45143d6e24ea37be954ebc9e7e56b5e0678ab0c822ae985fc382f8d
benchmark,logs/benchmark/br-reimu-recurrent-adaptive-131072-20261001,logs/benchmark/br-reimu-recurrent-adaptive-131072-20261001/replays/500a1e42ca5f4123aaeb01562b5a21a2/episode-00000002-slot-1.json,200,c31eb704b8addf859e342e5f3232cd614f80135f6471d652799a18ea25597c41
benchmark,logs/benchmark/br-reimu-recurrent-adaptive-131072-20261001,logs/benchmark/br-reimu-recurrent-adaptive-131072-20261001/replays/500a1e42ca5f4123aaeb01562b5a21a2/episode-00000003-slot-2.json,199,e5b69464a883117a47d93f8132d386f389fd5f361eacd5c0d1715fde9f877913
benchmark,logs/benchmark/br-reimu-recurrent-adaptive-131072-20261001,logs/benchmark/br-reimu-recurrent-adaptive-131072-20261001/replays/500a1e42ca5f4123aaeb01562b5a21a2/episode-00000004-slot-0.json,199,2c1b393df77dec586a443e4f843c4d760e77921954d800034b9cd8dfea2362cb
benchmark,logs/benchmark/br-reimu-recurrent-adaptive-131072-20261001,logs/benchmark/br-reimu-recurrent-adaptive-131072-20261001/result.json,51368,beb49a47025e9dca8ea4ba35529989185ea6379b6e97c8010f4df5a57f60f122
benchmark,logs/benchmark/br-reimu-recurrent-adaptive-65536-20261001,logs/benchmark/br-reimu-recurrent-adaptive-65536-20261001/config.yaml,13509,d223a0f27e47a59e26a24b38a051c7589bbc55797a1d1bdaf2c48dd54b89d089
benchmark,logs/benchmark/br-reimu-recurrent-adaptive-65536-20261001,logs/benchmark/br-reimu-recurrent-adaptive-65536-20261001/plan.json,3198,513297e7d48120b134f4f33de7ecc723c505937be628adcb3ea2baad39492d8a
benchmark,logs/benchmark/br-reimu-recurrent-adaptive-65536-20261001,logs/benchmark/br-reimu-recurrent-adaptive-65536-20261001/progress.json,25348,065e0a4523e8d6925de5ec7ad44c09e64c589ee0217a31bc74e06c32ad6847e3
benchmark,logs/benchmark/br-reimu-recurrent-adaptive-65536-20261001,logs/benchmark/br-reimu-recurrent-adaptive-65536-20261001/replays/9733484bb0514b5b87fceae5da280af7/episode-00000001-slot-2.json,199,5649787d9b08cbee12012d5862fb0a5812ee353ff1f98d9a98a81ca173ba8ba8
benchmark,logs/benchmark/br-reimu-recurrent-adaptive-65536-20261001,logs/benchmark/br-reimu-recurrent-adaptive-65536-20261001/replays/9733484bb0514b5b87fceae5da280af7/episode-00000002-slot-1.json,200,53f032f540081f1f9d71224fdf71bfbcf161656931a9da27db9adb26f98974c0
benchmark,logs/benchmark/br-reimu-recurrent-adaptive-65536-20261001,logs/benchmark/br-reimu-recurrent-adaptive-65536-20261001/replays/9733484bb0514b5b87fceae5da280af7/episode-00000003-slot-3.json,200,f8490a23b2b8458303b7b223ebd3509b8ec47a0c713461e03e12212837816b16
benchmark,logs/benchmark/br-reimu-recurrent-adaptive-65536-20261001,logs/benchmark/br-reimu-recurrent-adaptive-65536-20261001/replays/9733484bb0514b5b87fceae5da280af7/episode-00000004-slot-0.json,199,c5e6a24ec3381a0b0dcb0e6b788d870adf4aec03fb65afc99b5a619ef55bdefa
benchmark,logs/benchmark/br-reimu-recurrent-adaptive-65536-20261001,logs/benchmark/br-reimu-recurrent-adaptive-65536-20261001/result.json,52600,bfcb7ec51dbd4eee3306c19a8ffc7a678f2eac4a4ba8eba9c8bf239aee8d72d4
benchmark,logs/benchmark/br-reimu-recurrent-aggregate-zero-shot-20261001,logs/benchmark/br-reimu-recurrent-aggregate-zero-shot-20261001/config.yaml,16819,c102a73b32d9c5fb7ae86b9d5767de5bd8cb3cb5abdd778f1e4965b28f70bc2a
benchmark,logs/benchmark/br-reimu-recurrent-aggregate-zero-shot-20261001,logs/benchmark/br-reimu-recurrent-aggregate-zero-shot-20261001/plan.json,3198,21d9ba5afd7940c5ed8f79c6ffadc2a5a5809fa6405bfa158507f1ac9a5089b1
benchmark,logs/benchmark/br-reimu-recurrent-aggregate-zero-shot-20261001,logs/benchmark/br-reimu-recurrent-aggregate-zero-shot-20261001/progress.json,27564,097a3e09574fef23f7e73d7ed50dc3d2b81b958a34b32262eb7944bc8dbaefc2
benchmark,logs/benchmark/br-reimu-recurrent-aggregate-zero-shot-20261001,logs/benchmark/br-reimu-recurrent-aggregate-zero-shot-20261001/replays/c6c7305ca4bc4c62a2c73b606e9ff00c/episode-00000001-slot-0.json,199,aa70461a96112cbd22b8b7cf04f1e52dab076869ca721fef5b786c36f17a6db4
benchmark,logs/benchmark/br-reimu-recurrent-aggregate-zero-shot-20261001,logs/benchmark/br-reimu-recurrent-aggregate-zero-shot-20261001/replays/c6c7305ca4bc4c62a2c73b606e9ff00c/episode-00000002-slot-3.json,200,f5255845256fe4102d09bc1fa7112903a4c69d69ceb0536eef90d67874f86e40
benchmark,logs/benchmark/br-reimu-recurrent-aggregate-zero-shot-20261001,logs/benchmark/br-reimu-recurrent-aggregate-zero-shot-20261001/replays/c6c7305ca4bc4c62a2c73b606e9ff00c/episode-00000003-slot-1.json,200,908ae1d91256d33a8f1cf28515e094ec03a3d802e76f23b6c57008dbe1c50bbc
benchmark,logs/benchmark/br-reimu-recurrent-aggregate-zero-shot-20261001,logs/benchmark/br-reimu-recurrent-aggregate-zero-shot-20261001/replays/c6c7305ca4bc4c62a2c73b606e9ff00c/episode-00000004-slot-2.json,199,598bd59d2624d372c1890c44978274d702e2db0f259da505080a49108bc5f6c7
benchmark,logs/benchmark/br-reimu-recurrent-aggregate-zero-shot-20261001,logs/benchmark/br-reimu-recurrent-aggregate-zero-shot-20261001/result.json,55359,85fbea36e400dff79b8a980bb2e16f009030f299e84c4ef1fb18d57404a7ce95
benchmark,logs/benchmark/br-reimu-recurrent-expanded-zero-shot-20261001,logs/benchmark/br-reimu-recurrent-expanded-zero-shot-20261001/config.yaml,16568,a0b8e02a28118486c55bb6c2e56cbf2c1b8b86a46d3c253c2926cc71056c57ae
benchmark,logs/benchmark/br-reimu-recurrent-expanded-zero-shot-20261001,logs/benchmark/br-reimu-recurrent-expanded-zero-shot-20261001/plan.json,3198,96ad9c49abe252721c2af5d0b428a0310b5dba0a9a352de2f617ff7fb3b0acbe
benchmark,logs/benchmark/br-reimu-recurrent-expanded-zero-shot-20261001,logs/benchmark/br-reimu-recurrent-expanded-zero-shot-20261001/progress.json,27564,6e12c0a50a90d485b56bfc4d94f95aa8ce17f990616c7c2ff1ccae6c34afc5d3
benchmark,logs/benchmark/br-reimu-recurrent-expanded-zero-shot-20261001,logs/benchmark/br-reimu-recurrent-expanded-zero-shot-20261001/replays/f32108e3200b40f591284c10ca0f3e2c/episode-00000001-slot-2.json,199,874d5ed387fe85cc75651b13a2df161007e25ffc7ff3c6c660f2c29301217bdf
benchmark,logs/benchmark/br-reimu-recurrent-expanded-zero-shot-20261001,logs/benchmark/br-reimu-recurrent-expanded-zero-shot-20261001/replays/f32108e3200b40f591284c10ca0f3e2c/episode-00000002-slot-3.json,200,c5f7152efc3f4598437865bb75a1d73635afe45955e50acd27e778a6e20e7960
benchmark,logs/benchmark/br-reimu-recurrent-expanded-zero-shot-20261001,logs/benchmark/br-reimu-recurrent-expanded-zero-shot-20261001/replays/f32108e3200b40f591284c10ca0f3e2c/episode-00000003-slot-1.json,200,9b35ed7ac0e8d2d8a10985978d356f2b6abcb9cbaf96020824469c565e5224e5
benchmark,logs/benchmark/br-reimu-recurrent-expanded-zero-shot-20261001,logs/benchmark/br-reimu-recurrent-expanded-zero-shot-20261001/replays/f32108e3200b40f591284c10ca0f3e2c/episode-00000004-slot-0.json,199,4a7b3f08577f4d10a6f82b20482404dc275a79e3693702d3ef16678f36b412de
benchmark,logs/benchmark/br-reimu-recurrent-expanded-zero-shot-20261001,logs/benchmark/br-reimu-recurrent-expanded-zero-shot-20261001/result.json,55021,91b981cdf77c9ff0e2970bf4fdf4c9274e69385aa90b6c52587d4a77ea55cb2e
benchmark,logs/benchmark/br-reimu-recurrent-greedy-20261001,logs/benchmark/br-reimu-recurrent-greedy-20261001/config.yaml,16524,befec96f9f16412da858da82f4cb23c62c61895a9804c8e9bdb0c824fa135345
benchmark,logs/benchmark/br-reimu-recurrent-greedy-20261001,logs/benchmark/br-reimu-recurrent-greedy-20261001/plan.json,3226,f61f0a4640e2c5304975aa4af73e97f059a3fc1683f23869d3f4c775e29b066d
benchmark,logs/benchmark/br-reimu-recurrent-greedy-20261001,logs/benchmark/br-reimu-recurrent-greedy-20261001/progress.json,21678,775f891b16b125929314b7e7a5034a91518f0d62405e0ebe923a8bd9efe76083
benchmark,logs/benchmark/br-reimu-recurrent-greedy-20261001,logs/benchmark/br-reimu-recurrent-greedy-20261001/replays/f94a1816cc59412681d3e3bc0b454745/episode-00000001-slot-3.json,200,41283c8d3b636cdb8d899c03aca78893cb3f72a6147a57ae61de2050bb7e984e
benchmark,logs/benchmark/br-reimu-recurrent-greedy-20261001,logs/benchmark/br-reimu-recurrent-greedy-20261001/replays/f94a1816cc59412681d3e3bc0b454745/episode-00000002-slot-2.json,199,ef59b638edd1e5a05abf2f04709e12056671f4ac3664ef7ddf9a969f96c00d73
benchmark,logs/benchmark/br-reimu-recurrent-greedy-20261001,logs/benchmark/br-reimu-recurrent-greedy-20261001/replays/f94a1816cc59412681d3e3bc0b454745/episode-00000003-slot-0.json,199,a13db604c8e42efe3011fc6b22ec6df2bacb00a1c69db0a530347b54c5935fc3
benchmark,logs/benchmark/br-reimu-recurrent-greedy-20261001,logs/benchmark/br-reimu-recurrent-greedy-20261001/replays/f94a1816cc59412681d3e3bc0b454745/episode-00000004-slot-1.json,204,4f7e0162c593e267022e9dfd77093bd71e86da98d8e961b4a05e88fedbe0b174
benchmark,logs/benchmark/br-reimu-recurrent-greedy-20261001,logs/benchmark/br-reimu-recurrent-greedy-20261001/result.json,48588,48fc734c501fe216596de5ab3f77429a882e27f7c615af71fdb18e276d4215ec
benchmark,logs/benchmark/br-reimu-recurrent-numeric-combat-zero-shot-20261001,logs/benchmark/br-reimu-recurrent-numeric-combat-zero-shot-20261001/config.yaml,16612,34d709b84ba8022da41ea09933577fda90da26602a344950e59d8cccbe54d436
benchmark,logs/benchmark/br-reimu-recurrent-numeric-combat-zero-shot-20261001,logs/benchmark/br-reimu-recurrent-numeric-combat-zero-shot-20261001/plan.json,3198,19c1914826fb79fae7b8ed21e7c1af6bcd6bd28ed6231991e6141a3c47696037
benchmark,logs/benchmark/br-reimu-recurrent-numeric-combat-zero-shot-20261001,logs/benchmark/br-reimu-recurrent-numeric-combat-zero-shot-20261001/progress.json,30260,37726325516f911700a3489074f67d84a302b1a1c527a24e8d3491bf61bd96e5
benchmark,logs/benchmark/br-reimu-recurrent-numeric-combat-zero-shot-20261001,logs/benchmark/br-reimu-recurrent-numeric-combat-zero-shot-20261001/replays/6a5b625c392545b58ead4690db59c6cd/episode-00000001-slot-1.json,200,1e39051e92edb8a170adf1799caeec1b3ba60e2e12629faf2e627cdc2c49470a
benchmark,logs/benchmark/br-reimu-recurrent-numeric-combat-zero-shot-20261001,logs/benchmark/br-reimu-recurrent-numeric-combat-zero-shot-20261001/replays/6a5b625c392545b58ead4690db59c6cd/episode-00000002-slot-3.json,200,f885d069f051ddb92b7ebcb9364738b0a75ce928318c9c2060914c2079781817
benchmark,logs/benchmark/br-reimu-recurrent-numeric-combat-zero-shot-20261001,logs/benchmark/br-reimu-recurrent-numeric-combat-zero-shot-20261001/replays/6a5b625c392545b58ead4690db59c6cd/episode-00000003-slot-2.json,199,a5a627fd460b92816fa05d539a47cd2965b3c68258cd7101d69914ac3d508827
benchmark,logs/benchmark/br-reimu-recurrent-numeric-combat-zero-shot-20261001,logs/benchmark/br-reimu-recurrent-numeric-combat-zero-shot-20261001/replays/6a5b625c392545b58ead4690db59c6cd/episode-00000004-slot-0.json,199,a53981b3fe41f0efc8028164f65bb4fb338a3997b2cd13ebe03052aeffcbabc8
benchmark,logs/benchmark/br-reimu-recurrent-numeric-combat-zero-shot-20261001,logs/benchmark/br-reimu-recurrent-numeric-combat-zero-shot-20261001/result.json,58421,c6623d77dc0dc54f8f98fba252d88f99d51bb3376adfff50582e1e08c88743e7
benchmark,logs/benchmark/br-reimu-recurrent-rehearsal-adaptive-131072-20261001,logs/benchmark/br-reimu-recurrent-rehearsal-adaptive-131072-20261001/config.yaml,13713,012ddb4db2a72492e7b4c6c731293d716aaf589550b34b392156b14d858f2e29
benchmark,logs/benchmark/br-reimu-recurrent-rehearsal-adaptive-131072-20261001,logs/benchmark/br-reimu-recurrent-rehearsal-adaptive-131072-20261001/plan.json,3198,67ad72d518d48b6a44a9eaf5a444fb4f06b3b8fc437d64121dc7bd2d2243c4dd
benchmark,logs/benchmark/br-reimu-recurrent-rehearsal-adaptive-131072-20261001,logs/benchmark/br-reimu-recurrent-rehearsal-adaptive-131072-20261001/progress.json,26493,9c793bc1af62d9fbcfa9ba116494eed776e56a39cb27846e3113b275a1afc63c
benchmark,logs/benchmark/br-reimu-recurrent-rehearsal-adaptive-131072-20261001,logs/benchmark/br-reimu-recurrent-rehearsal-adaptive-131072-20261001/replays/27d4287944ed44e386da07345435168a/episode-00000001-slot-1.json,200,f911853b45defcc2883b90edbb86272f7927a2fdff8c92fbc4d57076a3e9c9ce
benchmark,logs/benchmark/br-reimu-recurrent-rehearsal-adaptive-131072-20261001,logs/benchmark/br-reimu-recurrent-rehearsal-adaptive-131072-20261001/replays/27d4287944ed44e386da07345435168a/episode-00000002-slot-0.json,199,6fc8b3045d27e1d35ec65a4b481c6c3ec226af025b6813879eb6845749e0c782
benchmark,logs/benchmark/br-reimu-recurrent-rehearsal-adaptive-131072-20261001,logs/benchmark/br-reimu-recurrent-rehearsal-adaptive-131072-20261001/replays/27d4287944ed44e386da07345435168a/episode-00000003-slot-3.json,200,01ea14e530f52f34dcaef55e20b92ad7d5c660fa0d5aebd2b2f77d8eb1c18ec6
benchmark,logs/benchmark/br-reimu-recurrent-rehearsal-adaptive-131072-20261001,logs/benchmark/br-reimu-recurrent-rehearsal-adaptive-131072-20261001/replays/27d4287944ed44e386da07345435168a/episode-00000004-slot-2.json,199,e63d4a699e6dbe820d90f875ffa7cb873a971d8fa306c67dc3f84311de133f0b
benchmark,logs/benchmark/br-reimu-recurrent-rehearsal-adaptive-131072-20261001,logs/benchmark/br-reimu-recurrent-rehearsal-adaptive-131072-20261001/result.json,54311,6ac0cb095a3dd6c14286f80b8b985cc8be859dbc41895616c37340ac53561332
benchmark,logs/benchmark/br-reimu-recurrent-rehearsal-adaptive-65536-20261001,logs/benchmark/br-reimu-recurrent-rehearsal-adaptive-65536-20261001/config.yaml,13765,6095f9822bb59fd4d095a6a8c9dfb63e0e1d05eceede6932b5a6f605d62d9bd5
benchmark,logs/benchmark/br-reimu-recurrent-rehearsal-adaptive-65536-20261001,logs/benchmark/br-reimu-recurrent-rehearsal-adaptive-65536-20261001/plan.json,3198,7deff18c439c4af6dbd9e1ebdb4db5c9b32aef64161c2a512bf56822d300cf82
benchmark,logs/benchmark/br-reimu-recurrent-rehearsal-adaptive-65536-20261001,logs/benchmark/br-reimu-recurrent-rehearsal-adaptive-65536-20261001/progress.json,22942,8633b6e8758d10d9f0ae9437a6cd5405a1b491599ee417689fbaa3aac76c4017
benchmark,logs/benchmark/br-reimu-recurrent-rehearsal-adaptive-65536-20261001,logs/benchmark/br-reimu-recurrent-rehearsal-adaptive-65536-20261001/replays/deba1dbe128d428b848ef64f9530fecc/episode-00000001-slot-2.json,199,b5bcf30c490ac9c8b67fe128a1923b816caec8a2e6cbbf726f1807f6092c61ae
benchmark,logs/benchmark/br-reimu-recurrent-rehearsal-adaptive-65536-20261001,logs/benchmark/br-reimu-recurrent-rehearsal-adaptive-65536-20261001/replays/deba1dbe128d428b848ef64f9530fecc/episode-00000002-slot-3.json,200,dc9583464626f4c9721d133a31e381ad6b32060b73a568b64d63bb7ca34ebfde
benchmark,logs/benchmark/br-reimu-recurrent-rehearsal-adaptive-65536-20261001,logs/benchmark/br-reimu-recurrent-rehearsal-adaptive-65536-20261001/replays/deba1dbe128d428b848ef64f9530fecc/episode-00000003-slot-0.json,199,6f28cd10d9697f5892a85acd1f5408bbcc439b1892fe07c17cafeed871b3639c
benchmark,logs/benchmark/br-reimu-recurrent-rehearsal-adaptive-65536-20261001,logs/benchmark/br-reimu-recurrent-rehearsal-adaptive-65536-20261001/replays/deba1dbe128d428b848ef64f9530fecc/episode-00000004-slot-1.json,200,0d596d5543c7b44660ca461ff5f8bc27d5646c3c236d89faf75859ade82ede15
benchmark,logs/benchmark/br-reimu-recurrent-rehearsal-adaptive-65536-20261001,logs/benchmark/br-reimu-recurrent-rehearsal-adaptive-65536-20261001/result.json,50307,42a07ea3ab4242869e924a60614061ad34db6bb5e0ca00cbaa6a592e4c5707ef
benchmark,logs/benchmark/br-reimu-recurrent-separate-adaptive-131072-20261001,logs/benchmark/br-reimu-recurrent-separate-adaptive-131072-20261001/config.yaml,13588,e047f57c5cf2d6ba9e4105a828edd8c50039da3de7dfce47e01106c6f9248df4
benchmark,logs/benchmark/br-reimu-recurrent-separate-adaptive-131072-20261001,logs/benchmark/br-reimu-recurrent-separate-adaptive-131072-20261001/plan.json,3198,c30eb39d649ebc90606d2533d42c1c2b22557101c791a4ebec0771d77f4498c1
benchmark,logs/benchmark/br-reimu-recurrent-separate-adaptive-131072-20261001,logs/benchmark/br-reimu-recurrent-separate-adaptive-131072-20261001/progress.json,24624,525e313890928f9a2c40ce86cd2fc53a9433da123ce6dd16cd48a6dacf5bf79d
benchmark,logs/benchmark/br-reimu-recurrent-separate-adaptive-131072-20261001,logs/benchmark/br-reimu-recurrent-separate-adaptive-131072-20261001/replays/35ff5377e5e545a3b4a3287df05f07ad/episode-00000001-slot-1.json,200,be1d111931c20596e57bc716e5ee8d1e637ee754993824a4ce78598f6b186a3d
benchmark,logs/benchmark/br-reimu-recurrent-separate-adaptive-131072-20261001,logs/benchmark/br-reimu-recurrent-separate-adaptive-131072-20261001/replays/35ff5377e5e545a3b4a3287df05f07ad/episode-00000002-slot-0.json,199,0011bb0b6a95bbe36d14542f58cf0439eb40aa1e68c6aef1d5eefa60b9487e06
benchmark,logs/benchmark/br-reimu-recurrent-separate-adaptive-131072-20261001,logs/benchmark/br-reimu-recurrent-separate-adaptive-131072-20261001/replays/35ff5377e5e545a3b4a3287df05f07ad/episode-00000003-slot-3.json,200,36570356e45908579ed500ee1330c4f9c9b30acc841a197be21a15a7792662e0
benchmark,logs/benchmark/br-reimu-recurrent-separate-adaptive-131072-20261001,logs/benchmark/br-reimu-recurrent-separate-adaptive-131072-20261001/replays/35ff5377e5e545a3b4a3287df05f07ad/episode-00000004-slot-2.json,199,92d34c546797451bb7d97e7b45a20c61b8bc52dcff2c716738e7ee744f71d87b
benchmark,logs/benchmark/br-reimu-recurrent-separate-adaptive-131072-20261001,logs/benchmark/br-reimu-recurrent-separate-adaptive-131072-20261001/result.json,51918,fc12317b2fd5b2ab832db9ebc11d3ab02790dfcf069d3107c6dc1fe9967ffa46
benchmark,logs/benchmark/br-reimu-recurrent-separate-adaptive-65536-20261001,logs/benchmark/br-reimu-recurrent-separate-adaptive-65536-20261001/config.yaml,13640,6054631da0379ebd69bac0d7c1d2c234a39466b882aeea044516ac3ff98660fd
benchmark,logs/benchmark/br-reimu-recurrent-separate-adaptive-65536-20261001,logs/benchmark/br-reimu-recurrent-separate-adaptive-65536-20261001/plan.json,3198,0456ce8c945d82297ef019c40ae8a345bf773668fdc4cd828570e65f5f135014
benchmark,logs/benchmark/br-reimu-recurrent-separate-adaptive-65536-20261001,logs/benchmark/br-reimu-recurrent-separate-adaptive-65536-20261001/progress.json,20496,e6d06577866a140cb33f22fd04f5a9fc0f05625b7b14f71457e4dfa4019ad297
benchmark,logs/benchmark/br-reimu-recurrent-separate-adaptive-65536-20261001,logs/benchmark/br-reimu-recurrent-separate-adaptive-65536-20261001/replays/80d64cebf3f94500ba46d59b2f269134/episode-00000001-slot-1.json,200,d24cd020c19573481e448fb5e24733ab5a7dc01c842e03280089e81b18c9b4b6
benchmark,logs/benchmark/br-reimu-recurrent-separate-adaptive-65536-20261001,logs/benchmark/br-reimu-recurrent-separate-adaptive-65536-20261001/replays/80d64cebf3f94500ba46d59b2f269134/episode-00000002-slot-2.json,199,43a9f8f4b8a208f05b6498f6b35d3e0bd59e9da122bd1c49312ca77a913773f5
benchmark,logs/benchmark/br-reimu-recurrent-separate-adaptive-65536-20261001,logs/benchmark/br-reimu-recurrent-separate-adaptive-65536-20261001/replays/80d64cebf3f94500ba46d59b2f269134/episode-00000003-slot-0.json,199,587bc94bae995987ddd10e521d7cdabc43f2a56d72f432a8f4394399cb7f4f41
benchmark,logs/benchmark/br-reimu-recurrent-separate-adaptive-65536-20261001,logs/benchmark/br-reimu-recurrent-separate-adaptive-65536-20261001/replays/80d64cebf3f94500ba46d59b2f269134/episode-00000004-slot-3.json,200,bbd11aec11533364eaab1b78c13f6320574244a87e46fb261dd311fdb323c802
benchmark,logs/benchmark/br-reimu-recurrent-separate-adaptive-65536-20261001,logs/benchmark/br-reimu-recurrent-separate-adaptive-65536-20261001/result.json,47298,02c787eb2ffb0d9ebf298dc1d194fcfd1fae7ec91faffe91868741cb31eb1036
benchmark,logs/benchmark/br-reimu-recurrent-separate-zero-shot-20261001,logs/benchmark/br-reimu-recurrent-separate-zero-shot-20261001/config.yaml,16590,2cf4ae9a4161ad9fb13b9abd9e089e0bdb10a54c9d0e7c84fff388b37c6f9471
benchmark,logs/benchmark/br-reimu-recurrent-separate-zero-shot-20261001,logs/benchmark/br-reimu-recurrent-separate-zero-shot-20261001/plan.json,3198,2dc425858723056d91f58102013d5cbfc89c97e9d1fd905bdb1bef673cdf5152
benchmark,logs/benchmark/br-reimu-recurrent-separate-zero-shot-20261001,logs/benchmark/br-reimu-recurrent-separate-zero-shot-20261001/progress.json,24974,b93767a361a7d8b49d89cd33e7ed9046684ec72b17c7a051bae0ef728c95c5b5
benchmark,logs/benchmark/br-reimu-recurrent-separate-zero-shot-20261001,logs/benchmark/br-reimu-recurrent-separate-zero-shot-20261001/replays/c18a37acfc5546fea383b47a83b83543/episode-00000001-slot-1.json,200,a189d2165d9d39de09d8ea7c6122f0da756329fa0f992c51c11f854a776a2aea
benchmark,logs/benchmark/br-reimu-recurrent-separate-zero-shot-20261001,logs/benchmark/br-reimu-recurrent-separate-zero-shot-20261001/replays/c18a37acfc5546fea383b47a83b83543/episode-00000002-slot-3.json,200,2a1698d21cc805d3f84b47e3fdbf06c95001dd1f42095afd0ca9cd2fbd1e71df
benchmark,logs/benchmark/br-reimu-recurrent-separate-zero-shot-20261001,logs/benchmark/br-reimu-recurrent-separate-zero-shot-20261001/replays/c18a37acfc5546fea383b47a83b83543/episode-00000003-slot-0.json,199,64af1b80e1690b1e4d85e8d20915b36033285550b747aa24971ceb2a87f86515
benchmark,logs/benchmark/br-reimu-recurrent-separate-zero-shot-20261001,logs/benchmark/br-reimu-recurrent-separate-zero-shot-20261001/replays/c18a37acfc5546fea383b47a83b83543/episode-00000004-slot-2.json,199,1d2dbd225556ad3c88e52292a40612b096462ed782a7d3ed35177917a53389a7
benchmark,logs/benchmark/br-reimu-recurrent-separate-zero-shot-20261001,logs/benchmark/br-reimu-recurrent-separate-zero-shot-20261001/result.json,52196,1ae38a95512e8e0a47f763ea460b9813a737c2c0623f8faea133af1c9e978959
benchmark,logs/benchmark/br-reimu-recurrent-zero-shot-20261001,logs/benchmark/br-reimu-recurrent-zero-shot-20261001/config.yaml,16465,ba9cb3a9f8cbeb2697bd827ecfa858b0c6d71e47582933ac69d603f5ce98bc60
