kind,run,path,bytes,sha256
benchmark,logs/benchmark/br-reimu-recurrent-zero-shot-20261001,logs/benchmark/br-reimu-recurrent-zero-shot-20261001/plan.json,3198,12947f658a74871dc85400c23b57eb9b03ff29557b6fd3d79fca1c84ba062b40
benchmark,logs/benchmark/br-reimu-recurrent-zero-shot-20261001,logs/benchmark/br-reimu-recurrent-zero-shot-20261001/progress.json,24104,3c1ab8ca2dbeef890a0af2405b667b7e0da405dee6ea74b6f743744208309f4b
benchmark,logs/benchmark/br-reimu-recurrent-zero-shot-20261001,logs/benchmark/br-reimu-recurrent-zero-shot-20261001/replays/56e03f78a78d4666af2138a7f0a0e33d/episode-00000001-slot-3.json,200,1ed9d719966eaecc5d41afac06e9fafdd954b363702e71d8f1e12cc110f86109
benchmark,logs/benchmark/br-reimu-recurrent-zero-shot-20261001,logs/benchmark/br-reimu-recurrent-zero-shot-20261001/replays/56e03f78a78d4666af2138a7f0a0e33d/episode-00000002-slot-1.json,200,543e11f573a145f70613d82c4e8e8153d4ef099a14ec1d6cb3ca1adfe0bfab69
benchmark,logs/benchmark/br-reimu-recurrent-zero-shot-20261001,logs/benchmark/br-reimu-recurrent-zero-shot-20261001/replays/56e03f78a78d4666af2138a7f0a0e33d/episode-00000003-slot-0.json,199,a992f2e09dac4086953f3bb4a3714270abd88a9674f8bbbfaca81045ff85968a
benchmark,logs/benchmark/br-reimu-recurrent-zero-shot-20261001,logs/benchmark/br-reimu-recurrent-zero-shot-20261001/replays/56e03f78a78d4666af2138a7f0a0e33d/episode-00000004-slot-2.json,199,42e6698c51f6979ecf9b7798c6f267f4f081d99e2e6bc77e64294d5f8f1d70b8
benchmark,logs/benchmark/br-reimu-recurrent-zero-shot-20261001,logs/benchmark/br-reimu-recurrent-zero-shot-20261001/result.json,51136,aaf9a0958261a033d5320405571622242b2f0f2f19ed05c84712d32f2ddefae0
benchmark,logs/benchmark/br-reimu-relational-zero-shot-20261002,logs/benchmark/br-reimu-relational-zero-shot-20261002/config.yaml,16686,fd0da9f01511bf91bca25ac9d02c679e6df10d7f26fa706fd8bc948cd7a443db
benchmark,logs/benchmark/br-reimu-relational-zero-shot-20261002,logs/benchmark/br-reimu-relational-zero-shot-20261002/plan.json,3198,e59c0ddf4b5dab22b82e9aab3ae366814ad23a6b70288f964b9659748801e1a9
benchmark,logs/benchmark/br-reimu-relational-zero-shot-20261002,logs/benchmark/br-reimu-relational-zero-shot-20261002/progress.json,27306,ca25a57b761dfd238006ec2394a8e8466a7fb4459678362613f2cc8f467bad95
benchmark,logs/benchmark/br-reimu-relational-zero-shot-20261002,logs/benchmark/br-reimu-relational-zero-shot-20261002/replays/820707d0bb74465a801c3865232915e3/episode-00000001-slot-3.json,200,7610766a7786a77530b604532e1235e1d613137ed5a01bed2009f72b0483e487
benchmark,logs/benchmark/br-reimu-relational-zero-shot-20261002,logs/benchmark/br-reimu-relational-zero-shot-20261002/replays/820707d0bb74465a801c3865232915e3/episode-00000002-slot-0.json,199,59f0aaed8d709ad9c4d077c9fa2811ec57ee710a7d4c908d89e3fa2efec21fd0
benchmark,logs/benchmark/br-reimu-relational-zero-shot-20261002,logs/benchmark/br-reimu-relational-zero-shot-20261002/replays/820707d0bb74465a801c3865232915e3/episode-00000003-slot-2.json,199,2ad364ab126a50b682a48e08245dc6296b07a1da35eabdf9550b01b4f4ab71d4
benchmark,logs/benchmark/br-reimu-relational-zero-shot-20261002,logs/benchmark/br-reimu-relational-zero-shot-20261002/replays/820707d0bb74465a801c3865232915e3/episode-00000004-slot-1.json,200,9e78c0d3ade2854a3dab091ede43de80414d84f5c9f058230c0507d06b7feecf
benchmark,logs/benchmark/br-reimu-relational-zero-shot-20261002,logs/benchmark/br-reimu-relational-zero-shot-20261002/result.json,55554,b5177c65435e09dbdc2536d60462c183c29278da72e8f4d518fcd2f6f1397031
benchmark,logs/benchmark/br-reimu-sparse-fresh-final-20261001,logs/benchmark/br-reimu-sparse-fresh-final-20261001/config.yaml,12420,fe7b2cb5237f1f3ce6ee93fd1f31155e8311e724ba2df08f7cc8b67cbf6457e8
benchmark,logs/benchmark/br-reimu-sparse-fresh-final-20261001,logs/benchmark/br-reimu-sparse-fresh-final-20261001/plan.json,3198,7405237f054ded4527a060faebd498b0afca3429f779edf7dfc357b78c0041b6
benchmark,logs/benchmark/br-reimu-sparse-fresh-final-20261001,logs/benchmark/br-reimu-sparse-fresh-final-20261001/progress.json,24030,197358ce265c8a94e124435524bf0e0118e2c9083ca0b638723ba37695fdbad1
benchmark,logs/benchmark/br-reimu-sparse-fresh-final-20261001,logs/benchmark/br-reimu-sparse-fresh-final-20261001/replays/a0b37dbd21834c38ab91037235121fff/episode-00000001-slot-0.json,199,9141018e79761d1cd2b5c5fb053991db8aa571f721e25d3c055ec524f5c6ae8b
benchmark,logs/benchmark/br-reimu-sparse-fresh-final-20261001,logs/benchmark/br-reimu-sparse-fresh-final-20261001/replays/a0b37dbd21834c38ab91037235121fff/episode-00000002-slot-0.json,200,76bd5992d024c025c8f6e86c0616c03e135f78222176540980044702d340bc89
benchmark,logs/benchmark/br-reimu-sparse-fresh-final-20261001,logs/benchmark/br-reimu-sparse-fresh-final-20261001/replays/a0b37dbd21834c38ab91037235121fff/episode-00000003-slot-0.json,199,fb3056d3c320d4fadc8868b5925548108730a5c965b8932a3a1bb161e869acca
benchmark,logs/benchmark/br-reimu-sparse-fresh-final-20261001,logs/benchmark/br-reimu-sparse-fresh-final-20261001/replays/a0b37dbd21834c38ab91037235121fff/episode-00000004-slot-0.json,200,8827c9950245df9d284085d0520a4f171fa781d0af19f9c30794279a274b7c24
benchmark,logs/benchmark/br-reimu-sparse-fresh-final-20261001,logs/benchmark/br-reimu-sparse-fresh-final-20261001/result.json,49598,19a1e51f5f284bf36ba3087ddfeacda4e0e9acb5ece155e897d6ad6ea5a0bd9b
benchmark,logs/benchmark/br-reimu-two-epochs-final-20261001,logs/benchmark/br-reimu-two-epochs-final-20261001/config.yaml,12406,a720871fc445b8302e725c23468415f741bc98d20da8534340e760c63950b76a
benchmark,logs/benchmark/br-reimu-two-epochs-final-20261001,logs/benchmark/br-reimu-two-epochs-final-20261001/plan.json,3198,554e5e3b017455f50d07460c3c8bf3f5406b5fc6f96f8dae762490a52b430792
benchmark,logs/benchmark/br-reimu-two-epochs-final-20261001,logs/benchmark/br-reimu-two-epochs-final-20261001/progress.json,23244,3023985d3a1414df1348bf50d570377c63e0d646bd4ec6bb6c66d2ef212b8146
benchmark,logs/benchmark/br-reimu-two-epochs-final-20261001,logs/benchmark/br-reimu-two-epochs-final-20261001/replays/87587337de3c40d08855f29979a86042/episode-00000001-slot-0.json,199,bb4a37c0669f1476919e6f8ec1cc36dbc390d06e3edd2d9135486ce404a6a6a8
benchmark,logs/benchmark/br-reimu-two-epochs-final-20261001,logs/benchmark/br-reimu-two-epochs-final-20261001/replays/87587337de3c40d08855f29979a86042/episode-00000002-slot-0.json,200,e81ee5a780ff24491489543348e7461a4d4d6abda1798a401d9daf4a2b34076e
benchmark,logs/benchmark/br-reimu-two-epochs-final-20261001,logs/benchmark/br-reimu-two-epochs-final-20261001/replays/87587337de3c40d08855f29979a86042/episode-00000003-slot-0.json,199,5d0a13f4161b447ed25558b82cbc9545c38d317dac69d9beb0352b24bb6d2b5b
benchmark,logs/benchmark/br-reimu-two-epochs-final-20261001,logs/benchmark/br-reimu-two-epochs-final-20261001/replays/87587337de3c40d08855f29979a86042/episode-00000004-slot-0.json,200,37610ae30afd4eeb347a7fec44a1a3f427f429ddb542d170092299b29966c609
benchmark,logs/benchmark/br-reimu-two-epochs-final-20261001,logs/benchmark/br-reimu-two-epochs-final-20261001/result.json,48837,c7325b110aed64beceb974925713e95fcbef342c68859e3fbbaa52cab8eda922
benchmark,logs/benchmark/god-marisa-reimu-address-reference-20261002,logs/benchmark/god-marisa-reimu-address-reference-20261002/config.yaml,17140,176e8c9c3c45c9f736e02ef4fe6adb3a581cc0a236ad15e95b6b769a2765c484
benchmark,logs/benchmark/god-marisa-reimu-address-reference-20261002,logs/benchmark/god-marisa-reimu-address-reference-20261002/plan.json,12812,460eedadf1869bf85ff10d696158b3575067e19cf2bba6314cf7d05882384a89
benchmark,logs/benchmark/god-marisa-reimu-address-reference-20261002,logs/benchmark/god-marisa-reimu-address-reference-20261002/progress.json,113689,e0a6cfffb1d63b79c1589e9da21d2125fab19bce46eaa432783ebe250cfd6a1b
benchmark,logs/benchmark/god-marisa-reimu-address-reference-20261002,logs/benchmark/god-marisa-reimu-address-reference-20261002/replays/7da21e5c7f0d4bf9874c53f5cd7f5417/episode-00000001-slot-2.json,199,baad18bb513eb8bd8703221b6a2276e6825f17360220e0bcc9648a62ce60e9bd
benchmark,logs/benchmark/god-marisa-reimu-address-reference-20261002,logs/benchmark/god-marisa-reimu-address-reference-20261002/replays/7da21e5c7f0d4bf9874c53f5cd7f5417/episode-00000002-slot-4.json,200,c9a297c62d664cbb59597bced748b3c329114a9f35261448c0b1568f36451c94
benchmark,logs/benchmark/god-marisa-reimu-address-reference-20261002,logs/benchmark/god-marisa-reimu-address-reference-20261002/replays/7da21e5c7f0d4bf9874c53f5cd7f5417/episode-00000003-slot-1.json,199,99ccc810113d055d541a2a0d6db8c3e7800344e73d7d71e7abec91979ec9283c
benchmark,logs/benchmark/god-marisa-reimu-address-reference-20261002,logs/benchmark/god-marisa-reimu-address-reference-20261002/replays/7da21e5c7f0d4bf9874c53f5cd7f5417/episode-00000004-slot-0.json,203,597f2bf4aa41a3480f6599ae46cd8b65e47f99aca5b5967b19be9f761f203e24
benchmark,logs/benchmark/god-marisa-reimu-address-reference-20261002,logs/benchmark/god-marisa-reimu-address-reference-20261002/replays/7da21e5c7f0d4bf9874c53f5cd7f5417/episode-00000005-slot-3.json,204,a0878588d5cd8848873816497fc47753a88d7b839f4f4fb35c718ff04833e75a
benchmark,logs/benchmark/god-marisa-reimu-address-reference-20261002,logs/benchmark/god-marisa-reimu-address-reference-20261002/replays/7da21e5c7f0d4bf9874c53f5cd7f5417/episode-00000006-slot-5.json,204,f36308791daf9884aea5bfbc771626e73064565f2ea5f621a9c65c4e81fc4125
benchmark,logs/benchmark/god-marisa-reimu-address-reference-20261002,logs/benchmark/god-marisa-reimu-address-reference-20261002/replays/7da21e5c7f0d4bf9874c53f5cd7f5417/episode-00000007-slot-6.json,204,02dc10ebc719c4920418e9956ac9ea225f8ba77571b763b1af9e85f16f393968
benchmark,logs/benchmark/god-marisa-reimu-address-reference-20261002,logs/benchmark/god-marisa-reimu-address-reference-20261002/replays/7da21e5c7f0d4bf9874c53f5cd7f5417/episode-00000008-slot-7.json,204,ce2c263baadd3b21d33a01802f8f7bb4e5ad3360c0496899698876e1aade8e74
benchmark,logs/benchmark/god-marisa-reimu-address-reference-20261002,logs/benchmark/god-marisa-reimu-address-reference-20261002/replays/7da21e5c7f0d4bf9874c53f5cd7f5417/episode-00000009-slot-5.json,200,a3edb055359045e19fac2a1ef01fd3f0a78a23133584623a7996372d8ab56925
benchmark,logs/benchmark/god-marisa-reimu-address-reference-20261002,logs/benchmark/god-marisa-reimu-address-reference-20261002/replays/7da21e5c7f0d4bf9874c53f5cd7f5417/episode-00000010-slot-6.json,200,cdcd49706482e3b637571d2f5cf7447d69f13b61b2abeca82b2b3713f466837c
benchmark,logs/benchmark/god-marisa-reimu-address-reference-20261002,logs/benchmark/god-marisa-reimu-address-reference-20261002/replays/7da21e5c7f0d4bf9874c53f5cd7f5417/episode-00000011-slot-1.json,199,25666d3bcec3ff932849e68328d66c72a380aa0e7611d24f8fd5b588f6b92655
benchmark,logs/benchmark/god-marisa-reimu-address-reference-20261002,logs/benchmark/god-marisa-reimu-address-reference-20261002/replays/7da21e5c7f0d4bf9874c53f5cd7f5417/episode-00000012-slot-4.json,200,7d55ba2db07bb03798986037ec50f85cfc3fb133486deedc1d37a979ab56034f
benchmark,logs/benchmark/god-marisa-reimu-address-reference-20261002,logs/benchmark/god-marisa-reimu-address-reference-20261002/replays/7da21e5c7f0d4bf9874c53f5cd7f5417/episode-00000013-slot-0.json,203,3480ef99f3deadf449dd3eb6de740fdceb635dd875f82586b39abdbec2236cdd
benchmark,logs/benchmark/god-marisa-reimu-address-reference-20261002,logs/benchmark/god-marisa-reimu-address-reference-20261002/replays/7da21e5c7f0d4bf9874c53f5cd7f5417/episode-00000014-slot-2.json,203,9317bb9fa026911ed6150a8372de3d7775a0cb2dd049239a95be664ca219525c
benchmark,logs/benchmark/god-marisa-reimu-address-reference-20261002,logs/benchmark/god-marisa-reimu-address-reference-20261002/replays/7da21e5c7f0d4bf9874c53f5cd7f5417/episode-00000015-slot-3.json,204,7525288c4ebe5ee0dca0ec28284908c275355ea36ac52f759d55740de1e2926a
benchmark,logs/benchmark/god-marisa-reimu-address-reference-20261002,logs/benchmark/god-marisa-reimu-address-reference-20261002/replays/7da21e5c7f0d4bf9874c53f5cd7f5417/episode-00000016-slot-7.json,204,c304a298d817acd5531db1c4ef52ad4d899005774368101b0889daee7a841173
benchmark,logs/benchmark/god-marisa-reimu-address-reference-20261002,logs/benchmark/god-marisa-reimu-address-reference-20261002/result.json,152341,20defff2c64d033e68d7028b3a9e7b1b74e29ce832d51c54a63e9c8b521d8f7c
benchmark,logs/benchmark/god-marisa-reimu-reference-20261001,logs/benchmark/god-marisa-reimu-reference-20261001/config.yaml,16552,eb5ce3b3e266e613dc63fa4ba4558045c713cb6d001fc5e265d0de4b3d30c270
benchmark,logs/benchmark/god-marisa-reimu-reference-20261001,logs/benchmark/god-marisa-reimu-reference-20261001/plan.json,3202,5669e3041d96b3aa19254d9c3646b354a920827a05bc8ff6f827c7aa2d7ec397
benchmark,logs/benchmark/god-marisa-reimu-reference-20261001,logs/benchmark/god-marisa-reimu-reference-20261001/progress.json,31090,f505046001c9dfa508651beeee4784672d51f97bf3aaceb8999a9c737e69249a
benchmark,logs/benchmark/god-marisa-reimu-reference-20261001,logs/benchmark/god-marisa-reimu-reference-20261001/replays/b086397fd8f44ecca38b1810e211b0e1/episode-00000001-slot-0.json,199,8e847e86e8aba0f6d3b8f946258e4d6544969dee2ab88f3018f1f53250173019
benchmark,logs/benchmark/god-marisa-reimu-reference-20261001,logs/benchmark/god-marisa-reimu-reference-20261001/replays/b086397fd8f44ecca38b1810e211b0e1/episode-00000002-slot-0.json,200,0fff1130b7166ed8fae00b795a8caefde4f38dc2753c43000efff177f200cef9
benchmark,logs/benchmark/god-marisa-reimu-reference-20261001,logs/benchmark/god-marisa-reimu-reference-20261001/replays/b086397fd8f44ecca38b1810e211b0e1/episode-00000003-slot-0.json,203,8f235691140b7e41e79fbc5a0da7f63eebd827fa932cafe8705ac1fdcf6a5d32
benchmark,logs/benchmark/god-marisa-reimu-reference-20261001,logs/benchmark/god-marisa-reimu-reference-20261001/replays/b086397fd8f44ecca38b1810e211b0e1/episode-00000004-slot-0.json,200,b51d0abb7a818bfd02921f677e17d6039bf3b4f3a5ca4e8c39157c61103f0c9d
benchmark,logs/benchmark/god-marisa-reimu-reference-20261001,logs/benchmark/god-marisa-reimu-reference-20261001/result.json,57970,a54d27edd09ed52bc0802474349e992d4b64500af885c35013200793b4c83364
benchmark,logs/benchmark/snapshot-control-20261003,logs/benchmark/snapshot-control-20261003/config.yaml,16819,351ae79e52174da1db3746f250ffc44587adf6176fa28a7bbc089505850350f6
benchmark,logs/benchmark/snapshot-control-20261003,logs/benchmark/snapshot-control-20261003/plan.json,12800,f5b66bff5d52384af0b2501d6d64e1a1f45bc4702a7ce2d4f89675d83e197372
benchmark,logs/benchmark/snapshot-control-20261003,logs/benchmark/snapshot-control-20261003/progress.json,105419,3794e5c380ee7affd097d02dcc518e72215d3ab4f022cbcc4e7c6aaf170cbed4
benchmark,logs/benchmark/snapshot-control-20261003,logs/benchmark/snapshot-control-20261003/replays/0d857883cdd9499bb23be398e1fab017/episode-00000001-slot-3.json,200,b15ce0747bc97d1b1fb93a5fc1414f082338969b09d2939a303721d2caf15f6b
benchmark,logs/benchmark/snapshot-control-20261003,logs/benchmark/snapshot-control-20261003/replays/0d857883cdd9499bb23be398e1fab017/episode-00000002-slot-0.json,199,9ec13b061ba04f95f3e7b729e6ca6a0d59a1cc776a7c070f869d761d8b0800fe
benchmark,logs/benchmark/snapshot-control-20261003,logs/benchmark/snapshot-control-20261003/replays/0d857883cdd9499bb23be398e1fab017/episode-00000003-slot-1.json,199,b1aa17a2a7142318328b6df0fc3f2f96c5b7dcd2b34bf1df1e36de1c016d2c37
benchmark,logs/benchmark/snapshot-control-20261003,logs/benchmark/snapshot-control-20261003/replays/0d857883cdd9499bb23be398e1fab017/episode-00000004-slot-2.json,199,96ef587e2ad036e26596b0561d834888be70e71d9b3f8ea7909c02fd035353b9
benchmark,logs/benchmark/snapshot-control-20261003,logs/benchmark/snapshot-control-20261003/replays/0d857883cdd9499bb23be398e1fab017/episode-00000005-slot-1.json,200,0c31824e21a8682ede675c45763cad1ea18e7760b0f04c8b51bbf263b95554fc
benchmark,logs/benchmark/snapshot-control-20261003,logs/benchmark/snapshot-control-20261003/replays/0d857883cdd9499bb23be398e1fab017/episode-00000006-slot-0.json,200,3531e0af8a79f8bc8609daec9c361b909469783c17ac0ee19a5e7abb9ca116c9
benchmark,logs/benchmark/snapshot-control-20261003,logs/benchmark/snapshot-control-20261003/replays/0d857883cdd9499bb23be398e1fab017/episode-00000007-slot-2.json,200,00bc57b3f8b80b02f43add59dc8275f872a820366ae32426577831811b725cea
benchmark,logs/benchmark/snapshot-control-20261003,logs/benchmark/snapshot-control-20261003/replays/0d857883cdd9499bb23be398e1fab017/episode-00000008-slot-3.json,200,d6e2bff25695ff41f5a0fa0cdbe317ca13b04bb3bd66ed1147f02188b08e5330
benchmark,logs/benchmark/snapshot-control-20261003,logs/benchmark/snapshot-control-20261003/replays/0d857883cdd9499bb23be398e1fab017/episode-00000009-slot-2.json,199,5021ad2da5f72edbd612239aae6f856db744a9e75c21421f056f2c9a5dac7bf1
benchmark,logs/benchmark/snapshot-control-20261003,logs/benchmark/snapshot-control-20261003/replays/0d857883cdd9499bb23be398e1fab017/episode-00000010-slot-1.json,199,aee487d07fbd989d77c3d607203a01c4001a9f1fc2936f5861112f75414349c7
benchmark,logs/benchmark/snapshot-control-20261003,logs/benchmark/snapshot-control-20261003/replays/0d857883cdd9499bb23be398e1fab017/episode-00000011-slot-0.json,199,2c72875bcddafb9319c7fc8085f81d394c63adbfb7b0b7c2b20fc52443335ebf
benchmark,logs/benchmark/snapshot-control-20261003,logs/benchmark/snapshot-control-20261003/replays/0d857883cdd9499bb23be398e1fab017/episode-00000012-slot-3.json,200,bde56d26487daa457a676a1d1afb789a63579fb234e1f422c15bb7ee47086e23
benchmark,logs/benchmark/snapshot-control-20261003,logs/benchmark/snapshot-control-20261003/replays/0d857883cdd9499bb23be398e1fab017/episode-00000013-slot-1.json,200,d4b16d9ef7c518e5c50a6c237894b9d4e842ee8656bc1bb44e21dbf9b0643c73
benchmark,logs/benchmark/snapshot-control-20261003,logs/benchmark/snapshot-control-20261003/replays/0d857883cdd9499bb23be398e1fab017/episode-00000014-slot-2.json,200,cf48f353d9c00f00d9ba25e6b50a5cd86c17d8a7def0ba91e6c0256a4af6fe88
benchmark,logs/benchmark/snapshot-control-20261003,logs/benchmark/snapshot-control-20261003/replays/0d857883cdd9499bb23be398e1fab017/episode-00000015-slot-0.json,200,d341f3e71eca82a7824304f82c80e1b116e9765f2adbe1e80b855837e07cc440
benchmark,logs/benchmark/snapshot-control-20261003,logs/benchmark/snapshot-control-20261003/replays/0d857883cdd9499bb23be398e1fab017/episode-00000016-slot-3.json,200,b6c660ce612d6207745955a9cff7b4e91464987b54fc76de70ff53d6d0aefaa4
benchmark,logs/benchmark/snapshot-control-20261003,logs/benchmark/snapshot-control-20261003/result.json,144435,80f3ce7b0432e96116774a32d048e8c1c1be62e3d163c1b2cf3f9887f6b0a3e4
benchmark,logs/benchmark/snapshot-verification-20261003,logs/benchmark/snapshot-verification-20261003/config.yaml,16968,e2390a5b792520a533e8a706dc30d1a7d1b8bb64e038063a8c8e6ccde8c9cb21
benchmark,logs/benchmark/snapshot-verification-20261003,logs/benchmark/snapshot-verification-20261003/plan.json,12800,f5b66bff5d52384af0b2501d6d64e1a1f45bc4702a7ce2d4f89675d83e197372
benchmark,logs/benchmark/snapshot-verification-20261003,logs/benchmark/snapshot-verification-20261003/progress.json,105419,df2ed9fa8512f152f798152deb01728e9ef395965a14ca25b6e6b375f4736334
benchmark,logs/benchmark/snapshot-verification-20261003,logs/benchmark/snapshot-verification-20261003/replays/e985efcd2abc4a4484804eae1492941e/episode-00000001-slot-3.json,200,b15ce0747bc97d1b1fb93a5fc1414f082338969b09d2939a303721d2caf15f6b
benchmark,logs/benchmark/snapshot-verification-20261003,logs/benchmark/snapshot-verification-20261003/replays/e985efcd2abc4a4484804eae1492941e/episode-00000002-slot-0.json,199,9ec13b061ba04f95f3e7b729e6ca6a0d59a1cc776a7c070f869d761d8b0800fe
benchmark,logs/benchmark/snapshot-verification-20261003,logs/benchmark/snapshot-verification-20261003/replays/e985efcd2abc4a4484804eae1492941e/episode-00000003-slot-1.json,199,b1aa17a2a7142318328b6df0fc3f2f96c5b7dcd2b34bf1df1e36de1c016d2c37
benchmark,logs/benchmark/snapshot-verification-20261003,logs/benchmark/snapshot-verification-20261003/replays/e985efcd2abc4a4484804eae1492941e/episode-00000004-slot-2.json,199,96ef587e2ad036e26596b0561d834888be70e71d9b3f8ea7909c02fd035353b9
benchmark,logs/benchmark/snapshot-verification-20261003,logs/benchmark/snapshot-verification-20261003/replays/e985efcd2abc4a4484804eae1492941e/episode-00000005-slot-1.json,200,0c31824e21a8682ede675c45763cad1ea18e7760b0f04c8b51bbf263b95554fc
benchmark,logs/benchmark/snapshot-verification-20261003,logs/benchmark/snapshot-verification-20261003/replays/e985efcd2abc4a4484804eae1492941e/episode-00000006-slot-0.json,200,3531e0af8a79f8bc8609daec9c361b909469783c17ac0ee19a5e7abb9ca116c9
benchmark,logs/benchmark/snapshot-verification-20261003,logs/benchmark/snapshot-verification-20261003/replays/e985efcd2abc4a4484804eae1492941e/episode-00000007-slot-2.json,200,00bc57b3f8b80b02f43add59dc8275f872a820366ae32426577831811b725cea
benchmark,logs/benchmark/snapshot-verification-20261003,logs/benchmark/snapshot-verification-20261003/replays/e985efcd2abc4a4484804eae1492941e/episode-00000008-slot-3.json,200,d6e2bff25695ff41f5a0fa0cdbe317ca13b04bb3bd66ed1147f02188b08e5330
benchmark,logs/benchmark/snapshot-verification-20261003,logs/benchmark/snapshot-verification-20261003/replays/e985efcd2abc4a4484804eae1492941e/episode-00000009-slot-2.json,199,5021ad2da5f72edbd612239aae6f856db744a9e75c21421f056f2c9a5dac7bf1
benchmark,logs/benchmark/snapshot-verification-20261003,logs/benchmark/snapshot-verification-20261003/replays/e985efcd2abc4a4484804eae1492941e/episode-00000010-slot-1.json,199,aee487d07fbd989d77c3d607203a01c4001a9f1fc2936f5861112f75414349c7
benchmark,logs/benchmark/snapshot-verification-20261003,logs/benchmark/snapshot-verification-20261003/replays/e985efcd2abc4a4484804eae1492941e/episode-00000011-slot-0.json,199,2c72875bcddafb9319c7fc8085f81d394c63adbfb7b0b7c2b20fc52443335ebf
benchmark,logs/benchmark/snapshot-verification-20261003,logs/benchmark/snapshot-verification-20261003/replays/e985efcd2abc4a4484804eae1492941e/episode-00000012-slot-3.json,200,bde56d26487daa457a676a1d1afb789a63579fb234e1f422c15bb7ee47086e23
benchmark,logs/benchmark/snapshot-verification-20261003,logs/benchmark/snapshot-verification-20261003/replays/e985efcd2abc4a4484804eae1492941e/episode-00000013-slot-1.json,200,d4b16d9ef7c518e5c50a6c237894b9d4e842ee8656bc1bb44e21dbf9b0643c73
benchmark,logs/benchmark/snapshot-verification-20261003,logs/benchmark/snapshot-verification-20261003/replays/e985efcd2abc4a4484804eae1492941e/episode-00000014-slot-2.json,200,cf48f353d9c00f00d9ba25e6b50a5cd86c17d8a7def0ba91e6c0256a4af6fe88
benchmark,logs/benchmark/snapshot-verification-20261003,logs/benchmark/snapshot-verification-20261003/replays/e985efcd2abc4a4484804eae1492941e/episode-00000015-slot-0.json,200,d341f3e71eca82a7824304f82c80e1b116e9765f2adbe1e80b855837e07cc440
benchmark,logs/benchmark/snapshot-verification-20261003,logs/benchmark/snapshot-verification-20261003/replays/e985efcd2abc4a4484804eae1492941e/episode-00000016-slot-3.json,200,b6c660ce612d6207745955a9cff7b4e91464987b54fc76de70ff53d6d0aefaa4
benchmark,logs/benchmark/snapshot-verification-20261003,logs/benchmark/snapshot-verification-20261003/result.json,144435,a4cd8972bea92b204a65d62301df7648886002658b5779987aae10d27c4a40db
benchmark,logs/benchmark/snapshot-verification-20261003,logs/benchmark/snapshot-verification-20261003/snapshot-verification/pid-304.json,310,d909047ce16d29b9564a79bc715ad3395d185c72c53630f82ab876fc3020c4e7
benchmark,logs/benchmark/snapshot-verification-20261003,logs/benchmark/snapshot-verification-20261003/snapshot-verification/pid-312.json,318,ed7d795a6144fef2a59ca5356a1729145df5f5a9d2ec81c4ed5d959f9b3f9926
benchmark,logs/benchmark/snapshot-verification-20261003,logs/benchmark/snapshot-verification-20261003/snapshot-verification/pid-320.json,310,0ec48613fd9bde980b1dc710d660342fc4b564bb423ad8b3b298c990e12022b0
benchmark,logs/benchmark/snapshot-verification-20261003,logs/benchmark/snapshot-verification-20261003/snapshot-verification/pid-344.json,317,7c520514a2060cb4609a51f8d85c2648d711edd35704ba8f5806804ab9ca0e66
benchmark,logs/benchmark/snapshot-verification-20261003,logs/benchmark/snapshot-verification-20261003/snapshot-verification/pid-880.json,326,7470585e4dba957f300aab19a299f4893dab90493a3dca6f6f9e21997a4e3b69
benchmark,logs/benchmark/snapshot-verification-20261003,logs/benchmark/snapshot-verification-20261003/snapshot-verification/pid-888.json,292,17c20718dd88d617200bd678ebd650f3f854e855c9a054dcae9f63224af811de
benchmark,logs/benchmark/snapshot-verification-20261003,logs/benchmark/snapshot-verification-20261003/snapshot-verification/pid-896.json,310,f6cdf33f9166e1f0bb9e25236b99d5eb329d7c39e80ab04e19d0057b51c7248d
benchmark,logs/benchmark/snapshot-verification-20261003,logs/benchmark/snapshot-verification-20261003/snapshot-verification/pid-916.json,327,238784b007d2d23f2dd3488781d719c804ff2919a574b40dbb760327b1446250
demonstrations,logs/demonstrations/address-matched-noise-marisa-reimu-20261003,logs/demonstrations/address-matched-noise-marisa-reimu-20261003/config.yaml,14438,3ce306c0470dc5b21f571a08ae92dff34152f46b00924719a46eb91517cce05f
demonstrations,logs/demonstrations/address-matched-noise-marisa-reimu-20261003,logs/demonstrations/address-matched-noise-marisa-reimu-20261003/episodes/manifest.json,28996,4263caf0cb7cb091af3c5934fe2e2aabeeaabada3cb6292f56b656eb8d106c4d
demonstrations,logs/demonstrations/address-matched-noise-marisa-reimu-20261003,logs/demonstrations/address-matched-noise-marisa-reimu-20261003/episodes/plan.json,4071,f355012ea0c59f168137996246fba8e9191b7e2790d55c4a25d13dfecf5b919c
demonstrations,logs/demonstrations/address-matched-noise-marisa-reimu-20261003,logs/demonstrations/address-matched-noise-marisa-reimu-20261003/identity.json,56851,9174a9b5c543fa7df176a4c6d978aa9be98033b0f758def756c225144c477783
demonstrations,logs/demonstrations/address-matched-noise-marisa-reimu-20261003,logs/demonstrations/address-matched-noise-marisa-reimu-20261003/replays/4580c193646044a2af633b40f1ee0f04/episode-00000001-slot-5.json,200,642dd770b2c9823d6207c685e5674995d7b2e685b94db0aef9d8762bc0c3581e
demonstrations,logs/demonstrations/address-matched-noise-marisa-reimu-20261003,logs/demonstrations/address-matched-noise-marisa-reimu-20261003/replays/4580c193646044a2af633b40f1ee0f04/episode-00000002-slot-4.json,200,b7058ed5372c463418a7d676fa844690dc0d5fc843eb240202efaf092f6474ca
demonstrations,logs/demonstrations/address-matched-noise-marisa-reimu-20261003,logs/demonstrations/address-matched-noise-marisa-reimu-20261003/replays/4580c193646044a2af633b40f1ee0f04/episode-00000003-slot-0.json,200,d53ac4d6650b953f61cdcd79c727ccaa4bc661929b6eb608331128eb4d539072
demonstrations,logs/demonstrations/address-matched-noise-marisa-reimu-20261003,logs/demonstrations/address-matched-noise-marisa-reimu-20261003/replays/4580c193646044a2af633b40f1ee0f04/episode-00000004-slot-7.json,198,4c2451811514b347fdefa107cf3054f0ba7e1d364275cfdb410a4b76912f1d53
demonstrations,logs/demonstrations/address-matched-noise-marisa-reimu-20261003,logs/demonstrations/address-matched-noise-marisa-reimu-20261003/replays/4580c193646044a2af633b40f1ee0f04/episode-00000005-slot-1.json,200,e53d33fb165c4f4b34033e04a2309b438631854ba29bfd61c456da5347768562
demonstrations,logs/demonstrations/address-matched-noise-marisa-reimu-20261003,logs/demonstrations/address-matched-noise-marisa-reimu-20261003/replays/4580c193646044a2af633b40f1ee0f04/episode-00000006-slot-2.json,200,284f14909db1fe31a431421f8211890e1b3f597246d825dea8ac06b666d4f778
demonstrations,logs/demonstrations/address-matched-noise-marisa-reimu-20261003,logs/demonstrations/address-matched-noise-marisa-reimu-20261003/replays/4580c193646044a2af633b40f1ee0f04/episode-00000007-slot-6.json,200,4e025fc033ebd6befca63c7fdb2dce1e3b4fcb578020f5dad7c0a4923d37c35b
demonstrations,logs/demonstrations/address-matched-noise-marisa-reimu-20261003,logs/demonstrations/address-matched-noise-marisa-reimu-20261003/replays/4580c193646044a2af633b40f1ee0f04/episode-00000008-slot-3.json,200,bdc1933ded74576afeee003b14e63d81ad16ce1592dcd3e73c9269bea4d17387
demonstrations,logs/demonstrations/address-matched-noise-marisa-reimu-20261003,logs/demonstrations/address-matched-noise-marisa-reimu-20261003/result.json,124,83303804dc8648f6bd6c99496592b28d093a62ca9b1ea84a555188cd3bf13ee5
demonstrations,logs/demonstrations/address-noisy-marisa-reimu-20261003,logs/demonstrations/address-noisy-marisa-reimu-20261003/config.yaml,13668,2fb57f1501d37abd574a95a7a73736a18761b42a04039a4ad1c8643cb833ed07
demonstrations,logs/demonstrations/address-noisy-marisa-reimu-20261003,logs/demonstrations/address-noisy-marisa-reimu-20261003/episodes/manifest.json,59019,6d1ba45bab58e2f3255a43ce389981f4fac5147fcce733025a8eff25a3f657ee
demonstrations,logs/demonstrations/address-noisy-marisa-reimu-20261003,logs/demonstrations/address-noisy-marisa-reimu-20261003/episodes/plan.json,4080,752bd6e8841293dcad9f5bae6bd2dc4bcf85e7ca74b91ce65a4d772ebeba4204
demonstrations,logs/demonstrations/address-noisy-marisa-reimu-20261003,logs/demonstrations/address-noisy-marisa-reimu-20261003/identity.json,56607,1d14263ea179f758ea014a0cec339aae3c8b4f1fa59544c75626e211601bb86e
demonstrations,logs/demonstrations/address-noisy-marisa-reimu-20261003,logs/demonstrations/address-noisy-marisa-reimu-20261003/replays/471cf0a3c8a4494eba1bd5fb062de183/episode-00000001-slot-7.json,200,9b526a46bfc75e6b8411c1c7c0ca1879ec6190488bdb551260dc09ffa3f2f538
demonstrations,logs/demonstrations/address-noisy-marisa-reimu-20261003,logs/demonstrations/address-noisy-marisa-reimu-20261003/replays/471cf0a3c8a4494eba1bd5fb062de183/episode-00000002-slot-4.json,200,31887c02497b39e3614df111334643d7d099cd8f13f5a263bff70bf1911756ae
demonstrations,logs/demonstrations/address-noisy-marisa-reimu-20261003,logs/demonstrations/address-noisy-marisa-reimu-20261003/replays/471cf0a3c8a4494eba1bd5fb062de183/episode-00000003-slot-3.json,200,eaf42023bae9c2cd06be45e60a7a92612103eafc37341f33421eb36432eebd63
demonstrations,logs/demonstrations/address-noisy-marisa-reimu-20261003,logs/demonstrations/address-noisy-marisa-reimu-20261003/replays/471cf0a3c8a4494eba1bd5fb062de183/episode-00000004-slot-0.json,200,d001b44053f4721a562d1f91e7c0718338ce704826723a81c08750fe6537a67e
demonstrations,logs/demonstrations/address-noisy-marisa-reimu-20261003,logs/demonstrations/address-noisy-marisa-reimu-20261003/replays/471cf0a3c8a4494eba1bd5fb062de183/episode-00000005-slot-5.json,200,a35c673acc82392df15d1711074640fed0885a16bd810da4953344d706a4f04d
demonstrations,logs/demonstrations/address-noisy-marisa-reimu-20261003,logs/demonstrations/address-noisy-marisa-reimu-20261003/replays/471cf0a3c8a4494eba1bd5fb062de183/episode-00000006-slot-1.json,204,13480a308dda773cffa7207bc79b71b9bdd02fead2cd1bf0020278275959a06d
demonstrations,logs/demonstrations/address-noisy-marisa-reimu-20261003,logs/demonstrations/address-noisy-marisa-reimu-20261003/replays/471cf0a3c8a4494eba1bd5fb062de183/episode-00000007-slot-2.json,204,c9fe5f4dec164ca8c01d084db431d11319f20d9583f91451d2296f58b12907e9
demonstrations,logs/demonstrations/address-noisy-marisa-reimu-20261003,logs/demonstrations/address-noisy-marisa-reimu-20261003/replays/471cf0a3c8a4494eba1bd5fb062de183/episode-00000008-slot-6.json,204,59cbb5137c3f9cae4f2133a9fdc6dd4ac0dedaf7a5241a04ef01ff0510208790
demonstrations,logs/demonstrations/address-noisy-marisa-reimu-20261003,logs/demonstrations/address-noisy-marisa-reimu-20261003/replays/471cf0a3c8a4494eba1bd5fb062de183/episode-00000009-slot-7.json,199,6564e0a27d698d773d00024e2f88264a4027ff0cd684f079503abcc742318d48
demonstrations,logs/demonstrations/address-noisy-marisa-reimu-20261003,logs/demonstrations/address-noisy-marisa-reimu-20261003/replays/471cf0a3c8a4494eba1bd5fb062de183/episode-00000010-slot-2.json,200,3831156016efc47dc777b1835d768e5ed9f696f53078b76ce035ae744307c010
demonstrations,logs/demonstrations/address-noisy-marisa-reimu-20261003,logs/demonstrations/address-noisy-marisa-reimu-20261003/replays/471cf0a3c8a4494eba1bd5fb062de183/episode-00000011-slot-6.json,200,8961fe95db72f7bd7d0ad0470b4727a01fdc629afb27f927efba8a8b20845aa1
demonstrations,logs/demonstrations/address-noisy-marisa-reimu-20261003,logs/demonstrations/address-noisy-marisa-reimu-20261003/replays/471cf0a3c8a4494eba1bd5fb062de183/episode-00000012-slot-1.json,200,e919ffce1e7d90d5f00d706c163b33e63eb82b5839143f0c0b651e7e9dfe1c1f
demonstrations,logs/demonstrations/address-noisy-marisa-reimu-20261003,logs/demonstrations/address-noisy-marisa-reimu-20261003/replays/471cf0a3c8a4494eba1bd5fb062de183/episode-00000013-slot-0.json,200,ba7759e394b3576dcb390f995cf22fe2a54577225abf9c4660356bd097934d64
demonstrations,logs/demonstrations/address-noisy-marisa-reimu-20261003,logs/demonstrations/address-noisy-marisa-reimu-20261003/replays/471cf0a3c8a4494eba1bd5fb062de183/episode-00000014-slot-5.json,200,9089adff026a4de7469f6b12e7b720845a6deac8ca0b007770d30ec3f260aea3
demonstrations,logs/demonstrations/address-noisy-marisa-reimu-20261003,logs/demonstrations/address-noisy-marisa-reimu-20261003/replays/471cf0a3c8a4494eba1bd5fb062de183/episode-00000015-slot-3.json,204,df5526ba851e8e6c57f95f3e91007b954dd5f4a5ec03a387ebf2ef5424a02dba
demonstrations,logs/demonstrations/address-noisy-marisa-reimu-20261003,logs/demonstrations/address-noisy-marisa-reimu-20261003/replays/471cf0a3c8a4494eba1bd5fb062de183/episode-00000016-slot-4.json,203,eeea6ca0892252340d4776fdd6ae4a3f0590b44299582af55d7b5c65aa360a05
demonstrations,logs/demonstrations/address-noisy-marisa-reimu-20261003,logs/demonstrations/address-noisy-marisa-reimu-20261003/result.json,64489,a3aa6d96de353d395bc10b642119a5d8dbad8f57de88f2cba92a705f94cc65f6
demonstrations,logs/demonstrations/address-recovery-marisa-reimu-20261002,logs/demonstrations/address-recovery-marisa-reimu-20261002/config.yaml,13557,79cc4ac51d0af46cce8b30b6a297eab2ccb4d9cbb13da50d3062102d7f9b2e83
demonstrations,logs/demonstrations/address-recovery-marisa-reimu-20261002,logs/demonstrations/address-recovery-marisa-reimu-20261002/episodes/manifest.json,57384,98809f16db1daee775cd07f359f2fdf34573950620776bb547b29348d2804a4e
demonstrations,logs/demonstrations/address-recovery-marisa-reimu-20261002,logs/demonstrations/address-recovery-marisa-reimu-20261002/episodes/plan.json,4064,473678f3a328fbd119a10cc329b9ca951f60addb96b0bac39b44db1d8d114cdb
demonstrations,logs/demonstrations/address-recovery-marisa-reimu-20261002,logs/demonstrations/address-recovery-marisa-reimu-20261002/identity.json,52740,ad617bd3cbce058909cb161082fe58a75f79fd1e5c5f97dac56a98cef6b8fc36
demonstrations,logs/demonstrations/address-recovery-marisa-reimu-20261002,logs/demonstrations/address-recovery-marisa-reimu-20261002/replays/1fabe0f2b713431a834fae893e9ececf/episode-00000001-slot-5.json,199,3b3f20a7cd42755cf2be159d1a87cbaa15fd0d0e900960a7e65fdb06633e40ab
demonstrations,logs/demonstrations/address-recovery-marisa-reimu-20261002,logs/demonstrations/address-recovery-marisa-reimu-20261002/replays/1fabe0f2b713431a834fae893e9ececf/episode-00000002-slot-7.json,200,c9b2d80444a8760735f9e83016791bfc55744a67e371531ade7431a20a1644e3
demonstrations,logs/demonstrations/address-recovery-marisa-reimu-20261002,logs/demonstrations/address-recovery-marisa-reimu-20261002/replays/1fabe0f2b713431a834fae893e9ececf/episode-00000003-slot-6.json,199,ba515e10689f17bc41680c38935fd81a2085532590dd543a499544c447562e98
demonstrations,logs/demonstrations/address-recovery-marisa-reimu-20261002,logs/demonstrations/address-recovery-marisa-reimu-20261002/replays/1fabe0f2b713431a834fae893e9ececf/episode-00000004-slot-0.json,199,def8145a12c9f60ca1c64e2274a8a05db3df7d7db3cba84b70e807973d98da50
demonstrations,logs/demonstrations/address-recovery-marisa-reimu-20261002,logs/demonstrations/address-recovery-marisa-reimu-20261002/replays/1fabe0f2b713431a834fae893e9ececf/episode-00000005-slot-1.json,204,560df3c98a788d800088dbe7e8193ef18f73b0678e814aef19a4607e9830a849
demonstrations,logs/demonstrations/address-recovery-marisa-reimu-20261002,logs/demonstrations/address-recovery-marisa-reimu-20261002/replays/1fabe0f2b713431a834fae893e9ececf/episode-00000006-slot-2.json,204,b5ec8e31d5f0b74a473e0ebb81489ab7c8dee2d94fe3a08b562404f04dd70c3f
demonstrations,logs/demonstrations/address-recovery-marisa-reimu-20261002,logs/demonstrations/address-recovery-marisa-reimu-20261002/replays/1fabe0f2b713431a834fae893e9ececf/episode-00000007-slot-3.json,203,49c34d4a4a6470ebfb5aaa16553b1449673b66f77b3bf19a2fbf9d4c1fbaf9e8
demonstrations,logs/demonstrations/address-recovery-marisa-reimu-20261002,logs/demonstrations/address-recovery-marisa-reimu-20261002/replays/1fabe0f2b713431a834fae893e9ececf/episode-00000008-slot-4.json,203,899ad7c80610b4dfc2bdd254dc9e58a71ab67ead49530fd274ff54eb57a9d8c5
demonstrations,logs/demonstrations/address-recovery-marisa-reimu-20261002,logs/demonstrations/address-recovery-marisa-reimu-20261002/replays/1fabe0f2b713431a834fae893e9ececf/episode-00000009-slot-5.json,200,21846d7de90c717188e8e51129b0533caa088913b4b1c3fda734ad6f8e814505
demonstrations,logs/demonstrations/address-recovery-marisa-reimu-20261002,logs/demonstrations/address-recovery-marisa-reimu-20261002/replays/1fabe0f2b713431a834fae893e9ececf/episode-00000010-slot-1.json,198,a5b043a8bf7097151065d9cd063d3c06c579f8b75b72e57fe7aa37695bae3e23
demonstrations,logs/demonstrations/address-recovery-marisa-reimu-20261002,logs/demonstrations/address-recovery-marisa-reimu-20261002/replays/1fabe0f2b713431a834fae893e9ececf/episode-00000011-slot-3.json,200,c7e63c53de7c044447e1c0d3a6ebc2e9e5453a6c09e258d3ae608027d3debf03
demonstrations,logs/demonstrations/address-recovery-marisa-reimu-20261002,logs/demonstrations/address-recovery-marisa-reimu-20261002/replays/1fabe0f2b713431a834fae893e9ececf/episode-00000012-slot-2.json,200,7cff95727b6696bb38a207e7dfc28454b9d472dc8c74160d7ec634111ce786d5
demonstrations,logs/demonstrations/address-recovery-marisa-reimu-20261002,logs/demonstrations/address-recovery-marisa-reimu-20261002/replays/1fabe0f2b713431a834fae893e9ececf/episode-00000013-slot-7.json,200,cff1e3fc83c9535fba7e5c42b96c70844ca1794d9a3108697eea4ead50925e45
demonstrations,logs/demonstrations/address-recovery-marisa-reimu-20261002,logs/demonstrations/address-recovery-marisa-reimu-20261002/replays/1fabe0f2b713431a834fae893e9ececf/episode-00000014-slot-6.json,199,ce38391d8d7fd2aaa01353120139eb9adb2f950d03818bddd521f4828837fc32
demonstrations,logs/demonstrations/address-recovery-marisa-reimu-20261002,logs/demonstrations/address-recovery-marisa-reimu-20261002/replays/1fabe0f2b713431a834fae893e9ececf/episode-00000015-slot-0.json,201,d675cb0388405cfd92805ab0a1d35a467f0ed54b95ae7a56d0467f8f42ffd0bd
demonstrations,logs/demonstrations/address-recovery-marisa-reimu-20261002,logs/demonstrations/address-recovery-marisa-reimu-20261002/replays/1fabe0f2b713431a834fae893e9ececf/episode-00000016-slot-4.json,204,4c3a508315b8f1460dfbc89d6781db743043a302a8413091d60f15b1d90fb57c
demonstrations,logs/demonstrations/address-recovery-marisa-reimu-20261002,logs/demonstrations/address-recovery-marisa-reimu-20261002/result.json,62679,f66c40c5bb2f37e08e005f5dc2cd775b7632ce1401c562e501c070cdaddcf724
demonstrations,logs/demonstrations/god-marisa-reimu-20261001,logs/demonstrations/god-marisa-reimu-20261001/config.yaml,7620,42c0eb73520a8f3639a08bbda3733f12b8b6b8449acfd41d2843656947a6b982
demonstrations,logs/demonstrations/god-marisa-reimu-20261001,logs/demonstrations/god-marisa-reimu-20261001/episodes/manifest.json,54691,4b644552e4123aef96c55a17a72c173c2c810b1b8d3706b952d352b84deff252
demonstrations,logs/demonstrations/god-marisa-reimu-20261001,logs/demonstrations/god-marisa-reimu-20261001/episodes/plan.json,3553,7e61441ca39a58184ae5d91a4cb3f82cc5e03725ca3a171ae23ed75c71fde946
demonstrations,logs/demonstrations/god-marisa-reimu-20261001,logs/demonstrations/god-marisa-reimu-20261001/identity.json,40981,1fc289e7ed288c1d8b4d80c2d085d41f26a8e47b5a77f4774952bf61565aaa23
demonstrations,logs/demonstrations/god-marisa-reimu-20261001,logs/demonstrations/god-marisa-reimu-20261001/replays/ff5033e7c4804aa5929c14a95571154a/episode-00000001-slot-0.json,204,34319765a33002944602ee780add91dc94a05940741537b8e7751ce29247d206
demonstrations,logs/demonstrations/god-marisa-reimu-20261001,logs/demonstrations/god-marisa-reimu-20261001/replays/ff5033e7c4804aa5929c14a95571154a/episode-00000002-slot-1.json,204,a9616d7167dab4fc6b5e4156ca8a3a3056fa53cadf6d0d5b0f89d221ff826b34
demonstrations,logs/demonstrations/god-marisa-reimu-20261001,logs/demonstrations/god-marisa-reimu-20261001/replays/ff5033e7c4804aa5929c14a95571154a/episode-00000003-slot-2.json,202,6cbf987774a4c577c332ef1593efe8dc63b6d8960c08a55ab3974928e65ffde0
demonstrations,logs/demonstrations/god-marisa-reimu-20261001,logs/demonstrations/god-marisa-reimu-20261001/replays/ff5033e7c4804aa5929c14a95571154a/episode-00000004-slot-3.json,203,63bf82328c53b454eb2bfd268fabc87c67ead91c97dc74c8b751ed2f75c0b6e4
demonstrations,logs/demonstrations/god-marisa-reimu-20261001,logs/demonstrations/god-marisa-reimu-20261001/replays/ff5033e7c4804aa5929c14a95571154a/episode-00000005-slot-2.json,200,5ee7b9df4ab89cf64396b09214f989f904f80a2215be2731569f300c23a94d72
demonstrations,logs/demonstrations/god-marisa-reimu-20261001,logs/demonstrations/god-marisa-reimu-20261001/replays/ff5033e7c4804aa5929c14a95571154a/episode-00000006-slot-3.json,199,e96439ae776357aed651e69bacfebd8a4d851b67bb0f93990a861b8e78034987
demonstrations,logs/demonstrations/god-marisa-reimu-20261001,logs/demonstrations/god-marisa-reimu-20261001/replays/ff5033e7c4804aa5929c14a95571154a/episode-00000007-slot-0.json,204,2493ba774cf6806481cd0bce66c5c933a1734785de146df4be571674da33846b
demonstrations,logs/demonstrations/god-marisa-reimu-20261001,logs/demonstrations/god-marisa-reimu-20261001/replays/ff5033e7c4804aa5929c14a95571154a/episode-00000008-slot-1.json,204,9347f9818ce8654bb9b10f981f2004bba9da58c11bab93e07969edf3f8ba6acb
demonstrations,logs/demonstrations/god-marisa-reimu-20261001,logs/demonstrations/god-marisa-reimu-20261001/replays/ff5033e7c4804aa5929c14a95571154a/episode-00000009-slot-1.json,200,f865b9c4b7852d9ff61fd547474f4b4feafde95ae96de8acbedae4a0f96d625e
demonstrations,logs/demonstrations/god-marisa-reimu-20261001,logs/demonstrations/god-marisa-reimu-20261001/replays/ff5033e7c4804aa5929c14a95571154a/episode-00000010-slot-3.json,200,6df6526ffafcef9c02767470a24ef10090fa302a5e3c28f03a51aede0d14a7ea
demonstrations,logs/demonstrations/god-marisa-reimu-20261001,logs/demonstrations/god-marisa-reimu-20261001/replays/ff5033e7c4804aa5929c14a95571154a/episode-00000011-slot-0.json,204,e63df52a1f4857daa7381e6b143224a8751c9baa4f612de07b4bdb02962871f4
demonstrations,logs/demonstrations/god-marisa-reimu-20261001,logs/demonstrations/god-marisa-reimu-20261001/replays/ff5033e7c4804aa5929c14a95571154a/episode-00000012-slot-2.json,204,c180994a7878ff0afcb2eb6dc896fbde5f7231d7a3605944aadded604bc3eeda
demonstrations,logs/demonstrations/god-marisa-reimu-20261001,logs/demonstrations/god-marisa-reimu-20261001/replays/ff5033e7c4804aa5929c14a95571154a/episode-00000013-slot-0.json,200,7f5e795339ecb21af904d81289f704f236ec9a5f1fe81434560c0335daf68c79
demonstrations,logs/demonstrations/god-marisa-reimu-20261001,logs/demonstrations/god-marisa-reimu-20261001/replays/ff5033e7c4804aa5929c14a95571154a/episode-00000014-slot-1.json,200,cfa08d0cb44ef14fe1c3b11ea86b18d938b1b8a10422c22a631a2b67bfd72dfc
demonstrations,logs/demonstrations/god-marisa-reimu-20261001,logs/demonstrations/god-marisa-reimu-20261001/replays/ff5033e7c4804aa5929c14a95571154a/episode-00000015-slot-3.json,200,fcf51516025a3aad5e7ba2c3b2a9e276362788424ccc0a272ff154d822b909a5
demonstrations,logs/demonstrations/god-marisa-reimu-20261001,logs/demonstrations/god-marisa-reimu-20261001/replays/ff5033e7c4804aa5929c14a95571154a/episode-00000016-slot-2.json,203,852db3a84b9af3fc052076222417301c3b7fe0caab00a0bdb82a29f601bda669
demonstrations,logs/demonstrations/god-marisa-reimu-20261001,logs/demonstrations/god-marisa-reimu-20261001/result.json,59813,90dad0086a90bac293b7eade10f2361d89f57a6a8823408180b4cbaa16b68a61
demonstrations,logs/demonstrations/god-marisa-reimu-expanded-20261001,logs/demonstrations/god-marisa-reimu-expanded-20261001/config.yaml,8413,b3f344ac60fd07d9c1fb802bda8b85f8b80ae222f7fc11740b76941bb0041f01
demonstrations,logs/demonstrations/god-marisa-reimu-expanded-20261001,logs/demonstrations/god-marisa-reimu-expanded-20261001/episodes/manifest.json,111879,e2aa7ff3e24b86b9d0c8f36f331745ac02fc16bfc878523527122a01b6deaf92
demonstrations,logs/demonstrations/god-marisa-reimu-expanded-20261001,logs/demonstrations/god-marisa-reimu-expanded-20261001/episodes/plan.json,8153,ab966a566f1336f24c8d6e70eb7ff8755af660a2f119085d4343004cac7e469c
demonstrations,logs/demonstrations/god-marisa-reimu-expanded-20261001,logs/demonstrations/god-marisa-reimu-expanded-20261001/identity.json,42966,d850591d2653358c153f10fd5e9204ee7efc7b4dfa969c5b65e5c2f5a0bd7b6a
demonstrations,logs/demonstrations/god-marisa-reimu-expanded-20261001,logs/demonstrations/god-marisa-reimu-expanded-20261001/replays/c6fe932eb8664f84b1bde82dce2199e5/episode-00000001-slot-1.json,200,23de4f8ea76806cadf4614519428e0fe3ebf399352ea76e7ed9978c8d8d9925a
demonstrations,logs/demonstrations/god-marisa-reimu-expanded-20261001,logs/demonstrations/god-marisa-reimu-expanded-20261001/replays/c6fe932eb8664f84b1bde82dce2199e5/episode-00000002-slot-7.json,200,007451013ab42d735a5e3a0a7df083b77ecb1b8ef95d20534172ec9606c01e97
demonstrations,logs/demonstrations/god-marisa-reimu-expanded-20261001,logs/demonstrations/god-marisa-reimu-expanded-20261001/replays/c6fe932eb8664f84b1bde82dce2199e5/episode-00000003-slot-5.json,200,d0ce0301296bedb2b7776539247abafa5f1b3bc593e3ce27d25e9d8e7a0f6bf5
demonstrations,logs/demonstrations/god-marisa-reimu-expanded-20261001,logs/demonstrations/god-marisa-reimu-expanded-20261001/replays/c6fe932eb8664f84b1bde82dce2199e5/episode-00000004-slot-0.json,200,a8a38684e7efe072f41f0e374bd0081ff9efa206fd0579b52e74c7898b5b1d61
demonstrations,logs/demonstrations/god-marisa-reimu-expanded-20261001,logs/demonstrations/god-marisa-reimu-expanded-20261001/replays/c6fe932eb8664f84b1bde82dce2199e5/episode-00000005-slot-2.json,204,b253894b58b536214e881a8895de3a2edaf9bf3cf8b614c9229a41aac774ff48
demonstrations,logs/demonstrations/god-marisa-reimu-expanded-20261001,logs/demonstrations/god-marisa-reimu-expanded-20261001/replays/c6fe932eb8664f84b1bde82dce2199e5/episode-00000006-slot-3.json,204,b5b5693bc0ab073cc69946afc4a724af0b1dc5d0d55e841a0315b252450c0b3b
demonstrations,logs/demonstrations/god-marisa-reimu-expanded-20261001,logs/demonstrations/god-marisa-reimu-expanded-20261001/replays/c6fe932eb8664f84b1bde82dce2199e5/episode-00000007-slot-4.json,203,3a1a447792d0fd507ffdc083bbd6e377a4346b511d5843fdb3638d0f8590f465
demonstrations,logs/demonstrations/god-marisa-reimu-expanded-20261001,logs/demonstrations/god-marisa-reimu-expanded-20261001/replays/c6fe932eb8664f84b1bde82dce2199e5/episode-00000008-slot-6.json,203,adf164eb2797bcf0e14b69bca3852ae7e5facc6687d12b82682e48ad5d370573
demonstrations,logs/demonstrations/god-marisa-reimu-expanded-20261001,logs/demonstrations/god-marisa-reimu-expanded-20261001/replays/c6fe932eb8664f84b1bde82dce2199e5/episode-00000009-slot-5.json,199,b76c9719ae8d280d1de43f126734ca0963d126816831382a56da10bfbff7e971
demonstrations,logs/demonstrations/god-marisa-reimu-expanded-20261001,logs/demonstrations/god-marisa-reimu-expanded-20261001/replays/c6fe932eb8664f84b1bde82dce2199e5/episode-00000010-slot-6.json,200,ff5d82098b2ab52da3dce5de8aa3e8f77691aa98858953aa3b26b4010fac1d11
demonstrations,logs/demonstrations/god-marisa-reimu-expanded-20261001,logs/demonstrations/god-marisa-reimu-expanded-20261001/replays/c6fe932eb8664f84b1bde82dce2199e5/episode-00000011-slot-0.json,200,390a76b69bf3f2d129d54317aa2b03fb39e0938f5a71a9dba66215d8187056e5
demonstrations,logs/demonstrations/god-marisa-reimu-expanded-20261001,logs/demonstrations/god-marisa-reimu-expanded-20261001/replays/c6fe932eb8664f84b1bde82dce2199e5/episode-00000012-slot-4.json,199,5ee3a1a989ba002dc8b43ecd6fa09e1086a1c970cb60b7682dfd9d7985437916
demonstrations,logs/demonstrations/god-marisa-reimu-expanded-20261001,logs/demonstrations/god-marisa-reimu-expanded-20261001/replays/c6fe932eb8664f84b1bde82dce2199e5/episode-00000013-slot-1.json,204,e7cad0efb4859d20029416f5e5723fe0140ec8d422daa321c58e5963d8933ed7
demonstrations,logs/demonstrations/god-marisa-reimu-expanded-20261001,logs/demonstrations/god-marisa-reimu-expanded-20261001/replays/c6fe932eb8664f84b1bde82dce2199e5/episode-00000014-slot-2.json,204,fce3ab5bdab86247e91b9da7d37f09741953bcca9b8baece152769c8028a65c3
demonstrations,logs/demonstrations/god-marisa-reimu-expanded-20261001,logs/demonstrations/god-marisa-reimu-expanded-20261001/replays/c6fe932eb8664f84b1bde82dce2199e5/episode-00000015-slot-3.json,204,af71dd37677a29c7bc92aed8c2cb43f82afb7341bd69be1ec36efa97846bd391
demonstrations,logs/demonstrations/god-marisa-reimu-expanded-20261001,logs/demonstrations/god-marisa-reimu-expanded-20261001/replays/c6fe932eb8664f84b1bde82dce2199e5/episode-00000016-slot-7.json,204,62ba348258924a78fcf08ce9acf0e0dad6ff83297f66c842309fa9e7d2996b2b
demonstrations,logs/demonstrations/god-marisa-reimu-expanded-20261001,logs/demonstrations/god-marisa-reimu-expanded-20261001/replays/c6fe932eb8664f84b1bde82dce2199e5/episode-00000017-slot-1.json,199,e14b2080a7522c6ce2beadcddffc510e3c028c1c4de513454209654630cb3979
demonstrations,logs/demonstrations/god-marisa-reimu-expanded-20261001,logs/demonstrations/god-marisa-reimu-expanded-20261001/replays/c6fe932eb8664f84b1bde82dce2199e5/episode-00000018-slot-5.json,200,1561547dc4aa2d18cdc0bc62478c98cf25fed660b5ec934dce577682f200c6a8
demonstrations,logs/demonstrations/god-marisa-reimu-expanded-20261001,logs/demonstrations/god-marisa-reimu-expanded-20261001/replays/c6fe932eb8664f84b1bde82dce2199e5/episode-00000019-slot-4.json,200,450e1c52cb494e3c45c8cd4488d3527d4da143163878d3318ce26530ad4de2dd
demonstrations,logs/demonstrations/god-marisa-reimu-expanded-20261001,logs/demonstrations/god-marisa-reimu-expanded-20261001/replays/c6fe932eb8664f84b1bde82dce2199e5/episode-00000020-slot-3.json,200,6fa3e03c4d219f1d1de397c4f7781da466fd2865decc671375ed7436574e4b58
demonstrations,logs/demonstrations/god-marisa-reimu-expanded-20261001,logs/demonstrations/god-marisa-reimu-expanded-20261001/replays/c6fe932eb8664f84b1bde82dce2199e5/episode-00000021-slot-6.json,199,29866eff4997104729fdff420ff40e7d04d33a03f4dc98dece39edd049287323
demonstrations,logs/demonstrations/god-marisa-reimu-expanded-20261001,logs/demonstrations/god-marisa-reimu-expanded-20261001/replays/c6fe932eb8664f84b1bde82dce2199e5/episode-00000022-slot-0.json,204,55f73d2332a83934a22c901d1cdf56aded72f3198e81ec6648fcb4c3f9e6657e
demonstrations,logs/demonstrations/god-marisa-reimu-expanded-20261001,logs/demonstrations/god-marisa-reimu-expanded-20261001/replays/c6fe932eb8664f84b1bde82dce2199e5/episode-00000023-slot-2.json,204,d88371515e429b658854565cfa6e643910c468b40b72bb1f68713dd05cd3289d
demonstrations,logs/demonstrations/god-marisa-reimu-expanded-20261001,logs/demonstrations/god-marisa-reimu-expanded-20261001/replays/c6fe932eb8664f84b1bde82dce2199e5/episode-00000024-slot-7.json,204,2453e575e411be12b45fc456e7b73b7414da5116eb47f32eb19c156811fbc4b7
demonstrations,logs/demonstrations/god-marisa-reimu-expanded-20261001,logs/demonstrations/god-marisa-reimu-expanded-20261001/replays/c6fe932eb8664f84b1bde82dce2199e5/episode-00000025-slot-1.json,200,f13b7e26bfce67353720a959f2e69a08cf523d00e550dab4b68523bf4f81d5d0
demonstrations,logs/demonstrations/god-marisa-reimu-expanded-20261001,logs/demonstrations/god-marisa-reimu-expanded-20261001/replays/c6fe932eb8664f84b1bde82dce2199e5/episode-00000026-slot-4.json,200,c9e3357f2608ab79901c2ec925c396d775c8dd3e9a2b3e84443c98a449ced929
demonstrations,logs/demonstrations/god-marisa-reimu-expanded-20261001,logs/demonstrations/god-marisa-reimu-expanded-20261001/replays/c6fe932eb8664f84b1bde82dce2199e5/episode-00000027-slot-2.json,198,c690636ae8e265a829f866ee880add9ec5fd843a143f53b9c3f519f199c5ef81
demonstrations,logs/demonstrations/god-marisa-reimu-expanded-20261001,logs/demonstrations/god-marisa-reimu-expanded-20261001/replays/c6fe932eb8664f84b1bde82dce2199e5/episode-00000028-slot-5.json,200,bdadc54d07ab7c5ccd15c34c9f86d87f0d88746743d23159c462283f811dd512
demonstrations,logs/demonstrations/god-marisa-reimu-expanded-20261001,logs/demonstrations/god-marisa-reimu-expanded-20261001/replays/c6fe932eb8664f84b1bde82dce2199e5/episode-00000029-slot-0.json,202,6e67b344d532ba0406dab237f2c3ac0eeefd1b8c812815c9d348c66f33338dbb
demonstrations,logs/demonstrations/god-marisa-reimu-expanded-20261001,logs/demonstrations/god-marisa-reimu-expanded-20261001/replays/c6fe932eb8664f84b1bde82dce2199e5/episode-00000030-slot-3.json,204,dff58934edd2492a2d93709eb0867bc14642d732d824e320d1465d93036582a1
demonstrations,logs/demonstrations/god-marisa-reimu-expanded-20261001,logs/demonstrations/god-marisa-reimu-expanded-20261001/replays/c6fe932eb8664f84b1bde82dce2199e5/episode-00000031-slot-6.json,203,1b2a12a1ea8dafa61d61e122462b3138d65bb8abb412346676afa3abd604468b
demonstrations,logs/demonstrations/god-marisa-reimu-expanded-20261001,logs/demonstrations/god-marisa-reimu-expanded-20261001/replays/c6fe932eb8664f84b1bde82dce2199e5/episode-00000032-slot-7.json,204,e2ce118e781b07cec6c1315de94ac38fdb216eb85a95f4fedb7b8e2765ecfad4
demonstrations,logs/demonstrations/god-marisa-reimu-expanded-20261001,logs/demonstrations/god-marisa-reimu-expanded-20261001/result.json,122158,259babdeb62e4de499f4268dd71a831e4dfdd37da562edbc714cbfd6d1e86e65
demonstrations,logs/demonstrations/god-marisa-reimu-expansion64-20261002,logs/demonstrations/god-marisa-reimu-expansion64-20261002/config.yaml,9731,3fe40d9962f1eefb6972207e745408ebe355d39d12fcd2024031fa94089d481d
demonstrations,logs/demonstrations/god-marisa-reimu-expansion64-20261002,logs/demonstrations/god-marisa-reimu-expansion64-20261002/episodes/manifest.json,223647,ac31364574aefc6fc77b73967e7da6c9e8828726ff8de742afc133f5931a54bb
demonstrations,logs/demonstrations/god-marisa-reimu-expansion64-20261002,logs/demonstrations/god-marisa-reimu-expansion64-20261002/episodes/plan.json,16321,4a696171d574ab8a9c240e60e1eb665d901c77b3beab70b17666765960060d07
demonstrations,logs/demonstrations/god-marisa-reimu-expansion64-20261002,logs/demonstrations/god-marisa-reimu-expansion64-20261002/identity.json,45041,edeedb2f55daae5eff9f874dd7ca0b613f7a0819910bdcc6e8e872eac49b3ce6
demonstrations,logs/demonstrations/god-marisa-reimu-expansion64-20261002,logs/demonstrations/god-marisa-reimu-expansion64-20261002/replays/31db3f2a798f4c9db258319b0b1aef15/episode-00000001-slot-4.json,200,45433089641891b59ac96ad158ebdbda5561e08ae63ad14b63fb56898311b053
demonstrations,logs/demonstrations/god-marisa-reimu-expansion64-20261002,logs/demonstrations/god-marisa-reimu-expansion64-20261002/replays/31db3f2a798f4c9db258319b0b1aef15/episode-00000002-slot-3.json,200,025be6a06e429817e42f70dc339dee639a92e2b5ea4e8eace34dc1448c004720
demonstrations,logs/demonstrations/god-marisa-reimu-expansion64-20261002,logs/demonstrations/god-marisa-reimu-expansion64-20261002/replays/31db3f2a798f4c9db258319b0b1aef15/episode-00000003-slot-2.json,199,ecf9f5b0fa9f1ba7626255a56eb61d746cb90b138e1e0b6dbc33cace614f3c51
demonstrations,logs/demonstrations/god-marisa-reimu-expansion64-20261002,logs/demonstrations/god-marisa-reimu-expansion64-20261002/replays/31db3f2a798f4c9db258319b0b1aef15/episode-00000004-slot-7.json,200,29248c762aefda8b1409703367ac7ec484c2bd8cd1256124e6c0be81a5667532
demonstrations,logs/demonstrations/god-marisa-reimu-expansion64-20261002,logs/demonstrations/god-marisa-reimu-expansion64-20261002/replays/31db3f2a798f4c9db258319b0b1aef15/episode-00000005-slot-0.json,200,f13dff431c045b60dee57efbf418b35ce0b3b121650a1564123c28ce311ffcef
demonstrations,logs/demonstrations/god-marisa-reimu-expansion64-20261002,logs/demonstrations/god-marisa-reimu-expansion64-20261002/replays/31db3f2a798f4c9db258319b0b1aef15/episode-00000006-slot-1.json,204,8a400f70a71df2e82bfe7edcc3436853771e260874d3d2cfdc69d8719f7aec28
demonstrations,logs/demonstrations/god-marisa-reimu-expansion64-20261002,logs/demonstrations/god-marisa-reimu-expansion64-20261002/replays/31db3f2a798f4c9db258319b0b1aef15/episode-00000007-slot-5.json,203,b2fc0131556fa18af3a044866b9ba446fb29b3519cf846c6d96cf26829a7575c
demonstrations,logs/demonstrations/god-marisa-reimu-expansion64-20261002,logs/demonstrations/god-marisa-reimu-expansion64-20261002/replays/31db3f2a798f4c9db258319b0b1aef15/episode-00000008-slot-6.json,204,821ae0a73b6259f89d982fc180a99ed7bc32b2ed0775703e4e15df90290bb6c0
demonstrations,logs/demonstrations/god-marisa-reimu-expansion64-20261002,logs/demonstrations/god-marisa-reimu-expansion64-20261002/replays/31db3f2a798f4c9db258319b0b1aef15/episode-00000009-slot-0.json,200,de1766ccc0bbcc10d63901f7c382631cc76063489261b564e1488c5066985b50
demonstrations,logs/demonstrations/god-marisa-reimu-expansion64-20261002,logs/demonstrations/god-marisa-reimu-expansion64-20261002/replays/31db3f2a798f4c9db258319b0b1aef15/episode-00000010-slot-1.json,200,e05affcbc1c731141d1d90426f6cfb0b93eed65cf568a43b6191c2b290f3b5aa
demonstrations,logs/demonstrations/god-marisa-reimu-expansion64-20261002,logs/demonstrations/god-marisa-reimu-expansion64-20261002/replays/31db3f2a798f4c9db258319b0b1aef15/episode-00000011-slot-2.json,199,e4d1bfd226feef1cb1abdde4b49799c4e2c556fa741f8d2144e05195c1a193e2
demonstrations,logs/demonstrations/god-marisa-reimu-expansion64-20261002,logs/demonstrations/god-marisa-reimu-expansion64-20261002/replays/31db3f2a798f4c9db258319b0b1aef15/episode-00000012-slot-5.json,200,e96086def4fc5121b92710f39dcb8c2fe6d832defa3994fa0ac89d02d509abea
demonstrations,logs/demonstrations/god-marisa-reimu-expansion64-20261002,logs/demonstrations/god-marisa-reimu-expansion64-20261002/replays/31db3f2a798f4c9db258319b0b1aef15/episode-00000013-slot-3.json,203,f39599cc42355b6105ce0f814b4d1f69ba83126f1a7aab0d009c2d66b330f9bf
demonstrations,logs/demonstrations/god-marisa-reimu-expansion64-20261002,logs/demonstrations/god-marisa-reimu-expansion64-20261002/replays/31db3f2a798f4c9db258319b0b1aef15/episode-00000014-slot-4.json,204,2781688bcb10f77b5d50cc8232cfcc3fc460be4ec33d778c816c9e6311f2516e
demonstrations,logs/demonstrations/god-marisa-reimu-expansion64-20261002,logs/demonstrations/god-marisa-reimu-expansion64-20261002/replays/31db3f2a798f4c9db258319b0b1aef15/episode-00000015-slot-6.json,204,c7ca72be9d7ab1a0ceb320c6c7f8b7ae129848ac4f759cf3fe72dbb004abab18
demonstrations,logs/demonstrations/god-marisa-reimu-expansion64-20261002,logs/demonstrations/god-marisa-reimu-expansion64-20261002/replays/31db3f2a798f4c9db258319b0b1aef15/episode-00000016-slot-7.json,204,dc2b4a1a8661a664b14097b336fbe7f2d63ab81ac2c4cc35d8d2294c038bc0e2
demonstrations,logs/demonstrations/god-marisa-reimu-expansion64-20261002,logs/demonstrations/god-marisa-reimu-expansion64-20261002/replays/31db3f2a798f4c9db258319b0b1aef15/episode-00000017-slot-4.json,200,12cea7b9e262622682ffc69242f0a6795828c92b10a89cd585398aac757bd887
demonstrations,logs/demonstrations/god-marisa-reimu-expansion64-20261002,logs/demonstrations/god-marisa-reimu-expansion64-20261002/replays/31db3f2a798f4c9db258319b0b1aef15/episode-00000018-slot-1.json,200,834f35ae0fbc241ff6f369f58807e075db72c3fca02a30f4ed67654854ca47c9
demonstrations,logs/demonstrations/god-marisa-reimu-expansion64-20261002,logs/demonstrations/god-marisa-reimu-expansion64-20261002/replays/31db3f2a798f4c9db258319b0b1aef15/episode-00000019-slot-0.json,204,be0381eb044f284df6dd18b4fcbba35171834a0c3fbfc9f5e91b417e7ecfd524
demonstrations,logs/demonstrations/god-marisa-reimu-expansion64-20261002,logs/demonstrations/god-marisa-reimu-expansion64-20261002/replays/31db3f2a798f4c9db258319b0b1aef15/episode-00000020-slot-2.json,204,803bbaf3bd8bbd675846603a7938066596ac30aa25dc66db9217ddcd6e909ef4
demonstrations,logs/demonstrations/god-marisa-reimu-expansion64-20261002,logs/demonstrations/god-marisa-reimu-expansion64-20261002/replays/31db3f2a798f4c9db258319b0b1aef15/episode-00000021-slot-3.json,204,d5ea673bea02fa2241442bd12db7795454dbd894e7dff0131be793cabae68e7c
demonstrations,logs/demonstrations/god-marisa-reimu-expansion64-20261002,logs/demonstrations/god-marisa-reimu-expansion64-20261002/replays/31db3f2a798f4c9db258319b0b1aef15/episode-00000022-slot-5.json,204,ec7636cf38e814479169c0b73713a60aba0f3756ae02067c0b5b0e1170151f6c
demonstrations,logs/demonstrations/god-marisa-reimu-expansion64-20261002,logs/demonstrations/god-marisa-reimu-expansion64-20261002/replays/31db3f2a798f4c9db258319b0b1aef15/episode-00000023-slot-6.json,203,938d53a73ef23e4745659175f59c4611595126935c3dd7b03c972847762c0b8b
demonstrations,logs/demonstrations/god-marisa-reimu-expansion64-20261002,logs/demonstrations/god-marisa-reimu-expansion64-20261002/replays/31db3f2a798f4c9db258319b0b1aef15/episode-00000024-slot-7.json,204,a61e1d4cca5058722622403117c4f6a92095299e28f68251942a23204be85d58
demonstrations,logs/demonstrations/god-marisa-reimu-expansion64-20261002,logs/demonstrations/god-marisa-reimu-expansion64-20261002/replays/31db3f2a798f4c9db258319b0b1aef15/episode-00000025-slot-3.json,199,5ec8d65e732aaadb94a653f8c007f7c3bc806aaa6fbb6ac9efdc2d847f5dc814
demonstrations,logs/demonstrations/god-marisa-reimu-expansion64-20261002,logs/demonstrations/god-marisa-reimu-expansion64-20261002/replays/31db3f2a798f4c9db258319b0b1aef15/episode-00000026-slot-5.json,200,539ebf2de00a3a2473c7496e6dd817802a4312d75d99059381bfe9622f037d1e
demonstrations,logs/demonstrations/god-marisa-reimu-expansion64-20261002,logs/demonstrations/god-marisa-reimu-expansion64-20261002/replays/31db3f2a798f4c9db258319b0b1aef15/episode-00000027-slot-2.json,200,beff71491fe0491eac47ec7958f022037da3715890b64ee9d956334c9f1431a9
demonstrations,logs/demonstrations/god-marisa-reimu-expansion64-20261002,logs/demonstrations/god-marisa-reimu-expansion64-20261002/replays/31db3f2a798f4c9db258319b0b1aef15/episode-00000028-slot-0.json,203,718b7462d7d24cca691bb39027ae7a762ee9ffdbd5265fe7000f52a0aadbee26
demonstrations,logs/demonstrations/god-marisa-reimu-expansion64-20261002,logs/demonstrations/god-marisa-reimu-expansion64-20261002/replays/31db3f2a798f4c9db258319b0b1aef15/episode-00000029-slot-1.json,204,462f8652c2a31d5a7e9e54de48c24371c0daeafe19eb083dc1dd34e3670caeb4
demonstrations,logs/demonstrations/god-marisa-reimu-expansion64-20261002,logs/demonstrations/god-marisa-reimu-expansion64-20261002/replays/31db3f2a798f4c9db258319b0b1aef15/episode-00000030-slot-4.json,204,ec5f43f09cdf3d05e42a4ed7467620918bfe36ade6f550612dfaf5f7ebcdf982
demonstrations,logs/demonstrations/god-marisa-reimu-expansion64-20261002,logs/demonstrations/god-marisa-reimu-expansion64-20261002/replays/31db3f2a798f4c9db258319b0b1aef15/episode-00000031-slot-6.json,204,a3abd1023245afb1fd0ba974982f23f1532b603c898f3cc207d1306430cde86c
demonstrations,logs/demonstrations/god-marisa-reimu-expansion64-20261002,logs/demonstrations/god-marisa-reimu-expansion64-20261002/replays/31db3f2a798f4c9db258319b0b1aef15/episode-00000032-slot-7.json,204,8c306a2978fda2d55cf23d17fab64a8cb571e18da4ab18760b50ac03fcbc8a5e
demonstrations,logs/demonstrations/god-marisa-reimu-expansion64-20261002,logs/demonstrations/god-marisa-reimu-expansion64-20261002/replays/31db3f2a798f4c9db258319b0b1aef15/episode-00000033-slot-1.json,200,06242cab155d49200bdf3b07fd351133483d8f00cd831d78b104a7206ef73a14
demonstrations,logs/demonstrations/god-marisa-reimu-expansion64-20261002,logs/demonstrations/god-marisa-reimu-expansion64-20261002/replays/31db3f2a798f4c9db258319b0b1aef15/episode-00000034-slot-7.json,200,f21a43a242fd077565bc29deabd0f1655d5b66eaabba98bb770bfde4263016c1
demonstrations,logs/demonstrations/god-marisa-reimu-expansion64-20261002,logs/demonstrations/god-marisa-reimu-expansion64-20261002/replays/31db3f2a798f4c9db258319b0b1aef15/episode-00000035-slot-6.json,200,6faa6179b2ca48ca3ed40043c3be6de6efa8936c5addb0ca38eeb96e7fcd32e5
demonstrations,logs/demonstrations/god-marisa-reimu-expansion64-20261002,logs/demonstrations/god-marisa-reimu-expansion64-20261002/replays/31db3f2a798f4c9db258319b0b1aef15/episode-00000036-slot-0.json,203,34375a58b176395f8f9d673b06c65ac998c090f7270a94ec123abfd045574331
demonstrations,logs/demonstrations/god-marisa-reimu-expansion64-20261002,logs/demonstrations/god-marisa-reimu-expansion64-20261002/replays/31db3f2a798f4c9db258319b0b1aef15/episode-00000037-slot-2.json,203,c66faa913b30fbb9f21456814f41f8dd967d883e8adf40beb2d8547966294a90
demonstrations,logs/demonstrations/god-marisa-reimu-expansion64-20261002,logs/demonstrations/god-marisa-reimu-expansion64-20261002/replays/31db3f2a798f4c9db258319b0b1aef15/episode-00000038-slot-3.json,203,56e704e34aced5747bd5912cfb1db3f1cc67765cc6436d568d832297491f259b
demonstrations,logs/demonstrations/god-marisa-reimu-expansion64-20261002,logs/demonstrations/god-marisa-reimu-expansion64-20261002/replays/31db3f2a798f4c9db258319b0b1aef15/episode-00000039-slot-4.json,204,36addd6e936b051126524aa39b9931ba55957f70f3e63fe26610c5ad835a11dc
demonstrations,logs/demonstrations/god-marisa-reimu-expansion64-20261002,logs/demonstrations/god-marisa-reimu-expansion64-20261002/replays/31db3f2a798f4c9db258319b0b1aef15/episode-00000040-slot-5.json,204,d1193508047d5fba2ac9b8b380b7c81548697466e76902a5a8b4b4cb51dfef58
demonstrations,logs/demonstrations/god-marisa-reimu-expansion64-20261002,logs/demonstrations/god-marisa-reimu-expansion64-20261002/replays/31db3f2a798f4c9db258319b0b1aef15/episode-00000041-slot-4.json,200,722b14979c766f6fc494adf701e5dbc8d98f403b30f1aebbd19012facdf3051e
demonstrations,logs/demonstrations/god-marisa-reimu-expansion64-20261002,logs/demonstrations/god-marisa-reimu-expansion64-20261002/replays/31db3f2a798f4c9db258319b0b1aef15/episode-00000042-slot-6.json,200,a24aa289a40fb02426d937798f85eafb58ad8ed0fbe3cbb684cb1a3a7f9d2cff
demonstrations,logs/demonstrations/god-marisa-reimu-expansion64-20261002,logs/demonstrations/god-marisa-reimu-expansion64-20261002/replays/31db3f2a798f4c9db258319b0b1aef15/episode-00000043-slot-7.json,200,7654bb755d6cc18cdfb1882f168a911c6431c34e702b22fe24457dffabc40786
demonstrations,logs/demonstrations/god-marisa-reimu-expansion64-20261002,logs/demonstrations/god-marisa-reimu-expansion64-20261002/replays/31db3f2a798f4c9db258319b0b1aef15/episode-00000044-slot-2.json,200,2e64dc1c6ed024005d30bb278ad0e92dd786bfdbebff76aa5f78926227bff99f
demonstrations,logs/demonstrations/god-marisa-reimu-expansion64-20261002,logs/demonstrations/god-marisa-reimu-expansion64-20261002/replays/31db3f2a798f4c9db258319b0b1aef15/episode-00000045-slot-0.json,200,b6b35861d96bf54cc83f8727bd6dd74e615830334a7b32acbc6199e4427a96bd
demonstrations,logs/demonstrations/god-marisa-reimu-expansion64-20261002,logs/demonstrations/god-marisa-reimu-expansion64-20261002/replays/31db3f2a798f4c9db258319b0b1aef15/episode-00000046-slot-3.json,199,3807fb78921a3692d93ca8e97b7f1736eae6585ca4f4bf30d64229e0039e8c79
demonstrations,logs/demonstrations/god-marisa-reimu-expansion64-20261002,logs/demonstrations/god-marisa-reimu-expansion64-20261002/replays/31db3f2a798f4c9db258319b0b1aef15/episode-00000047-slot-1.json,204,054231f26fab4b0e0d203688b3775f6c7162442b12d184cdc5ee76053266ac69
demonstrations,logs/demonstrations/god-marisa-reimu-expansion64-20261002,logs/demonstrations/god-marisa-reimu-expansion64-20261002/replays/31db3f2a798f4c9db258319b0b1aef15/episode-00000048-slot-5.json,204,6aa22c8f234e167416c363879e475ddd24e47bd430147d0b3af6aa7dd72dd9fa
demonstrations,logs/demonstrations/god-marisa-reimu-expansion64-20261002,logs/demonstrations/god-marisa-reimu-expansion64-20261002/replays/31db3f2a798f4c9db258319b0b1aef15/episode-00000049-slot-7.json,199,2082fb2226f5155f8ff95906e87166f4e4c6ab817e0130f366bb1b931c33e4d0
demonstrations,logs/demonstrations/god-marisa-reimu-expansion64-20261002,logs/demonstrations/god-marisa-reimu-expansion64-20261002/replays/31db3f2a798f4c9db258319b0b1aef15/episode-00000050-slot-3.json,200,8e766426f000faccddd66519b19778a0477c2f84b21bd26a76a5b91c03daabdc
demonstrations,logs/demonstrations/god-marisa-reimu-expansion64-20261002,logs/demonstrations/god-marisa-reimu-expansion64-20261002/replays/31db3f2a798f4c9db258319b0b1aef15/episode-00000051-slot-0.json,204,be0250f22b8ca24bd571c9680ca1f5dc1ddc81638445b7a3ca49adc9a91ff973
demonstrations,logs/demonstrations/god-marisa-reimu-expansion64-20261002,logs/demonstrations/god-marisa-reimu-expansion64-20261002/replays/31db3f2a798f4c9db258319b0b1aef15/episode-00000052-slot-1.json,204,89135346a02f602bd9aa52a32dce916b75a59870b4cdeb6c1d29d75ef85ff7f1
demonstrations,logs/demonstrations/god-marisa-reimu-expansion64-20261002,logs/demonstrations/god-marisa-reimu-expansion64-20261002/replays/31db3f2a798f4c9db258319b0b1aef15/episode-00000053-slot-2.json,204,008b8483143c240375f091819749fb6aa8276e9a3c21a8b5f5c151c5bef2a687
demonstrations,logs/demonstrations/god-marisa-reimu-expansion64-20261002,logs/demonstrations/god-marisa-reimu-expansion64-20261002/replays/31db3f2a798f4c9db258319b0b1aef15/episode-00000054-slot-4.json,204,2bc3a4e447189073f633519bb3ad0cb1e0316909f26c85c5419daad6e73dbe9e
demonstrations,logs/demonstrations/god-marisa-reimu-expansion64-20261002,logs/demonstrations/god-marisa-reimu-expansion64-20261002/replays/31db3f2a798f4c9db258319b0b1aef15/episode-00000055-slot-5.json,203,70b49e9a3c22209532e3cfd6951b1465fbce35f1425fd329eca0cfa89ac51b41
demonstrations,logs/demonstrations/god-marisa-reimu-expansion64-20261002,logs/demonstrations/god-marisa-reimu-expansion64-20261002/replays/31db3f2a798f4c9db258319b0b1aef15/episode-00000056-slot-6.json,204,8e328c6f730b3ad3c3b6d5673e50c2d83c49427a48a631a155420281e86252e2
demonstrations,logs/demonstrations/god-marisa-reimu-expansion64-20261002,logs/demonstrations/god-marisa-reimu-expansion64-20261002/replays/31db3f2a798f4c9db258319b0b1aef15/episode-00000057-slot-2.json,200,b37fbb9325e406dfb4ab5130c2b86e55ec21809eb83d508e70562554f8247788
demonstrations,logs/demonstrations/god-marisa-reimu-expansion64-20261002,logs/demonstrations/god-marisa-reimu-expansion64-20261002/replays/31db3f2a798f4c9db258319b0b1aef15/episode-00000058-slot-3.json,199,ddc6b3b528b285c9bface0016a9525c1a8500783a9076d36572cd084aefe6bf0
demonstrations,logs/demonstrations/god-marisa-reimu-expansion64-20261002,logs/demonstrations/god-marisa-reimu-expansion64-20261002/replays/31db3f2a798f4c9db258319b0b1aef15/episode-00000059-slot-0.json,204,1045ffde84abb001d7b1b9e589ec5b1214c46f766a0ca2c81c04d7d9c85fed28
demonstrations,logs/demonstrations/god-marisa-reimu-expansion64-20261002,logs/demonstrations/god-marisa-reimu-expansion64-20261002/replays/31db3f2a798f4c9db258319b0b1aef15/episode-00000060-slot-1.json,203,2daadd4e9d5c2369b59df28bb51efb52818db9ac67292f9bdedf077e759eda75
demonstrations,logs/demonstrations/god-marisa-reimu-expansion64-20261002,logs/demonstrations/god-marisa-reimu-expansion64-20261002/replays/31db3f2a798f4c9db258319b0b1aef15/episode-00000061-slot-4.json,204,1a5da54a2576733d8703fb13638ae814c722d3515309975171663dfa3147cdce
demonstrations,logs/demonstrations/god-marisa-reimu-expansion64-20261002,logs/demonstrations/god-marisa-reimu-expansion64-20261002/replays/31db3f2a798f4c9db258319b0b1aef15/episode-00000062-slot-5.json,204,a95a6ff341fa26f5261422b13428bb761830792f5bf94070a1a3676b9fbdf23a
demonstrations,logs/demonstrations/god-marisa-reimu-expansion64-20261002,logs/demonstrations/god-marisa-reimu-expansion64-20261002/replays/31db3f2a798f4c9db258319b0b1aef15/episode-00000063-slot-6.json,204,f0e1d5b6bef51653fb8c7917766de96b7510e9ffd5783a64c5c60f675dbe457b
demonstrations,logs/demonstrations/god-marisa-reimu-expansion64-20261002,logs/demonstrations/god-marisa-reimu-expansion64-20261002/replays/31db3f2a798f4c9db258319b0b1aef15/episode-00000064-slot-7.json,204,bc1de0bf191ca53972c298b131c8441f2406d2eb29227c6753941837b10cda2f
demonstrations,logs/demonstrations/god-marisa-reimu-expansion64-20261002,logs/demonstrations/god-marisa-reimu-expansion64-20261002/result.json,244098,36caccf74c1d9a4380419ea611dbbbf32ace49a203303cb1963a71e55e0d4551
demonstrations,logs/demonstrations/learner-address-invariant-marisa-reimu-20261002,logs/demonstrations/learner-address-invariant-marisa-reimu-20261002/config.yaml,11113,54b967f31e67459b4ee82de26205ce899472ce159f8cab7850d7e1eb8d59ef38
demonstrations,logs/demonstrations/learner-address-invariant-marisa-reimu-20261002,logs/demonstrations/learner-address-invariant-marisa-reimu-20261002/episodes/manifest.json,51747,c140f2ebb78076ca8c68de49088fae5f82a0b7f1e0f6c597ab0397033c95af59
demonstrations,logs/demonstrations/learner-address-invariant-marisa-reimu-20261002,logs/demonstrations/learner-address-invariant-marisa-reimu-20261002/episodes/plan.json,4075,1c74170590854ab8b4fd9e7950ce7b4f01715720943df9dc767cd8c18d75c790
demonstrations,logs/demonstrations/learner-address-invariant-marisa-reimu-20261002,logs/demonstrations/learner-address-invariant-marisa-reimu-20261002/identity.json,46962,8c9744f57b56b39e4d39d8a50fdf0a9b1e2814014ab4da1cd02d6d3f8add6175
demonstrations,logs/demonstrations/learner-address-invariant-marisa-reimu-20261002,logs/demonstrations/learner-address-invariant-marisa-reimu-20261002/replays/c6153ebfe30c46d1aea18c6ccc5a5098/episode-00000001-slot-2.json,200,3ba4a87bab631bd9cb96d3bbc4ac3057a83fdc344008d9489f74f712d0d423ca
demonstrations,logs/demonstrations/learner-address-invariant-marisa-reimu-20261002,logs/demonstrations/learner-address-invariant-marisa-reimu-20261002/replays/c6153ebfe30c46d1aea18c6ccc5a5098/episode-00000002-slot-6.json,200,a88dce29aeaed39cdd35d91424e9a2f7736ab52cd58476bbf8157effc1b9f196
demonstrations,logs/demonstrations/learner-address-invariant-marisa-reimu-20261002,logs/demonstrations/learner-address-invariant-marisa-reimu-20261002/replays/c6153ebfe30c46d1aea18c6ccc5a5098/episode-00000003-slot-5.json,200,3d6cc524f8824fd960b77e54c16b394dda9f9da319fb32112c1f05461b1ee074
demonstrations,logs/demonstrations/learner-address-invariant-marisa-reimu-20261002,logs/demonstrations/learner-address-invariant-marisa-reimu-20261002/replays/c6153ebfe30c46d1aea18c6ccc5a5098/episode-00000004-slot-7.json,199,8f9c7c31f370e5b26ec6dbd7d25a839786264377e548ac70eaf00fcd473bf4b7
demonstrations,logs/demonstrations/learner-address-invariant-marisa-reimu-20261002,logs/demonstrations/learner-address-invariant-marisa-reimu-20261002/replays/c6153ebfe30c46d1aea18c6ccc5a5098/episode-00000005-slot-3.json,200,dbeb715a446fcc45ad434b50f0a7145b03922e30c3c71abd9bdddad7be18dd2e
demonstrations,logs/demonstrations/learner-address-invariant-marisa-reimu-20261002,logs/demonstrations/learner-address-invariant-marisa-reimu-20261002/replays/c6153ebfe30c46d1aea18c6ccc5a5098/episode-00000006-slot-1.json,200,affa122747faf63df9aef1715c6f7a8751579c7546de72586fac8efaff4d8df3
demonstrations,logs/demonstrations/learner-address-invariant-marisa-reimu-20261002,logs/demonstrations/learner-address-invariant-marisa-reimu-20261002/replays/c6153ebfe30c46d1aea18c6ccc5a5098/episode-00000007-slot-4.json,200,90e9a75964de807e9f80844f2dab112cb16f79e3715bb42eb8a5841ea887faff
demonstrations,logs/demonstrations/learner-address-invariant-marisa-reimu-20261002,logs/demonstrations/learner-address-invariant-marisa-reimu-20261002/replays/c6153ebfe30c46d1aea18c6ccc5a5098/episode-00000008-slot-0.json,200,ce3b488436cd4a8324060ad7ee87ae705421d90fe9f838a15cbd8101219b463f
demonstrations,logs/demonstrations/learner-address-invariant-marisa-reimu-20261002,logs/demonstrations/learner-address-invariant-marisa-reimu-20261002/replays/c6153ebfe30c46d1aea18c6ccc5a5098/episode-00000009-slot-0.json,199,c1af7f4f1831ca3f19a195982e2418d3a3f82f95f09e81613593f840d13f75f3
demonstrations,logs/demonstrations/learner-address-invariant-marisa-reimu-20261002,logs/demonstrations/learner-address-invariant-marisa-reimu-20261002/replays/c6153ebfe30c46d1aea18c6ccc5a5098/episode-00000010-slot-5.json,200,90b50000e2f499d19afb8a7cb72be8501f71759278db870b4d67c1b538378ed2
demonstrations,logs/demonstrations/learner-address-invariant-marisa-reimu-20261002,logs/demonstrations/learner-address-invariant-marisa-reimu-20261002/replays/c6153ebfe30c46d1aea18c6ccc5a5098/episode-00000011-slot-3.json,200,77c608d6dc5f662c5815cff3a7799870c08f06a4b46d7cfb350a6f8351833715
demonstrations,logs/demonstrations/learner-address-invariant-marisa-reimu-20261002,logs/demonstrations/learner-address-invariant-marisa-reimu-20261002/replays/c6153ebfe30c46d1aea18c6ccc5a5098/episode-00000012-slot-1.json,200,c12798ec7008331c06b31e83e63f637c31d36298c56d32e43191d8194a056b10
demonstrations,logs/demonstrations/learner-address-invariant-marisa-reimu-20261002,logs/demonstrations/learner-address-invariant-marisa-reimu-20261002/replays/c6153ebfe30c46d1aea18c6ccc5a5098/episode-00000013-slot-7.json,199,b8f8230638e6f2e19bfbd68d01484f8411db45640ffc750f72a9eebe69c9d12b
demonstrations,logs/demonstrations/learner-address-invariant-marisa-reimu-20261002,logs/demonstrations/learner-address-invariant-marisa-reimu-20261002/replays/c6153ebfe30c46d1aea18c6ccc5a5098/episode-00000014-slot-6.json,200,bc74383e9511e83a300ff88d1064c376a8c7ace0d0e480ba9a4dc0363a67b591
demonstrations,logs/demonstrations/learner-address-invariant-marisa-reimu-20261002,logs/demonstrations/learner-address-invariant-marisa-reimu-20261002/replays/c6153ebfe30c46d1aea18c6ccc5a5098/episode-00000015-slot-4.json,200,c1aa64f9f2287db9572794c0e0c6921b572733d866a13af475ea9a1a97210c10
demonstrations,logs/demonstrations/learner-address-invariant-marisa-reimu-20261002,logs/demonstrations/learner-address-invariant-marisa-reimu-20261002/replays/c6153ebfe30c46d1aea18c6ccc5a5098/episode-00000016-slot-2.json,200,a8da4aba0c38be2f480d42215637cba65191815b01011b7cebc7108b126c124f
demonstrations,logs/demonstrations/learner-address-invariant-marisa-reimu-20261002,logs/demonstrations/learner-address-invariant-marisa-reimu-20261002/result.json,56523,67a9d1a24889bd5653928e0cb9cebb6e09c3d01939ffa154a280f94029fb9922
demonstrations,logs/demonstrations/learner-marisa-reimu-20261001,logs/demonstrations/learner-marisa-reimu-20261001/config.yaml,8158,ae1d49f2285a89f1071222110ccfc6bfeb0664d82916bddb066943cab7b1758d
demonstrations,logs/demonstrations/learner-marisa-reimu-20261001,logs/demonstrations/learner-marisa-reimu-20261001/episodes/manifest.json,24005,5785a076c25c122ed8e01708706fb76ed0d7b7514819f67de63e01dc2f919c05
demonstrations,logs/demonstrations/learner-marisa-reimu-20261001,logs/demonstrations/learner-marisa-reimu-20261001/episodes/plan.json,2041,b617248df06562735b99a0aac444cdbbdc41ff4cddf17b22aee05772e6b0704e
demonstrations,logs/demonstrations/learner-marisa-reimu-20261001,logs/demonstrations/learner-marisa-reimu-20261001/identity.json,41820,764ca1fe35430a146c46983fddf0a03bb8ccf8d2bbe541325d21808ba677ec71
demonstrations,logs/demonstrations/learner-marisa-reimu-20261001,logs/demonstrations/learner-marisa-reimu-20261001/replays/0cb52e7843284f28babb7aac62b6e4e7/episode-00000001-slot-1.json,200,00f2002b6f01a34342800ccd073488f6674ae2cf28d45d854e61c9fc09d86df3
demonstrations,logs/demonstrations/learner-marisa-reimu-20261001,logs/demonstrations/learner-marisa-reimu-20261001/replays/0cb52e7843284f28babb7aac62b6e4e7/episode-00000002-slot-2.json,199,43b79ec5ab015974ecad6601490c38b34d1628c574f6204fdf21f4c3ac0796c9
demonstrations,logs/demonstrations/learner-marisa-reimu-20261001,logs/demonstrations/learner-marisa-reimu-20261001/replays/0cb52e7843284f28babb7aac62b6e4e7/episode-00000003-slot-0.json,200,b0fcf16989a71c169d7c2b0036b86aad0f368f54b01b8c26d9d790a9352441b7
demonstrations,logs/demonstrations/learner-marisa-reimu-20261001,logs/demonstrations/learner-marisa-reimu-20261001/replays/0cb52e7843284f28babb7aac62b6e4e7/episode-00000004-slot-3.json,200,83f94f074e2af081ff85b7b1855d3b3baa451589f89e80e4ba41d1eced44b106
demonstrations,logs/demonstrations/learner-marisa-reimu-20261001,logs/demonstrations/learner-marisa-reimu-20261001/replays/0cb52e7843284f28babb7aac62b6e4e7/episode-00000005-slot-0.json,199,a1ab128d08e5861310b16dd7bea3d7f61ee97942708e16f40602f8023d4e4c67
demonstrations,logs/demonstrations/learner-marisa-reimu-20261001,logs/demonstrations/learner-marisa-reimu-20261001/replays/0cb52e7843284f28babb7aac62b6e4e7/episode-00000006-slot-3.json,200,c43ba6011f62568e9b8c0100aa5a23091af02a4295c4ea7aa50d14d89237d82f
demonstrations,logs/demonstrations/learner-marisa-reimu-20261001,logs/demonstrations/learner-marisa-reimu-20261001/replays/0cb52e7843284f28babb7aac62b6e4e7/episode-00000007-slot-2.json,200,1ec591535aa208f5948ec3ab5d9ceb0f8bd31367461624df657616398ffae8f0
demonstrations,logs/demonstrations/learner-marisa-reimu-20261001,logs/demonstrations/learner-marisa-reimu-20261001/replays/0cb52e7843284f28babb7aac62b6e4e7/episode-00000008-slot-1.json,200,6b712bc614c62ba810b4390833245e5e38905f9a77f27ba0de5cf03cc8b446ff
demonstrations,logs/demonstrations/learner-marisa-reimu-20261001,logs/demonstrations/learner-marisa-reimu-20261001/result.json,26247,c09d4305ecfa7211fd689707fb969d35e1702500fa7ead37843bd94052847c9f
demonstrations,logs/demonstrations/learner-marisa-reimu-iteration2-20261001,logs/demonstrations/learner-marisa-reimu-iteration2-20261001/config.yaml,8369,508d4d701011ec03bfb95f41982b59d5c35ba67c331d1912c326f009b59bbf43
demonstrations,logs/demonstrations/learner-marisa-reimu-iteration2-20261001,logs/demonstrations/learner-marisa-reimu-iteration2-20261001/episodes/manifest.json,24456,cf8ceda04ad2702fd7099cc1f9ac04f2c56fe3d362e9ca5eab87eb335ed46c21
demonstrations,logs/demonstrations/learner-marisa-reimu-iteration2-20261001,logs/demonstrations/learner-marisa-reimu-iteration2-20261001/episodes/plan.json,2038,41ce9fe46bfd10165438bdbb287b89cb04774f4f7f5e70e0e5459c66dbf7a90e
demonstrations,logs/demonstrations/learner-marisa-reimu-iteration2-20261001,logs/demonstrations/learner-marisa-reimu-iteration2-20261001/identity.json,42512,74c62ac9bef2f5a822475a19752ab6d5c2e786c8ee52c4cff3e0ab6304f11c92
demonstrations,logs/demonstrations/learner-marisa-reimu-iteration2-20261001,logs/demonstrations/learner-marisa-reimu-iteration2-20261001/replays/f60d95dc08fe4781b800c082a084a2e8/episode-00000001-slot-3.json,199,fe1bc04cc2d266e0424689c355fb1f93de95565942c1458078d1c5385a2ba499
demonstrations,logs/demonstrations/learner-marisa-reimu-iteration2-20261001,logs/demonstrations/learner-marisa-reimu-iteration2-20261001/replays/f60d95dc08fe4781b800c082a084a2e8/episode-00000002-slot-2.json,200,503fa5e2704f09817d9701679340aff99b17656be18e554f29dff8a337bbad5c
demonstrations,logs/demonstrations/learner-marisa-reimu-iteration2-20261001,logs/demonstrations/learner-marisa-reimu-iteration2-20261001/replays/f60d95dc08fe4781b800c082a084a2e8/episode-00000003-slot-0.json,200,1ae0a4e7f2f4daae6a29ce4fd00223229bc66c66736f4ad9e7ef1d321cc492e7
demonstrations,logs/demonstrations/learner-marisa-reimu-iteration2-20261001,logs/demonstrations/learner-marisa-reimu-iteration2-20261001/replays/f60d95dc08fe4781b800c082a084a2e8/episode-00000004-slot-1.json,200,c57c7752715afe95b340fd8c1af208fcf8f7d517d6f40cf2fa6a81d24de0326d
demonstrations,logs/demonstrations/learner-marisa-reimu-iteration2-20261001,logs/demonstrations/learner-marisa-reimu-iteration2-20261001/replays/f60d95dc08fe4781b800c082a084a2e8/episode-00000005-slot-3.json,200,17396b83bedcfd5f84fa9bc5e2a35537b58249989441ece78e321ab252b606b7
demonstrations,logs/demonstrations/learner-marisa-reimu-iteration2-20261001,logs/demonstrations/learner-marisa-reimu-iteration2-20261001/replays/f60d95dc08fe4781b800c082a084a2e8/episode-00000006-slot-2.json,200,7efb4248b876ec2e420ab79d1db87fff313cb9a541a219609553a13e6a4bd41b
demonstrations,logs/demonstrations/learner-marisa-reimu-iteration2-20261001,logs/demonstrations/learner-marisa-reimu-iteration2-20261001/replays/f60d95dc08fe4781b800c082a084a2e8/episode-00000007-slot-1.json,200,611e9bc835706453b499fd084fefcbe18994c185e3ce7a5d47184a7ed021e8d0
demonstrations,logs/demonstrations/learner-marisa-reimu-iteration2-20261001,logs/demonstrations/learner-marisa-reimu-iteration2-20261001/replays/f60d95dc08fe4781b800c082a084a2e8/episode-00000008-slot-0.json,200,e2abafb170610ec1481af54ad891658e7508bdca71e360ade5d21e29725dba85
demonstrations,logs/demonstrations/learner-marisa-reimu-iteration2-20261001,logs/demonstrations/learner-marisa-reimu-iteration2-20261001/result.json,26739,e8fa65186e91ba91859993c365ffb5de224f716b93f2562bddeb0223a48f5c15
demonstrations,logs/demonstrations/learner-online-anchor-marisa-reimu-20261002,logs/demonstrations/learner-online-anchor-marisa-reimu-20261002/config.yaml,10932,bf493ab6f9f898aded9fae4320dae9f349d33b9dccc1538f08f4351a0a0b49ec
demonstrations,logs/demonstrations/learner-online-anchor-marisa-reimu-20261002,logs/demonstrations/learner-online-anchor-marisa-reimu-20261002/episodes/manifest.json,10868,a4932846c74cebda8a0f1d28addde507f77a51544ed0563e8805913b8c80ab46
demonstrations,logs/demonstrations/learner-online-anchor-marisa-reimu-20261002,logs/demonstrations/learner-online-anchor-marisa-reimu-20261002/episodes/plan.json,1023,c0b6560d12bbc0dd2a50f4c88b4ce95b21589b7330c690afd2f574e5c64b520a
demonstrations,logs/demonstrations/learner-online-anchor-marisa-reimu-20261002,logs/demonstrations/learner-online-anchor-marisa-reimu-20261002/identity.json,46264,5c5361117af58179e08ad23be86b0dbe500b193334139b9f01fdf7748ba75a43
demonstrations,logs/demonstrations/learner-online-anchor-marisa-reimu-20261002,logs/demonstrations/learner-online-anchor-marisa-reimu-20261002/replays/0e94fb5e1ca24214af89e3c4c73a1ac1/episode-00000001-slot-1.json,199,620a1cd12888c234838f671b0404358d7c26aa45b2d26eedecc9e7df3c59ddd9
demonstrations,logs/demonstrations/learner-online-anchor-marisa-reimu-20261002,logs/demonstrations/learner-online-anchor-marisa-reimu-20261002/replays/0e94fb5e1ca24214af89e3c4c73a1ac1/episode-00000002-slot-2.json,199,d70eda33ef24cded955d0855f27b5bd54132361c16f0e7a7b60fbf400698fe5c
demonstrations,logs/demonstrations/learner-online-anchor-marisa-reimu-20261002,logs/demonstrations/learner-online-anchor-marisa-reimu-20261002/replays/0e94fb5e1ca24214af89e3c4c73a1ac1/episode-00000003-slot-3.json,200,8a8a9425b36f9d692c1eaee163712bbcb06343022fe6272beea3c99c602aee0b
demonstrations,logs/demonstrations/learner-online-anchor-marisa-reimu-20261002,logs/demonstrations/learner-online-anchor-marisa-reimu-20261002/replays/0e94fb5e1ca24214af89e3c4c73a1ac1/episode-00000004-slot-0.json,200,da640892bc538a14d22ec995b8f98e3ec4f31382deb6c067b965e7f9c385480f
demonstrations,logs/demonstrations/learner-online-anchor-marisa-reimu-20261002,logs/demonstrations/learner-online-anchor-marisa-reimu-20261002/result.json,11918,048cb7b764f4024f4d3f6395f0f4c5045083c45cc6e5e5c6a75305d93eb3ede5
demonstrations,logs/demonstrations/learner-recurrent-marisa-reimu-20261001,logs/demonstrations/learner-recurrent-marisa-reimu-20261001/behavior-runtime-audit.json,529,8112dd22855f66591434199f7b1056100e5469a0b5d3c31ae9163770cd4cacb7
demonstrations,logs/demonstrations/learner-recurrent-marisa-reimu-20261001,logs/demonstrations/learner-recurrent-marisa-reimu-20261001/config.yaml,9186,8e0b11526549390ceb8ae110cea02518df9b7a2b06e9ae554d0db8f9d2acb70e
demonstrations,logs/demonstrations/learner-recurrent-marisa-reimu-20261001,logs/demonstrations/learner-recurrent-marisa-reimu-20261001/episodes/manifest.json,98860,69aeeb763098eca6f6cfcedb0c9bf22e522fb6d29b2b67ae03c9b891a46ddd55
demonstrations,logs/demonstrations/learner-recurrent-marisa-reimu-20261001,logs/demonstrations/learner-recurrent-marisa-reimu-20261001/episodes/plan.json,8160,07375125defc16107cf91a45d8ea40ee43897c7e771848952ab913f12d154420
demonstrations,logs/demonstrations/learner-recurrent-marisa-reimu-20261001,logs/demonstrations/learner-recurrent-marisa-reimu-20261001/identity.json,43442,673e07a5e0fe6cbcfbfa83517e8c20036a5098223f0bd0ca3225004f74c3b9a3
demonstrations,logs/demonstrations/learner-recurrent-marisa-reimu-20261001,logs/demonstrations/learner-recurrent-marisa-reimu-20261001/replays/2c722bc56a3b4e6cbf2f3ef8ed0c18eb/episode-00000001-slot-7.json,200,9357a26c1478fe4da6a5913b65fa3f6f39906a2a8cda4cdefc6dad85f6af2f3d
demonstrations,logs/demonstrations/learner-recurrent-marisa-reimu-20261001,logs/demonstrations/learner-recurrent-marisa-reimu-20261001/replays/2c722bc56a3b4e6cbf2f3ef8ed0c18eb/episode-00000002-slot-2.json,199,934903d0912ce64ad6a1eb3a096ec51cc08d00f72cba073a63e80af31e84835a
demonstrations,logs/demonstrations/learner-recurrent-marisa-reimu-20261001,logs/demonstrations/learner-recurrent-marisa-reimu-20261001/replays/2c722bc56a3b4e6cbf2f3ef8ed0c18eb/episode-00000003-slot-3.json,200,1331b64d4f4c8ec2bab28665c31047a50fd2c1145e80d736a8a64be6a09a1461
demonstrations,logs/demonstrations/learner-recurrent-marisa-reimu-20261001,logs/demonstrations/learner-recurrent-marisa-reimu-20261001/replays/2c722bc56a3b4e6cbf2f3ef8ed0c18eb/episode-00000004-slot-1.json,198,5c05784a01f6b7c6499ba04ae69a9b00ea2717031ed76808631872b211502e38
demonstrations,logs/demonstrations/learner-recurrent-marisa-reimu-20261001,logs/demonstrations/learner-recurrent-marisa-reimu-20261001/replays/2c722bc56a3b4e6cbf2f3ef8ed0c18eb/episode-00000005-slot-4.json,200,a396402d150c542a46963e761f1c3ea51196bbe6d9491054eca41def9800b75c
demonstrations,logs/demonstrations/learner-recurrent-marisa-reimu-20261001,logs/demonstrations/learner-recurrent-marisa-reimu-20261001/replays/2c722bc56a3b4e6cbf2f3ef8ed0c18eb/episode-00000006-slot-0.json,199,a3dbad7c062ef56d02a658877b908f87841441be8d6d2207c13e7a93a46d48fb
demonstrations,logs/demonstrations/learner-recurrent-marisa-reimu-20261001,logs/demonstrations/learner-recurrent-marisa-reimu-20261001/replays/2c722bc56a3b4e6cbf2f3ef8ed0c18eb/episode-00000007-slot-6.json,200,bba72b86e8cf9f18e2cc770090030739b7248e0c2743419ebc171dca6a877fe8
demonstrations,logs/demonstrations/learner-recurrent-marisa-reimu-20261001,logs/demonstrations/learner-recurrent-marisa-reimu-20261001/replays/2c722bc56a3b4e6cbf2f3ef8ed0c18eb/episode-00000008-slot-5.json,204,79726d44500dd167ab76445846b1910e6b5820c0125b46efcbccd5c295e3392d
demonstrations,logs/demonstrations/learner-recurrent-marisa-reimu-20261001,logs/demonstrations/learner-recurrent-marisa-reimu-20261001/replays/2c722bc56a3b4e6cbf2f3ef8ed0c18eb/episode-00000009-slot-7.json,199,7821c049d8514e69f845ef2b7c749670a4e44d5669efb783daac8388ec5227c6
demonstrations,logs/demonstrations/learner-recurrent-marisa-reimu-20261001,logs/demonstrations/learner-recurrent-marisa-reimu-20261001/replays/2c722bc56a3b4e6cbf2f3ef8ed0c18eb/episode-00000010-slot-2.json,200,ba36046ef95969bb5b35de13f4ab66ef6d9683071102a824cb78f5a8053d1ae2
demonstrations,logs/demonstrations/learner-recurrent-marisa-reimu-20261001,logs/demonstrations/learner-recurrent-marisa-reimu-20261001/replays/2c722bc56a3b4e6cbf2f3ef8ed0c18eb/episode-00000011-slot-0.json,199,a0c1a588668b84c86f739dcb4a1f7e8804fcdc41136f6ad692151c93afebbe28
demonstrations,logs/demonstrations/learner-recurrent-marisa-reimu-20261001,logs/demonstrations/learner-recurrent-marisa-reimu-20261001/replays/2c722bc56a3b4e6cbf2f3ef8ed0c18eb/episode-00000012-slot-1.json,200,6727dfb455cf5b6115b7437d9e1cd7a38f12c794c83f2599df982457b0fb5a15
demonstrations,logs/demonstrations/learner-recurrent-marisa-reimu-20261001,logs/demonstrations/learner-recurrent-marisa-reimu-20261001/replays/2c722bc56a3b4e6cbf2f3ef8ed0c18eb/episode-00000013-slot-4.json,200,b8bee4f7f052216f8090807c6664d1b8eedcb518774753590434827a7c4eb3ac
demonstrations,logs/demonstrations/learner-recurrent-marisa-reimu-20261001,logs/demonstrations/learner-recurrent-marisa-reimu-20261001/replays/2c722bc56a3b4e6cbf2f3ef8ed0c18eb/episode-00000014-slot-3.json,200,949458d9632950d7f68247c24099f8d9aa8bc14927afd770b4415bfdef404add
demonstrations,logs/demonstrations/learner-recurrent-marisa-reimu-20261001,logs/demonstrations/learner-recurrent-marisa-reimu-20261001/replays/2c722bc56a3b4e6cbf2f3ef8ed0c18eb/episode-00000015-slot-6.json,200,9124d0f472d32b637ff11ba7c93c2325ac33926b0951e60d9a4a88b3aeda6533
demonstrations,logs/demonstrations/learner-recurrent-marisa-reimu-20261001,logs/demonstrations/learner-recurrent-marisa-reimu-20261001/replays/2c722bc56a3b4e6cbf2f3ef8ed0c18eb/episode-00000016-slot-5.json,200,ece76e7ef329c4787eb58cd1a3bd6c7ffc9bfb701950d60025716b6cbc77ee6e
demonstrations,logs/demonstrations/learner-recurrent-marisa-reimu-20261001,logs/demonstrations/learner-recurrent-marisa-reimu-20261001/replays/2c722bc56a3b4e6cbf2f3ef8ed0c18eb/episode-00000017-slot-1.json,200,11fd34b31136be450b4520b532b0b4af8ff6ba70c7a3b209274c0421d4cc7f93
demonstrations,logs/demonstrations/learner-recurrent-marisa-reimu-20261001,logs/demonstrations/learner-recurrent-marisa-reimu-20261001/replays/2c722bc56a3b4e6cbf2f3ef8ed0c18eb/episode-00000018-slot-2.json,200,fd97be9feee6dd28abd4013bd7ec4770ddcb4b5c5d53ceca73b60918c9774de7
demonstrations,logs/demonstrations/learner-recurrent-marisa-reimu-20261001,logs/demonstrations/learner-recurrent-marisa-reimu-20261001/replays/2c722bc56a3b4e6cbf2f3ef8ed0c18eb/episode-00000019-slot-6.json,198,238298160e9b82fa542842c36528a98c45304a0853c909f170b47b60b21e48da
demonstrations,logs/demonstrations/learner-recurrent-marisa-reimu-20261001,logs/demonstrations/learner-recurrent-marisa-reimu-20261001/replays/2c722bc56a3b4e6cbf2f3ef8ed0c18eb/episode-00000020-slot-0.json,200,fbe48efa3958d7aae0d2b2f281284512be1ebaca9d0aa56810c07a2e392baeb3
demonstrations,logs/demonstrations/learner-recurrent-marisa-reimu-20261001,logs/demonstrations/learner-recurrent-marisa-reimu-20261001/replays/2c722bc56a3b4e6cbf2f3ef8ed0c18eb/episode-00000021-slot-4.json,200,ba82c52707b1317bd8d7905e46713e21e93eed5ace96b3c590c2a8c6ed431dec
demonstrations,logs/demonstrations/learner-recurrent-marisa-reimu-20261001,logs/demonstrations/learner-recurrent-marisa-reimu-20261001/replays/2c722bc56a3b4e6cbf2f3ef8ed0c18eb/episode-00000022-slot-7.json,200,afc410bd4a7f4c812a6f1d39020ae34aeff80921ec8995ea3ed78791f86738e0
demonstrations,logs/demonstrations/learner-recurrent-marisa-reimu-20261001,logs/demonstrations/learner-recurrent-marisa-reimu-20261001/replays/2c722bc56a3b4e6cbf2f3ef8ed0c18eb/episode-00000023-slot-5.json,200,280733dd96c98f7d4774f86af771791df3cd0627ad07443af586a7dd8eb69345
demonstrations,logs/demonstrations/learner-recurrent-marisa-reimu-20261001,logs/demonstrations/learner-recurrent-marisa-reimu-20261001/replays/2c722bc56a3b4e6cbf2f3ef8ed0c18eb/episode-00000024-slot-3.json,200,e9d3bbfd250acca9e0ff008047bc9d418b76551c44afea43deaae17930bfc2f8
demonstrations,logs/demonstrations/learner-recurrent-marisa-reimu-20261001,logs/demonstrations/learner-recurrent-marisa-reimu-20261001/replays/2c722bc56a3b4e6cbf2f3ef8ed0c18eb/episode-00000025-slot-4.json,199,66abc8b5b3d7433c3bc06e941dbbe057df6270bd4f894f166794cb0ee1a98163
demonstrations,logs/demonstrations/learner-recurrent-marisa-reimu-20261001,logs/demonstrations/learner-recurrent-marisa-reimu-20261001/replays/2c722bc56a3b4e6cbf2f3ef8ed0c18eb/episode-00000026-slot-0.json,200,5ed823d1c66be785de8973a1fc3cd61c9ea6a8430953026cb6ece6cf2659bf9d
demonstrations,logs/demonstrations/learner-recurrent-marisa-reimu-20261001,logs/demonstrations/learner-recurrent-marisa-reimu-20261001/replays/2c722bc56a3b4e6cbf2f3ef8ed0c18eb/episode-00000027-slot-5.json,200,f6ee42c95281e8a61a60961826912b9bf7f8536642ec0cef46a83014f0c4b7f2
demonstrations,logs/demonstrations/learner-recurrent-marisa-reimu-20261001,logs/demonstrations/learner-recurrent-marisa-reimu-20261001/replays/2c722bc56a3b4e6cbf2f3ef8ed0c18eb/episode-00000028-slot-7.json,200,7ab5fd76fdcce9d9676effeadd71d440c6180ff96d731949e5a0f32724ccc2d7
demonstrations,logs/demonstrations/learner-recurrent-marisa-reimu-20261001,logs/demonstrations/learner-recurrent-marisa-reimu-20261001/replays/2c722bc56a3b4e6cbf2f3ef8ed0c18eb/episode-00000029-slot-2.json,200,437da8d2e250ef3161d192d1b0ba7c96cb80edba0b046bedb47133b9f94fad3d
demonstrations,logs/demonstrations/learner-recurrent-marisa-reimu-20261001,logs/demonstrations/learner-recurrent-marisa-reimu-20261001/replays/2c722bc56a3b4e6cbf2f3ef8ed0c18eb/episode-00000030-slot-6.json,200,55bded09ccce28e383ebe23c29328a49375baa215dc6c3b69443d767a6c68336
demonstrations,logs/demonstrations/learner-recurrent-marisa-reimu-20261001,logs/demonstrations/learner-recurrent-marisa-reimu-20261001/replays/2c722bc56a3b4e6cbf2f3ef8ed0c18eb/episode-00000031-slot-1.json,200,aac790ab05ab159ad6337de63fa487fa7b93e45e52b9737846e7a71a06539c8d
demonstrations,logs/demonstrations/learner-recurrent-marisa-reimu-20261001,logs/demonstrations/learner-recurrent-marisa-reimu-20261001/replays/2c722bc56a3b4e6cbf2f3ef8ed0c18eb/episode-00000032-slot-3.json,200,a4b79ac7b4a96392a35c7d5b3a607a4d2e1133d1179dc44c4941b20254e4306e
demonstrations,logs/demonstrations/learner-recurrent-marisa-reimu-20261001,logs/demonstrations/learner-recurrent-marisa-reimu-20261001/result.json,107859,cb06c2f866105bfba4c97aaa9103d31425377d11550c71ea5ccf21894a7b96ca
diagnostics,logs/diagnostics/action-id-and-expansion-curves-20261002,logs/diagnostics/action-id-and-expansion-curves-20261002/action_id-source.json,54788,d92f46088f08826563d94ffe6ad958f95a7fcea857553581bb9730e27121c0b9
diagnostics,logs/diagnostics/action-id-and-expansion-curves-20261002,logs/diagnostics/action-id-and-expansion-curves-20261002/audit.json,551,10a17353f42d05e1eeedacbec525a056036b5548d037b07b2a7fc8932712b598
diagnostics,logs/diagnostics/action-id-and-expansion-curves-20261002,logs/diagnostics/action-id-and-expansion-curves-20261002/control-source.json,54755,82da3859ee08afdf49c83165861a6b0882f2980ab0a22daf4b983c67252c3b52
diagnostics,logs/diagnostics/action-id-and-expansion-curves-20261002,logs/diagnostics/action-id-and-expansion-curves-20261002/curves.csv,7195,43b4be2ef8c71c4ded1764370d06885326c3632e68e0a1f645627a056c0be542
diagnostics,logs/diagnostics/action-id-and-expansion-curves-20261002,logs/diagnostics/action-id-and-expansion-curves-20261002/expanded-source.json,55017,0c10ad430477819d81d640b18e2dbfac9b9ef70ec1ea5e65142b683460502cab
diagnostics,logs/diagnostics/action-id-and-expansion-curves-20261002,logs/diagnostics/action-id-and-expansion-curves-20261002/sources.json,1242,85f7017ef5c114f7168baca1401e2eb930a04b85ce28890a5036117614ca481c
diagnostics,logs/diagnostics/action-id-expansion-retention-full-precision-20261002,logs/diagnostics/action-id-expansion-retention-full-precision-20261002/audit.json,21886,4c4c70c4d7a6c9e57c3cd450a2182931a3c52e15540455f4dc0e27eb82fac726
diagnostics,logs/diagnostics/action-id-expansion-retention-full-precision-20261002,logs/diagnostics/action-id-expansion-retention-full-precision-20261002/config.yaml,1030,98dfeba729f530e609bb3070714a463dfbc785d4a5c81b4d765b85b01adf9e02
diagnostics,logs/diagnostics/action-id-expansion-retention-full-precision-20261002,logs/diagnostics/action-id-expansion-retention-full-precision-20261002/identity.json,20621,dc0793c27153420a7cbfb7ef03d04b1dfc0de7028d0529cadc099bf04830a19f
diagnostics,logs/diagnostics/action-id-expansion-retention-full-precision-20261002,logs/diagnostics/action-id-expansion-retention-full-precision-20261002/original-teacher-comparison.json,602,6edfa8513f48141601c6607c09bb23516a1c450c3f9b7fc4c79dec395167ad64
diagnostics,logs/diagnostics/action-id-expansion-retention-full-precision-20261002,logs/diagnostics/action-id-expansion-retention-full-precision-20261002/precision-invocation.json,396,6d72a878a47a69f2d87151e167737ceaa20e01cd44628914a7bd6a0d4234af7b
diagnostics,logs/diagnostics/action-id-expansion-retention-full-precision-20261002,logs/diagnostics/action-id-expansion-retention-full-precision-20261002/result.json,108221,845de80e7a092aa8ad65e823415db7ea5ca08038f421b57809de0007bd0e224d
diagnostics,logs/diagnostics/action-id-initialization-20261002,logs/diagnostics/action-id-initialization-20261002/256-config.yaml,7946,cf5c9585a9defc53afa2b02bd78d2b3aa2afc401f0ef8fa9dc31bf3931e35a8f
diagnostics,logs/diagnostics/action-id-initialization-20261002,logs/diagnostics/action-id-initialization-20261002/256-identity.json,23039,eb459360fbb6516784becb9e54f0b8322588663e18b5d196fc64935f6a43bd1a
diagnostics,logs/diagnostics/action-id-initialization-20261002,logs/diagnostics/action-id-initialization-20261002/512-config.yaml,7970,8575518e029abe81092cc03ddbb2832169bfb90616657e6498ffb25fbcafc415
diagnostics,logs/diagnostics/action-id-initialization-20261002,logs/diagnostics/action-id-initialization-20261002/512-identity.json,23264,4dcc124f3764a7573712137b8199438cd66d217cd9fc5ca7171bb5905a9b6204
diagnostics,logs/diagnostics/action-id-initialization-20261002,logs/diagnostics/action-id-initialization-20261002/summary.json,962,5742fcdbd057f432fc588de5dbee7aca992b4dea2de9f74535701a2d27564432
diagnostics,logs/diagnostics/action-id-policy-compute-20261002,logs/diagnostics/action-id-policy-compute-20261002/result.json,6338,40d103ca0977f1873233272bde99dd8ba23da7aa892c183eb20edaaf3ed5bcba
diagnostics,logs/diagnostics/action-id-training-20261002,logs/diagnostics/action-id-training-20261002/full_god_evaluations.json,23948,a1bc04b7752117a0bada57d825df217cc40494ba992687d4dcfbd531f82a2ff1
diagnostics,logs/diagnostics/action-id-training-20261002,logs/diagnostics/action-id-training-20261002/summary.json,80786,a81cd4025bce47f688165a8f2ec1cd4519fe05fa0d6172905234d71320bcea2d
diagnostics,logs/diagnostics/active-object-encoding-20261001,logs/diagnostics/active-object-encoding-20261001/prototype.json,3823,a3b1036d92c50ec3c6fdde1877d8eb048a6b3c95026ac2ba48d8b824a58b5652
diagnostics,logs/diagnostics/active-object-encoding-batches-20261001,logs/diagnostics/active-object-encoding-batches-20261001/prototype.json,11184,3f291570aa496d5fc900ff5ce59cfaa3a3d5b30074df36bf8e21f7f367cfb603
diagnostics,logs/diagnostics/active-object-policy-20261001,logs/diagnostics/active-object-policy-20261001/audit.json,583,7530fb4f7ce5a31f011556050a72086a8206f079552458a874b60066be51e371
diagnostics,logs/diagnostics/active-object-policy-20261001,logs/diagnostics/active-object-policy-20261001/result.json,4879,e1bb6dde4a9f9293be235e3c9939f64a0e3c13ceb0df846e5ef17e9c2509e867
diagnostics,logs/diagnostics/adaptive-budget-comparison-20261003,logs/diagnostics/adaptive-budget-comparison-20261003/rows.csv,4273,75778c61a14ffb20565305ccdcfe6b07078573e3a7484b1ac99c2b3dde81394e
diagnostics,logs/diagnostics/adaptive-budget-comparison-20261003,logs/diagnostics/adaptive-budget-comparison-20261003/summary.json,18348,ca7d3f1cd90e582655c6b28d2ae56557c77f24f9e63f3c80bc9ceb987cfde920
diagnostics,logs/diagnostics/adaptive-budget-comparison-20261003-complete,logs/diagnostics/adaptive-budget-comparison-20261003-complete/audit.json,1326,344a8295e1cdc5764b09b1ad11e9ae4e1b051ae47a6ef87135b4a37a96a1a940
diagnostics,logs/diagnostics/adaptive-budget-comparison-20261003-complete,logs/diagnostics/adaptive-budget-comparison-20261003-complete/rows.csv,4672,cc139709287770e009abbb6bea6868470303cb18f8dc168351fbf153e953d3de
diagnostics,logs/diagnostics/adaptive-budget-comparison-20261003-complete,logs/diagnostics/adaptive-budget-comparison-20261003-complete/summary.json,20359,487095937b3581628578faddd1fb74baefe7927da7f147c24d1d1b0c2748a178
diagnostics,logs/diagnostics/adaptive-budget-comparison-20261003-v2,logs/diagnostics/adaptive-budget-comparison-20261003-v2/audit.json,1356,b216aa0049e848c89164e00b5a89d813c01d212bf067d150f77fed726e96e0c6
diagnostics,logs/diagnostics/adaptive-budget-comparison-20261003-v2,logs/diagnostics/adaptive-budget-comparison-20261003-v2/rows.csv,4273,75778c61a14ffb20565305ccdcfe6b07078573e3a7484b1ac99c2b3dde81394e
diagnostics,logs/diagnostics/adaptive-budget-comparison-20261003-v2,logs/diagnostics/adaptive-budget-comparison-20261003-v2/summary.json,18348,5d4e8accdf6c09c3a9382062863a206264262c41f23ae4e2a03b8fe4fd3ee15c
diagnostics,logs/diagnostics/adaptive-teacher-actions-20261001,logs/diagnostics/adaptive-teacher-actions-20261001/adaptive/config.yaml,13167,481e6602fcff7c47c76d1ab98ac15dd64bcbdeb2750b828bd716cdc95e99bcd5
diagnostics,logs/diagnostics/adaptive-teacher-actions-20261001,logs/diagnostics/adaptive-teacher-actions-20261001/adaptive/result.json,51267,49c76f2cffbe2c2354801c0c880f8deba99c51180d0bb67000e28a3839a9e774
diagnostics,logs/diagnostics/adaptive-teacher-actions-20261001,logs/diagnostics/adaptive-teacher-actions-20261001/persistent/config.yaml,12670,6df1e5c834991f80502805aa0a85bddb4598d40a444b2f3af75eb1f53540d8a7
diagnostics,logs/diagnostics/adaptive-teacher-actions-20261001,logs/diagnostics/adaptive-teacher-actions-20261001/persistent/result.json,50396,c894793a63c0f119807b89ff5e9c6d3a23cbf45d89167b804fedc76378725c41
diagnostics,logs/diagnostics/adaptive-teacher-actions-20261001,logs/diagnostics/adaptive-teacher-actions-20261001/summary.json,311364,64be02dbde84dc91356de6db77be48d0f9028d05772ec9ed55baaa409ce9bc16
diagnostics,logs/diagnostics/adaptive-teacher-actions-20261001,logs/diagnostics/adaptive-teacher-actions-20261001/teacher/config.yaml,16552,eb5ce3b3e266e613dc63fa4ba4558045c713cb6d001fc5e265d0de4b3d30c270
diagnostics,logs/diagnostics/adaptive-teacher-actions-20261001,logs/diagnostics/adaptive-teacher-actions-20261001/teacher/result.json,57970,a54d27edd09ed52bc0802474349e992d4b64500af885c35013200793b4c83364
diagnostics,logs/diagnostics/adaptive786k-20261001,logs/diagnostics/adaptive786k-20261001/summary.json,1000,1d144fe904a333f521c456bc51db97bc9210fdd0b938cf2bf56d52bfabf8f8fb
diagnostics,logs/diagnostics/address-action-mix50-audit-20261002,logs/diagnostics/address-action-mix50-audit-20261002/feedback-progress.json,102630,9db9fa7116a72ec5f15047df4e95784601f8dd320ee438491f3e9d82d8e8d1a1
diagnostics,logs/diagnostics/address-action-mix50-audit-20261002,logs/diagnostics/address-action-mix50-audit-20261002/feedback.json,3701,716909f69bd228c312eb9c0301f752de277037c81b6f1a5fa3821ecb9315021e
diagnostics,logs/diagnostics/address-action-mix50-audit-20261002,logs/diagnostics/address-action-mix50-audit-20261002/final-progress.json,229660,7460da466da5f66527d50d52c7a8a2a6ed96e48f7c286f5170bd887702af57c8
diagnostics,logs/diagnostics/address-action-mix50-audit-20261002,logs/diagnostics/address-action-mix50-audit-20261002/final.json,3341,380c77f02b93f71706c8ecdd5466348b8715af00f2e4d302d9d0ab0f85cac68f
diagnostics,logs/diagnostics/address-action-mix50-audit-20261002,logs/diagnostics/address-action-mix50-audit-20261002/final_games.json,1690,4ab31c6e0b956d999db305130c0073a80c1fbc63734800d776b599b2b8647f39
diagnostics,logs/diagnostics/address-action-mix50-audit-20261002,logs/diagnostics/address-action-mix50-audit-20261002/mid-progress.json,42444,df4569d3d1abb2d7454b885a4508369a029c904ac97134de499ac6891405be53
diagnostics,logs/diagnostics/address-action-mix50-audit-20261002,logs/diagnostics/address-action-mix50-audit-20261002/mid.json,2447,2e42b7e7adde5d3531216c22a52cce5d70da38f31e2ce78ce46802a0776f96d6
diagnostics,logs/diagnostics/address-action-mix50-audit-20261002,logs/diagnostics/address-action-mix50-audit-20261002/mid_games.json,1681,26d2730d5c4f7d5b917ad8d580d49eee4ef58e9390eb89e67feaa33f3e28dc8b
diagnostics,logs/diagnostics/address-action-mix50-audit-20261002,logs/diagnostics/address-action-mix50-audit-20261002/start-progress.json,1661,9537f2bf8393f7b8ad7f7115d5520efd9fa1d4b8e222a951df1f460442587968
diagnostics,logs/diagnostics/address-action-mix50-audit-20261002,logs/diagnostics/address-action-mix50-audit-20261002/start.json,1573,1d8886120a7c397958ec6219a19c7ec1ad66e00e6508da149a46e44f56b63878
diagnostics,logs/diagnostics/address-aggregate-candidate-fit-20261002,logs/diagnostics/address-aggregate-candidate-fit-20261002/config.yaml,653,4941dd0bc1c60d851e1ed6827be97756dceab87623649d375170d11b77c6d1ae
diagnostics,logs/diagnostics/address-aggregate-candidate-fit-20261002,logs/diagnostics/address-aggregate-candidate-fit-20261002/identity.json,21054,150734d51fe11972b857614087f153abc9850aeb4c36453f2d611e723871038f
diagnostics,logs/diagnostics/address-aggregate-candidate-fit-20261002,logs/diagnostics/address-aggregate-candidate-fit-20261002/precision-invocation.json,286,59ec1d32721e1cbc218e24f8f7e4a9e977dc13e3f5cc54b854a4286d98dd248d
diagnostics,logs/diagnostics/address-aggregate-candidate-fit-20261002,logs/diagnostics/address-aggregate-candidate-fit-20261002/result.json,28800,627da153c0af8ba19f94d9bed063000968ff5188ded8a7f43920046ce638fb35
diagnostics,logs/diagnostics/address-aggregate-initialization-20261002,logs/diagnostics/address-aggregate-initialization-20261002/summary.json,4432,b69d7e91e0b54af250916d20c71add08aa1b4f96eecfdd5cb4223f2255da857f
diagnostics,logs/diagnostics/address-aggregate-reference-fit-20261002,logs/diagnostics/address-aggregate-reference-fit-20261002/config.yaml,653,153a534aedfb0349965f6507a79cde645f4a64ebc5622c70fe4414a4e64c7343
diagnostics,logs/diagnostics/address-aggregate-reference-fit-20261002,logs/diagnostics/address-aggregate-reference-fit-20261002/identity.json,21054,150734d51fe11972b857614087f153abc9850aeb4c36453f2d611e723871038f
diagnostics,logs/diagnostics/address-aggregate-reference-fit-20261002,logs/diagnostics/address-aggregate-reference-fit-20261002/precision-invocation.json,286,59ec1d32721e1cbc218e24f8f7e4a9e977dc13e3f5cc54b854a4286d98dd248d
diagnostics,logs/diagnostics/address-aggregate-reference-fit-20261002,logs/diagnostics/address-aggregate-reference-fit-20261002/result.json,28862,1004e9ade0967b9b0003967073e2e5da4ea1ad5d76da8559f6a5bd27919303a4
diagnostics,logs/diagnostics/address-aggregate-training-20261002,logs/diagnostics/address-aggregate-training-20261002/fixed-fit-audit.json,12978,c5f1346bd34e5c853cb473c77684e7daac7b682dfe55ad272f7c8be8adf2fbac
diagnostics,logs/diagnostics/address-aggregate-training-20261002,logs/diagnostics/address-aggregate-training-20261002/full_god_evaluations.json,11014,bd3a08c8fd2bb85049a3be452192008628e6f94a710ed876ae383e9ea78e1e9e
diagnostics,logs/diagnostics/address-aggregate-training-20261002,logs/diagnostics/address-aggregate-training-20261002/summary.json,39358,d1be7244534348f8721c7ea2ebe1e5915fc3737ab7e7c192e3f800498e867181
diagnostics,logs/diagnostics/address-change-supervision-preflight-20261003,logs/diagnostics/address-change-supervision-preflight-20261003/summary.json,31638,021198da7550bf3ec4307aae13c3259f3f4f4053786f69665cc4732e429a3e76
diagnostics,logs/diagnostics/address-change-supervision-retention-20261003,logs/diagnostics/address-change-supervision-retention-20261003/audit.json,5887,093d4477b7fd8ed1ff032a79fc06117869bd50af5f0e7bb78eea6d541c74bf63
diagnostics,logs/diagnostics/address-change-supervision-retention-20261003,logs/diagnostics/address-change-supervision-retention-20261003/config.yaml,570,9d45644033f101b3a892be2c63ab5ad916a1a7de0ed0059f2564e8f89368be6b
diagnostics,logs/diagnostics/address-change-supervision-retention-20261003,logs/diagnostics/address-change-supervision-retention-20261003/identity.json,24061,5b4669892ec14bc6b29fd424e071b22e65e6e7fd3d4d23dfb5140c763f10ec80
diagnostics,logs/diagnostics/address-change-supervision-retention-20261003,logs/diagnostics/address-change-supervision-retention-20261003/result.json,23832,1788e2cbb9e954f43dee2729c9a107235fc45249b6ff51026abca6be6e5f8ea5
diagnostics,logs/diagnostics/address-change-supervision-training-20261003,logs/diagnostics/address-change-supervision-training-20261003/control-reproduction.json,13326,bf53d90d57533002e971143b132295537221b9e2a484afed514e05eb7c381cc3
diagnostics,logs/diagnostics/address-change-supervision-training-20261003,logs/diagnostics/address-change-supervision-training-20261003/full_god_evaluations.json,2646,44be39022b5739eda1e93260c2a8a8105b65bbe4946ca825d5e46522ea01698d
diagnostics,logs/diagnostics/address-change-supervision-training-20261003,logs/diagnostics/address-change-supervision-training-20261003/summary.json,4860,58525e73a13815bcf9e86e216a793b6bc943dd4eec148b63bcb9e2f9c94ebab3
diagnostics,logs/diagnostics/address-control-continuation-audit-20261002,logs/diagnostics/address-control-continuation-audit-20261002/full-god-evaluations.json,11710,89330953649e5b11ab753321f8ba2f9dacec7483ac5ffa2b3086584383b9e9ce
diagnostics,logs/diagnostics/address-control-continuation-audit-20261002,logs/diagnostics/address-control-continuation-audit-20261002/summary.json,2404,05d87f58db495f57023cd3f587f44e062a623a8bf69c5b0275c284ade5428d9b
diagnostics,logs/diagnostics/address-control-continuation-curves-20261002,logs/diagnostics/address-control-continuation-curves-20261002/audit.json,348,1710da0197dbf8fdac42596c9a33881d8bc622a54b0e4303aced92de6dfc7690
diagnostics,logs/diagnostics/address-control-continuation-curves-20261002,logs/diagnostics/address-control-continuation-curves-20261002/combat_series.json,11677,bc82c97ee8f858d5b3c7846a5b59de3c3ae43a7de115364276effeca9bd7f2e9
diagnostics,logs/diagnostics/address-control-continuation-curves-20261002,logs/diagnostics/address-control-continuation-curves-20261002/continued/config.yaml,5121,3631cc872aa81afdb3b969fd121a9ab9b0fb45b1f27ea4f96a322b1a155095ea
diagnostics,logs/diagnostics/address-control-continuation-curves-20261002,logs/diagnostics/address-control-continuation-curves-20261002/continued/progress.csv,23045,e2fc30efbe09a02e0eca1b5b1318371c6b528f3b0df585b345c84c6377efacd1
diagnostics,logs/diagnostics/address-control-continuation-curves-20261002,logs/diagnostics/address-control-continuation-curves-20261002/continued/progress.json,57614,6e3d3f734eded5343da5e99531e3ff7efb63e994f88bc8254836103de596aa69
diagnostics,logs/diagnostics/address-control-continuation-curves-20261002,logs/diagnostics/address-control-continuation-curves-20261002/continued/timing.json,18194,68fe5209636f590c5855bedecab59d1470b0bb86c1a3dc9c884dc09f70b166e7
diagnostics,logs/diagnostics/address-control-continuation-curves-20261002,logs/diagnostics/address-control-continuation-curves-20261002/curriculum_series.json,6157,565eda79a8719db29a37d57659d658b311ba3551058d8d972373ff7d8d5faf25
diagnostics,logs/diagnostics/address-control-continuation-curves-20261002,logs/diagnostics/address-control-continuation-curves-20261002/summary.json,8453,e27e18f046008aabb0420d6b5c1ab49aa1ba570581b70cc4fbd2c7ba63023901
diagnostics,logs/diagnostics/address-control-continuation-curves-20261002,logs/diagnostics/address-control-continuation-curves-20261002/training_updates.json,44888,f79f9a75babccca9067178125140fe8b08a3a83b955c0353de4bc0eb12bc54c1
diagnostics,logs/diagnostics/address-control-continuation-preflight-20261002,logs/diagnostics/address-control-continuation-preflight-20261002/actual-start.json,1270,97f2bde4a79deae9db1bd42b4f7c1b542940153203669b99aedbef7e9763c0b8
diagnostics,logs/diagnostics/address-control-continuation-preflight-20261002,logs/diagnostics/address-control-continuation-preflight-20261002/summary.json,8919,f3dda8edcd8c502abc8e4390efaed0b2bf3d18da740168843e07b3f1b860e656
diagnostics,logs/diagnostics/address-credit-horizons-20261002,logs/diagnostics/address-credit-horizons-20261002/figures/audit.json,225,9fa8bf652e8737ca098259a2919a4873a9b63ff988ab73b173dc039234182af5
diagnostics,logs/diagnostics/address-credit-horizons-20261002,logs/diagnostics/address-credit-horizons-20261002/figures/metrics.csv,4726,48fb8d19d9a4232cac086a905fa22271bef07480f9eddb025b4370d2849ed4df
diagnostics,logs/diagnostics/address-credit-horizons-20261002,logs/diagnostics/address-credit-horizons-20261002/figures/sources.json,173,7fb136bbfb9b4aef9c8d7650774b04f14fc6bc48a9563b4bc73eec8aed7037fa
diagnostics,logs/diagnostics/address-credit-horizons-20261002,logs/diagnostics/address-credit-horizons-20261002/first-episode.json,3027,f910428430aad1c96dcff512fdedba42c3f7612fb53e5fc967f47f07195a30be
diagnostics,logs/diagnostics/address-credit-horizons-20261002,logs/diagnostics/address-credit-horizons-20261002/result.json,15732,fcc71ea55da7f4cc7de915b56f33cf3d3623d1f49c5c1c2e15f39ecf23ae8276
diagnostics,logs/diagnostics/address-critic-calibrated-values-20261002,logs/diagnostics/address-critic-calibrated-values-20261002/result.json,91169,efdd5cd41ff92c68809a74084510e083c2ee8262f0b64ac4c31b12b4515f9f34
diagnostics,logs/diagnostics/address-critic-calibration-20261002,logs/diagnostics/address-critic-calibration-20261002/result.json,90678,ebe9795b8fc536b2d12ef8c0c087533d8a30e3a6abf83b0694789584e422e89d
diagnostics,logs/diagnostics/address-cross-character-audit-20261003,logs/diagnostics/address-cross-character-audit-20261003/summary.json,18372,b774a5a1f5faf3aa5f13d247e46ea0dbb2e96c13a645acae62740a7f56c0ee04
diagnostics,logs/diagnostics/address-cross-character-preflight-20261003,logs/diagnostics/address-cross-character-preflight-20261003/summary.json,42479,366b76ad190567c21c6a7a3ffe0e0129340f58f32fe962861387a9306b8b130c
diagnostics,logs/diagnostics/address-diverse-rollouts-audit-20261002,logs/diagnostics/address-diverse-rollouts-audit-20261002/final-games.json,43742,9d109f80039d66b7ea70cbebe86d43caf4aafbb99195f033698ba9745946e87b
diagnostics,logs/diagnostics/address-diverse-rollouts-audit-20261002,logs/diagnostics/address-diverse-rollouts-audit-20261002/summary.json,4816,786d8a6e992e032ac58be901a952828042177e68c097024e75858fbabeec1cc6
diagnostics,logs/diagnostics/address-diverse-rollouts-final-curves-20261002,logs/diagnostics/address-diverse-rollouts-final-curves-20261002/audit.json,1033,71f665dfa3ae81bd98f7db67ac8b47d5095fb36c0f6a0c5ea60dcf2b8391af86
diagnostics,logs/diagnostics/address-diverse-rollouts-final-curves-20261002,logs/diagnostics/address-diverse-rollouts-final-curves-20261002/combat_series.json,62554,d5e7d97c5d753822009fe2fcc1e719bbf5fc7280f3e2dccb3886dca730cfabe7
diagnostics,logs/diagnostics/address-diverse-rollouts-final-curves-20261002,logs/diagnostics/address-diverse-rollouts-final-curves-20261002/curriculum_series.json,30527,491c439182f61f3b8d95ba3384f7d7ce795d9fb11174a982a5d8b82ce59b023c
diagnostics,logs/diagnostics/address-diverse-rollouts-final-curves-20261002,logs/diagnostics/address-diverse-rollouts-final-curves-20261002/dense2/config.yaml,5143,087016ca450a5776d9c7fd3ae2a7bfd6230df794b168c56e56e648f3f60f35af
diagnostics,logs/diagnostics/address-diverse-rollouts-final-curves-20261002,logs/diagnostics/address-diverse-rollouts-final-curves-20261002/dense2/progress.csv,29909,3c74b2dbc573eaa148d635a13ad4f14e210af1521350d2a613d7d7067e4be4eb
diagnostics,logs/diagnostics/address-diverse-rollouts-final-curves-20261002,logs/diagnostics/address-diverse-rollouts-final-curves-20261002/dense2/progress.json,71921,e54d6795118528934351c0b61ea7ca0f2df2539713780de040e37bbd0201212b
diagnostics,logs/diagnostics/address-diverse-rollouts-final-curves-20261002,logs/diagnostics/address-diverse-rollouts-final-curves-20261002/dense2/timing.json,24065,ac0c329cf5ed160ff79206d34aa5e3daaace804e0692cf5459e9502cb8f8e3da
diagnostics,logs/diagnostics/address-diverse-rollouts-final-curves-20261002,logs/diagnostics/address-diverse-rollouts-final-curves-20261002/dense8/config.yaml,5149,28ffdd1efaf7cba6ba8ad3a5d1e46e8d257911bfe3ace6a966a3b5039496d66e
diagnostics,logs/diagnostics/address-diverse-rollouts-final-curves-20261002,logs/diagnostics/address-diverse-rollouts-final-curves-20261002/dense8/progress.csv,33237,f761d2275932d0be4c8983e8cf202791d0ee3698f82f9508de7e79f0c696b486
diagnostics,logs/diagnostics/address-diverse-rollouts-final-curves-20261002,logs/diagnostics/address-diverse-rollouts-final-curves-20261002/dense8/progress.json,225984,179ef50d3025d014544671efff9f3081f7d144204acb5789d8fe5b6fc852f4d9
diagnostics,logs/diagnostics/address-diverse-rollouts-final-curves-20261002,logs/diagnostics/address-diverse-rollouts-final-curves-20261002/dense8/timing.json,24153,5f8e26056a0d2fca1bd4c92e878f84ea286bc0a8025f0696ddd303181b300912
diagnostics,logs/diagnostics/address-diverse-rollouts-final-curves-20261002,logs/diagnostics/address-diverse-rollouts-final-curves-20261002/summary.json,17168,59e73b29d9097a19efa7c3537c63ce8ee36431760d6c05f9a902b5416894e843
diagnostics,logs/diagnostics/address-diverse-rollouts-final-curves-20261002,logs/diagnostics/address-diverse-rollouts-final-curves-20261002/training_updates.json,120613,59cc40ccd2fb04ea3e7200a59b81f6bed1b4ec53369d2f985c868790d03f2862
diagnostics,logs/diagnostics/address-diverse-rollouts-live-curves-20261002,logs/diagnostics/address-diverse-rollouts-live-curves-20261002/audit.json,1001,f13caee5ec3f75b8e43275a8659f25cea3517fa8d7cc13ad6a419e568c0fa94d
diagnostics,logs/diagnostics/address-diverse-rollouts-live-curves-20261002,logs/diagnostics/address-diverse-rollouts-live-curves-20261002/combat_series.json,41089,a6ec612553616226ec9ac80678f25927438716a1bfee7271a19883eb91111918
diagnostics,logs/diagnostics/address-diverse-rollouts-live-curves-20261002,logs/diagnostics/address-diverse-rollouts-live-curves-20261002/curriculum_series.json,20242,c3f32d3fdda89dd8ccca92fa06648e1e4e52bd4111fd68175307d3217c5b8ea6
diagnostics,logs/diagnostics/address-diverse-rollouts-live-curves-20261002,logs/diagnostics/address-diverse-rollouts-live-curves-20261002/dense2/config.yaml,5143,087016ca450a5776d9c7fd3ae2a7bfd6230df794b168c56e56e648f3f60f35af
diagnostics,logs/diagnostics/address-diverse-rollouts-live-curves-20261002,logs/diagnostics/address-diverse-rollouts-live-curves-20261002/dense2/progress.csv,29909,3c74b2dbc573eaa148d635a13ad4f14e210af1521350d2a613d7d7067e4be4eb
diagnostics,logs/diagnostics/address-diverse-rollouts-live-curves-20261002,logs/diagnostics/address-diverse-rollouts-live-curves-20261002/dense2/progress.json,71921,e54d6795118528934351c0b61ea7ca0f2df2539713780de040e37bbd0201212b
diagnostics,logs/diagnostics/address-diverse-rollouts-live-curves-20261002,logs/diagnostics/address-diverse-rollouts-live-curves-20261002/dense2/timing.json,24065,ac0c329cf5ed160ff79206d34aa5e3daaace804e0692cf5459e9502cb8f8e3da
diagnostics,logs/diagnostics/address-diverse-rollouts-live-curves-20261002,logs/diagnostics/address-diverse-rollouts-live-curves-20261002/dense8/config.yaml,5149,28ffdd1efaf7cba6ba8ad3a5d1e46e8d257911bfe3ace6a966a3b5039496d66e
diagnostics,logs/diagnostics/address-diverse-rollouts-live-curves-20261002,logs/diagnostics/address-diverse-rollouts-live-curves-20261002/dense8/progress.csv,16668,343c6cf3186d5b944ee2d8d06a37e179e959ad8c8b231b3636f3b4e8117195c6
diagnostics,logs/diagnostics/address-diverse-rollouts-live-curves-20261002,logs/diagnostics/address-diverse-rollouts-live-curves-20261002/dense8/progress.json,122910,eef53cd6b939117c6925d666d58e74e6b06b40ce3ec8eefb4c8f80a70054038e
