kind,run,path,bytes,sha256
diagnostics,logs/diagnostics/recurrent-batch-games-batch-20261003,logs/diagnostics/recurrent-batch-games-batch-20261003/replays/de36410802c14ef2a0cd7eddeef84633/episode-00000001-slot-5.json,200,7b4f53f429bc1e8906ebff344f030f021a84067bae1cfe311c5b09f81d913757
diagnostics,logs/diagnostics/recurrent-batch-games-batch-20261003,logs/diagnostics/recurrent-batch-games-batch-20261003/replays/de36410802c14ef2a0cd7eddeef84633/episode-00000002-slot-4.json,200,f02bcf29e85f8894e47a1ab5a2ddf41dcda3a80045c044e7c4353552a5f86207
diagnostics,logs/diagnostics/recurrent-batch-games-batch-20261003,logs/diagnostics/recurrent-batch-games-batch-20261003/replays/de36410802c14ef2a0cd7eddeef84633/episode-00000003-slot-7.json,200,8a80336966351457b68f12ea8e026576feceeeaea97e5be3cd3fe83e2d90be4b
diagnostics,logs/diagnostics/recurrent-batch-games-batch-20261003,logs/diagnostics/recurrent-batch-games-batch-20261003/replays/de36410802c14ef2a0cd7eddeef84633/episode-00000004-slot-3.json,200,a04a4c56c54d17fc53c19c4fa86bdb1158031d4a00f2b62ed181ce49b0d4176d
diagnostics,logs/diagnostics/recurrent-batch-games-batch-20261003,logs/diagnostics/recurrent-batch-games-batch-20261003/replays/de36410802c14ef2a0cd7eddeef84633/episode-00000005-slot-1.json,199,44d29890a48dfd7e7ad761f13b7909447832ef39159c2bbc21798455a00b838e
diagnostics,logs/diagnostics/recurrent-batch-games-batch-20261003,logs/diagnostics/recurrent-batch-games-batch-20261003/replays/de36410802c14ef2a0cd7eddeef84633/episode-00000006-slot-6.json,200,6d976309a3e3e9792fe488d70e15e565c456cf57a260a0eb722663a46c28c18b
diagnostics,logs/diagnostics/recurrent-batch-games-batch-20261003,logs/diagnostics/recurrent-batch-games-batch-20261003/replays/de36410802c14ef2a0cd7eddeef84633/episode-00000007-slot-2.json,199,fa430637ba480112261f29fdb1f371575f1307535f308d8bd990a35ad8fd925f
diagnostics,logs/diagnostics/recurrent-batch-games-batch-20261003,logs/diagnostics/recurrent-batch-games-batch-20261003/replays/de36410802c14ef2a0cd7eddeef84633/episode-00000008-slot-0.json,199,11a35c87e873edf5e94f12cbb27fb026ae73802923bf9c3de4caeb226b438c9c
diagnostics,logs/diagnostics/recurrent-batch-games-batch-20261003,logs/diagnostics/recurrent-batch-games-batch-20261003/replays/de36410802c14ef2a0cd7eddeef84633/episode-00000009-slot-1.json,199,2817250cfbcbf954ffc869918813133204a7eb293352b0fb4214e7b2c2e9aa79
diagnostics,logs/diagnostics/recurrent-batch-games-batch-20261003,logs/diagnostics/recurrent-batch-games-batch-20261003/replays/de36410802c14ef2a0cd7eddeef84633/episode-00000010-slot-0.json,199,463503493b6f218bf0ac9b7fb3759aa3d38419f241a3d32e23b4e4a85c3ccdee
diagnostics,logs/diagnostics/recurrent-batch-games-batch-20261003,logs/diagnostics/recurrent-batch-games-batch-20261003/replays/de36410802c14ef2a0cd7eddeef84633/episode-00000011-slot-3.json,200,cb3aeba35fd37f5eca013d31b362c793087bdc82a6cb93cb308f61d0a696998b
diagnostics,logs/diagnostics/recurrent-batch-games-batch-20261003,logs/diagnostics/recurrent-batch-games-batch-20261003/replays/de36410802c14ef2a0cd7eddeef84633/episode-00000012-slot-6.json,200,3bdcd59151b983f4cd7ab7bed8907320c082e43fb4a64c91f4c2e0236bc9b996
diagnostics,logs/diagnostics/recurrent-batch-games-batch-20261003,logs/diagnostics/recurrent-batch-games-batch-20261003/replays/de36410802c14ef2a0cd7eddeef84633/episode-00000013-slot-7.json,200,093129bcec2711694c126116b2d2b06caae3a9c69bac0c1e1df3e02a39cdc40b
diagnostics,logs/diagnostics/recurrent-batch-games-batch-20261003,logs/diagnostics/recurrent-batch-games-batch-20261003/replays/de36410802c14ef2a0cd7eddeef84633/episode-00000014-slot-4.json,200,0b28e06540c4903e1ff9e79a129a89d109ccbabf9e0fc64bba3251b601b73653
diagnostics,logs/diagnostics/recurrent-batch-games-batch-20261003,logs/diagnostics/recurrent-batch-games-batch-20261003/replays/de36410802c14ef2a0cd7eddeef84633/episode-00000015-slot-2.json,199,3bfd147f56b413475f77e8b5f9450f7f3a6a8fd4cd736281fe0733c312afa2dd
diagnostics,logs/diagnostics/recurrent-batch-games-batch-20261003,logs/diagnostics/recurrent-batch-games-batch-20261003/replays/de36410802c14ef2a0cd7eddeef84633/episode-00000016-slot-5.json,200,46e40dab99238a62600accf991b0966694df848cffd43f425000452bbbd4b827
diagnostics,logs/diagnostics/recurrent-batch-games-batch-20261003,logs/diagnostics/recurrent-batch-games-batch-20261003/result.json,216826,e58482168fc657e8f426fe9f71998bf114d346adbb37c7474aa72d665c2053a6
diagnostics,logs/diagnostics/recurrent-batch-games-batch-input-audit-20261003,logs/diagnostics/recurrent-batch-games-batch-input-audit-20261003/summary.json,5331,9e21cbd2de3477194fe74c638e3b0337072041f54a2c09b5657b2708b57c374f
diagnostics,logs/diagnostics/recurrent-batch-games-batch-input-audit-20261003-hydra,logs/diagnostics/recurrent-batch-games-batch-input-audit-20261003-hydra/.hydra/config.yaml,223,aead5f25bced50094507fe4376c3af07e3e2605caed1af3d18939d37c59fcb8d
diagnostics,logs/diagnostics/recurrent-batch-games-batch-input-audit-20261003-hydra,logs/diagnostics/recurrent-batch-games-batch-input-audit-20261003-hydra/.hydra/hydra.yaml,3846,cb79c801aff979d284d9f3bec281b1748519ad90843167c2c7e07894a6790b0f
diagnostics,logs/diagnostics/recurrent-batch-games-batch-input-audit-20261003-hydra,logs/diagnostics/recurrent-batch-games-batch-input-audit-20261003-hydra/.hydra/overrides.yaml,216,4ef4338f7b329580582a139a6766111798eebe782864c6833b21854c168d9c13
diagnostics,logs/diagnostics/recurrent-batch-games-serial-20261003,logs/diagnostics/recurrent-batch-games-serial-20261003/config.yaml,16848,f4a32935d77f8b9581148c43ffc8054d2497ae6d8aa46a5869f4e09923de2aab
diagnostics,logs/diagnostics/recurrent-batch-games-serial-20261003,logs/diagnostics/recurrent-batch-games-serial-20261003/numerics.json,698,1e9f86626f3188e7c5a292c8f1aa085981c5b9d2442863ef442875504c25fd2c
diagnostics,logs/diagnostics/recurrent-batch-games-serial-20261003,logs/diagnostics/recurrent-batch-games-serial-20261003/plan.json,12796,266f2b8eb6ee7d48fff9f41927fccc24bb1094609a3555d42854f461f88fdb23
diagnostics,logs/diagnostics/recurrent-batch-games-serial-20261003,logs/diagnostics/recurrent-batch-games-serial-20261003/progress.json,169431,ce63824a6842d75580dd637e9c957b82058fb24893373f787a3e704c9fd309ac
diagnostics,logs/diagnostics/recurrent-batch-games-serial-20261003,logs/diagnostics/recurrent-batch-games-serial-20261003/replays/6c80a19df36d4c0b95d1f0e4527cc336/episode-00000001-slot-5.json,200,7b4f53f429bc1e8906ebff344f030f021a84067bae1cfe311c5b09f81d913757
diagnostics,logs/diagnostics/recurrent-batch-games-serial-20261003,logs/diagnostics/recurrent-batch-games-serial-20261003/replays/6c80a19df36d4c0b95d1f0e4527cc336/episode-00000002-slot-4.json,200,f8c31938a9d4a6b166bdac021fc655f0c21c4b696f1d8279d9ba31c28e659f03
diagnostics,logs/diagnostics/recurrent-batch-games-serial-20261003,logs/diagnostics/recurrent-batch-games-serial-20261003/replays/6c80a19df36d4c0b95d1f0e4527cc336/episode-00000003-slot-7.json,200,8a80336966351457b68f12ea8e026576feceeeaea97e5be3cd3fe83e2d90be4b
diagnostics,logs/diagnostics/recurrent-batch-games-serial-20261003,logs/diagnostics/recurrent-batch-games-serial-20261003/replays/6c80a19df36d4c0b95d1f0e4527cc336/episode-00000004-slot-3.json,200,a04a4c56c54d17fc53c19c4fa86bdb1158031d4a00f2b62ed181ce49b0d4176d
diagnostics,logs/diagnostics/recurrent-batch-games-serial-20261003,logs/diagnostics/recurrent-batch-games-serial-20261003/replays/6c80a19df36d4c0b95d1f0e4527cc336/episode-00000005-slot-1.json,199,44d29890a48dfd7e7ad761f13b7909447832ef39159c2bbc21798455a00b838e
diagnostics,logs/diagnostics/recurrent-batch-games-serial-20261003,logs/diagnostics/recurrent-batch-games-serial-20261003/replays/6c80a19df36d4c0b95d1f0e4527cc336/episode-00000006-slot-6.json,200,6d976309a3e3e9792fe488d70e15e565c456cf57a260a0eb722663a46c28c18b
diagnostics,logs/diagnostics/recurrent-batch-games-serial-20261003,logs/diagnostics/recurrent-batch-games-serial-20261003/replays/6c80a19df36d4c0b95d1f0e4527cc336/episode-00000007-slot-2.json,199,8844bc543c44d0a5d4a0dcf8054806e3a4ed9681f72ba04e38c4ed439c1e034e
diagnostics,logs/diagnostics/recurrent-batch-games-serial-20261003,logs/diagnostics/recurrent-batch-games-serial-20261003/replays/6c80a19df36d4c0b95d1f0e4527cc336/episode-00000008-slot-0.json,199,11a35c87e873edf5e94f12cbb27fb026ae73802923bf9c3de4caeb226b438c9c
diagnostics,logs/diagnostics/recurrent-batch-games-serial-20261003,logs/diagnostics/recurrent-batch-games-serial-20261003/replays/6c80a19df36d4c0b95d1f0e4527cc336/episode-00000009-slot-0.json,199,25ce6204a770c30dc945683cb34b6c11c689cf81503c42b80f85f6cee782bcef
diagnostics,logs/diagnostics/recurrent-batch-games-serial-20261003,logs/diagnostics/recurrent-batch-games-serial-20261003/replays/6c80a19df36d4c0b95d1f0e4527cc336/episode-00000010-slot-3.json,200,32d3d94aec05008c9075b286bb5c22bea1afc592da8530b65121f67ee576fc83
diagnostics,logs/diagnostics/recurrent-batch-games-serial-20261003,logs/diagnostics/recurrent-batch-games-serial-20261003/replays/6c80a19df36d4c0b95d1f0e4527cc336/episode-00000011-slot-6.json,200,3d8fbb2b1d085a9e1c5398dcf3f958d37577d0cdbd4991b5e7d6ad05896707b2
diagnostics,logs/diagnostics/recurrent-batch-games-serial-20261003,logs/diagnostics/recurrent-batch-games-serial-20261003/replays/6c80a19df36d4c0b95d1f0e4527cc336/episode-00000012-slot-7.json,200,d76903fd04943bda92d50b9d81fb5f65ea999431ca8b3883aa2c8a33a3e0d348
diagnostics,logs/diagnostics/recurrent-batch-games-serial-20261003,logs/diagnostics/recurrent-batch-games-serial-20261003/replays/6c80a19df36d4c0b95d1f0e4527cc336/episode-00000013-slot-4.json,200,7c3e68050928bc0ac999c8a67e607ba82867bad0b448026361cd137dc2c7f5ce
diagnostics,logs/diagnostics/recurrent-batch-games-serial-20261003,logs/diagnostics/recurrent-batch-games-serial-20261003/replays/6c80a19df36d4c0b95d1f0e4527cc336/episode-00000014-slot-1.json,199,2e016bb092e467deea474f18f61e54979887332d0c2de8b71bd8d8f3108cf0e2
diagnostics,logs/diagnostics/recurrent-batch-games-serial-20261003,logs/diagnostics/recurrent-batch-games-serial-20261003/replays/6c80a19df36d4c0b95d1f0e4527cc336/episode-00000015-slot-2.json,199,3bfd147f56b413475f77e8b5f9450f7f3a6a8fd4cd736281fe0733c312afa2dd
diagnostics,logs/diagnostics/recurrent-batch-games-serial-20261003,logs/diagnostics/recurrent-batch-games-serial-20261003/replays/6c80a19df36d4c0b95d1f0e4527cc336/episode-00000016-slot-5.json,200,46e40dab99238a62600accf991b0966694df848cffd43f425000452bbbd4b827
diagnostics,logs/diagnostics/recurrent-batch-games-serial-20261003,logs/diagnostics/recurrent-batch-games-serial-20261003/result.json,218286,31f02d4383e183714eead68489d3bd9075c0bd599d85da07026458b7e95d3202
diagnostics,logs/diagnostics/recurrent-batch-games-serial-input-audit-20261003,logs/diagnostics/recurrent-batch-games-serial-input-audit-20261003/summary.json,5340,0ca5e45e829d48ff7cdeddfe211217edcee683772be05d03cdbea17057caec1f
diagnostics,logs/diagnostics/recurrent-batch-games-serial-input-audit-20261003-hydra,logs/diagnostics/recurrent-batch-games-serial-input-audit-20261003-hydra/.hydra/config.yaml,226,da49aa9b288344b656d27a6595cfa87430843eaeb79299230553e9666c7565cf
diagnostics,logs/diagnostics/recurrent-batch-games-serial-input-audit-20261003-hydra,logs/diagnostics/recurrent-batch-games-serial-input-audit-20261003-hydra/.hydra/hydra.yaml,3853,bae2a517a0df06330af9a6939eff511534c685c0c974c64d78354d1a3b767780
diagnostics,logs/diagnostics/recurrent-batch-games-serial-input-audit-20261003-hydra,logs/diagnostics/recurrent-batch-games-serial-input-audit-20261003-hydra/.hydra/overrides.yaml,219,41c1e88b35bce61b2e94a109ffb640a99fe6b97d72b631e81d53b59086e4ebc7
diagnostics,logs/diagnostics/recurrent-batching-probe-20261003,logs/diagnostics/recurrent-batching-probe-20261003/summary.json,2944,ffd68b30f26401635330ed9d1caba20be8100c5e678366d20ed03a6c9a551352
diagnostics,logs/diagnostics/recurrent-batching-probe-full-precision-20261003,logs/diagnostics/recurrent-batching-probe-full-precision-20261003/summary.json,2970,41598de6a00c7f4eb6f18754677aa779d67048de50095861ae270af7fb30fa83
diagnostics,logs/diagnostics/recurrent-clone-actions-20261001,logs/diagnostics/recurrent-clone-actions-20261001/flat/config.yaml,16214,2e71b4f894e3aa08fdc503d5a568700da881a8cbaa08b9d47a7a0baef990c673
diagnostics,logs/diagnostics/recurrent-clone-actions-20261001,logs/diagnostics/recurrent-clone-actions-20261001/flat/result.json,51469,d3c4e1fa669ed0e5664babbb7926d2d87f83bd2118b716e6bd4e43e4f446b212
diagnostics,logs/diagnostics/recurrent-clone-actions-20261001,logs/diagnostics/recurrent-clone-actions-20261001/recurrent/config.yaml,16465,ba9cb3a9f8cbeb2697bd827ecfa858b0c6d71e47582933ac69d603f5ce98bc60
diagnostics,logs/diagnostics/recurrent-clone-actions-20261001,logs/diagnostics/recurrent-clone-actions-20261001/recurrent/result.json,51136,aaf9a0958261a033d5320405571622242b2f0f2f19ed05c84712d32f2ddefae0
diagnostics,logs/diagnostics/recurrent-clone-actions-20261001,logs/diagnostics/recurrent-clone-actions-20261001/summary.json,206611,3075e48835c4d21cf99f68413b3dfcc9e8118880b270ed21bac8ea0b008da7cb
diagnostics,logs/diagnostics/recurrent-credit-131072-retention-20261001,logs/diagnostics/recurrent-credit-131072-retention-20261001/audit.json,10967,e3677ed7fb5a2eec0e15e50f0b8bfa31c45f52e395d361ffc6dd5846fc3799db
diagnostics,logs/diagnostics/recurrent-credit-131072-retention-20261001,logs/diagnostics/recurrent-credit-131072-retention-20261001/config.yaml,827,feeb72b3243538c0ed1db864de63edba8c781cf20db6a18e16d7306272bb213f
diagnostics,logs/diagnostics/recurrent-credit-131072-retention-20261001,logs/diagnostics/recurrent-credit-131072-retention-20261001/identity.json,20164,da422385635c716734967fbc7cb03606cc9b37bdaa601fd72d4bd7e1f05ea8f7
diagnostics,logs/diagnostics/recurrent-credit-131072-retention-20261001,logs/diagnostics/recurrent-credit-131072-retention-20261001/result.json,51095,0927c172ed93007538afa57a992102e96746f940ab6d9780b10b084618ec46a0
diagnostics,logs/diagnostics/recurrent-credit-131072-training-20261001,logs/diagnostics/recurrent-credit-131072-training-20261001/full_god_evaluation.json,3342,84ca95902edcc4d985c91851a771f12e019ab97de151a8cebba9b68714af4bd9
diagnostics,logs/diagnostics/recurrent-credit-131072-training-20261001,logs/diagnostics/recurrent-credit-131072-training-20261001/summary.json,200564,50e28df312fcce709770080539dd666783f494421203805eaf2b7d4415757821
diagnostics,logs/diagnostics/recurrent-credit-65536-retention-20261001,logs/diagnostics/recurrent-credit-65536-retention-20261001/audit.json,16889,07987cb0bc52196fcb2defaa3b95543443aeb176aae4dc2eb826d142b84d1142
diagnostics,logs/diagnostics/recurrent-credit-65536-retention-20261001,logs/diagnostics/recurrent-credit-65536-retention-20261001/config.yaml,1029,677f2218706f78f2d83f355678408bd46176750ad01e83cb5a198816ed5d331a
diagnostics,logs/diagnostics/recurrent-credit-65536-retention-20261001,logs/diagnostics/recurrent-credit-65536-retention-20261001/fp32-check.json,5940,728e31d0802e7762b98009284fd47dfc2d1f617f2fb07b707edcccf7fde09723
diagnostics,logs/diagnostics/recurrent-credit-65536-retention-20261001,logs/diagnostics/recurrent-credit-65536-retention-20261001/identity.json,20164,d4886d9e6f2135c72fa10802e8660105e62b186de5bfde688713c0edb170dca9
diagnostics,logs/diagnostics/recurrent-credit-65536-retention-20261001,logs/diagnostics/recurrent-credit-65536-retention-20261001/result.json,76529,5fddc9c1664821f136a31600183d6b3f07c1cd3f70ce81ebbad60dacb15ae9bf
diagnostics,logs/diagnostics/recurrent-credit-65536-training-20261001,logs/diagnostics/recurrent-credit-65536-training-20261001/full_god_evaluation.json,3345,5034823aae3cc0817e86897c362873e3a605f7aaebdd096860c4db8a6093aa13
diagnostics,logs/diagnostics/recurrent-credit-65536-training-20261001,logs/diagnostics/recurrent-credit-65536-training-20261001/summary.json,84975,dbe120a91feb27c32e53d123a9c121f860ea1c0352ff30f648124cea37f6dc27
diagnostics,logs/diagnostics/recurrent-credit-curves-20261001-a,logs/diagnostics/recurrent-credit-curves-20261001-a/audit.json,2127,a84d9640163ab14f038eb83f45fb683a32fa4708a5f51a6287bdc02bf08572db
diagnostics,logs/diagnostics/recurrent-credit-curves-20261001-a,logs/diagnostics/recurrent-credit-curves-20261001-a/combat_series.json,16446,e3c9e5f681690cff61b4c65a6ee06a48f06fd18e5729fedd864ce1f3dbf73960
diagnostics,logs/diagnostics/recurrent-credit-curves-20261001-a,logs/diagnostics/recurrent-credit-curves-20261001-a/curriculum_series.json,9153,300803fee81418fae980f50921f111ecf7cb385a1649fdea0fb8702fde2d672a
diagnostics,logs/diagnostics/recurrent-credit-curves-20261001-a,logs/diagnostics/recurrent-credit-curves-20261001-a/gae95/config.yaml,5359,058b58a09c7fc643da5ff59e4c13fbc6c81f8741cac9cb379120aa15ed781b33
diagnostics,logs/diagnostics/recurrent-credit-curves-20261001-a,logs/diagnostics/recurrent-credit-curves-20261001-a/gae95/progress.csv,16529,229a712c1e1c6ace035bb21e8659828bb48746ed6de6444120167353291f4206
diagnostics,logs/diagnostics/recurrent-credit-curves-20261001-a,logs/diagnostics/recurrent-credit-curves-20261001-a/gae95/progress.json,42022,0a26859175e10e21769b44142a6d5cd5b265c49bd96b8884caf290c387a8279e
diagnostics,logs/diagnostics/recurrent-credit-curves-20261001-a,logs/diagnostics/recurrent-credit-curves-20261001-a/gae95/timing.json,23334,b1121a71ab4e078de80774e74031a26d9014625b14058251928187a48adab0af
diagnostics,logs/diagnostics/recurrent-credit-curves-20261001-a,logs/diagnostics/recurrent-credit-curves-20261001-a/gae995/config.yaml,5362,8ee607f90099add32b1385ee6b573cb00d32935ab0226acf9a4342bae16b163d
diagnostics,logs/diagnostics/recurrent-credit-curves-20261001-a,logs/diagnostics/recurrent-credit-curves-20261001-a/gae995/progress.csv,16288,2906d8ac40fd4caba288a226bb183fb82436e8af6599aa763f8a759f51d094ba
diagnostics,logs/diagnostics/recurrent-credit-curves-20261001-a,logs/diagnostics/recurrent-credit-curves-20261001-a/gae995/progress.json,44391,3c4c58e75bf0d007eed9817eda5e9854c5f12fea5209b1e46258bd70e51fcd5f
diagnostics,logs/diagnostics/recurrent-credit-curves-20261001-a,logs/diagnostics/recurrent-credit-curves-20261001-a/gae995/timing.json,21733,ff55077885623a9e563ec6928db1cfdaf60f83c8617ca35037da9cf6eaebf63e
diagnostics,logs/diagnostics/recurrent-credit-curves-20261001-a,logs/diagnostics/recurrent-credit-curves-20261001-a/summary.json,15715,3f1823474f801620989829497a5879e4e349e9f03a3ab28ad757e33d49f3fd05
diagnostics,logs/diagnostics/recurrent-credit-final-curves-20261001,logs/diagnostics/recurrent-credit-final-curves-20261001/audit.json,2273,d0b83380d42cee86a85f14d39cfd8e8d3f44c028514b73a3a4f3aa479e8ca38b
diagnostics,logs/diagnostics/recurrent-credit-final-curves-20261001,logs/diagnostics/recurrent-credit-final-curves-20261001/combat_series.json,83261,0f8096ebb37d9328ab5c36e5959a8ef7e8dacaf5351fcfbe96ef2cfecaf87339
diagnostics,logs/diagnostics/recurrent-credit-final-curves-20261001,logs/diagnostics/recurrent-credit-final-curves-20261001/curriculum_series.json,41648,bddbda10dd5109677252539b1a96cb61fb2ca28c9f929f51a1b627c5d7c34119
diagnostics,logs/diagnostics/recurrent-credit-final-curves-20261001,logs/diagnostics/recurrent-credit-final-curves-20261001/gae95/config.yaml,5359,058b58a09c7fc643da5ff59e4c13fbc6c81f8741cac9cb379120aa15ed781b33
diagnostics,logs/diagnostics/recurrent-credit-final-curves-20261001,logs/diagnostics/recurrent-credit-final-curves-20261001/gae95/progress.csv,84833,c9dc458d342df1b68634e2ff1b4670510c859781dcf05135288ef32684083aee
diagnostics,logs/diagnostics/recurrent-credit-final-curves-20261001,logs/diagnostics/recurrent-credit-final-curves-20261001/gae95/progress.json,193747,ada86db47211ad6a0013b9e7e38d19a0311e2d8da200cca72a909aae65eb2434
diagnostics,logs/diagnostics/recurrent-credit-final-curves-20261001,logs/diagnostics/recurrent-credit-final-curves-20261001/gae95/timing.json,109364,a56441068c4b346deb67f2e0469734d26b8c00e2fee2eb59abc61d04b4faadd0
diagnostics,logs/diagnostics/recurrent-credit-final-curves-20261001,logs/diagnostics/recurrent-credit-final-curves-20261001/gae995/config.yaml,5362,8ee607f90099add32b1385ee6b573cb00d32935ab0226acf9a4342bae16b163d
diagnostics,logs/diagnostics/recurrent-credit-final-curves-20261001,logs/diagnostics/recurrent-credit-final-curves-20261001/gae995/progress.csv,86875,0dde0a778fa9694777adc9c60185d31a9df00d3687568158fd329b9b53eafdf5
diagnostics,logs/diagnostics/recurrent-credit-final-curves-20261001,logs/diagnostics/recurrent-credit-final-curves-20261001/gae995/progress.json,201074,a0f445d0535354ea0e504152543aa99ba47c1de2795bd7b03480216fcf8cedfe
diagnostics,logs/diagnostics/recurrent-credit-final-curves-20261001,logs/diagnostics/recurrent-credit-final-curves-20261001/gae995/timing.json,109425,6a493b40b55dd5e7256e6470792d184c9c768245936884b06506dca4189033ee
diagnostics,logs/diagnostics/recurrent-credit-final-curves-20261001,logs/diagnostics/recurrent-credit-final-curves-20261001/summary.json,17325,46f2783660c415de591bf6c69d6a845c37b7813d806cfddb9790660997503acf
diagnostics,logs/diagnostics/recurrent-credit-final-retention-20261001,logs/diagnostics/recurrent-credit-final-retention-20261001/audit.json,10933,6f2674bb37c05238cc9926ea045a941beaff53c69dc1470c544af718db7d055e
diagnostics,logs/diagnostics/recurrent-credit-final-retention-20261001,logs/diagnostics/recurrent-credit-final-retention-20261001/config.yaml,772,2162bb122a30c19c77100b9f17e9ff74cd1fc6f4a5bb0f0e02d072dc44ea3294
diagnostics,logs/diagnostics/recurrent-credit-final-retention-20261001,logs/diagnostics/recurrent-credit-final-retention-20261001/identity.json,20164,7d2b8090eb80d4f157dc68e49768d0723032025296807c37e3c894be85bd0eb2
diagnostics,logs/diagnostics/recurrent-credit-final-retention-20261001,logs/diagnostics/recurrent-credit-final-retention-20261001/result.json,50924,4ba39a76ab3e61929fd7dc7038339db4c750a497058652b90cd837b9cb18e2d3
diagnostics,logs/diagnostics/recurrent-credit-final-training-20261001,logs/diagnostics/recurrent-credit-final-training-20261001/full_god_evaluation.json,3346,5a4d566f463a3cb723ad3027a2ad732552f48ddda130e9e6373c62c8ad54cfd0
diagnostics,logs/diagnostics/recurrent-credit-final-training-20261001,logs/diagnostics/recurrent-credit-final-training-20261001/summary.json,4148,2e3d2facda5ae592cb6538d26a1544fbfb3fe564bb9bbb432eeb93ddd6e93f6d
diagnostics,logs/diagnostics/recurrent-credit-first-update-20261001,logs/diagnostics/recurrent-credit-first-update-20261001/summary.json,12829,175be23c0a08ce32f045f7409fd39775f29aa804518a502575e94c294334c87d
diagnostics,logs/diagnostics/recurrent-factorized-address-audit-20261002,logs/diagnostics/recurrent-factorized-address-audit-20261002/games.json,43526,9bfb36be48c5851e7eafba192e6667220785115f2fc691256ac43aa8ff9fa5eb
diagnostics,logs/diagnostics/recurrent-factorized-address-audit-20261002,logs/diagnostics/recurrent-factorized-address-audit-20261002/summary.json,4305,ead28a9e3719b3bce1cdd40dfd28137130bb04cb6f506d7f3b2d1d68b1102d8c
diagnostics,logs/diagnostics/recurrent-factorized-address-curves-20261002,logs/diagnostics/recurrent-factorized-address-curves-20261002/audit.json,142,f374fe36b75acf6251871ace6e55f2d46b7b13bf6b276599c62abc2330f37d68
diagnostics,logs/diagnostics/recurrent-factorized-address-curves-20261002,logs/diagnostics/recurrent-factorized-address-curves-20261002/curves.csv,3913,4b9475eeb5b7c22e8b9d055b6e61fad20277f3e39e21926e8900a02ba84ee2ee
diagnostics,logs/diagnostics/recurrent-factorized-address-curves-20261002,logs/diagnostics/recurrent-factorized-address-curves-20261002/god-marisa-reimu-address-invariant-20261002/config.yaml,7946,cf5c9585a9defc53afa2b02bd78d2b3aa2afc401f0ef8fa9dc31bf3931e35a8f
diagnostics,logs/diagnostics/recurrent-factorized-address-curves-20261002,logs/diagnostics/recurrent-factorized-address-curves-20261002/god-marisa-reimu-address-invariant-20261002/identity.json,23039,eb459360fbb6516784becb9e54f0b8322588663e18b5d196fc64935f6a43bd1a
diagnostics,logs/diagnostics/recurrent-factorized-address-curves-20261002,logs/diagnostics/recurrent-factorized-address-curves-20261002/god-marisa-reimu-address-invariant-20261002/result.json,54755,82da3859ee08afdf49c83165861a6b0882f2980ab0a22daf4b983c67252c3b52
diagnostics,logs/diagnostics/recurrent-factorized-address-curves-20261002,logs/diagnostics/recurrent-factorized-address-curves-20261002/god-marisa-reimu-recurrent-factorized-address-20261002/config.yaml,8119,dc92e1a7133844e9a1ee5e55f2339bb95448bb1357dfa7ef3e03431ffff0d983
diagnostics,logs/diagnostics/recurrent-factorized-address-curves-20261002,logs/diagnostics/recurrent-factorized-address-curves-20261002/god-marisa-reimu-recurrent-factorized-address-20261002/identity.json,26164,5d60711851d9fe0e8dcf4635a7d4625836e274ca13498d794431156f190e6846
diagnostics,logs/diagnostics/recurrent-factorized-address-curves-20261002,logs/diagnostics/recurrent-factorized-address-curves-20261002/god-marisa-reimu-recurrent-factorized-address-20261002/result.json,54874,a6bfdebb977131d3ea38fef26dc8a589e99776acb6c451775253a6a6809b2b27
diagnostics,logs/diagnostics/recurrent-factorized-address-curves-20261002,logs/diagnostics/recurrent-factorized-address-curves-20261002/sources.json,996,b8b1c5c7ff8569a727fd861b321223c18f7c5ceafe8286b4f981a5c6e1d5480a
diagnostics,logs/diagnostics/recurrent-factorized-address-fit-20261002,logs/diagnostics/recurrent-factorized-address-fit-20261002/config.yaml,783,e59cce3ec91f773271cfcfcb20430410452c7f6abe255ebae74bb441b374c504
diagnostics,logs/diagnostics/recurrent-factorized-address-fit-20261002,logs/diagnostics/recurrent-factorized-address-fit-20261002/identity.json,23521,b74d5cb7bb561d2491c53176ad8ed99792d462151b71dd1ddecdb804c75694ae
diagnostics,logs/diagnostics/recurrent-factorized-address-fit-20261002,logs/diagnostics/recurrent-factorized-address-fit-20261002/result.json,47524,1b49b82686f7d833ecc50d3988f6e837986572442d66a4e760c8693998d2e08f
diagnostics,logs/diagnostics/recurrent-factorized-address-fit-audit-20261002,logs/diagnostics/recurrent-factorized-address-fit-audit-20261002/summary.json,2044,04f8741c0f71eb713ee9a8c322ff443ce16fdffe89b3d2ea11278656b27ede30
diagnostics,logs/diagnostics/recurrent-factorized-address-preflight-20261002,logs/diagnostics/recurrent-factorized-address-preflight-20261002/actual-start.json,295,b2a14f5c219772352aecf51c6cef32a8abe04c9c05e1c2686c2209e1c732df6d
diagnostics,logs/diagnostics/recurrent-factorized-address-preflight-20261002,logs/diagnostics/recurrent-factorized-address-preflight-20261002/summary.json,18274,93b06e6bc3ee7ece0c9f43beb84734488d469d8396c14d0de93546d79c30c1a9
diagnostics,logs/diagnostics/recurrent-factorized-br-audit-20261002,logs/diagnostics/recurrent-factorized-br-audit-20261002/final-games.json,37607,d7d9febe50d98c8d48010e93820bb1d17f12ed81abd6f70afca80fce328fefa1
diagnostics,logs/diagnostics/recurrent-factorized-br-audit-20261002,logs/diagnostics/recurrent-factorized-br-audit-20261002/summary.json,4758,1ba71e8a3a53a23ce79e17ec88aed87a6ffd98f109d6b606aa0f945cbb12ab9f
diagnostics,logs/diagnostics/recurrent-factorized-br-live-curves-20261002,logs/diagnostics/recurrent-factorized-br-live-curves-20261002/audit.json,650,7db3b950692992e8a98ff0edbc769e9ac1542c65587b3e7868695006ce590a15
diagnostics,logs/diagnostics/recurrent-factorized-br-live-curves-20261002,logs/diagnostics/recurrent-factorized-br-live-curves-20261002/combat_series.json,25774,41f1a209731a178faba34084b3a74983bfdcaea4cd7d634259659e60588f8454
diagnostics,logs/diagnostics/recurrent-factorized-br-live-curves-20261002,logs/diagnostics/recurrent-factorized-br-live-curves-20261002/curriculum_series.json,12647,fe420600bc74ec6a1d9eced77b79eea9342e0165d25e80b89d6a4a17f06e16e4
diagnostics,logs/diagnostics/recurrent-factorized-br-live-curves-20261002,logs/diagnostics/recurrent-factorized-br-live-curves-20261002/factorized8/config.yaml,5351,75aeebbd6049ae9eb2955d12a8d0d1722aeefd7d43f633d31d7b9805ca05981d
diagnostics,logs/diagnostics/recurrent-factorized-br-live-curves-20261002,logs/diagnostics/recurrent-factorized-br-live-curves-20261002/factorized8/progress.csv,16608,5a3cd7b3130ea3ed73bb1a753bc17121729af890e0b6f0495f2e8dc941d67c8e
diagnostics,logs/diagnostics/recurrent-factorized-br-live-curves-20261002,logs/diagnostics/recurrent-factorized-br-live-curves-20261002/factorized8/progress.json,108318,71fb905d6aec3f054c8cb1b522c8ffc39d3c3ae877ea67a507d91416b06a0bf2
diagnostics,logs/diagnostics/recurrent-factorized-br-live-curves-20261002,logs/diagnostics/recurrent-factorized-br-live-curves-20261002/factorized8/timing.json,12405,23a443528faf635e0c183bb6bea2fb0bbbd12ae05f9e5a1f8a79fc2ab72a6db0
diagnostics,logs/diagnostics/recurrent-factorized-br-live-curves-20261002,logs/diagnostics/recurrent-factorized-br-live-curves-20261002/summary.json,8357,c1db334949081105f261c809d9823ab1392a16efc0dea57f6f24e597b1a4cbf3
diagnostics,logs/diagnostics/recurrent-factorized-br-live-curves-20261002,logs/diagnostics/recurrent-factorized-br-live-curves-20261002/training_updates.json,30397,e374ed65d8b63b00faa4afd0fcb1662fbf4fcc3c99b184ba889e1a0d8b09857f
diagnostics,logs/diagnostics/recurrent-factorized-br-preflight-20261002,logs/diagnostics/recurrent-factorized-br-preflight-20261002/actual-start.json,1393,92407339731c2e8a29e228d1092543b6703fdf3d8b55ccd3b8f4a547ffb5870b
diagnostics,logs/diagnostics/recurrent-factorized-br-preflight-20261002,logs/diagnostics/recurrent-factorized-br-preflight-20261002/mid-games.json,36719,1cb1353ebc11ea42a991cdbd46421c1c8f23cf4c677c83d793484ae0c7c96df5
diagnostics,logs/diagnostics/recurrent-factorized-br-preflight-20261002,logs/diagnostics/recurrent-factorized-br-preflight-20261002/midpoint.json,2806,51fdf6fdffe582b0b3fcc3b876286d4468d116f88959a9265fdf3eea2eea91f8
diagnostics,logs/diagnostics/recurrent-factorized-br-preflight-20261002,logs/diagnostics/recurrent-factorized-br-preflight-20261002/summary.json,8355,9a11da84d4d73dc3f0bccd30c495f1c1bb6a490246119c983491bd98acd90741
diagnostics,logs/diagnostics/recurrent-factorized-mid-actions-20261002,logs/diagnostics/recurrent-factorized-mid-actions-20261002/factorized_bc/config.yaml,17046,6c3ed9d3c97037b7c83c78133794f6cbaf82e59a6077a46cba7adceac90a98ca
diagnostics,logs/diagnostics/recurrent-factorized-mid-actions-20261002,logs/diagnostics/recurrent-factorized-mid-actions-20261002/factorized_bc/result.json,132352,ce6282cf963b69fc5f7463c5e4c19542ae3d6082e9f41abde009ab6c67f03381
diagnostics,logs/diagnostics/recurrent-factorized-mid-actions-20261002,logs/diagnostics/recurrent-factorized-mid-actions-20261002/factorized_ppo_mid/config.yaml,13998,fc0e3f3f315d208edcfd97ed43e7384f89b8e972ad83c818342fd3fd892b1b79
diagnostics,logs/diagnostics/recurrent-factorized-mid-actions-20261002,logs/diagnostics/recurrent-factorized-mid-actions-20261002/factorized_ppo_mid/result.json,118732,e06e905cef3c17809bf6bf1d22cb11e8e9fc8a48c546ad171277961ee2ba4f7c
diagnostics,logs/diagnostics/recurrent-factorized-mid-actions-20261002,logs/diagnostics/recurrent-factorized-mid-actions-20261002/flat_ppo_mid/config.yaml,13760,37fadee5c1d285e9016eca9167ea95e92b87b6972215e45b0ae79c0175244e43
diagnostics,logs/diagnostics/recurrent-factorized-mid-actions-20261002,logs/diagnostics/recurrent-factorized-mid-actions-20261002/flat_ppo_mid/result.json,137290,14b1430e60c95c549fca686e6c6a4ce9c4a5bc3231762ac5d5f7ab49d602853a
diagnostics,logs/diagnostics/recurrent-factorized-mid-actions-20261002,logs/diagnostics/recurrent-factorized-mid-actions-20261002/god_reference/config.yaml,17140,176e8c9c3c45c9f736e02ef4fe6adb3a581cc0a236ad15e95b6b769a2765c484
diagnostics,logs/diagnostics/recurrent-factorized-mid-actions-20261002,logs/diagnostics/recurrent-factorized-mid-actions-20261002/god_reference/result.json,152341,20defff2c64d033e68d7028b3a9e7b1b74e29ce832d51c54a63e9c8b521d8f7c
diagnostics,logs/diagnostics/recurrent-factorized-mid-actions-20261002,logs/diagnostics/recurrent-factorized-mid-actions-20261002/summary.json,1416788,dc2e7a687dec09106399b6383c4b750f4a41fa46cd12972675fc98da3b8033e8
diagnostics,logs/diagnostics/recurrent-final-retention-20261001,logs/diagnostics/recurrent-final-retention-20261001/full_god_evaluation.json,1042,4bf570df25c30a3c3255534c798bda99975c56b9eec559e1e81959390838485a
diagnostics,logs/diagnostics/recurrent-final-retention-20261001,logs/diagnostics/recurrent-final-retention-20261001/summary.json,1637,29d86bc809feb558d7b2c79d0552b994c89ec6aed94a2bd81be8997b9bfcc044
diagnostics,logs/diagnostics/recurrent-learner-data-20261001,logs/diagnostics/recurrent-learner-data-20261001/summary.json,1756,bb22e38b6ab4ae66fa0876f101b1f121f751c393c771545a78b06b4feb564497
diagnostics,logs/diagnostics/recurrent-minibatch-runtime-audit-20261002,logs/diagnostics/recurrent-minibatch-runtime-audit-20261002/summary.json,10488,16188b9f37d45e809798b302f149ac87a2f2a8d176fa85d9591538e248cc6788
diagnostics,logs/diagnostics/recurrent-persistent-bc-audit-20261003,logs/diagnostics/recurrent-persistent-bc-audit-20261003/games.json,1199,0acd55f1359e6add9267aed231910b51649712da875be44d113e079b24964ef3
diagnostics,logs/diagnostics/recurrent-persistent-bc-audit-20261003,logs/diagnostics/recurrent-persistent-bc-audit-20261003/summary.json,4310,af939cd5829315557d99425f471dea5733aabc612d030214ee3de6afdbaaa22f
diagnostics,logs/diagnostics/recurrent-persistent-bc-curves-20261003,logs/diagnostics/recurrent-persistent-bc-curves-20261003/audit.json,437,8a6bdd012e03951f5fd72ef7d24e9b8274021117bdf4d4a8948a120ba7d23440
diagnostics,logs/diagnostics/recurrent-persistent-bc-curves-20261003,logs/diagnostics/recurrent-persistent-bc-curves-20261003/epochs.csv,5894,d38bbab235838b8b39128f5b82e00825b5a07f8f48af997aeacbfafda12262d7
diagnostics,logs/diagnostics/recurrent-persistent-bc-curves-20261003,logs/diagnostics/recurrent-persistent-bc-curves-20261003/summary.json,5380,3ba2430afd968597f562e2f269d7fd9ab40a440b84277b1e12713bfda9366e5c
diagnostics,logs/diagnostics/recurrent-persistent-bc-curves-20261003,logs/diagnostics/recurrent-persistent-bc-curves-20261003/visual-qa.json,831,169c7dfd2ab73a51ef700d81c6a0c0f30ae2075bbe1dae95861de3bb1b6b6c43
diagnostics,logs/diagnostics/recurrent-persistent-bc-input-metrics-audit-20261003,logs/diagnostics/recurrent-persistent-bc-input-metrics-audit-20261003/summary.json,5415,0940e37a8c212b6d8848e2302abdd0a3b7e4b55cf1ad1be9ff214c8b2d705f96
diagnostics,logs/diagnostics/recurrent-persistent-bc-input-metrics-audit-20261003-hydra,logs/diagnostics/recurrent-persistent-bc-input-metrics-audit-20261003-hydra/.hydra/config.yaml,234,0a8c8ac7bb5f443e4a292d7ff10709fb2d858bf5fe61e6b29dedd01cf7a6229f
diagnostics,logs/diagnostics/recurrent-persistent-bc-input-metrics-audit-20261003-hydra,logs/diagnostics/recurrent-persistent-bc-input-metrics-audit-20261003-hydra/.hydra/hydra.yaml,3872,b64da5e94e56550bc2185251067ebb76f3e781b41ee8cc7a5ca683efe732a2f6
diagnostics,logs/diagnostics/recurrent-persistent-bc-input-metrics-audit-20261003-hydra,logs/diagnostics/recurrent-persistent-bc-input-metrics-audit-20261003-hydra/.hydra/overrides.yaml,227,8daf7197d739aa0196246ca99ac3133844488ab3fe1affc2068c6d297bc9ea96
diagnostics,logs/diagnostics/recurrent-persistent-bc-preflight-20261003,logs/diagnostics/recurrent-persistent-bc-preflight-20261003/actual-start.json,328,f710bf34399b276b2c2b05710fd70e64a51fada71af6e32549948dd58dbcc662
diagnostics,logs/diagnostics/recurrent-persistent-bc-preflight-20261003,logs/diagnostics/recurrent-persistent-bc-preflight-20261003/summary.json,15722,e8096c6127251a54943dd34c671b42ed819d280faf5b9bbc2194e1e65070e16b
diagnostics,logs/diagnostics/recurrent-rehearsal-command-retention-20261001,logs/diagnostics/recurrent-rehearsal-command-retention-20261001/audit.json,4880,5809227872ac30c5bb24487cf93641764f16075cd798552282c1746aa3c59d6d
diagnostics,logs/diagnostics/recurrent-rehearsal-command-retention-20261001,logs/diagnostics/recurrent-rehearsal-command-retention-20261001/config.yaml,862,0692ed86a8e590e3ad9abab63f7fbebe6b3a40fae7de30f5d6b504ff970fa827
diagnostics,logs/diagnostics/recurrent-rehearsal-command-retention-20261001,logs/diagnostics/recurrent-rehearsal-command-retention-20261001/identity.json,20164,1bd6b53c4a652d9e535a44a28324c552fab3b512bef8ca35f201858fc521c061
diagnostics,logs/diagnostics/recurrent-rehearsal-command-retention-20261001,logs/diagnostics/recurrent-rehearsal-command-retention-20261001/result.json,25143,0d33a884cd5f4dfa8471d98915ac01da310b4374b0ffa634cf50c8a636235be5
diagnostics,logs/diagnostics/recurrent-rehearsal-curves-20261001,logs/diagnostics/recurrent-rehearsal-curves-20261001/audit.json,909,50ac99ec3ad02fd14ad5c66d3c92cb5d0e92827d98ad0465735e5d5b1ab58dc9
diagnostics,logs/diagnostics/recurrent-rehearsal-curves-20261001,logs/diagnostics/recurrent-rehearsal-curves-20261001/combat_series.json,39679,6498149037629c772c2faea2cbfb005c7ad4bcbd394471ed34f94b6fb4e0bdb7
diagnostics,logs/diagnostics/recurrent-rehearsal-curves-20261001,logs/diagnostics/recurrent-rehearsal-curves-20261001/curriculum_series.json,20644,633a76e9d6d1818998b278482ab36af07909896d039966eb1d2b2507614fea68
diagnostics,logs/diagnostics/recurrent-rehearsal-curves-20261001,logs/diagnostics/recurrent-rehearsal-curves-20261001/plain/config.yaml,5064,873e17c4f063b0b4e17755f59a02cd5e1f3564acdf9b867b1158cf3ee84f0e10
diagnostics,logs/diagnostics/recurrent-rehearsal-curves-20261001,logs/diagnostics/recurrent-rehearsal-curves-20261001/plain/progress.csv,31616,537f48d38f26488ddbd4b5cb0db14259f8dac494d08cf7230b7930045d7b8944
diagnostics,logs/diagnostics/recurrent-rehearsal-curves-20261001,logs/diagnostics/recurrent-rehearsal-curves-20261001/plain/progress.json,83357,8f4ac0f69957bdd637b37baa29d1701ca4f38db121152470092cbef223bee825
diagnostics,logs/diagnostics/recurrent-rehearsal-curves-20261001,logs/diagnostics/recurrent-rehearsal-curves-20261001/plain/timing.json,19724,04f786f1b28bda7040489c94ba935b1383cf20a5e9f657e98ec94247601ba08c
diagnostics,logs/diagnostics/recurrent-rehearsal-curves-20261001,logs/diagnostics/recurrent-rehearsal-curves-20261001/rehearsal/config.yaml,5264,c69d46e406e071255b314eb70775e76b871ecf7254476719c8b2e5400d4fa1e7
diagnostics,logs/diagnostics/recurrent-rehearsal-curves-20261001,logs/diagnostics/recurrent-rehearsal-curves-20261001/rehearsal/progress.csv,14919,3ad79cee888649b8fd42db007ec4c6f6ae5755011e68286fb8057d70ef96c65e
diagnostics,logs/diagnostics/recurrent-rehearsal-curves-20261001,logs/diagnostics/recurrent-rehearsal-curves-20261001/rehearsal/progress.json,37277,ae4092c89a216f8fb3c46a35fa896b6dbfd12518d46ad9ac091e723f9184841b
diagnostics,logs/diagnostics/recurrent-rehearsal-curves-20261001,logs/diagnostics/recurrent-rehearsal-curves-20261001/rehearsal/timing.json,20429,aeafe746b700c4871dda8700ce9d5e3d1751cc6431f8bcc42e74ae1f5fb9b011
diagnostics,logs/diagnostics/recurrent-rehearsal-curves-20261001,logs/diagnostics/recurrent-rehearsal-curves-20261001/separate/config.yaml,5164,7439cb0997447f55ec7d3b3a3f8555bca4f1f8a36203b5eb77954804254157cc
diagnostics,logs/diagnostics/recurrent-rehearsal-curves-20261001,logs/diagnostics/recurrent-rehearsal-curves-20261001/separate/progress.csv,29990,85e63071074c4e8c4981a5d2352f7676a675c88b0f022ad425ea49b34ebe1693
diagnostics,logs/diagnostics/recurrent-rehearsal-curves-20261001,logs/diagnostics/recurrent-rehearsal-curves-20261001/separate/progress.json,78393,ab58ce37ecf52dd35a829d125bd419dde45d71f2291aaabad9dad59790731458
diagnostics,logs/diagnostics/recurrent-rehearsal-curves-20261001,logs/diagnostics/recurrent-rehearsal-curves-20261001/separate/timing.json,19760,37d3e95a34e4909322c7cba2e3609e91797f26f8b71637b62194f45d7c86f4c3
diagnostics,logs/diagnostics/recurrent-rehearsal-curves-20261001,logs/diagnostics/recurrent-rehearsal-curves-20261001/summary.json,24057,a5fc6ecf2ae34cbc38cc71adcf1d763a6384b1d21a8ffd38a53a00ad383add49
diagnostics,logs/diagnostics/recurrent-rehearsal-final-20261001,logs/diagnostics/recurrent-rehearsal-final-20261001/full_god_evaluation.json,1038,63a12b37dc5ed1c9c8ba4436e9479eb31b3bb46cd7e6628f314852041749d71c
diagnostics,logs/diagnostics/recurrent-rehearsal-final-20261001,logs/diagnostics/recurrent-rehearsal-final-20261001/training.json,1417,4c03fb7ad351fe589a72d08eee35961b34bf4ac357e4b841acd1814292cd872e
diagnostics,logs/diagnostics/recurrent-rehearsal-first-update-20261001,logs/diagnostics/recurrent-rehearsal-first-update-20261001/summary.json,3915,f7d14ee22dd3fa9119a94e0f44b6c435e1866888d49805642c46a4d67170d31f
diagnostics,logs/diagnostics/recurrent-rehearsal-midpoint-actions-20261001,logs/diagnostics/recurrent-rehearsal-midpoint-actions-20261001/initial/config.yaml,16465,ba9cb3a9f8cbeb2697bd827ecfa858b0c6d71e47582933ac69d603f5ce98bc60
diagnostics,logs/diagnostics/recurrent-rehearsal-midpoint-actions-20261001,logs/diagnostics/recurrent-rehearsal-midpoint-actions-20261001/initial/result.json,51136,aaf9a0958261a033d5320405571622242b2f0f2f19ed05c84712d32f2ddefae0
diagnostics,logs/diagnostics/recurrent-rehearsal-midpoint-actions-20261001,logs/diagnostics/recurrent-rehearsal-midpoint-actions-20261001/rehearsal/config.yaml,13765,6095f9822bb59fd4d095a6a8c9dfb63e0e1d05eceede6932b5a6f605d62d9bd5
diagnostics,logs/diagnostics/recurrent-rehearsal-midpoint-actions-20261001,logs/diagnostics/recurrent-rehearsal-midpoint-actions-20261001/rehearsal/result.json,50307,42a07ea3ab4242869e924a60614061ad34db6bb5e0ca00cbaa6a592e4c5707ef
diagnostics,logs/diagnostics/recurrent-rehearsal-midpoint-actions-20261001,logs/diagnostics/recurrent-rehearsal-midpoint-actions-20261001/summary.json,206590,da32c18408813daa006ce79d677c8427e3066413ca46d0436a6a748fa7a4b9aa
diagnostics,logs/diagnostics/recurrent-rehearsal-midpoint-retention-20261001,logs/diagnostics/recurrent-rehearsal-midpoint-retention-20261001/audit.json,3564,eeba26ab75cb924ee653ef10ba14b853785de59b976b6db17f23423a1833d537
diagnostics,logs/diagnostics/recurrent-rehearsal-midpoint-retention-20261001,logs/diagnostics/recurrent-rehearsal-midpoint-retention-20261001/config.yaml,705,3caaf31e6ef6386e06a69d9c28f215e83329d2710474a50fb41212d570760e93
diagnostics,logs/diagnostics/recurrent-rehearsal-midpoint-retention-20261001,logs/diagnostics/recurrent-rehearsal-midpoint-retention-20261001/full_god_evaluation.json,1023,8c5b61ade86dcc9f9b8474253955a64cf3a906a37a10c1500d8bf1d52a053dbe
diagnostics,logs/diagnostics/recurrent-rehearsal-midpoint-retention-20261001,logs/diagnostics/recurrent-rehearsal-midpoint-retention-20261001/identity.json,20051,96fdbc5466e2a00a2943a0778b767f9b769208bafb3f0255b7102b8654f5b307
diagnostics,logs/diagnostics/recurrent-rehearsal-midpoint-retention-20261001,logs/diagnostics/recurrent-rehearsal-midpoint-retention-20261001/result.json,8277,93b14a13dcbf1402b31eb0ff8e91dfe8d7fae944a78d8ec6a9c174b57c492a59
diagnostics,logs/diagnostics/recurrent-separate-final-retention-20261001,logs/diagnostics/recurrent-separate-final-retention-20261001/full_god_evaluation.json,995,4b2bf6447e4c1e5d4d5702e6c3f2f573825160dcb67bca24eba99d0a568e1771
diagnostics,logs/diagnostics/recurrent-separate-final-retention-20261001,logs/diagnostics/recurrent-separate-final-retention-20261001/summary.json,1669,18701fbea31b0e81b43795b44beff25a9c0ac87ed1be9ff5b0310b85b04f99a1
diagnostics,logs/diagnostics/recurrent-separate-midpoint-retention-20261001,logs/diagnostics/recurrent-separate-midpoint-retention-20261001/full_god_evaluation.json,996,b31d7b30794307f46298e670d630d9d0506b6b6ca0955385289d1349f11cd69e
diagnostics,logs/diagnostics/recurrent-separate-midpoint-retention-20261001,logs/diagnostics/recurrent-separate-midpoint-retention-20261001/summary.json,1622,7e332d8303cc8b69732ba6782e697047d513077931acb6c270baff0dd775c76e
diagnostics,logs/diagnostics/recurrent-separate-zero-shot-20261001,logs/diagnostics/recurrent-separate-zero-shot-20261001/summary.json,1167,6fd425ca9d2ab2c171983eb91eec57c646100b8a9cb5c5b4d39cdd3831785290
diagnostics,logs/diagnostics/recurrent-serial-recovery-20261003,logs/diagnostics/recurrent-serial-recovery-20261003/summary.json,13687,755a3d9bddb640e1fe53a90c94d8fa99848f500f853c59d207736cceb9a5e19d
diagnostics,logs/diagnostics/recurrent-sparse-profile-audit-20261002,logs/diagnostics/recurrent-sparse-profile-audit-20261002/profile-functions.json,3979772,c3fc01956778110d4a79be6a4497e5c822a15b3e66440d7032cb8c4eb606f853
diagnostics,logs/diagnostics/recurrent-sparse-profile-audit-20261002,logs/diagnostics/recurrent-sparse-profile-audit-20261002/summary.json,9482,a689fae6f940b7202797aa9cb09ceaff7d3d18b2cdf0edffaad15cf0fffa0cf6
diagnostics,logs/diagnostics/recurrent-sparse-profile-preflight-20261002,logs/diagnostics/recurrent-sparse-profile-preflight-20261002/summary.json,8111,c397529566fc67cdd19f5a83cb003f32353b481402c43d88760ab80feccdf6ac
diagnostics,logs/diagnostics/recurrent-state-audit-preflight-20261002,logs/diagnostics/recurrent-state-audit-preflight-20261002/summary.json,8010,403f3a2ada3596ee78f3576f852139100044438aff84199af768ae3aef18c5e1
diagnostics,logs/diagnostics/recurrent-state-first-update-20261002,logs/diagnostics/recurrent-state-first-update-20261002/result.json,350036,9bcc5596f2c2b5fc861e5b50804fe293b4fd3996bb21ce7cb16d467973b102ff
diagnostics,logs/diagnostics/recurrent-state-first-update-20261002,logs/diagnostics/recurrent-state-first-update-20261002/summary-audit.json,201,05656f08271a63eed699924132895fc615ff115eb72c6811b03fe9a66444fb54
diagnostics,logs/diagnostics/recurrent-state-late-audit-20261003,logs/diagnostics/recurrent-state-late-audit-20261003/summary.json,13165,4dc8b97f5fb78ee0c78432e9fec48cfba76bd0e4f2b818d6db70104203a1f361
diagnostics,logs/diagnostics/recurrent-state-late-preflight-20261003,logs/diagnostics/recurrent-state-late-preflight-20261003/summary.json,9197,263539c6803a59f5271d59f99dc2ddd5af6f8d8c2854e11d5a0e0bc062742f1e
diagnostics,logs/diagnostics/recurrent-state-runtime-audit-20261002,logs/diagnostics/recurrent-state-runtime-audit-20261002/summary.json,7001,8ba834334dece61f36603af1e9918a23e4e2792758b650cabe6afe594c930026
diagnostics,logs/diagnostics/recurrent-state-runtime-curves-20261002,logs/diagnostics/recurrent-state-runtime-curves-20261002/audit.json,157,197a4b86662c65b372121bce7a5c7a2a14f3b37618beb7a881d00cd3f1a39627
diagnostics,logs/diagnostics/recurrent-state-runtime-curves-20261002,logs/diagnostics/recurrent-state-runtime-curves-20261002/lag-metrics.csv,23533,5918ec752a7870d7ee952bb9bc03db57a7cb65b2567842dd6c99d8c8a066daaf
diagnostics,logs/diagnostics/recurrent-state-runtime-curves-20261002,logs/diagnostics/recurrent-state-runtime-curves-20261002/sources.json,392,4b94f59502f730de654893a47bc70720d6d4f899827e573e55572a783da87a90
diagnostics,logs/diagnostics/rehearsal-cuda-real-data-20261001,logs/diagnostics/rehearsal-cuda-real-data-20261001/progress.csv,221,38ca598097eb218054ff69164ffe29ab7ba6846731dca7206ea65c63d5289801
diagnostics,logs/diagnostics/rehearsal-cuda-real-data-20261001,logs/diagnostics/rehearsal-cuda-real-data-20261001/summary.json,2275,4b23c68c02b5873cad48f4b17b683d50cf19e02f50aaccbb29337c6110e76e31
diagnostics,logs/diagnostics/relational-initialization-20261002,logs/diagnostics/relational-initialization-20261002/256-config.yaml,7946,cf5c9585a9defc53afa2b02bd78d2b3aa2afc401f0ef8fa9dc31bf3931e35a8f
diagnostics,logs/diagnostics/relational-initialization-20261002,logs/diagnostics/relational-initialization-20261002/256-identity.json,23039,eb459360fbb6516784becb9e54f0b8322588663e18b5d196fc64935f6a43bd1a
diagnostics,logs/diagnostics/relational-initialization-20261002,logs/diagnostics/relational-initialization-20261002/512-config.yaml,8025,a6f2d84fe78f7b86d99b3d11dab731a18fd18393db6e2aa81a5ac84ea4cc82a4
diagnostics,logs/diagnostics/relational-initialization-20261002,logs/diagnostics/relational-initialization-20261002/512-identity.json,23152,7b7b72bdb950f99c82991aa1847c49a56b8a68afcc61fa52931fb2524213fdc6
diagnostics,logs/diagnostics/relational-initialization-20261002,logs/diagnostics/relational-initialization-20261002/summary.json,963,ae332a4c1ef8ecc1188411b50fdaeca2ddb9f0932e9f7d37a70040615b1b065b
diagnostics,logs/diagnostics/relational-policy-compute-20261002,logs/diagnostics/relational-policy-compute-20261002/result.json,6342,b826c894d8147c2df803f0b9e8bd3d3ad137194a25f859513fd8a0411137ef37
diagnostics,logs/diagnostics/relational-retention-full-precision-20261002,logs/diagnostics/relational-retention-full-precision-20261002/audit.json,10950,fc2c532b7ffb2d19a6c2a53aadfdfb7e6bf9653fdcdc2f1319994b7761e66956
diagnostics,logs/diagnostics/relational-retention-full-precision-20261002,logs/diagnostics/relational-retention-full-precision-20261002/config.yaml,747,0e248c2f84e14d9232b59aa111ca4a4aaffb64d7b1710610347dd6e229995c46
diagnostics,logs/diagnostics/relational-retention-full-precision-20261002,logs/diagnostics/relational-retention-full-precision-20261002/identity.json,20509,b135118d5a2a4dc51a83909775e9ec96d531f5f6a6c4bb0027b0612573b8d107
diagnostics,logs/diagnostics/relational-retention-full-precision-20261002,logs/diagnostics/relational-retention-full-precision-20261002/precision-invocation.json,475,9251ab7d77d9db36ced99dd67a477390cb4e6de7046ab0b610d9fb57c609e617
diagnostics,logs/diagnostics/relational-retention-full-precision-20261002,logs/diagnostics/relational-retention-full-precision-20261002/result.json,50913,c8e4bec2dff2c7150f586a96ae20fd940496bb51606d99c904275aa2f9a51ca3
diagnostics,logs/diagnostics/relational-training-20261002,logs/diagnostics/relational-training-20261002/full_god_evaluations.json,23928,d2f04c8661fce037281bdd20e835978c943bf7b235693b21def6c1a89c92410e
diagnostics,logs/diagnostics/relational-training-20261002,logs/diagnostics/relational-training-20261002/summary.json,80761,fa233b3612ea434def5dcecde167566d1c47f6c31b5f898980f34e845296b5dd
diagnostics,logs/diagnostics/sampling-profile-address8-audit-20261002,logs/diagnostics/sampling-profile-address8-audit-20261002/profile-functions.json,3968424,c723da45d5fddd903a3416d869306542f193be76e0c175ebc364f7362167cd48
diagnostics,logs/diagnostics/sampling-profile-address8-audit-20261002,logs/diagnostics/sampling-profile-address8-audit-20261002/summary.json,4559,ca6d5611e771153b610b4da239c30a79203e5d0d58486199da36df539107d14b
diagnostics,logs/diagnostics/seat-restarts-20261003,logs/diagnostics/seat-restarts-20261003/summary.json,21762,c1728e9689fb53d9f2a36e7156c9ae82b826d637c1cfb3764a4d4bb043eb6a57
diagnostics,logs/diagnostics/second-budget-complete-curves-20261003,logs/diagnostics/second-budget-complete-curves-20261003/evaluations.csv,416,6e33a4db813e7067d448cc01ed8fb00df34d340edc4fa0bd5f2af205a923f9bd
diagnostics,logs/diagnostics/second-budget-complete-curves-20261003,logs/diagnostics/second-budget-complete-curves-20261003/events.csv,15014,f05d2202f6b53088ea9128097e7961ef0b39a07d9e3faa997758f62222188066
diagnostics,logs/diagnostics/second-budget-complete-curves-20261003,logs/diagnostics/second-budget-complete-curves-20261003/summary.json,4325,b4e031289c2ec07f8f7325408e50f6cc7b6a50809c81f8374f73a897dad0c34e
diagnostics,logs/diagnostics/second-budget-complete-curves-20261003-v2,logs/diagnostics/second-budget-complete-curves-20261003-v2/evaluations.csv,416,6e33a4db813e7067d448cc01ed8fb00df34d340edc4fa0bd5f2af205a923f9bd
diagnostics,logs/diagnostics/second-budget-complete-curves-20261003-v2,logs/diagnostics/second-budget-complete-curves-20261003-v2/events.csv,15014,f05d2202f6b53088ea9128097e7961ef0b39a07d9e3faa997758f62222188066
diagnostics,logs/diagnostics/second-budget-complete-curves-20261003-v2,logs/diagnostics/second-budget-complete-curves-20261003-v2/summary.json,4325,9f1df308516544a7ce8746a465e1e22a9f705338ddbb21696623ac418d77fa28
diagnostics,logs/diagnostics/slow-feedback-budget-audit-20261003,logs/diagnostics/slow-feedback-budget-audit-20261003/final-progress.json,610572,fdb4abbaee2a6b782e5657126df5b3b71409d053a206ed9f85230885b2253ed6
diagnostics,logs/diagnostics/slow-feedback-budget-audit-20261003,logs/diagnostics/slow-feedback-budget-audit-20261003/final.json,2855,2ee793248264a5f5b1fc89c93952f56fece2643aec3242bebe245877f2aed66a
diagnostics,logs/diagnostics/slow-feedback-budget-audit-20261003,logs/diagnostics/slow-feedback-budget-audit-20261003/final_games.json,1277,7b8c9955f4d93441f032b18da1bb34ca003007fba9a218e46c27275923b00715
diagnostics,logs/diagnostics/slow-feedback-budget-audit-20261003,logs/diagnostics/slow-feedback-budget-audit-20261003/mid1-progress.json,204031,edeca6593c19231290a516b63252ecbc8412ae8f9fe5bab22e0f3569756eb8d5
diagnostics,logs/diagnostics/slow-feedback-budget-audit-20261003,logs/diagnostics/slow-feedback-budget-audit-20261003/mid1.json,2598,dcf014881718924e6bfe8f8fd454cab738f8987820ccccd38dc727010752f1aa
diagnostics,logs/diagnostics/slow-feedback-budget-audit-20261003,logs/diagnostics/slow-feedback-budget-audit-20261003/mid1_games.json,1194,8e59c6cd11c9828452671aa2ec06c8ca2a5b75115f3ded94c52841984f1488ec
diagnostics,logs/diagnostics/slow-feedback-budget-audit-20261003,logs/diagnostics/slow-feedback-budget-audit-20261003/mid2-progress.json,413875,df102e3c78c6038cc2d0f49311042e44da5a528b585f8ce40489e90bfe78805d
diagnostics,logs/diagnostics/slow-feedback-budget-audit-20261003,logs/diagnostics/slow-feedback-budget-audit-20261003/mid2.json,2636,8e4073b05ae2d9b149c4e13953495ca5f221d95217745bfbe1cc6575150f5e6e
diagnostics,logs/diagnostics/slow-feedback-budget-audit-20261003,logs/diagnostics/slow-feedback-budget-audit-20261003/mid2_games.json,1249,7d28edd2f5cadb9c9e8d18d4b580a981233058ab57c5daf5d8184fef0988e8c2
diagnostics,logs/diagnostics/slow-feedback-budget-audit-20261003,logs/diagnostics/slow-feedback-budget-audit-20261003/start-progress.json,1754,3476edb0a787a67d3009951598d33302dcc7f3559b23db5805d3d3e1b21d81d6
diagnostics,logs/diagnostics/slow-feedback-budget-audit-20261003,logs/diagnostics/slow-feedback-budget-audit-20261003/start.json,1681,f3b6841842d349de14678ec127014c0247c93327f088888712b01d143e29ee26
diagnostics,logs/diagnostics/slow-feedback-budget-curves-20261003,logs/diagnostics/slow-feedback-budget-curves-20261003/audit.json,1847,047122c728b6e18a5d6ca9737c6188994e8da49cd4f0f66573d97eaa6c94ed91
diagnostics,logs/diagnostics/slow-feedback-budget-curves-20261003,logs/diagnostics/slow-feedback-budget-curves-20261003/combat_series.json,41619,34428b849687b953ec9cf12d3e73a5e642176f894bc51d2fcc02130a6adee512
diagnostics,logs/diagnostics/slow-feedback-budget-curves-20261003,logs/diagnostics/slow-feedback-budget-curves-20261003/continued/config.yaml,5192,7812ddcf6ea9e0f3d5b51066cf4785c3ede74f5d87a716a48b97cd11ef561548
diagnostics,logs/diagnostics/slow-feedback-budget-curves-20261003,logs/diagnostics/slow-feedback-budget-curves-20261003/continued/progress.csv,37594,630e284232ca6aac8c58b69ddc92cf8dfef49278f8d9d22c3ea9292344a8f730
diagnostics,logs/diagnostics/slow-feedback-budget-curves-20261003,logs/diagnostics/slow-feedback-budget-curves-20261003/continued/progress.json,204031,3c48bd15a021a50f70fec25f24158ecd43abb59292e229cb7e614018e2433ac4
diagnostics,logs/diagnostics/slow-feedback-budget-curves-20261003,logs/diagnostics/slow-feedback-budget-curves-20261003/continued/timing.json,23239,bf11b228c58071de5ecfae6935208553c849c673b20baa94d57696ef61e906af
diagnostics,logs/diagnostics/slow-feedback-budget-curves-20261003,logs/diagnostics/slow-feedback-budget-curves-20261003/curriculum_series.json,22610,2ddc7cab5ba057c19b3262b5dbeb6993fe5a4b05f5352b7222ff5abcc8408ca6
diagnostics,logs/diagnostics/slow-feedback-budget-curves-20261003,logs/diagnostics/slow-feedback-budget-curves-20261003/summary.json,8383,97b6943a2869b9519a7eb88362168dd8fadafbaf0bf2b641bd17962fa84bd0b7
diagnostics,logs/diagnostics/slow-feedback-budget-curves-20261003,logs/diagnostics/slow-feedback-budget-curves-20261003/training_updates.json,59330,34075df39a9f62de82054ed0f9bc420720f616357ba5fbffc028cd3147c8235b
diagnostics,logs/diagnostics/slow-feedback-budget-preflight-20261003,logs/diagnostics/slow-feedback-budget-preflight-20261003/summary.json,9117,74fb9eebf677bc02bc7e7e4a2deb955bfd5f90f2f56862ad10c5d9f3dffa2dd7
diagnostics,logs/diagnostics/slow-feedback-complete-curves-20261003,logs/diagnostics/slow-feedback-complete-curves-20261003/audit.json,1291,78ddc6c6d8d4d7e1955f05d567883e9eb60279900943ebad22480421b588b9b2
diagnostics,logs/diagnostics/slow-feedback-complete-curves-20261003,logs/diagnostics/slow-feedback-complete-curves-20261003/continuation/config.yaml,5192,7812ddcf6ea9e0f3d5b51066cf4785c3ede74f5d87a716a48b97cd11ef561548
diagnostics,logs/diagnostics/slow-feedback-complete-curves-20261003,logs/diagnostics/slow-feedback-complete-curves-20261003/continuation/progress.csv,112090,56973beb958c58a3aa8d23cb1a6603665d044addfe69843e8b172a7a99941973
diagnostics,logs/diagnostics/slow-feedback-complete-curves-20261003,logs/diagnostics/slow-feedback-complete-curves-20261003/continuation/progress.json,610572,fdb4abbaee2a6b782e5657126df5b3b71409d053a206ed9f85230885b2253ed6
diagnostics,logs/diagnostics/slow-feedback-complete-curves-20261003,logs/diagnostics/slow-feedback-complete-curves-20261003/continuation/timing.json,71530,3cc64c0d55e2fcd6e1182d4359c88dbe40261195945a651f14c7f86314a10ffd
diagnostics,logs/diagnostics/slow-feedback-complete-curves-20261003,logs/diagnostics/slow-feedback-complete-curves-20261003/episode-series.csv,29500,2b2085d5ef7aeb58cb0bfa9b9d7adf9d44acbf35dbd269512b419d7317691599
diagnostics,logs/diagnostics/slow-feedback-complete-curves-20261003,logs/diagnostics/slow-feedback-complete-curves-20261003/parent/config.yaml,5206,6cfa59e375fe1f69349b7e8e2eff08a721c867d74a3fbb958c075db0bb783e64
diagnostics,logs/diagnostics/slow-feedback-complete-curves-20261003,logs/diagnostics/slow-feedback-complete-curves-20261003/parent/progress.csv,35229,4bc430faf444e2ea65d72b20a88195ee2d1180024d4c2faed338afb9d605b25a
diagnostics,logs/diagnostics/slow-feedback-complete-curves-20261003,logs/diagnostics/slow-feedback-complete-curves-20261003/parent/progress.json,208314,f4189da7f6744c3af0f371083694914297cb305bb18c22c3ee69290ea59a3344
diagnostics,logs/diagnostics/slow-feedback-complete-curves-20261003,logs/diagnostics/slow-feedback-complete-curves-20261003/parent/timing.json,24249,07463dd23b9dfb8ab96bc7bc8e73ac8f867ceacfadb41cf8375facadcdc249f4
diagnostics,logs/diagnostics/slow-feedback-complete-curves-20261003,logs/diagnostics/slow-feedback-complete-curves-20261003/series.json,456364,98c089e24b06c32a8057202e0b7ad51bc6811a869d246ac0ea08b8da9a3aa421
diagnostics,logs/diagnostics/slow-feedback-complete-curves-20261003,logs/diagnostics/slow-feedback-complete-curves-20261003/summary.json,2464,cf5bb2279a94217e2ac8d37e72250c50f266c2dc2fc9c87b432150488fe386b7
diagnostics,logs/diagnostics/slow-feedback-curves-20261003,logs/diagnostics/slow-feedback-curves-20261003/audit.json,2716,1fe3be45bd2c2175ed6a3b8964192af5fa101dc3d3ab2ed5ac7a8d86254adb45
diagnostics,logs/diagnostics/slow-feedback-curves-20261003,logs/diagnostics/slow-feedback-curves-20261003/combat_series.json,67446,96f99f4b16aac1d566358764673934aefcd5374a9ed6f8bfa8067f64508a80ff
diagnostics,logs/diagnostics/slow-feedback-curves-20261003,logs/diagnostics/slow-feedback-curves-20261003/curriculum_series.json,34797,1d7cd74b29aba51c98082da50beadf64970d9fd5ea0d7ef324886b3fbb6fdb4f
diagnostics,logs/diagnostics/slow-feedback-curves-20261003,logs/diagnostics/slow-feedback-curves-20261003/every_eight/config.yaml,5206,6cfa59e375fe1f69349b7e8e2eff08a721c867d74a3fbb958c075db0bb783e64
diagnostics,logs/diagnostics/slow-feedback-curves-20261003,logs/diagnostics/slow-feedback-curves-20261003/every_eight/progress.csv,15581,43c95fb63f5b018607a20f899cbf05c28f3a84ce487b78e083629bc13fff4ebf
diagnostics,logs/diagnostics/slow-feedback-curves-20261003,logs/diagnostics/slow-feedback-curves-20261003/every_eight/progress.json,96346,7ee5f8e2a93c97a7e9aa442553b8b89f1dbaaba9eae9757fa7c7f6eee2aec361
diagnostics,logs/diagnostics/slow-feedback-curves-20261003,logs/diagnostics/slow-feedback-curves-20261003/every_eight/timing.json,11454,683400d796f57bd9b1135d4dddcd58796cba8a91a54bc18175e6343233550525
diagnostics,logs/diagnostics/slow-feedback-curves-20261003,logs/diagnostics/slow-feedback-curves-20261003/every_game/config.yaml,5205,b20b4f3b7ba7e59c81de3e8e0d1d41cbacfdc911d8c07ace5696b75991f5d362
diagnostics,logs/diagnostics/slow-feedback-curves-20261003,logs/diagnostics/slow-feedback-curves-20261003/every_game/progress.csv,35623,07c0c687ea1699811a7bbbd385a2a774aa2afc2e24f3fd5b817d0be995cecd8c
diagnostics,logs/diagnostics/slow-feedback-curves-20261003,logs/diagnostics/slow-feedback-curves-20261003/every_game/progress.json,229660,7460da466da5f66527d50d52c7a8a2a6ed96e48f7c286f5170bd887702af57c8
diagnostics,logs/diagnostics/slow-feedback-curves-20261003,logs/diagnostics/slow-feedback-curves-20261003/every_game/timing.json,24232,be43a4fd8555cc46d28758e6cf8d476d6685f0dfe3a37cbf7117e02cc8a7a692
diagnostics,logs/diagnostics/slow-feedback-curves-20261003,logs/diagnostics/slow-feedback-curves-20261003/summary.json,17386,ff34d2a68b939921608f5f4c8b144d1647b0a408707ff7ba84d11ca3f409b61a
diagnostics,logs/diagnostics/slow-feedback-curves-20261003,logs/diagnostics/slow-feedback-curves-20261003/training_updates.json,88682,9be589e33818ff4a99633d9803ff0888b65bf64a1c2063193405ca79ec12b92a
diagnostics,logs/diagnostics/slow-feedback-final-block16-noise125-20261003,logs/diagnostics/slow-feedback-final-block16-noise125-20261003/config.yaml,12115,580255047a71d74fa91f66d1a65160d377db43c2af81deb74ba9bec1e261b1bc
diagnostics,logs/diagnostics/slow-feedback-final-block16-noise125-20261003,logs/diagnostics/slow-feedback-final-block16-noise125-20261003/controller_calls.json,2496,64963d928f2f41e53c5cd6a0eb605f5092179a153df30df4981fc3b9766d05b3
diagnostics,logs/diagnostics/slow-feedback-final-block16-noise125-20261003,logs/diagnostics/slow-feedback-final-block16-noise125-20261003/plan.json,12796,84d833aa9f26e295777e7d21ae78fc97de0ce19e0850d55d67aa806d27ceaf5c
diagnostics,logs/diagnostics/slow-feedback-final-block16-noise125-20261003,logs/diagnostics/slow-feedback-final-block16-noise125-20261003/progress.json,469337,1b685b07fb944d6b985bfe2525fa77021493df504c5e102c6494e4cba58473d9
diagnostics,logs/diagnostics/slow-feedback-final-block16-noise125-20261003,logs/diagnostics/slow-feedback-final-block16-noise125-20261003/replays/a492cdac58d44ecc9def788bf8632a47/episode-00000001-slot-1.json,199,f5e2f9b5155ffe6be679469d1e70493508947dd81e8b32b94d4a55d3514cf400
diagnostics,logs/diagnostics/slow-feedback-final-block16-noise125-20261003,logs/diagnostics/slow-feedback-final-block16-noise125-20261003/replays/a492cdac58d44ecc9def788bf8632a47/episode-00000002-slot-0.json,199,79bf5f1a2d718240db33908abe64d792ebe479ec49b9113b658b3c3061ab51eb
diagnostics,logs/diagnostics/slow-feedback-final-block16-noise125-20261003,logs/diagnostics/slow-feedback-final-block16-noise125-20261003/replays/a492cdac58d44ecc9def788bf8632a47/episode-00000003-slot-4.json,200,5ba9b235036a906c23378f17bc92b2274b7a626b3949fad5810da51f5d9d4323
diagnostics,logs/diagnostics/slow-feedback-final-block16-noise125-20261003,logs/diagnostics/slow-feedback-final-block16-noise125-20261003/replays/a492cdac58d44ecc9def788bf8632a47/episode-00000004-slot-5.json,200,3aff86d0f1128e560ad547355ebe10951c1428306a28f7ce0b4379c9f0700447
diagnostics,logs/diagnostics/slow-feedback-final-block16-noise125-20261003,logs/diagnostics/slow-feedback-final-block16-noise125-20261003/replays/a492cdac58d44ecc9def788bf8632a47/episode-00000005-slot-7.json,200,9f61f8698892ea5cf2c2c945f386cd2eede7a1daed0307c9931dfd4a22d91b0c
diagnostics,logs/diagnostics/slow-feedback-final-block16-noise125-20261003,logs/diagnostics/slow-feedback-final-block16-noise125-20261003/replays/a492cdac58d44ecc9def788bf8632a47/episode-00000006-slot-6.json,200,8961f4ed1092731174e1517b37324e2e561c082e9d5a1d03fa49eae863739e96
diagnostics,logs/diagnostics/slow-feedback-final-block16-noise125-20261003,logs/diagnostics/slow-feedback-final-block16-noise125-20261003/replays/a492cdac58d44ecc9def788bf8632a47/episode-00000007-slot-3.json,200,5b53fcf791d32f18f4fcd3ba32dcb9f3cc16de9a83fa6bb2a652babfc8fd3a28
diagnostics,logs/diagnostics/slow-feedback-final-block16-noise125-20261003,logs/diagnostics/slow-feedback-final-block16-noise125-20261003/replays/a492cdac58d44ecc9def788bf8632a47/episode-00000008-slot-2.json,199,7d59e88292fc76bda9743beab97e4922ce030a9147b9896720c9f4a02e81833e
diagnostics,logs/diagnostics/slow-feedback-final-block16-noise125-20261003,logs/diagnostics/slow-feedback-final-block16-noise125-20261003/replays/a492cdac58d44ecc9def788bf8632a47/episode-00000009-slot-7.json,200,0c0cdc44afb94942d28d7de679a4277b07408d959ebe9eff2433466e7c47a07a
diagnostics,logs/diagnostics/slow-feedback-final-block16-noise125-20261003,logs/diagnostics/slow-feedback-final-block16-noise125-20261003/replays/a492cdac58d44ecc9def788bf8632a47/episode-00000010-slot-0.json,199,b8bf58da06ec596a1f505308f2089d34e33b179ddce5f7e101ae429371a91af2
diagnostics,logs/diagnostics/slow-feedback-final-block16-noise125-20261003,logs/diagnostics/slow-feedback-final-block16-noise125-20261003/replays/a492cdac58d44ecc9def788bf8632a47/episode-00000011-slot-5.json,200,f5c0a71925dc97d9925cdaea0201666a19299e37d92dc3e6e280cf33b92e9dfe
diagnostics,logs/diagnostics/slow-feedback-final-block16-noise125-20261003,logs/diagnostics/slow-feedback-final-block16-noise125-20261003/replays/a492cdac58d44ecc9def788bf8632a47/episode-00000012-slot-3.json,200,30e6c41e88f908e571f722bbd04d6ad263f90fc95cb9205f7ce07dd5505c9c9a
diagnostics,logs/diagnostics/slow-feedback-final-block16-noise125-20261003,logs/diagnostics/slow-feedback-final-block16-noise125-20261003/replays/a492cdac58d44ecc9def788bf8632a47/episode-00000013-slot-6.json,200,169f07738d4efbf5f3b81a3da5c447ff7468b9cf99e773f211012262b2bd1789
diagnostics,logs/diagnostics/slow-feedback-final-block16-noise125-20261003,logs/diagnostics/slow-feedback-final-block16-noise125-20261003/replays/a492cdac58d44ecc9def788bf8632a47/episode-00000014-slot-4.json,200,5d0f8f531bd45e13a18bf42697e84e8fdd250b70e8d70f32e8660ec333412fb7
diagnostics,logs/diagnostics/slow-feedback-final-block16-noise125-20261003,logs/diagnostics/slow-feedback-final-block16-noise125-20261003/replays/a492cdac58d44ecc9def788bf8632a47/episode-00000015-slot-1.json,199,aa410e2425d182b37b44a255e97035bb8df27a3918290af11fb29ad03484bdb0
diagnostics,logs/diagnostics/slow-feedback-final-block16-noise125-20261003,logs/diagnostics/slow-feedback-final-block16-noise125-20261003/replays/a492cdac58d44ecc9def788bf8632a47/episode-00000016-slot-2.json,199,5442d9bfcfe0c1c46f3ee973313fc32a76a753fd09b258f042f210ac5db29fdb
diagnostics,logs/diagnostics/slow-feedback-final-block16-noise125-20261003,logs/diagnostics/slow-feedback-final-block16-noise125-20261003/result.json,543824,58e78d133e07e7adc2d2668d7448b1e34b3fce27635f57859b9150a3e2a56d11
diagnostics,logs/diagnostics/slow-feedback-final-block16-noise250-20261003,logs/diagnostics/slow-feedback-final-block16-noise250-20261003/config.yaml,12113,37ed8beffd30651b7ef117be2e7e01439bf0ee74912ec1cc5497f421fd487963
diagnostics,logs/diagnostics/slow-feedback-final-block16-noise250-20261003,logs/diagnostics/slow-feedback-final-block16-noise250-20261003/controller_calls.json,2480,b7e9c572ac5beb5bbf709fd8258f2e7a40f6b7a2af35f79bb9765b2d8ecc71ed
diagnostics,logs/diagnostics/slow-feedback-final-block16-noise250-20261003,logs/diagnostics/slow-feedback-final-block16-noise250-20261003/plan.json,12796,971d05e11b48751e82c1100063e0aa969c6e91835d233c454047b4acfb9a46f1
diagnostics,logs/diagnostics/slow-feedback-final-block16-noise250-20261003,logs/diagnostics/slow-feedback-final-block16-noise250-20261003/progress.json,550175,c53cf2d024bb6f80f31a747009556cd78ebc0f4ad100527b62c8069e74b0e6eb
diagnostics,logs/diagnostics/slow-feedback-final-block16-noise250-20261003,logs/diagnostics/slow-feedback-final-block16-noise250-20261003/replays/850fc2ce59fd4d9fbdbab69c19502ee7/episode-00000001-slot-0.json,199,b47ab7bbea72fe86bc5d7c38a8e43d32473252313fa6cc46c284dc8e64e66a5c
diagnostics,logs/diagnostics/slow-feedback-final-block16-noise250-20261003,logs/diagnostics/slow-feedback-final-block16-noise250-20261003/replays/850fc2ce59fd4d9fbdbab69c19502ee7/episode-00000002-slot-5.json,200,10dd8d4ad80dbdb3578a70d3fb97f2c4077fc350e072c002816e1400aef84510
diagnostics,logs/diagnostics/slow-feedback-final-block16-noise250-20261003,logs/diagnostics/slow-feedback-final-block16-noise250-20261003/replays/850fc2ce59fd4d9fbdbab69c19502ee7/episode-00000003-slot-3.json,200,a1fc08704994b0c363cca467780afef5ae2b942393013e95dadf9887d50353d7
diagnostics,logs/diagnostics/slow-feedback-final-block16-noise250-20261003,logs/diagnostics/slow-feedback-final-block16-noise250-20261003/replays/850fc2ce59fd4d9fbdbab69c19502ee7/episode-00000004-slot-1.json,199,cbeec68ad299563ee3ffc8d61c5e678126fa44a09be2d6e1e529cb43e9cd37a8
diagnostics,logs/diagnostics/slow-feedback-final-block16-noise250-20261003,logs/diagnostics/slow-feedback-final-block16-noise250-20261003/replays/850fc2ce59fd4d9fbdbab69c19502ee7/episode-00000005-slot-2.json,199,36dd8c63de1056a5125dfaeafc49b78ef874df1367546db83f6a57f8f834cf68
diagnostics,logs/diagnostics/slow-feedback-final-block16-noise250-20261003,logs/diagnostics/slow-feedback-final-block16-noise250-20261003/replays/850fc2ce59fd4d9fbdbab69c19502ee7/episode-00000006-slot-4.json,200,14604a0f214ba70cdf06982f3f39a1e2375c296e3c1e0c3f91880562517ce8fd
diagnostics,logs/diagnostics/slow-feedback-final-block16-noise250-20261003,logs/diagnostics/slow-feedback-final-block16-noise250-20261003/replays/850fc2ce59fd4d9fbdbab69c19502ee7/episode-00000007-slot-7.json,200,75814cbddb69a62ceec7abac50110dd9c624bb82939bba7ec3d79aa1790c5ff9
diagnostics,logs/diagnostics/slow-feedback-final-block16-noise250-20261003,logs/diagnostics/slow-feedback-final-block16-noise250-20261003/replays/850fc2ce59fd4d9fbdbab69c19502ee7/episode-00000008-slot-6.json,204,97cd3c4663d5eb8d9c3b81f5ae5f04e1503252971336a1045bbbd8a2c947a7a4
diagnostics,logs/diagnostics/slow-feedback-final-block16-noise250-20261003,logs/diagnostics/slow-feedback-final-block16-noise250-20261003/replays/850fc2ce59fd4d9fbdbab69c19502ee7/episode-00000009-slot-5.json,200,f44c57edf88ce1752f8a06c52fd178a249da9e715a011b3091257bd319bfa8cd
diagnostics,logs/diagnostics/slow-feedback-final-block16-noise250-20261003,logs/diagnostics/slow-feedback-final-block16-noise250-20261003/replays/850fc2ce59fd4d9fbdbab69c19502ee7/episode-00000010-slot-1.json,199,a8de388bc4a142cabd9cb2be03ef8ab33f21baf552474170580c7077d0fa9c59
diagnostics,logs/diagnostics/slow-feedback-final-block16-noise250-20261003,logs/diagnostics/slow-feedback-final-block16-noise250-20261003/replays/850fc2ce59fd4d9fbdbab69c19502ee7/episode-00000011-slot-4.json,200,e2f6a07947378bf3427458e7ad2e64ec21becb86f2ff394137ea50fd67ca6e56
diagnostics,logs/diagnostics/slow-feedback-final-block16-noise250-20261003,logs/diagnostics/slow-feedback-final-block16-noise250-20261003/replays/850fc2ce59fd4d9fbdbab69c19502ee7/episode-00000012-slot-0.json,199,eb78786c34a890b08f2fb06e092631deadf941d662cb3d54d6f34950bf83aaca
diagnostics,logs/diagnostics/slow-feedback-final-block16-noise250-20261003,logs/diagnostics/slow-feedback-final-block16-noise250-20261003/replays/850fc2ce59fd4d9fbdbab69c19502ee7/episode-00000013-slot-2.json,199,6d77a0d1cc0ad5fe1fbb3c3625fa0dbcc438a7093d5c381ea0d0fac75d170d0d
diagnostics,logs/diagnostics/slow-feedback-final-block16-noise250-20261003,logs/diagnostics/slow-feedback-final-block16-noise250-20261003/replays/850fc2ce59fd4d9fbdbab69c19502ee7/episode-00000014-slot-6.json,200,2b7f651c8c42e8e1b207c063d88657508dba0bc533ed95a56fa44eb1998d70c0
diagnostics,logs/diagnostics/slow-feedback-final-block16-noise250-20261003,logs/diagnostics/slow-feedback-final-block16-noise250-20261003/replays/850fc2ce59fd4d9fbdbab69c19502ee7/episode-00000015-slot-7.json,200,52a5a26dbe880a87ea6d5057fb7d50baedde06e814c1edf1da5a03736b7c6c7e
diagnostics,logs/diagnostics/slow-feedback-final-block16-noise250-20261003,logs/diagnostics/slow-feedback-final-block16-noise250-20261003/replays/850fc2ce59fd4d9fbdbab69c19502ee7/episode-00000016-slot-3.json,200,e4de5e71d632ea5bfb5c274fe600a6f4d9da39bf825a0459d9521fd81c71b4e8
diagnostics,logs/diagnostics/slow-feedback-final-block16-noise250-20261003,logs/diagnostics/slow-feedback-final-block16-noise250-20261003/result.json,631426,52d7edec25542debb4286d2edec20803b88c9497519e7c3cf055a1c924141210
diagnostics,logs/diagnostics/slow-feedback-final-block16-noise500-20261003,logs/diagnostics/slow-feedback-final-block16-noise500-20261003/config.yaml,12111,0ee13bd8e22adb3733d43200bfe2b1ad2f710f37683b36e469c2bcad1850d7d6
diagnostics,logs/diagnostics/slow-feedback-final-block16-noise500-20261003,logs/diagnostics/slow-feedback-final-block16-noise500-20261003/controller_calls.json,2464,afecd85b9463f8a43526a729e5a6ea834513c2021f92d6efc441f1a9b7f22e09
diagnostics,logs/diagnostics/slow-feedback-final-block16-noise500-20261003,logs/diagnostics/slow-feedback-final-block16-noise500-20261003/plan.json,12796,403d67081dd9e2d164a0e9299ba28522a8bad3b297ab5c46e0f86fc035199ea4
diagnostics,logs/diagnostics/slow-feedback-final-block16-noise500-20261003,logs/diagnostics/slow-feedback-final-block16-noise500-20261003/progress.json,589405,8681674b0b1f880f35b65a6a56629750d882766f59afbf8d457c3acda5dea6b3
diagnostics,logs/diagnostics/slow-feedback-final-block16-noise500-20261003,logs/diagnostics/slow-feedback-final-block16-noise500-20261003/replays/141d9335ebb24d3cba1011794f5cb36c/episode-00000001-slot-3.json,200,598c383e1f451b550017a585dc8cd09c2d6234a685440471863f973af5887ed9
diagnostics,logs/diagnostics/slow-feedback-final-block16-noise500-20261003,logs/diagnostics/slow-feedback-final-block16-noise500-20261003/replays/141d9335ebb24d3cba1011794f5cb36c/episode-00000002-slot-5.json,200,a8236a2e172ba368f41a49b3e2fa2cca063595d43af07690dacc7ca94cf98707
diagnostics,logs/diagnostics/slow-feedback-final-block16-noise500-20261003,logs/diagnostics/slow-feedback-final-block16-noise500-20261003/replays/141d9335ebb24d3cba1011794f5cb36c/episode-00000003-slot-1.json,199,cf6fee2d16779b4468afcabae6bae0e3ceaceccace860b4011c46769bab81ee4
diagnostics,logs/diagnostics/slow-feedback-final-block16-noise500-20261003,logs/diagnostics/slow-feedback-final-block16-noise500-20261003/replays/141d9335ebb24d3cba1011794f5cb36c/episode-00000004-slot-4.json,200,71eb7ff3c106fbc0062bcf505f837303102fdab81b14b33bee66e14997f7ef50
diagnostics,logs/diagnostics/slow-feedback-final-block16-noise500-20261003,logs/diagnostics/slow-feedback-final-block16-noise500-20261003/replays/141d9335ebb24d3cba1011794f5cb36c/episode-00000005-slot-7.json,200,2fbd98418719ff65c5f1f3056d1b5ceb810bca5eaf39df400e8d21b4ebe8f324
diagnostics,logs/diagnostics/slow-feedback-final-block16-noise500-20261003,logs/diagnostics/slow-feedback-final-block16-noise500-20261003/replays/141d9335ebb24d3cba1011794f5cb36c/episode-00000006-slot-0.json,199,bfc61955882a7490800e496f147fa11883e5ddc488f67ab6833ef75ee241d704
diagnostics,logs/diagnostics/slow-feedback-final-block16-noise500-20261003,logs/diagnostics/slow-feedback-final-block16-noise500-20261003/replays/141d9335ebb24d3cba1011794f5cb36c/episode-00000007-slot-2.json,203,200626ad4380595ed6de11ed2b8ba419edd60b7cdf82c8d1ffd9a99ea3872389
diagnostics,logs/diagnostics/slow-feedback-final-block16-noise500-20261003,logs/diagnostics/slow-feedback-final-block16-noise500-20261003/replays/141d9335ebb24d3cba1011794f5cb36c/episode-00000008-slot-6.json,204,6f38b03f95868f45f3b951dfe448fd399847b93a7a63911395904989ba721f0c
diagnostics,logs/diagnostics/slow-feedback-final-block16-noise500-20261003,logs/diagnostics/slow-feedback-final-block16-noise500-20261003/replays/141d9335ebb24d3cba1011794f5cb36c/episode-00000009-slot-5.json,200,76697f9b29b76be8d91c61876377b588e3b497c9900cdbcf4ce24c6860edb192
diagnostics,logs/diagnostics/slow-feedback-final-block16-noise500-20261003,logs/diagnostics/slow-feedback-final-block16-noise500-20261003/replays/141d9335ebb24d3cba1011794f5cb36c/episode-00000010-slot-4.json,200,817a449337691b9d274184a4e3813db9d76dc24343e198759984037c8531c8a1
diagnostics,logs/diagnostics/slow-feedback-final-block16-noise500-20261003,logs/diagnostics/slow-feedback-final-block16-noise500-20261003/replays/141d9335ebb24d3cba1011794f5cb36c/episode-00000011-slot-7.json,200,b3d8038f6e94a5775caaadebe8e27afdb69dda1ccff6acad7c03c1e6c67949fc
diagnostics,logs/diagnostics/slow-feedback-final-block16-noise500-20261003,logs/diagnostics/slow-feedback-final-block16-noise500-20261003/replays/141d9335ebb24d3cba1011794f5cb36c/episode-00000012-slot-3.json,200,0e444c22fd0f6040ab8cfe343c4f82efb87bd3d8c497df5a2e5d8c7669db5cdd
diagnostics,logs/diagnostics/slow-feedback-final-block16-noise500-20261003,logs/diagnostics/slow-feedback-final-block16-noise500-20261003/replays/141d9335ebb24d3cba1011794f5cb36c/episode-00000013-slot-6.json,200,2baffe7d220f1c4d5c4d7da66a8a638f37bba0ca0bdf86d421303552e1a67e9f
diagnostics,logs/diagnostics/slow-feedback-final-block16-noise500-20261003,logs/diagnostics/slow-feedback-final-block16-noise500-20261003/replays/141d9335ebb24d3cba1011794f5cb36c/episode-00000014-slot-0.json,199,e9c23c93fe64667987cb197b3c305e402fcae4b128dd1d2dc2e11f8b08668126
diagnostics,logs/diagnostics/slow-feedback-final-block16-noise500-20261003,logs/diagnostics/slow-feedback-final-block16-noise500-20261003/replays/141d9335ebb24d3cba1011794f5cb36c/episode-00000015-slot-1.json,199,f282c6d29e978b1904128678b24a0bd797f651de71edf7d3854f8224a3ffce28
diagnostics,logs/diagnostics/slow-feedback-final-block16-noise500-20261003,logs/diagnostics/slow-feedback-final-block16-noise500-20261003/replays/141d9335ebb24d3cba1011794f5cb36c/episode-00000016-slot-2.json,199,afae7ea6e5fe51525ad67d6a8e02c17e1b27ab10756402045b0a7f9da0b5f016
diagnostics,logs/diagnostics/slow-feedback-final-block16-noise500-20261003,logs/diagnostics/slow-feedback-final-block16-noise500-20261003/result.json,673916,77b053d7ce8c9e066cf2b877ac10e774e8e80be5516e1f65a76154d9af53a8f2
diagnostics,logs/diagnostics/slow-feedback-final-curves-20261003,logs/diagnostics/slow-feedback-final-curves-20261003/audit.json,2720,442219a1cf9e9c624b718c63e41eb53788d15bac29279a6cc5c8e99bf611750d
diagnostics,logs/diagnostics/slow-feedback-final-curves-20261003,logs/diagnostics/slow-feedback-final-curves-20261003/combat_series.json,91347,303e05795a4e4f28487c0434725ee6b4c666036fa1efcbf76be3e2359e2e352b
diagnostics,logs/diagnostics/slow-feedback-final-curves-20261003,logs/diagnostics/slow-feedback-final-curves-20261003/curriculum_series.json,47169,5fbbd9a6d4eaabea3c49011de36bde9ff8db66fb4af3d320b9bc4af786370111
diagnostics,logs/diagnostics/slow-feedback-final-curves-20261003,logs/diagnostics/slow-feedback-final-curves-20261003/every_eight/config.yaml,5206,6cfa59e375fe1f69349b7e8e2eff08a721c867d74a3fbb958c075db0bb783e64
diagnostics,logs/diagnostics/slow-feedback-final-curves-20261003,logs/diagnostics/slow-feedback-final-curves-20261003/every_eight/progress.csv,35229,4bc430faf444e2ea65d72b20a88195ee2d1180024d4c2faed338afb9d605b25a
diagnostics,logs/diagnostics/slow-feedback-final-curves-20261003,logs/diagnostics/slow-feedback-final-curves-20261003/every_eight/progress.json,208314,f4189da7f6744c3af0f371083694914297cb305bb18c22c3ee69290ea59a3344
diagnostics,logs/diagnostics/slow-feedback-final-curves-20261003,logs/diagnostics/slow-feedback-final-curves-20261003/every_eight/timing.json,24249,07463dd23b9dfb8ab96bc7bc8e73ac8f867ceacfadb41cf8375facadcdc249f4
diagnostics,logs/diagnostics/slow-feedback-final-curves-20261003,logs/diagnostics/slow-feedback-final-curves-20261003/every_game/config.yaml,5205,b20b4f3b7ba7e59c81de3e8e0d1d41cbacfdc911d8c07ace5696b75991f5d362
diagnostics,logs/diagnostics/slow-feedback-final-curves-20261003,logs/diagnostics/slow-feedback-final-curves-20261003/every_game/progress.csv,35623,07c0c687ea1699811a7bbbd385a2a774aa2afc2e24f3fd5b817d0be995cecd8c
diagnostics,logs/diagnostics/slow-feedback-final-curves-20261003,logs/diagnostics/slow-feedback-final-curves-20261003/every_game/progress.json,229660,7460da466da5f66527d50d52c7a8a2a6ed96e48f7c286f5170bd887702af57c8
diagnostics,logs/diagnostics/slow-feedback-final-curves-20261003,logs/diagnostics/slow-feedback-final-curves-20261003/every_game/timing.json,24232,be43a4fd8555cc46d28758e6cf8d476d6685f0dfe3a37cbf7117e02cc8a7a692
diagnostics,logs/diagnostics/slow-feedback-final-curves-20261003,logs/diagnostics/slow-feedback-final-curves-20261003/summary.json,17456,94fb02993ed187fdf2ca2c361a9f5aab0e399c8813b36d44f60cbdb07de44d56
diagnostics,logs/diagnostics/slow-feedback-final-curves-20261003,logs/diagnostics/slow-feedback-final-curves-20261003/training_updates.json,120521,9f0be681ee2e940b3e7ea738b28603f34c5b8237ffa74a238e072bb4a7b3f902
diagnostics,logs/diagnostics/slow-feedback-final-noise125-20261003,logs/diagnostics/slow-feedback-final-noise125-20261003/config.yaml,12045,0b7a69dac5684a06294816327c2c7dc3ab2db9c40f5cbacd833fe82c94d7c700
diagnostics,logs/diagnostics/slow-feedback-final-noise125-20261003,logs/diagnostics/slow-feedback-final-noise125-20261003/plan.json,12796,852d584a97d09f45e431c4efc18c7e63f9d0c23e3edc9e5f2298fbb22c6940e6
diagnostics,logs/diagnostics/slow-feedback-final-noise125-20261003,logs/diagnostics/slow-feedback-final-noise125-20261003/progress.json,444987,48ea52e5583854534c3cdd99bbc2f64cd552ea6cc1cad8af4eee1445e5ae2752
diagnostics,logs/diagnostics/slow-feedback-final-noise125-20261003,logs/diagnostics/slow-feedback-final-noise125-20261003/replays/1af235830f7d404abe7f55957b7df2db/episode-00000001-slot-5.json,200,73e110aa62f1d2becea07cb5071777a2701091141fa1358702d7eb4bc60aa03d
diagnostics,logs/diagnostics/slow-feedback-final-noise125-20261003,logs/diagnostics/slow-feedback-final-noise125-20261003/replays/1af235830f7d404abe7f55957b7df2db/episode-00000002-slot-3.json,200,b48238e8c70585918d890270311f7d04bbeb4aeded61370f3cf2b9e71c5fa236
diagnostics,logs/diagnostics/slow-feedback-final-noise125-20261003,logs/diagnostics/slow-feedback-final-noise125-20261003/replays/1af235830f7d404abe7f55957b7df2db/episode-00000003-slot-7.json,200,fb4d4144669cb7ba230592c75984b7cbd33981b7352dbdd721c2dcff853d0970
diagnostics,logs/diagnostics/slow-feedback-final-noise125-20261003,logs/diagnostics/slow-feedback-final-noise125-20261003/replays/1af235830f7d404abe7f55957b7df2db/episode-00000004-slot-6.json,200,d3eab2867a241d43ea000939a4142a0b4de7c1e79779c17b6cb0aad86216b560
diagnostics,logs/diagnostics/slow-feedback-final-noise125-20261003,logs/diagnostics/slow-feedback-final-noise125-20261003/replays/1af235830f7d404abe7f55957b7df2db/episode-00000005-slot-1.json,199,5d1190fdf9e08df25a193232e076de3294a2e9e709e5a6c2d1e1e70e85e32692
diagnostics,logs/diagnostics/slow-feedback-final-noise125-20261003,logs/diagnostics/slow-feedback-final-noise125-20261003/replays/1af235830f7d404abe7f55957b7df2db/episode-00000006-slot-4.json,200,124426af1375b18cdbdb9fa6bdf22b16e7ac2006e574757a744b900a64a6ef56
diagnostics,logs/diagnostics/slow-feedback-final-noise125-20261003,logs/diagnostics/slow-feedback-final-noise125-20261003/replays/1af235830f7d404abe7f55957b7df2db/episode-00000007-slot-2.json,199,74882bb5432495046c02e1f9caffaa101e513417f2927be733a07d66a522344d
diagnostics,logs/diagnostics/slow-feedback-final-noise125-20261003,logs/diagnostics/slow-feedback-final-noise125-20261003/replays/1af235830f7d404abe7f55957b7df2db/episode-00000008-slot-0.json,199,6a9a257bbdab2392b7f34a8ab824254afe1d821cbfd9dfb0e3e3d0263420e600
diagnostics,logs/diagnostics/slow-feedback-final-noise125-20261003,logs/diagnostics/slow-feedback-final-noise125-20261003/replays/1af235830f7d404abe7f55957b7df2db/episode-00000009-slot-7.json,200,e2967db8856deeba00236483d0c8c973a36faa8bc5be72c598b758e2cf3fabea
diagnostics,logs/diagnostics/slow-feedback-final-noise125-20261003,logs/diagnostics/slow-feedback-final-noise125-20261003/replays/1af235830f7d404abe7f55957b7df2db/episode-00000010-slot-0.json,199,b01d60db88a471a3015b32a5367c25e489d63f7c9d7a137bc4dee3aba47b6ebc
diagnostics,logs/diagnostics/slow-feedback-final-noise125-20261003,logs/diagnostics/slow-feedback-final-noise125-20261003/replays/1af235830f7d404abe7f55957b7df2db/episode-00000011-slot-2.json,199,58a76625febd94f36f1039d8e46b95c608698777c51a5f6bfff8d37d2921a8ac
diagnostics,logs/diagnostics/slow-feedback-final-noise125-20261003,logs/diagnostics/slow-feedback-final-noise125-20261003/replays/1af235830f7d404abe7f55957b7df2db/episode-00000012-slot-5.json,200,2b269d3b627c0b1887b5dae3950a98593193e10d0e5d69e5952d284658b30043
diagnostics,logs/diagnostics/slow-feedback-final-noise125-20261003,logs/diagnostics/slow-feedback-final-noise125-20261003/replays/1af235830f7d404abe7f55957b7df2db/episode-00000013-slot-3.json,200,52de1508e77a96a748762ce2ecb87de5f183a1a184bc05260680ee57cd570cf3
diagnostics,logs/diagnostics/slow-feedback-final-noise125-20261003,logs/diagnostics/slow-feedback-final-noise125-20261003/replays/1af235830f7d404abe7f55957b7df2db/episode-00000014-slot-1.json,199,d61c5f2bc88d4c74ec761d7ce7bff7e64b33d2fe3d8c5b15ec94dffb88fbfdad
diagnostics,logs/diagnostics/slow-feedback-final-noise125-20261003,logs/diagnostics/slow-feedback-final-noise125-20261003/replays/1af235830f7d404abe7f55957b7df2db/episode-00000015-slot-4.json,200,49fbd3579d7b4b87c5bcd1b1c70eb2517fc3fc5177dd5a112714f3762fc9bad6
diagnostics,logs/diagnostics/slow-feedback-final-noise125-20261003,logs/diagnostics/slow-feedback-final-noise125-20261003/replays/1af235830f7d404abe7f55957b7df2db/episode-00000016-slot-6.json,200,7c52cd8727637f35967756f4da6abdfe6baa92b798cf0a4708560ff1109a9483
diagnostics,logs/diagnostics/slow-feedback-final-noise125-20261003,logs/diagnostics/slow-feedback-final-noise125-20261003/result.json,516758,24c31334a21560220e1bb53b77e3ece881699e2599f3ff9641b66a35791acb6f
diagnostics,logs/diagnostics/slow-feedback-final-noise250-20261003,logs/diagnostics/slow-feedback-final-noise250-20261003/config.yaml,12043,342080e1ff46e23c590e23f262ea52b14d1089362e3a5ea5a1c19467406c4f7e
diagnostics,logs/diagnostics/slow-feedback-final-noise250-20261003,logs/diagnostics/slow-feedback-final-noise250-20261003/plan.json,12796,ebee82273f859cd73ef9c947cfc8ef287f41d323314169826b0b1561b1edab67
diagnostics,logs/diagnostics/slow-feedback-final-noise250-20261003,logs/diagnostics/slow-feedback-final-noise250-20261003/progress.json,511543,c54e146dbda3414971d23ece468ef6c02ffee22b450ef6f9cd9e4946087b4b9f
diagnostics,logs/diagnostics/slow-feedback-final-noise250-20261003,logs/diagnostics/slow-feedback-final-noise250-20261003/replays/0525f6d3a2174e71a393ae92cb4b053b/episode-00000001-slot-7.json,200,b35ca1026336b286fea4b924f8789ffb4f681808ad8b5610f82f490775772de0
diagnostics,logs/diagnostics/slow-feedback-final-noise250-20261003,logs/diagnostics/slow-feedback-final-noise250-20261003/replays/0525f6d3a2174e71a393ae92cb4b053b/episode-00000002-slot-4.json,200,a0d1a1ef999cc067d0900279046df4f4fd740c769fb8f96cf2b99f490b463125
diagnostics,logs/diagnostics/slow-feedback-final-noise250-20261003,logs/diagnostics/slow-feedback-final-noise250-20261003/replays/0525f6d3a2174e71a393ae92cb4b053b/episode-00000003-slot-0.json,199,822cb41fc904b5cd7b2aba765167dcab75cc4679286a2b7af1ba7171a5817088
diagnostics,logs/diagnostics/slow-feedback-final-noise250-20261003,logs/diagnostics/slow-feedback-final-noise250-20261003/replays/0525f6d3a2174e71a393ae92cb4b053b/episode-00000004-slot-1.json,199,d17480a51baa297d6c45a3211bf666925e79cd4392688ecd54434032a80a2d21
diagnostics,logs/diagnostics/slow-feedback-final-noise250-20261003,logs/diagnostics/slow-feedback-final-noise250-20261003/replays/0525f6d3a2174e71a393ae92cb4b053b/episode-00000005-slot-2.json,199,96b18a0f86ceb5284df3032dfc5cab7465f98c17a246014ddf499cc452fe97b7
diagnostics,logs/diagnostics/slow-feedback-final-noise250-20261003,logs/diagnostics/slow-feedback-final-noise250-20261003/replays/0525f6d3a2174e71a393ae92cb4b053b/episode-00000006-slot-6.json,200,6308b01bede8cbe1ab42e087e223111849031b3faa9b64f477049f3a7aa743b4
diagnostics,logs/diagnostics/slow-feedback-final-noise250-20261003,logs/diagnostics/slow-feedback-final-noise250-20261003/replays/0525f6d3a2174e71a393ae92cb4b053b/episode-00000007-slot-3.json,200,fe47b344495b6c5a2ee9159c75ae83c67e29a65dd67ce6f446652f2a11681230
diagnostics,logs/diagnostics/slow-feedback-final-noise250-20261003,logs/diagnostics/slow-feedback-final-noise250-20261003/replays/0525f6d3a2174e71a393ae92cb4b053b/episode-00000008-slot-5.json,200,93e93935d05a7b23a1a1c60689806b30724ba564b1c4e00159076d88f505e693
diagnostics,logs/diagnostics/slow-feedback-final-noise250-20261003,logs/diagnostics/slow-feedback-final-noise250-20261003/replays/0525f6d3a2174e71a393ae92cb4b053b/episode-00000009-slot-0.json,199,91697c6082bafed9e56e75b076b99698dfd16218509fe8e5a737a129c6a7ef28
diagnostics,logs/diagnostics/slow-feedback-final-noise250-20261003,logs/diagnostics/slow-feedback-final-noise250-20261003/replays/0525f6d3a2174e71a393ae92cb4b053b/episode-00000010-slot-1.json,199,16fe673924d5ee8ce3171e86b78a0d9aeb3b31c39de3cbd76646335a2638bee4
diagnostics,logs/diagnostics/slow-feedback-final-noise250-20261003,logs/diagnostics/slow-feedback-final-noise250-20261003/replays/0525f6d3a2174e71a393ae92cb4b053b/episode-00000011-slot-5.json,200,29f0114638f55f4b1a07b4a60bcccf38d47a3d0fc653e08118860309866a7368
diagnostics,logs/diagnostics/slow-feedback-final-noise250-20261003,logs/diagnostics/slow-feedback-final-noise250-20261003/replays/0525f6d3a2174e71a393ae92cb4b053b/episode-00000012-slot-2.json,199,6acf180836df9ad792d5225d71cb0e6d048409975c51f84595bfa7ed038e7a83
diagnostics,logs/diagnostics/slow-feedback-final-noise250-20261003,logs/diagnostics/slow-feedback-final-noise250-20261003/replays/0525f6d3a2174e71a393ae92cb4b053b/episode-00000013-slot-4.json,200,b76b8661639447a73d8ffb2123db2f97c19df230a6357da883a76eb954824f56
diagnostics,logs/diagnostics/slow-feedback-final-noise250-20261003,logs/diagnostics/slow-feedback-final-noise250-20261003/replays/0525f6d3a2174e71a393ae92cb4b053b/episode-00000014-slot-3.json,200,d705b421aed0a79253af416d2cc5642ddb305e591473aa4e32b334dd30fabb44
diagnostics,logs/diagnostics/slow-feedback-final-noise250-20261003,logs/diagnostics/slow-feedback-final-noise250-20261003/replays/0525f6d3a2174e71a393ae92cb4b053b/episode-00000015-slot-7.json,200,9ac79867f4c3cbb56a8c9b4f19ca2ceaac73c148a3e3634c9e13b1f1047e478a
diagnostics,logs/diagnostics/slow-feedback-final-noise250-20261003,logs/diagnostics/slow-feedback-final-noise250-20261003/replays/0525f6d3a2174e71a393ae92cb4b053b/episode-00000016-slot-6.json,200,3ac9dde54df24cb99f83567b92b2af1e031777afa99b33a65c1df49f9883d310
diagnostics,logs/diagnostics/slow-feedback-final-noise250-20261003,logs/diagnostics/slow-feedback-final-noise250-20261003/result.json,588844,7558f90c50ebe3ae427af2cb07e8cda208a7952b8732008479a60421f590fef5
diagnostics,logs/diagnostics/slow-feedback-final-noise50-20261003,logs/diagnostics/slow-feedback-final-noise50-20261003/config.yaml,12040,adaa627f071637e6647a609f96dc5fbef1554da25735f38415630c9f2d91f1d2
diagnostics,logs/diagnostics/slow-feedback-final-noise50-20261003,logs/diagnostics/slow-feedback-final-noise50-20261003/plan.json,12796,2deebea1a28d7bca5d0ece13307b7dc50e47caf98d6837cd81207c3a332b734e
diagnostics,logs/diagnostics/slow-feedback-final-noise50-20261003,logs/diagnostics/slow-feedback-final-noise50-20261003/progress.json,81715,da0cc99efe1cff8ad7658c4e165d53819b3d6e36527c8e0735d372065e7033f0
diagnostics,logs/diagnostics/slow-feedback-final-noise50-20261003,logs/diagnostics/slow-feedback-final-noise50-20261003/replays/d35e3dd5fcf1406eaf1d59760331aafd/episode-00000001-slot-7.json,200,08d49b7766f504171b4b275ab3cd09ff7038aaa5604fb67ed97bbc31916422fd
diagnostics,logs/diagnostics/slow-feedback-final-noise50-20261003,logs/diagnostics/slow-feedback-final-noise50-20261003/replays/d35e3dd5fcf1406eaf1d59760331aafd/episode-00000002-slot-5.json,200,ecbb96a171bf47f70a973216c2510e5de69ffbb5da8d535f28e363cf392d9f9d
diagnostics,logs/diagnostics/slow-feedback-final-noise50-20261003,logs/diagnostics/slow-feedback-final-noise50-20261003/replays/d35e3dd5fcf1406eaf1d59760331aafd/episode-00000003-slot-3.json,200,80435d27c4870d171ee463ef81d6c57af0cf26b5021ab6d1ffd7d3470467f95a
diagnostics,logs/diagnostics/slow-feedback-final-noise50-20261003,logs/diagnostics/slow-feedback-final-noise50-20261003/replays/d35e3dd5fcf1406eaf1d59760331aafd/episode-00000004-slot-4.json,200,369ee616b23a509c5577ede2d0c23df35d5f3bdd7b702b3871a875052231428c
diagnostics,logs/diagnostics/slow-feedback-final-noise50-20261003,logs/diagnostics/slow-feedback-final-noise50-20261003/replays/d35e3dd5fcf1406eaf1d59760331aafd/episode-00000005-slot-0.json,199,3a8b57e8d57923690f2c5cae54cefd1bb5e3f6e7e9609f5d1af7dbfad1263b35
diagnostics,logs/diagnostics/slow-feedback-final-noise50-20261003,logs/diagnostics/slow-feedback-final-noise50-20261003/replays/d35e3dd5fcf1406eaf1d59760331aafd/episode-00000006-slot-2.json,199,33ebc00d63b229fa77e996e7111101a9d9a68038d0e43335e0449461f5a9a113
diagnostics,logs/diagnostics/slow-feedback-final-noise50-20261003,logs/diagnostics/slow-feedback-final-noise50-20261003/replays/d35e3dd5fcf1406eaf1d59760331aafd/episode-00000007-slot-6.json,200,6bcc6651d61a917244c6a159c43abc2da8ca3e554b4ec567b8c90e483bc70f93
diagnostics,logs/diagnostics/slow-feedback-final-noise50-20261003,logs/diagnostics/slow-feedback-final-noise50-20261003/replays/d35e3dd5fcf1406eaf1d59760331aafd/episode-00000008-slot-1.json,199,e19d38cbfbb403a27f5c59fdfb4e9a3f9b69d366b7fe06ed990d577ce161c2a2
diagnostics,logs/diagnostics/slow-feedback-final-noise50-20261003,logs/diagnostics/slow-feedback-final-noise50-20261003/replays/d35e3dd5fcf1406eaf1d59760331aafd/episode-00000009-slot-6.json,200,f199226ad8cf69cbe93f3eaef77de2563b057090466335853ca9143b2fa9d991
diagnostics,logs/diagnostics/slow-feedback-final-noise50-20261003,logs/diagnostics/slow-feedback-final-noise50-20261003/replays/d35e3dd5fcf1406eaf1d59760331aafd/episode-00000010-slot-2.json,199,e1d48b91bb416443aaf3b558fddc74cc06b5686e772fa3375cb73ee05a882c6d
diagnostics,logs/diagnostics/slow-feedback-final-noise50-20261003,logs/diagnostics/slow-feedback-final-noise50-20261003/replays/d35e3dd5fcf1406eaf1d59760331aafd/episode-00000011-slot-3.json,200,25b6b3aad12b83f7826860e71a1b71691e5ae509b81cb58ac71cc01d14f3e66a
diagnostics,logs/diagnostics/slow-feedback-final-noise50-20261003,logs/diagnostics/slow-feedback-final-noise50-20261003/replays/d35e3dd5fcf1406eaf1d59760331aafd/episode-00000012-slot-0.json,199,c67ac480da9f34fae396184e4fb2130d1257d191cf4fa13d2cce1bf84474931d
diagnostics,logs/diagnostics/slow-feedback-final-noise50-20261003,logs/diagnostics/slow-feedback-final-noise50-20261003/replays/d35e3dd5fcf1406eaf1d59760331aafd/episode-00000013-slot-1.json,199,a8c6ea4bd203f1cb144f5ea550171ed01fc44f5bbc269c6b3722b882a904bba9
diagnostics,logs/diagnostics/slow-feedback-final-noise50-20261003,logs/diagnostics/slow-feedback-final-noise50-20261003/replays/d35e3dd5fcf1406eaf1d59760331aafd/episode-00000014-slot-5.json,200,786b5f4c3611839560d249db97ff077747a35552cd42aeceea96c02d610c27a3
diagnostics,logs/diagnostics/slow-feedback-final-noise50-20261003,logs/diagnostics/slow-feedback-final-noise50-20261003/replays/d35e3dd5fcf1406eaf1d59760331aafd/episode-00000015-slot-7.json,200,688429d78440e3b7fd6e79ecfe37eb93606a12714f082669d86a8fa5b921556f
diagnostics,logs/diagnostics/slow-feedback-final-noise50-20261003,logs/diagnostics/slow-feedback-final-noise50-20261003/replays/d35e3dd5fcf1406eaf1d59760331aafd/episode-00000016-slot-4.json,204,6a0bd6aff143e58c6887f4fa1fb5134d26e6cb9daa51b86868746afbec5418f1
diagnostics,logs/diagnostics/slow-feedback-final-noise50-20261003,logs/diagnostics/slow-feedback-final-noise50-20261003/result.json,118782,3d2258ff3a7b73311a3ee3eb6a7f73e2edf30b460a79fef8711de314a6fa98b0
diagnostics,logs/diagnostics/slow-feedback-final-noise50-audit-20261003,logs/diagnostics/slow-feedback-final-noise50-audit-20261003/summary.json,20661,f3693e6d0ac5e40454b6f62f72e23320563ff6565bf3ae8996f33b1701d7a7a2
diagnostics,logs/diagnostics/slow-feedback-mid1-noise50-20261003,logs/diagnostics/slow-feedback-mid1-noise50-20261003/config.yaml,12094,349f2144592f0819dcb8cf2bebad7e4565b154f23f8ae29373badc00607e5622
diagnostics,logs/diagnostics/slow-feedback-mid1-noise50-20261003,logs/diagnostics/slow-feedback-mid1-noise50-20261003/plan.json,12796,86b9772faef452707254fa8a6a505a0832d95a1863441dcbe17cad26a7ab0463
diagnostics,logs/diagnostics/slow-feedback-mid1-noise50-20261003,logs/diagnostics/slow-feedback-mid1-noise50-20261003/progress.json,106179,b2089e4d854dd7516526aea75d5ca441dd9c27b5c8734e8e319f3aa70facc765
diagnostics,logs/diagnostics/slow-feedback-mid1-noise50-20261003,logs/diagnostics/slow-feedback-mid1-noise50-20261003/replays/e8d9924b8fbf456da88e97f8dd49eb44/episode-00000001-slot-0.json,199,909466c7fcec3b004421bb845c8c04d905533f6dfa46c0b58ff472fe851b724f
diagnostics,logs/diagnostics/slow-feedback-mid1-noise50-20261003,logs/diagnostics/slow-feedback-mid1-noise50-20261003/replays/e8d9924b8fbf456da88e97f8dd49eb44/episode-00000002-slot-5.json,200,3806d11ef1f4e81b8cd5f5ee32c543b5eee201f91b90619f7eaf95191de946f7
diagnostics,logs/diagnostics/slow-feedback-mid1-noise50-20261003,logs/diagnostics/slow-feedback-mid1-noise50-20261003/replays/e8d9924b8fbf456da88e97f8dd49eb44/episode-00000003-slot-4.json,200,2cff90199419f3bcf1b4a77c6ff1828b0d31ad72400664110a7a832c9f060dc2
diagnostics,logs/diagnostics/slow-feedback-mid1-noise50-20261003,logs/diagnostics/slow-feedback-mid1-noise50-20261003/replays/e8d9924b8fbf456da88e97f8dd49eb44/episode-00000004-slot-6.json,200,762621b6696e100bed02ecf35c131613ff4b2c53dda346be857c0a7474a5bf26
diagnostics,logs/diagnostics/slow-feedback-mid1-noise50-20261003,logs/diagnostics/slow-feedback-mid1-noise50-20261003/replays/e8d9924b8fbf456da88e97f8dd49eb44/episode-00000005-slot-7.json,200,8136052cd00fb01427f8a509453c6b022a8c79cbeaa2c290a119e4df6326f3e6
diagnostics,logs/diagnostics/slow-feedback-mid1-noise50-20261003,logs/diagnostics/slow-feedback-mid1-noise50-20261003/replays/e8d9924b8fbf456da88e97f8dd49eb44/episode-00000006-slot-3.json,200,8153041d01347c911d86fa8b812d686ca99449a4b6e3e43a9ea11b5bd5008541
diagnostics,logs/diagnostics/slow-feedback-mid1-noise50-20261003,logs/diagnostics/slow-feedback-mid1-noise50-20261003/replays/e8d9924b8fbf456da88e97f8dd49eb44/episode-00000007-slot-1.json,199,1756b84b236a100e5bf145f61f4bea06211dd9f441d9f8a807b830af9e549108
diagnostics,logs/diagnostics/slow-feedback-mid1-noise50-20261003,logs/diagnostics/slow-feedback-mid1-noise50-20261003/replays/e8d9924b8fbf456da88e97f8dd49eb44/episode-00000008-slot-2.json,199,959445bfd5361362d3403ad14d2a137d24cc9be4808bdad58af63f0e8194bbf5
diagnostics,logs/diagnostics/slow-feedback-mid1-noise50-20261003,logs/diagnostics/slow-feedback-mid1-noise50-20261003/replays/e8d9924b8fbf456da88e97f8dd49eb44/episode-00000009-slot-3.json,200,e34ade8895ef2b4588b9e99fd96ba1531715bd21cb321c32a15893bc5916610a
diagnostics,logs/diagnostics/slow-feedback-mid1-noise50-20261003,logs/diagnostics/slow-feedback-mid1-noise50-20261003/replays/e8d9924b8fbf456da88e97f8dd49eb44/episode-00000010-slot-0.json,199,3585ac3fe401a5205eccc7f5ee685f28237305bc5b22356a21209e5be2a99f0b
diagnostics,logs/diagnostics/slow-feedback-mid1-noise50-20261003,logs/diagnostics/slow-feedback-mid1-noise50-20261003/replays/e8d9924b8fbf456da88e97f8dd49eb44/episode-00000011-slot-4.json,200,3097638f7d1b97db9bb8eaa405700f992b74417e0e409845709012d7a33ea750
diagnostics,logs/diagnostics/slow-feedback-mid1-noise50-20261003,logs/diagnostics/slow-feedback-mid1-noise50-20261003/replays/e8d9924b8fbf456da88e97f8dd49eb44/episode-00000012-slot-5.json,200,15ff174cf84191846b896e744bcacc61861b707d42e9198389345389a6c02af4
diagnostics,logs/diagnostics/slow-feedback-mid1-noise50-20261003,logs/diagnostics/slow-feedback-mid1-noise50-20261003/replays/e8d9924b8fbf456da88e97f8dd49eb44/episode-00000013-slot-7.json,200,69634347ec723b68ea9c7c2c0f72c7c673699ecb62afd29158f286a5658e6a98
diagnostics,logs/diagnostics/slow-feedback-mid1-noise50-20261003,logs/diagnostics/slow-feedback-mid1-noise50-20261003/replays/e8d9924b8fbf456da88e97f8dd49eb44/episode-00000014-slot-6.json,200,372d4a6364369398ff9f6d33f46634dc047d4a9e731d0fb98542a350194b384c
diagnostics,logs/diagnostics/slow-feedback-mid1-noise50-20261003,logs/diagnostics/slow-feedback-mid1-noise50-20261003/replays/e8d9924b8fbf456da88e97f8dd49eb44/episode-00000015-slot-1.json,199,2b878648dc77d9955c8be65a2e158207daa68a45885ebb275c59ad516c93b013
diagnostics,logs/diagnostics/slow-feedback-mid1-noise50-20261003,logs/diagnostics/slow-feedback-mid1-noise50-20261003/replays/e8d9924b8fbf456da88e97f8dd49eb44/episode-00000016-slot-2.json,199,594df1900d487d138efe9fd0f467aa67f7a5efa88ba368147dadd036502e3351
diagnostics,logs/diagnostics/slow-feedback-mid1-noise50-20261003,logs/diagnostics/slow-feedback-mid1-noise50-20261003/result.json,145500,ef012652982f9e869e0729ab0f621f44165860c07c756b0a3f74634f1b8764fc
diagnostics,logs/diagnostics/slow-feedback-mid1-noise50-audit-20261003,logs/diagnostics/slow-feedback-mid1-noise50-audit-20261003/summary.json,15848,8cded341738a370056a5deef4e1bb5ffc0e1923be7d7568dcb824ee47eb49312
diagnostics,logs/diagnostics/slow-feedback-retention-final-20261003,logs/diagnostics/slow-feedback-retention-final-20261003/audit.json,5950,b32762ba4f874ddf6bc6d01dc1a0833b7ea2eacb433d8a88b3f1d76cac821492
diagnostics,logs/diagnostics/slow-feedback-retention-final-20261003,logs/diagnostics/slow-feedback-retention-final-20261003/config.yaml,670,256ba89c837c71c56c161e02eca2269174d91fd9c2f1c311fdb333c8455db2d3
diagnostics,logs/diagnostics/slow-feedback-retention-final-20261003,logs/diagnostics/slow-feedback-retention-final-20261003/identity.json,24622,a3e3048e972b63b6e6810bb6d12f9282b830fe25b4d9a2e0e4555f985e3b9e40
diagnostics,logs/diagnostics/slow-feedback-retention-final-20261003,logs/diagnostics/slow-feedback-retention-final-20261003/result.json,23606,bbffa0b024a116523dc57097436d3c0300fe21f8e14da19df760e88b1f79e4d2
diagnostics,logs/diagnostics/slow-feedback-retention-mid1-20261003,logs/diagnostics/slow-feedback-retention-mid1-20261003/audit.json,5924,1043c3f4ae6fd2abbe2f20c89754583d8df83d3a7133bbe87978cdc10ff649b4
diagnostics,logs/diagnostics/slow-feedback-retention-mid1-20261003,logs/diagnostics/slow-feedback-retention-mid1-20261003/config.yaml,696,a20d7a3b19f8e6f937e940b2cf4a3305f096fcaa7992bab81c6fc1ca19b2416b
diagnostics,logs/diagnostics/slow-feedback-retention-mid1-20261003,logs/diagnostics/slow-feedback-retention-mid1-20261003/identity.json,24401,a1b1566626850b9163c44670b4cb5f7c8df056fc5c4d750ee7fb9aaed7940bd2
diagnostics,logs/diagnostics/slow-feedback-retention-mid1-20261003,logs/diagnostics/slow-feedback-retention-mid1-20261003/result.json,23687,64496c0997d8216c447c5ab97b75b6ed248cf3ea82022fb197845b0707157a84
diagnostics,logs/diagnostics/slow-feedback-retention-mid2-20261003,logs/diagnostics/slow-feedback-retention-mid2-20261003/audit.json,5948,1b0daa1240b2ea738c4a84b6b523028ae7843ca04699b11a8b984bd0f0ad4222
diagnostics,logs/diagnostics/slow-feedback-retention-mid2-20261003,logs/diagnostics/slow-feedback-retention-mid2-20261003/config.yaml,696,4ec6665cdb18c1051438c35840b56ba6bd0c1dad19461ce2ade3c58f5272538a
diagnostics,logs/diagnostics/slow-feedback-retention-mid2-20261003,logs/diagnostics/slow-feedback-retention-mid2-20261003/identity.json,24622,a3e3048e972b63b6e6810bb6d12f9282b830fe25b4d9a2e0e4555f985e3b9e40
diagnostics,logs/diagnostics/slow-feedback-retention-mid2-20261003,logs/diagnostics/slow-feedback-retention-mid2-20261003/result.json,23652,8d827f6f64ce2568c426caf11d7d2f3437173d61c1d091b5d30f0276131695e1
diagnostics,logs/diagnostics/slow-feedback-retention-parent-20261003,logs/diagnostics/slow-feedback-retention-parent-20261003/audit.json,10899,47c3e78596b33789d91e093450feab13e45dbf2d1373b62436a25f845c7e3a2f
diagnostics,logs/diagnostics/slow-feedback-retention-parent-20261003,logs/diagnostics/slow-feedback-retention-parent-20261003/config.yaml,739,e58eee5f200956c0327098e2b3621f1c37495dd56f523978d06d305cdd029a5b
diagnostics,logs/diagnostics/slow-feedback-retention-parent-20261003,logs/diagnostics/slow-feedback-retention-parent-20261003/identity.json,24401,a1b1566626850b9163c44670b4cb5f7c8df056fc5c4d750ee7fb9aaed7940bd2
diagnostics,logs/diagnostics/slow-feedback-retention-parent-20261003,logs/diagnostics/slow-feedback-retention-parent-20261003/result.json,47240,efc43372e2f76dd64ef2fb9c9fec6489298f3bb89e88e503eadae0f1088a2876
diagnostics,logs/diagnostics/slow-feedback-second-budget-audit-20261003,logs/diagnostics/slow-feedback-second-budget-audit-20261003/final-progress.json,798320,03edd62d72fac123baa6448d0c1e21571916b8714e6658872cd9d54fe8517091
diagnostics,logs/diagnostics/slow-feedback-second-budget-audit-20261003,logs/diagnostics/slow-feedback-second-budget-audit-20261003/final.json,2934,3816354b95072af3069cd29b0182e4b7e0d87dfc15b48d441877a217aa93cb95
diagnostics,logs/diagnostics/slow-feedback-second-budget-audit-20261003,logs/diagnostics/slow-feedback-second-budget-audit-20261003/final_games.json,1196,563128b74d15670dffcd432f781d0fd08f3ca30e85acb98e974d39fb78d4a7fa
diagnostics,logs/diagnostics/slow-feedback-second-budget-audit-20261003,logs/diagnostics/slow-feedback-second-budget-audit-20261003/half-progress.json,396604,5b7274703de2ff0bdcb4e8bbcb652da38d2a56c642b5938599e6b4d5438189e0
diagnostics,logs/diagnostics/slow-feedback-second-budget-audit-20261003,logs/diagnostics/slow-feedback-second-budget-audit-20261003/half.json,2734,2e0a46e81dc5c8d23c8a75846c53d9f4e8d17f64827d4da70c7a48f8d43a1bbb
diagnostics,logs/diagnostics/slow-feedback-second-budget-audit-20261003,logs/diagnostics/slow-feedback-second-budget-audit-20261003/half_games.json,1255,ac93362682d10f4662c4db013e5c667449bad39f6e49fd1b7ff6578e8fafe205
diagnostics,logs/diagnostics/slow-feedback-second-budget-audit-20261003,logs/diagnostics/slow-feedback-second-budget-audit-20261003/quarter-progress.json,205128,a89ea5b81c6dd1627cc747ad12265b78003ed19aa4869160952582b6f09a917b
diagnostics,logs/diagnostics/slow-feedback-second-budget-audit-20261003,logs/diagnostics/slow-feedback-second-budget-audit-20261003/quarter.json,2679,216a10b0d2412e73b8214e4771bc61bdc9fb8d4d2b2d6ba26c96c2d6d0c93fe3
diagnostics,logs/diagnostics/slow-feedback-second-budget-audit-20261003,logs/diagnostics/slow-feedback-second-budget-audit-20261003/quarter_games.json,1282,e0ef53b8a55bc7fe6a0d98259e79e7b04a627a4a36acfe8198d07ba3408f200d
diagnostics,logs/diagnostics/slow-feedback-second-budget-audit-20261003,logs/diagnostics/slow-feedback-second-budget-audit-20261003/start-progress.json,1754,3cfbc3c1e2c532bf35b8f63a9d2e3a89230bf89920108bf4c9bedc645da1e507
diagnostics,logs/diagnostics/slow-feedback-second-budget-audit-20261003,logs/diagnostics/slow-feedback-second-budget-audit-20261003/start.json,1718,2d477f12980b72eafc14b58db1da29c94d5bafed5b157b89531f26adb629b3fd
diagnostics,logs/diagnostics/slow-feedback-second-budget-audit-20261003,logs/diagnostics/slow-feedback-second-budget-audit-20261003/three_quarter-progress.json,603014,b7c77a51f664b4b5a24208b027e41f8b50a6a87347e8bf9b8a28c0ea741989a5
diagnostics,logs/diagnostics/slow-feedback-second-budget-audit-20261003,logs/diagnostics/slow-feedback-second-budget-audit-20261003/three_quarter.json,2744,6e3d97a01e3e5b52c731410ee6017f5c9df8169457e88ae50b80d7885d72de2d
diagnostics,logs/diagnostics/slow-feedback-second-budget-audit-20261003,logs/diagnostics/slow-feedback-second-budget-audit-20261003/three_quarter_games.json,1261,1085e221778a07e6e09188410f5b6859b168b8eead637028a8eef428689f9ef8
diagnostics,logs/diagnostics/slow-feedback-second-budget-final-input-metrics-audit-20261003,logs/diagnostics/slow-feedback-second-budget-final-input-metrics-audit-20261003/summary.json,5603,d8958d004e5ca9f183f7f0b006ddabfd015a64d79b3d4dc4ddfceaa023b5527b
diagnostics,logs/diagnostics/slow-feedback-second-budget-final-input-metrics-audit-20261003-hydra,logs/diagnostics/slow-feedback-second-budget-final-input-metrics-audit-20261003-hydra/.hydra/config.yaml,264,8a93e115508e0f541d4d1c9b68026adb1b9699fb539df111cf60124bfed324a7
diagnostics,logs/diagnostics/slow-feedback-second-budget-final-input-metrics-audit-20261003-hydra,logs/diagnostics/slow-feedback-second-budget-final-input-metrics-audit-20261003-hydra/.hydra/hydra.yaml,3942,81df1ce1f281b752b28a0c956da798303630ce2c1429c231a8f07cc6912e4760
diagnostics,logs/diagnostics/slow-feedback-second-budget-final-input-metrics-audit-20261003-hydra,logs/diagnostics/slow-feedback-second-budget-final-input-metrics-audit-20261003-hydra/.hydra/overrides.yaml,257,51f556d95bffd12b48a561d81e82a31807f03cbc846800425bc31092e571327b
diagnostics,logs/diagnostics/slow-feedback-second-budget-preflight-20261003,logs/diagnostics/slow-feedback-second-budget-preflight-20261003/summary.json,9323,4e93cbf6c853e1199cff0038d99f6de921cc46bc4275afa1c564bd7b39b06ae5
diagnostics,logs/diagnostics/slow-feedback-second-half-input-metrics-audit-20261003,logs/diagnostics/slow-feedback-second-half-input-metrics-audit-20261003/summary.json,5587,9ecf6cf59720e47c65f32bc3ee6053a264c41e71622c4cca99f54b7a729e65ec
diagnostics,logs/diagnostics/slow-feedback-second-half-input-metrics-audit-20261003-hydra,logs/diagnostics/slow-feedback-second-half-input-metrics-audit-20261003-hydra/.hydra/config.yaml,254,b7a3fbf71fdfc3e71a69f8f813f824ac3e826c2434505f980693d923d33c758c
diagnostics,logs/diagnostics/slow-feedback-second-half-input-metrics-audit-20261003-hydra,logs/diagnostics/slow-feedback-second-half-input-metrics-audit-20261003-hydra/.hydra/hydra.yaml,3914,9b5fa6d4c09f40b107a9bc9f5f7ab9d0184a283b1250d6ec3212eb016516d74a
diagnostics,logs/diagnostics/slow-feedback-second-half-input-metrics-audit-20261003-hydra,logs/diagnostics/slow-feedback-second-half-input-metrics-audit-20261003-hydra/.hydra/overrides.yaml,247,a158eff65d0cf88899980c4744f5c00d2bf3a5ae1054daf8cf5cb2cb5e30750d
diagnostics,logs/diagnostics/slow-feedback-second-quarter-input-metrics-audit-20261003,logs/diagnostics/slow-feedback-second-quarter-input-metrics-audit-20261003/summary.json,5642,8e859cc7ff1e3dd4509fd63e6e2f59ee07d070dc78707f51becde7f32f81eab3
diagnostics,logs/diagnostics/slow-feedback-second-quarter-input-metrics-audit-20261003-hydra,logs/diagnostics/slow-feedback-second-quarter-input-metrics-audit-20261003-hydra/.hydra/config.yaml,263,a407ebf83d0e98a44ea0c53698821534434c5c2facc79acb939ba1e875a47ac9
diagnostics,logs/diagnostics/slow-feedback-second-quarter-input-metrics-audit-20261003-hydra,logs/diagnostics/slow-feedback-second-quarter-input-metrics-audit-20261003-hydra/.hydra/hydra.yaml,3935,a35a8a54ec79d6057b5d4d34361af32087a988eebd284a3b1584221af8ca9ae5
diagnostics,logs/diagnostics/slow-feedback-second-quarter-input-metrics-audit-20261003-hydra,logs/diagnostics/slow-feedback-second-quarter-input-metrics-audit-20261003-hydra/.hydra/overrides.yaml,256,555eddb7cb986888233538fea5488f3b00bb36ebfdde6222d2b34df59c228281
diagnostics,logs/diagnostics/slow-feedback-second-three-quarter-input-metrics-audit-20261003,logs/diagnostics/slow-feedback-second-three-quarter-input-metrics-audit-20261003/summary.json,5756,b5602358b521722af8cc51f012f2675032ba296b77d59290c9b76cf91c536e86
diagnostics,logs/diagnostics/slow-feedback-second-three-quarter-input-metrics-audit-20261003-hydra,logs/diagnostics/slow-feedback-second-three-quarter-input-metrics-audit-20261003-hydra/.hydra/config.yaml,281,0d44cefb8596ae1a88d2796791297d4c32a15a2a0a1e90fdfdd6ac6232dd1ad4
diagnostics,logs/diagnostics/slow-feedback-second-three-quarter-input-metrics-audit-20261003-hydra,logs/diagnostics/slow-feedback-second-three-quarter-input-metrics-audit-20261003-hydra/.hydra/hydra.yaml,3977,338225f9bb0adb676cb141477db4328e35ac2dbe34487a5a1465feba19814ed7
diagnostics,logs/diagnostics/slow-feedback-second-three-quarter-input-metrics-audit-20261003-hydra,logs/diagnostics/slow-feedback-second-three-quarter-input-metrics-audit-20261003-hydra/.hydra/overrides.yaml,274,7d8066601199217e44be8a7a470397c24cbb7c2d0c1001ff0a03eac47aa12de4
diagnostics,logs/diagnostics/snapshot-full-games-20261003,logs/diagnostics/snapshot-full-games-20261003/summary.json,12575,5019fc7581008a57ad805ebc999521e0aeb9c5507fb8786a3e2c1b86765c0ecb
diagnostics,logs/diagnostics/teacher-replay-curves-20261003,logs/diagnostics/teacher-replay-curves-20261003/audit.json,4825,8669d5edf3d3458f6137e6e2ad2cc9e1520a5216cd65e7034f0d2ac29f81bf73
diagnostics,logs/diagnostics/teacher-replay-curves-20261003,logs/diagnostics/teacher-replay-curves-20261003/combat_series.json,8026,6cc266a016ce126e78e8d846276531899ef0e2f602680b87e9a0c7a35a30998b
diagnostics,logs/diagnostics/teacher-replay-curves-20261003,logs/diagnostics/teacher-replay-curves-20261003/curriculum_series.json,5513,f6cf3274f8d0c94cc8fa5d62e015e2a9174b1d57950d256fc9a585973aaeadb8
diagnostics,logs/diagnostics/teacher-replay-curves-20261003,logs/diagnostics/teacher-replay-curves-20261003/mixed/config.yaml,7692,26e86ec708c5af1e6f3737179efb587a5af723670dbd99d66414e83e5a715feb
diagnostics,logs/diagnostics/teacher-replay-curves-20261003,logs/diagnostics/teacher-replay-curves-20261003/mixed/progress.csv,8486,7c2cc78d4a6eed79a23240af34143d2f5704d33e3f2d700c42a097e363491286
diagnostics,logs/diagnostics/teacher-replay-curves-20261003,logs/diagnostics/teacher-replay-curves-20261003/mixed/progress.json,9817,af2397ae927325eab65598137fd3b988db8e3d034a103311a886fbbce3ef0bad
diagnostics,logs/diagnostics/teacher-replay-curves-20261003,logs/diagnostics/teacher-replay-curves-20261003/mixed/timing.json,20078,0f8e8e92d29b8decb048b359e2770e6b743853b7d41e79b1d1940b2622fac55c
diagnostics,logs/diagnostics/teacher-replay-curves-20261003,logs/diagnostics/teacher-replay-curves-20261003/online_only/config.yaml,7502,5785d30b1bb30b621ab018276fb6c8c4ef0298adf958bd0ac95b562182c45598
diagnostics,logs/diagnostics/teacher-replay-curves-20261003,logs/diagnostics/teacher-replay-curves-20261003/online_only/progress.csv,15320,70b21f63493ccce25df2947fdb5c621d8e3538fd8b8ddfebdf5c3834bc231d56
diagnostics,logs/diagnostics/teacher-replay-curves-20261003,logs/diagnostics/teacher-replay-curves-20261003/online_only/progress.json,38448,0358ef02a57abcce1c5b5f53c2c9b8e150697cce53ca688d4039a8522af8ecbd
diagnostics,logs/diagnostics/teacher-replay-curves-20261003,logs/diagnostics/teacher-replay-curves-20261003/online_only/timing.json,32866,76a3e291ce1e584bee4ac0908baf7bee09f8e9eb3973b4be7855aaffeb72c0c2
diagnostics,logs/diagnostics/teacher-replay-curves-20261003,logs/diagnostics/teacher-replay-curves-20261003/summary.json,13614,714527205da279ecdf75f54b3e8a01a317d7bf4f093589b2e315091dbe4203c6
diagnostics,logs/diagnostics/teacher-replay-curves-20261003,logs/diagnostics/teacher-replay-curves-20261003/teacher_series.json,48603,21f124e3d94b3714aff81728ba0a9b1dc3d632fcf36e7539d469d525a17da9c1
diagnostics,logs/diagnostics/teacher-replay-curves-20261003,logs/diagnostics/teacher-replay-curves-20261003/training_updates.json,20362,9e498d8b80f607e176caf24f01bbd4a332b7adc87c8ba16cc1ec876da02daa0b
diagnostics,logs/diagnostics/teacher-replay-preflight-20261003,logs/diagnostics/teacher-replay-preflight-20261003/summary.json,39649,705182a28ed6816088249bc45ebff65e926c0ec93ee57ac997d55d293fa16982
diagnostics,logs/diagnostics/teacher-takeover-audit-20261002,logs/diagnostics/teacher-takeover-audit-20261002/summary.json,12158,4a941cc9e5d10a4bf0dc5be303fe304232112aea6f934c4207083f87e343ac0f
diagnostics,logs/diagnostics/teacher-takeover2048-audit-20261002,logs/diagnostics/teacher-takeover2048-audit-20261002/summary.json,12241,87aa20b15b8f2b199d3241cf418c82bb9d50646448b2250a2b7a34dd0d710626
diagnostics,logs/diagnostics/training-curves-20261001-a,logs/diagnostics/training-curves-20261001-a/baseline/config.yaml,4318,2a28a8b25daeb3c5e97dadb576a57328843502349da3ab0e8792bfe4c2fe55bc
diagnostics,logs/diagnostics/training-curves-20261001-a,logs/diagnostics/training-curves-20261001-a/baseline/progress.csv,2465,2ddd610d4376cfe23d9187ff959aeff0668c9986b0a59b1362c5884f8eb45b87
