kind,run,path,bytes,sha256
benchmark,logs/benchmark/br-address-episode-mix50-final-20261002,logs/benchmark/br-address-episode-mix50-final-20261002/replays/c9babd2ccf7d44d5bcd61c43646ae328/episode-00000012-slot-1.json,199,b11de392f749fc6b9fc419a9d55179cb9eaf2aebaeb949566221537459ae24e2
benchmark,logs/benchmark/br-address-episode-mix50-final-20261002,logs/benchmark/br-address-episode-mix50-final-20261002/replays/c9babd2ccf7d44d5bcd61c43646ae328/episode-00000013-slot-2.json,199,8c16f5570b5cd823c42681540891a145d622bb02a4207ed8fc839fa4e0ad19fc
benchmark,logs/benchmark/br-address-episode-mix50-final-20261002,logs/benchmark/br-address-episode-mix50-final-20261002/replays/c9babd2ccf7d44d5bcd61c43646ae328/episode-00000014-slot-5.json,200,7aea2b2e458116f4efde11ed60adebc32e245b65569cf294caf36acf689504cd
benchmark,logs/benchmark/br-address-episode-mix50-final-20261002,logs/benchmark/br-address-episode-mix50-final-20261002/replays/c9babd2ccf7d44d5bcd61c43646ae328/episode-00000015-slot-7.json,200,ba394083db91144401b75e53be5e1da7d1453a7bcc6969e1e14389cdfaf2727d
benchmark,logs/benchmark/br-address-episode-mix50-final-20261002,logs/benchmark/br-address-episode-mix50-final-20261002/replays/c9babd2ccf7d44d5bcd61c43646ae328/episode-00000016-slot-0.json,199,7228a0bfbcc2b7203055522017dc52959a7db6f1dd1afe80925b09e0a1948a11
benchmark,logs/benchmark/br-address-episode-mix50-final-20261002,logs/benchmark/br-address-episode-mix50-final-20261002/result.json,117750,6292f319d17c617570fc713f94401224d5daf16615ef6c0b18a32bdc0d37212d
benchmark,logs/benchmark/br-address-episode-mix50-mid-20261002,logs/benchmark/br-address-episode-mix50-mid-20261002/config.yaml,13812,23d9d27d7f2d5f0b094b5fd43b7b55e90f576d46aa044743120b2cd892cf1e0d
benchmark,logs/benchmark/br-address-episode-mix50-mid-20261002,logs/benchmark/br-address-episode-mix50-mid-20261002/plan.json,12796,bf0c3c9d88ef76a04fbb24b130b9e7e5674d2ec91a370d17c88fdbbfbfc31739
benchmark,logs/benchmark/br-address-episode-mix50-mid-20261002,logs/benchmark/br-address-episode-mix50-mid-20261002/progress.json,101403,85cf2d315bd3e6d79e899b28b4cdee187e58fb603c4e65fa66a72d2e57e89a72
benchmark,logs/benchmark/br-address-episode-mix50-mid-20261002,logs/benchmark/br-address-episode-mix50-mid-20261002/replays/065e212518054c659f38cd71bdbcffed/episode-00000001-slot-6.json,200,c18463bb7f8cc9fcbe31e6af5d19d04833aac18801091c93fecaed74be6d5f41
benchmark,logs/benchmark/br-address-episode-mix50-mid-20261002,logs/benchmark/br-address-episode-mix50-mid-20261002/replays/065e212518054c659f38cd71bdbcffed/episode-00000002-slot-3.json,200,25ad2653a9429829e04b26b40f800aeb5d416567acf4d67cac55d87a1dd73714
benchmark,logs/benchmark/br-address-episode-mix50-mid-20261002,logs/benchmark/br-address-episode-mix50-mid-20261002/replays/065e212518054c659f38cd71bdbcffed/episode-00000003-slot-4.json,200,8c1264c885af84f884953396ed9d4036fbeb52c607f201194386f74ad0e4e89c
benchmark,logs/benchmark/br-address-episode-mix50-mid-20261002,logs/benchmark/br-address-episode-mix50-mid-20261002/replays/065e212518054c659f38cd71bdbcffed/episode-00000004-slot-1.json,199,d666b9530a3e0c1fbdffea3c2dc27a763ff571cff038e44fc1ccc42ada243a39
benchmark,logs/benchmark/br-address-episode-mix50-mid-20261002,logs/benchmark/br-address-episode-mix50-mid-20261002/replays/065e212518054c659f38cd71bdbcffed/episode-00000005-slot-5.json,200,18a583106abd556a652c6deadb7e629f479a4fc9422c922128fa47c3a4e5afc7
benchmark,logs/benchmark/br-address-episode-mix50-mid-20261002,logs/benchmark/br-address-episode-mix50-mid-20261002/replays/065e212518054c659f38cd71bdbcffed/episode-00000006-slot-0.json,199,57b86462b952003f0c52112f77890dd823baf24ebaafefd962412b0db29cd926
benchmark,logs/benchmark/br-address-episode-mix50-mid-20261002,logs/benchmark/br-address-episode-mix50-mid-20261002/replays/065e212518054c659f38cd71bdbcffed/episode-00000007-slot-2.json,199,c09a4d9400004732d4a7b325990b77eef7673c925f86feb67666e6ce4f0b74d2
benchmark,logs/benchmark/br-address-episode-mix50-mid-20261002,logs/benchmark/br-address-episode-mix50-mid-20261002/replays/065e212518054c659f38cd71bdbcffed/episode-00000008-slot-7.json,200,47828a17ac504bbcf7bea1e2f7a0baa4309b0dd203fb18e19d48f3c4b8c4957e
benchmark,logs/benchmark/br-address-episode-mix50-mid-20261002,logs/benchmark/br-address-episode-mix50-mid-20261002/replays/065e212518054c659f38cd71bdbcffed/episode-00000009-slot-4.json,200,75866c2ea76d6390d63ae1f7400076007a45f95ba5c6aae2d9c0162c0a7fe1ce
benchmark,logs/benchmark/br-address-episode-mix50-mid-20261002,logs/benchmark/br-address-episode-mix50-mid-20261002/replays/065e212518054c659f38cd71bdbcffed/episode-00000010-slot-1.json,199,32f2e6969f10fdabd638a4c3feaccbfbe64984c474387eecb56d799765326581
benchmark,logs/benchmark/br-address-episode-mix50-mid-20261002,logs/benchmark/br-address-episode-mix50-mid-20261002/replays/065e212518054c659f38cd71bdbcffed/episode-00000011-slot-7.json,200,d7000b4e5f1fb273572efe298797added3c7580025255117849ad149c07aa047
benchmark,logs/benchmark/br-address-episode-mix50-mid-20261002,logs/benchmark/br-address-episode-mix50-mid-20261002/replays/065e212518054c659f38cd71bdbcffed/episode-00000012-slot-0.json,199,9e6ebd62ed0e904decf1397c003efa07b6b202cb668c48975ce412f890308647
benchmark,logs/benchmark/br-address-episode-mix50-mid-20261002,logs/benchmark/br-address-episode-mix50-mid-20261002/replays/065e212518054c659f38cd71bdbcffed/episode-00000013-slot-3.json,200,5415de4f98b03c22b0de1e3a0819c18f93b8702a257ff42abec43e06f7f3c521
benchmark,logs/benchmark/br-address-episode-mix50-mid-20261002,logs/benchmark/br-address-episode-mix50-mid-20261002/replays/065e212518054c659f38cd71bdbcffed/episode-00000014-slot-2.json,199,3a76e7cb66367c699e2fd7f4e432670067c84c56246a33001e2029c53c11e5f8
benchmark,logs/benchmark/br-address-episode-mix50-mid-20261002,logs/benchmark/br-address-episode-mix50-mid-20261002/replays/065e212518054c659f38cd71bdbcffed/episode-00000015-slot-6.json,200,9eddbb739f6b03093ffdbc393938943a771f1fc3ef733373e6e6992306f3f26e
benchmark,logs/benchmark/br-address-episode-mix50-mid-20261002,logs/benchmark/br-address-episode-mix50-mid-20261002/replays/065e212518054c659f38cd71bdbcffed/episode-00000016-slot-5.json,200,fb34e40a74a86260a63854c4acb4d76875571235ed71c879d5fa60e31d35a42e
benchmark,logs/benchmark/br-address-episode-mix50-mid-20261002,logs/benchmark/br-address-episode-mix50-mid-20261002/result.json,139333,612ab49fd7ba540c5ab45886acbb99dcd123b481b53fdfaef6ea90d322e1439b
benchmark,logs/benchmark/br-address-facing-bc-20261003,logs/benchmark/br-address-facing-bc-20261003/config.yaml,16889,04244b354ac947264678cd7bd401bbc2ae40eceb81d73f1ad5bae8a2e0c3d4ff
benchmark,logs/benchmark/br-address-facing-bc-20261003,logs/benchmark/br-address-facing-bc-20261003/plan.json,12796,ac0c6a477b2a1e5e151776e74ecdab8322ac8759107634f5897c4e8c3f228fdf
benchmark,logs/benchmark/br-address-facing-bc-20261003,logs/benchmark/br-address-facing-bc-20261003/progress.json,168131,251a7bb6b7727498fd20fd6d3440e58a044db1142d82bfc9cb57e28e6c2a1cd7
benchmark,logs/benchmark/br-address-facing-bc-20261003,logs/benchmark/br-address-facing-bc-20261003/replays/14e968013b2243299086af4704cb892a/episode-00000001-slot-5.json,200,07cb7bda40eb4112d3295a21bbcdd421f06ad73728d280629e8002eb10e3d6cb
benchmark,logs/benchmark/br-address-facing-bc-20261003,logs/benchmark/br-address-facing-bc-20261003/replays/14e968013b2243299086af4704cb892a/episode-00000002-slot-2.json,199,f0763fd52be254187340961bb29e6558e7cb7c235373382027106e3b01db0cad
benchmark,logs/benchmark/br-address-facing-bc-20261003,logs/benchmark/br-address-facing-bc-20261003/replays/14e968013b2243299086af4704cb892a/episode-00000003-slot-3.json,200,25eb4f8f06062ab34ffcdfd82d47a6b2b6a2f387342514b94795e6753f3c6b88
benchmark,logs/benchmark/br-address-facing-bc-20261003,logs/benchmark/br-address-facing-bc-20261003/replays/14e968013b2243299086af4704cb892a/episode-00000004-slot-6.json,200,4a73a052632ef762cb1bdca4eb84c5a90b145c2d0c4de0e01b86e7d7b192b0c8
benchmark,logs/benchmark/br-address-facing-bc-20261003,logs/benchmark/br-address-facing-bc-20261003/replays/14e968013b2243299086af4704cb892a/episode-00000005-slot-7.json,200,4e662ddf51ae3fded5efb3492f9579bcc2bf1edb893ded3bee383d079ac45dbd
benchmark,logs/benchmark/br-address-facing-bc-20261003,logs/benchmark/br-address-facing-bc-20261003/replays/14e968013b2243299086af4704cb892a/episode-00000006-slot-4.json,200,c697d7bae0cbd4e290be897ca5ac8905b00c66cef0bf77138f0d4c3f5109cdf7
benchmark,logs/benchmark/br-address-facing-bc-20261003,logs/benchmark/br-address-facing-bc-20261003/replays/14e968013b2243299086af4704cb892a/episode-00000007-slot-1.json,199,c249b0b1ff071e4376a71bfba7e421d2a0f3d87295f48e2c55eabf5678f5276e
benchmark,logs/benchmark/br-address-facing-bc-20261003,logs/benchmark/br-address-facing-bc-20261003/replays/14e968013b2243299086af4704cb892a/episode-00000008-slot-0.json,199,07e9a9feb9e2af6a12f286ca0f9c26a86b5f79c886adeec6c94d1498bc6cdc69
benchmark,logs/benchmark/br-address-facing-bc-20261003,logs/benchmark/br-address-facing-bc-20261003/replays/14e968013b2243299086af4704cb892a/episode-00000009-slot-2.json,199,250367ea65a4e531275629a4ab666a382cef1e9826cc0d987fed65a52c899259
benchmark,logs/benchmark/br-address-facing-bc-20261003,logs/benchmark/br-address-facing-bc-20261003/replays/14e968013b2243299086af4704cb892a/episode-00000010-slot-6.json,200,00ee7330a9271db9547a51ffaea8eb5d62bf2220af574fdcea22277091e3394d
benchmark,logs/benchmark/br-address-facing-bc-20261003,logs/benchmark/br-address-facing-bc-20261003/replays/14e968013b2243299086af4704cb892a/episode-00000011-slot-0.json,199,3a38c6e4947d0c1ed85ef60b87a91e75de29521caac0a0952f721af2f8e9d497
benchmark,logs/benchmark/br-address-facing-bc-20261003,logs/benchmark/br-address-facing-bc-20261003/replays/14e968013b2243299086af4704cb892a/episode-00000012-slot-7.json,200,436076b85d25cb325a0fe39736fea0c473762fc383196a858d339532cfc36783
benchmark,logs/benchmark/br-address-facing-bc-20261003,logs/benchmark/br-address-facing-bc-20261003/replays/14e968013b2243299086af4704cb892a/episode-00000013-slot-1.json,199,d70b00831db0bc4ff9574a0c17252bf61f7ef15913e6d76943b0b6d70c440fd9
benchmark,logs/benchmark/br-address-facing-bc-20261003,logs/benchmark/br-address-facing-bc-20261003/replays/14e968013b2243299086af4704cb892a/episode-00000014-slot-5.json,200,fcf80cb1eb43d5cdd2f431f42ef417d411f53a7dba582d0c73978a9cf2f9ed6c
benchmark,logs/benchmark/br-address-facing-bc-20261003,logs/benchmark/br-address-facing-bc-20261003/replays/14e968013b2243299086af4704cb892a/episode-00000015-slot-3.json,200,d3f04d7de5da1b6a7fc9e597afa689314a069770b9b6eaf24a3602845b00ab6e
benchmark,logs/benchmark/br-address-facing-bc-20261003,logs/benchmark/br-address-facing-bc-20261003/replays/14e968013b2243299086af4704cb892a/episode-00000016-slot-4.json,200,a7180aef5e7b076ed917829c97da9c7f969092cc6315ed0c114c6a50992872cd
benchmark,logs/benchmark/br-address-facing-bc-20261003,logs/benchmark/br-address-facing-bc-20261003/result.json,216749,d1c665655e888d997c0c36d47ed0d2e0dd537b5cba8ac67383e7b8755919596d
benchmark,logs/benchmark/br-address-facing-ppo-final-20261003,logs/benchmark/br-address-facing-ppo-final-20261003/config.yaml,13783,b36bff0456937cf2bc55978dc28cec7cadd4cc042b489422cd97c52750899f41
benchmark,logs/benchmark/br-address-facing-ppo-final-20261003,logs/benchmark/br-address-facing-ppo-final-20261003/plan.json,12796,c33b1bd706e4f65ae2f0bb0314a6a9c765cff78d530bcad30ad805ab0490810c
benchmark,logs/benchmark/br-address-facing-ppo-final-20261003,logs/benchmark/br-address-facing-ppo-final-20261003/progress.json,192819,9b1de8deef163bc190c8a5f32643333dafca1cc5c53acd8f98de148ec459451c
benchmark,logs/benchmark/br-address-facing-ppo-final-20261003,logs/benchmark/br-address-facing-ppo-final-20261003/replays/fd3b01d603bd4698ac9267c1050eb83c/episode-00000001-slot-6.json,200,766edbdf669587b13673f7783ebd24be97f223b0ce6461ec9e15bb348b8cebb2
benchmark,logs/benchmark/br-address-facing-ppo-final-20261003,logs/benchmark/br-address-facing-ppo-final-20261003/replays/fd3b01d603bd4698ac9267c1050eb83c/episode-00000002-slot-7.json,200,c6b27f8bd3af6d76c0d78320e3ebc01637ad7e4d4970e471855d784e4b596648
benchmark,logs/benchmark/br-address-facing-ppo-final-20261003,logs/benchmark/br-address-facing-ppo-final-20261003/replays/fd3b01d603bd4698ac9267c1050eb83c/episode-00000003-slot-4.json,200,f6c657395b5818152b337796bb4b41d5a9e8fb7981fe80b117d251f83a0a8a87
benchmark,logs/benchmark/br-address-facing-ppo-final-20261003,logs/benchmark/br-address-facing-ppo-final-20261003/replays/fd3b01d603bd4698ac9267c1050eb83c/episode-00000004-slot-0.json,199,8b5e59f3e0993b0d4293beb3929f5c2c8efe71b52a0c2ff001d0107032142492
benchmark,logs/benchmark/br-address-facing-ppo-final-20261003,logs/benchmark/br-address-facing-ppo-final-20261003/replays/fd3b01d603bd4698ac9267c1050eb83c/episode-00000005-slot-2.json,199,fcda07b1362c5052cb135aff7930d8a07e1890a877dc05dfc5dc13f2113851d8
benchmark,logs/benchmark/br-address-facing-ppo-final-20261003,logs/benchmark/br-address-facing-ppo-final-20261003/replays/fd3b01d603bd4698ac9267c1050eb83c/episode-00000006-slot-1.json,199,9ac507ba1d7e5d14a73fa6f9f78a274ccea9fd06d61c3d209aab72df7b95beda
benchmark,logs/benchmark/br-address-facing-ppo-final-20261003,logs/benchmark/br-address-facing-ppo-final-20261003/replays/fd3b01d603bd4698ac9267c1050eb83c/episode-00000007-slot-3.json,200,af93b90eb65339e22c414b3c8816d35039718b984ad0083a676907730357f24d
benchmark,logs/benchmark/br-address-facing-ppo-final-20261003,logs/benchmark/br-address-facing-ppo-final-20261003/replays/fd3b01d603bd4698ac9267c1050eb83c/episode-00000008-slot-5.json,200,b5519a17e31aaaf31d17661aec32d2c8a55906f6257c3976c41b06bfa1446116
benchmark,logs/benchmark/br-address-facing-ppo-final-20261003,logs/benchmark/br-address-facing-ppo-final-20261003/replays/fd3b01d603bd4698ac9267c1050eb83c/episode-00000009-slot-4.json,200,cd0094fa17f5e8b24b28c4a048ca3ab69562466909448fd995a9f8347d65367e
benchmark,logs/benchmark/br-address-facing-ppo-final-20261003,logs/benchmark/br-address-facing-ppo-final-20261003/replays/fd3b01d603bd4698ac9267c1050eb83c/episode-00000010-slot-1.json,199,c1bac8c561cda0dd477ae6b5cec3cee9c6c6c815c914d9e63fd7932a23a7b085
benchmark,logs/benchmark/br-address-facing-ppo-final-20261003,logs/benchmark/br-address-facing-ppo-final-20261003/replays/fd3b01d603bd4698ac9267c1050eb83c/episode-00000011-slot-2.json,199,95bbf4f6a33f49d6531762ba21384510984be353178596a291116f98c2a0d2fc
benchmark,logs/benchmark/br-address-facing-ppo-final-20261003,logs/benchmark/br-address-facing-ppo-final-20261003/replays/fd3b01d603bd4698ac9267c1050eb83c/episode-00000012-slot-6.json,200,5448a054e551d2d9fcac3da37c94d979616df6e22f1a8741721da8f7147e8bbb
benchmark,logs/benchmark/br-address-facing-ppo-final-20261003,logs/benchmark/br-address-facing-ppo-final-20261003/replays/fd3b01d603bd4698ac9267c1050eb83c/episode-00000013-slot-3.json,200,a5c00c9f939de722d58b4933b0d523d58bd4b46761ccf6aaa932c4adf74a12be
benchmark,logs/benchmark/br-address-facing-ppo-final-20261003,logs/benchmark/br-address-facing-ppo-final-20261003/replays/fd3b01d603bd4698ac9267c1050eb83c/episode-00000014-slot-7.json,200,52c77d5865a3c771640bb18cb1c4ee97797b8124ca370f96ebad5cce4a1fe76b
benchmark,logs/benchmark/br-address-facing-ppo-final-20261003,logs/benchmark/br-address-facing-ppo-final-20261003/replays/fd3b01d603bd4698ac9267c1050eb83c/episode-00000015-slot-0.json,199,71c851e43d8ada2aa8356f4e883495b0c193d86b0cc132aa6589c45245394c73
benchmark,logs/benchmark/br-address-facing-ppo-final-20261003,logs/benchmark/br-address-facing-ppo-final-20261003/replays/fd3b01d603bd4698ac9267c1050eb83c/episode-00000016-slot-5.json,200,6394810612cdb8d0d39635e1293daec4347f1d45a30eaba70f0c83f03ec01798
benchmark,logs/benchmark/br-address-facing-ppo-final-20261003,logs/benchmark/br-address-facing-ppo-final-20261003/result.json,243517,2278de1fa39099f6d73d25be0f0013910910c24c48a975353dc6049f1836c515
benchmark,logs/benchmark/br-address-facing-ppo-half-20261003,logs/benchmark/br-address-facing-ppo-half-20261003/config.yaml,13837,593d9feaa3b20734bb9c00f07cb3cee561638e094143f0eaa1abab78b0ff79eb
benchmark,logs/benchmark/br-address-facing-ppo-half-20261003,logs/benchmark/br-address-facing-ppo-half-20261003/plan.json,12796,3aac134f8f109ab8064d6520d65e63dd67b24952acaefd2e64f303ef88135ebd
benchmark,logs/benchmark/br-address-facing-ppo-half-20261003,logs/benchmark/br-address-facing-ppo-half-20261003/progress.json,155237,832c9d960e21005590c0756d970162d9b0e5962847f6737272f19a457b62474f
benchmark,logs/benchmark/br-address-facing-ppo-half-20261003,logs/benchmark/br-address-facing-ppo-half-20261003/replays/6789b6774037499eb7af73088f90fc62/episode-00000001-slot-1.json,199,3c45b5697e03515b8fb2e22471106842132090a90a1b31488bd40d8a2ca9abac
benchmark,logs/benchmark/br-address-facing-ppo-half-20261003,logs/benchmark/br-address-facing-ppo-half-20261003/replays/6789b6774037499eb7af73088f90fc62/episode-00000002-slot-3.json,200,796c6ba2a395b90861b2b2a4d6ba757a1ce6d2b10d0ffc95d850bcfbd24deddb
benchmark,logs/benchmark/br-address-facing-ppo-half-20261003,logs/benchmark/br-address-facing-ppo-half-20261003/replays/6789b6774037499eb7af73088f90fc62/episode-00000003-slot-6.json,200,9617a58b67ffc8885acf402d0a6e170e28edddd03d534e2128e047532774d5a0
benchmark,logs/benchmark/br-address-facing-ppo-half-20261003,logs/benchmark/br-address-facing-ppo-half-20261003/replays/6789b6774037499eb7af73088f90fc62/episode-00000004-slot-2.json,199,4de3823b5e9b228bc10f517f08c8278564cf7cf1247f07e6fabb78c74160f5eb
benchmark,logs/benchmark/br-address-facing-ppo-half-20261003,logs/benchmark/br-address-facing-ppo-half-20261003/replays/6789b6774037499eb7af73088f90fc62/episode-00000005-slot-4.json,200,beccc050fff41ab9505fe851e646c13d50a0afed5856af99f42edede71972d0a
benchmark,logs/benchmark/br-address-facing-ppo-half-20261003,logs/benchmark/br-address-facing-ppo-half-20261003/replays/6789b6774037499eb7af73088f90fc62/episode-00000006-slot-5.json,200,000be747833fda9238efb3c76bc6ac3526b847c9e633dcbf10b37822d0d0bd1c
benchmark,logs/benchmark/br-address-facing-ppo-half-20261003,logs/benchmark/br-address-facing-ppo-half-20261003/replays/6789b6774037499eb7af73088f90fc62/episode-00000007-slot-7.json,200,ea3144cb53c007a2ae8d897864f0dab67dd0f70f571d62455f02efbc47cb4210
benchmark,logs/benchmark/br-address-facing-ppo-half-20261003,logs/benchmark/br-address-facing-ppo-half-20261003/replays/6789b6774037499eb7af73088f90fc62/episode-00000008-slot-0.json,199,ac88f00f131e948eacc3183cb58e4cdf07980ed6c79e0be51b80c0dc867e8ab3
benchmark,logs/benchmark/br-address-facing-ppo-half-20261003,logs/benchmark/br-address-facing-ppo-half-20261003/replays/6789b6774037499eb7af73088f90fc62/episode-00000009-slot-3.json,200,ca6f5ea8ac9fd27b1a1afc6a16c94ec433ed72919b415d3b6acd77e0e0311fb0
benchmark,logs/benchmark/br-address-facing-ppo-half-20261003,logs/benchmark/br-address-facing-ppo-half-20261003/replays/6789b6774037499eb7af73088f90fc62/episode-00000010-slot-6.json,200,a5c5a311df89cb3828543e03046bf207f5f262a8a1840d4695a6b8030a9a5c10
benchmark,logs/benchmark/br-address-facing-ppo-half-20261003,logs/benchmark/br-address-facing-ppo-half-20261003/replays/6789b6774037499eb7af73088f90fc62/episode-00000011-slot-5.json,200,e6b4f54e001ee03fada24c84c001b834c9f76d745125fc978bea7af2e9567a99
benchmark,logs/benchmark/br-address-facing-ppo-half-20261003,logs/benchmark/br-address-facing-ppo-half-20261003/replays/6789b6774037499eb7af73088f90fc62/episode-00000012-slot-1.json,199,921e20a94b43747849b0817e5776b0075def3bc6a97b5d141f86697049c09d2e
benchmark,logs/benchmark/br-address-facing-ppo-half-20261003,logs/benchmark/br-address-facing-ppo-half-20261003/replays/6789b6774037499eb7af73088f90fc62/episode-00000013-slot-7.json,200,8ce6a09dfddcbd2f1b830833d18fd69b8ac5b04512e10f4a056e083e99b1db5c
benchmark,logs/benchmark/br-address-facing-ppo-half-20261003,logs/benchmark/br-address-facing-ppo-half-20261003/replays/6789b6774037499eb7af73088f90fc62/episode-00000014-slot-2.json,199,a0980438d951b9df7f3800d054558bd4c5caf3ed139171d69862cd4e00d23a2b
benchmark,logs/benchmark/br-address-facing-ppo-half-20261003,logs/benchmark/br-address-facing-ppo-half-20261003/replays/6789b6774037499eb7af73088f90fc62/episode-00000015-slot-0.json,199,8b095ee106cc76093dada42b00a2069698a6aec79c49bb3eb699eea15c405a96
benchmark,logs/benchmark/br-address-facing-ppo-half-20261003,logs/benchmark/br-address-facing-ppo-half-20261003/replays/6789b6774037499eb7af73088f90fc62/episode-00000016-slot-4.json,200,2654fa281b320eabfc855ec39d9443394025b75085dfd23200b05699a285019b
benchmark,logs/benchmark/br-address-facing-ppo-half-20261003,logs/benchmark/br-address-facing-ppo-half-20261003/result.json,202670,df8c2e08e03a0c6bc994009e4fccaf94f0b06bfed18c49a79e8f1d56e4652403
benchmark,logs/benchmark/br-address-frozen-representation-final-20261003,logs/benchmark/br-address-frozen-representation-final-20261003/config.yaml,13879,dcb4eac38912ea7691992c8d38b08135489b6cfce2e6c39ad49f24ab294f56f5
benchmark,logs/benchmark/br-address-frozen-representation-final-20261003,logs/benchmark/br-address-frozen-representation-final-20261003/plan.json,12796,14bcb1613d684a26eeec84667efec44ab988afea567cf88ee14c2d7060c9b44f
benchmark,logs/benchmark/br-address-frozen-representation-final-20261003,logs/benchmark/br-address-frozen-representation-final-20261003/progress.json,107269,992876cbd57055bc851e0fd9a4b341f6d98c5ba7c83a5b6db0e5b19f6a33536c
benchmark,logs/benchmark/br-address-frozen-representation-final-20261003,logs/benchmark/br-address-frozen-representation-final-20261003/replays/16a7f00480b6407a8849e6adc4d19fd9/episode-00000001-slot-2.json,199,87261cc1c28a50d116e71004fd12580b5dbec75b695b804d82ec32eee94371f9
benchmark,logs/benchmark/br-address-frozen-representation-final-20261003,logs/benchmark/br-address-frozen-representation-final-20261003/replays/16a7f00480b6407a8849e6adc4d19fd9/episode-00000002-slot-7.json,200,938c2fb04853d3afa4200f9de5c061e8501b8d85700c00735f070fc23490ac83
benchmark,logs/benchmark/br-address-frozen-representation-final-20261003,logs/benchmark/br-address-frozen-representation-final-20261003/replays/16a7f00480b6407a8849e6adc4d19fd9/episode-00000003-slot-0.json,199,e34580c3182f9fef1b597eb89ee618d932faf372b75939c7bd16eb3618d6d89e
benchmark,logs/benchmark/br-address-frozen-representation-final-20261003,logs/benchmark/br-address-frozen-representation-final-20261003/replays/16a7f00480b6407a8849e6adc4d19fd9/episode-00000004-slot-5.json,200,7c4f4f19f39d9cec7502e0587cfa418314f622b4e3055060b42b1bfbef7f3046
benchmark,logs/benchmark/br-address-frozen-representation-final-20261003,logs/benchmark/br-address-frozen-representation-final-20261003/replays/16a7f00480b6407a8849e6adc4d19fd9/episode-00000005-slot-1.json,199,8faf858ae1130809c2bf43e79054de9e673e6aed256a5d35427ed3e9798fcb5a
benchmark,logs/benchmark/br-address-frozen-representation-final-20261003,logs/benchmark/br-address-frozen-representation-final-20261003/replays/16a7f00480b6407a8849e6adc4d19fd9/episode-00000006-slot-3.json,200,04c6e4440754b7828d2d38df51dbf4a7e9d65b88db68e9b5bc6c83767ac2104e
benchmark,logs/benchmark/br-address-frozen-representation-final-20261003,logs/benchmark/br-address-frozen-representation-final-20261003/replays/16a7f00480b6407a8849e6adc4d19fd9/episode-00000007-slot-6.json,200,63cb43bfc31cae7a3183082c7f5691b4de9d06797c1f36f535d80d990696c582
benchmark,logs/benchmark/br-address-frozen-representation-final-20261003,logs/benchmark/br-address-frozen-representation-final-20261003/replays/16a7f00480b6407a8849e6adc4d19fd9/episode-00000008-slot-4.json,200,4e9537019e01de232ab7aef7a2e332ff002a99c6a5ad4561edf177625fa8dc9d
benchmark,logs/benchmark/br-address-frozen-representation-final-20261003,logs/benchmark/br-address-frozen-representation-final-20261003/replays/16a7f00480b6407a8849e6adc4d19fd9/episode-00000009-slot-5.json,200,6b5c32d429f17f370cf16a36ebf2674e07e833b96a094c16ee5f2d3f69265630
benchmark,logs/benchmark/br-address-frozen-representation-final-20261003,logs/benchmark/br-address-frozen-representation-final-20261003/replays/16a7f00480b6407a8849e6adc4d19fd9/episode-00000010-slot-0.json,199,2dc490c73394b356873d85a64528ea3d40fa11f9b8781ddaf08d1fafcd5c5299
benchmark,logs/benchmark/br-address-frozen-representation-final-20261003,logs/benchmark/br-address-frozen-representation-final-20261003/replays/16a7f00480b6407a8849e6adc4d19fd9/episode-00000011-slot-6.json,200,147401c28b2fc7fa489b842c238551f755d2f797d6d520171488530d4baa50ad
benchmark,logs/benchmark/br-address-frozen-representation-final-20261003,logs/benchmark/br-address-frozen-representation-final-20261003/replays/16a7f00480b6407a8849e6adc4d19fd9/episode-00000012-slot-3.json,200,ad98e7791019634a6a9d07f43df56eb10b9736d1bdf74b3776a38b365c934d2b
benchmark,logs/benchmark/br-address-frozen-representation-final-20261003,logs/benchmark/br-address-frozen-representation-final-20261003/replays/16a7f00480b6407a8849e6adc4d19fd9/episode-00000013-slot-2.json,199,cdab0bfe1ae55fbc17a0cd72d87ef52cc009b43a90216c1347ad7982e1f92e0f
benchmark,logs/benchmark/br-address-frozen-representation-final-20261003,logs/benchmark/br-address-frozen-representation-final-20261003/replays/16a7f00480b6407a8849e6adc4d19fd9/episode-00000014-slot-4.json,200,e3db4249c446098d94b99f2628fa265637e4a7e996625ad0991b1b2734526e43
benchmark,logs/benchmark/br-address-frozen-representation-final-20261003,logs/benchmark/br-address-frozen-representation-final-20261003/replays/16a7f00480b6407a8849e6adc4d19fd9/episode-00000015-slot-1.json,199,b5dd020934b65a2e623e2dba0d43b09fab725eb04e22c6c3e444aa709f552521
benchmark,logs/benchmark/br-address-frozen-representation-final-20261003,logs/benchmark/br-address-frozen-representation-final-20261003/replays/16a7f00480b6407a8849e6adc4d19fd9/episode-00000016-slot-7.json,204,a0c64d5a084feaace76acf245ef87f27891450420be2e6733bea1450a34578ae
benchmark,logs/benchmark/br-address-frozen-representation-final-20261003,logs/benchmark/br-address-frozen-representation-final-20261003/result.json,146180,cbe82bb83d0f6854b4a01e32e911c18b0aa8b49ff13817f41a7d05369139a919
benchmark,logs/benchmark/br-address-large-batch-final-20261002,logs/benchmark/br-address-large-batch-final-20261002/config.yaml,13683,c5658725175cfec6c94095332f33d2052ee3657ab0afddb47086e798d63922ea
benchmark,logs/benchmark/br-address-large-batch-final-20261002,logs/benchmark/br-address-large-batch-final-20261002/plan.json,12796,a9bc32872c3b83305a8b121e83a00850c5d02a0afca1b21bf05da033300e2db7
benchmark,logs/benchmark/br-address-large-batch-final-20261002,logs/benchmark/br-address-large-batch-final-20261002/progress.json,94331,1d84448c6b9bb719841da86c3305065b568177f61b0bce7d2a27dccbd9fe0cae
benchmark,logs/benchmark/br-address-large-batch-final-20261002,logs/benchmark/br-address-large-batch-final-20261002/replays/f3adf78ecfd84e53875c2e6677d5aa3b/episode-00000001-slot-2.json,199,94c304f164b4684cd171c8956fd1feeef14bc72a9f0cbe89c94c268945a0c17b
benchmark,logs/benchmark/br-address-large-batch-final-20261002,logs/benchmark/br-address-large-batch-final-20261002/replays/f3adf78ecfd84e53875c2e6677d5aa3b/episode-00000002-slot-4.json,200,352c20c46d068f72f31a010df437560c43a09dff9e32ab5fe4e46f796aefc3e0
benchmark,logs/benchmark/br-address-large-batch-final-20261002,logs/benchmark/br-address-large-batch-final-20261002/replays/f3adf78ecfd84e53875c2e6677d5aa3b/episode-00000003-slot-0.json,199,7a688b9c1fd6e976686b1c64edf6065158d44432cb4cc319edf32a96d09d3c0c
benchmark,logs/benchmark/br-address-large-batch-final-20261002,logs/benchmark/br-address-large-batch-final-20261002/replays/f3adf78ecfd84e53875c2e6677d5aa3b/episode-00000004-slot-1.json,199,bc3df0aeb8629324af00a8009fb322887d0b8c21f656285488bc8411410f9154
benchmark,logs/benchmark/br-address-large-batch-final-20261002,logs/benchmark/br-address-large-batch-final-20261002/replays/f3adf78ecfd84e53875c2e6677d5aa3b/episode-00000005-slot-6.json,200,c089b8dbb548be11209d10dbc280b0bc46c113174d7a27460d3065efb8014e3c
benchmark,logs/benchmark/br-address-large-batch-final-20261002,logs/benchmark/br-address-large-batch-final-20261002/replays/f3adf78ecfd84e53875c2e6677d5aa3b/episode-00000006-slot-5.json,200,fd36614523be115e317b38552227605ae9d794637ac4ec5ee9a93387a7fdfca4
benchmark,logs/benchmark/br-address-large-batch-final-20261002,logs/benchmark/br-address-large-batch-final-20261002/replays/f3adf78ecfd84e53875c2e6677d5aa3b/episode-00000007-slot-7.json,200,fe785bb66ea253745915a4ac5808c53a89ab9b9e7a3aac0d7b3ec35f18ee91bc
benchmark,logs/benchmark/br-address-large-batch-final-20261002,logs/benchmark/br-address-large-batch-final-20261002/replays/f3adf78ecfd84e53875c2e6677d5aa3b/episode-00000008-slot-3.json,200,0d21ddc4f67b359df56ae6eb2a67f96fdb06340dc2852fe789832b6b41f678e2
benchmark,logs/benchmark/br-address-large-batch-final-20261002,logs/benchmark/br-address-large-batch-final-20261002/replays/f3adf78ecfd84e53875c2e6677d5aa3b/episode-00000009-slot-5.json,200,0fefbb4b9c2a6f6eccbf59967cbadbb12f92290ff593c8bcf15c45180ae466e2
benchmark,logs/benchmark/br-address-large-batch-final-20261002,logs/benchmark/br-address-large-batch-final-20261002/replays/f3adf78ecfd84e53875c2e6677d5aa3b/episode-00000010-slot-1.json,199,0ff5e1f17ad5183dd5c7738eb02a53d4ac2001837b5757b4ab23e499c89a0c64
benchmark,logs/benchmark/br-address-large-batch-final-20261002,logs/benchmark/br-address-large-batch-final-20261002/replays/f3adf78ecfd84e53875c2e6677d5aa3b/episode-00000011-slot-0.json,199,dc0f55ee39f97a82c60e2ac102b41f2896c8a3cd219fa37cdc7e9213033d90c8
benchmark,logs/benchmark/br-address-large-batch-final-20261002,logs/benchmark/br-address-large-batch-final-20261002/replays/f3adf78ecfd84e53875c2e6677d5aa3b/episode-00000012-slot-3.json,200,6707d401c17d320d7028add7ffd166e0556c94dbff1b102076cea9b5eac0c00a
benchmark,logs/benchmark/br-address-large-batch-final-20261002,logs/benchmark/br-address-large-batch-final-20261002/replays/f3adf78ecfd84e53875c2e6677d5aa3b/episode-00000013-slot-2.json,199,b827c6f2a8ca4dc7956cc753b5026f21c588695c96c361c030042415a04b82b8
benchmark,logs/benchmark/br-address-large-batch-final-20261002,logs/benchmark/br-address-large-batch-final-20261002/replays/f3adf78ecfd84e53875c2e6677d5aa3b/episode-00000014-slot-4.json,200,214ce3da900a2861907fe0bd71a635d6316168534e16e32168bad98d32c34f7f
benchmark,logs/benchmark/br-address-large-batch-final-20261002,logs/benchmark/br-address-large-batch-final-20261002/replays/f3adf78ecfd84e53875c2e6677d5aa3b/episode-00000015-slot-6.json,200,d2036f934e1913e2080c3ea8dac419347ca9104583d1cd8667f217f8ae009e55
benchmark,logs/benchmark/br-address-large-batch-final-20261002,logs/benchmark/br-address-large-batch-final-20261002/replays/f3adf78ecfd84e53875c2e6677d5aa3b/episode-00000016-slot-7.json,200,d226e65aef8b2f57691139d14a039f1a005eabb8228c34c8c9d3fa8463028f71
benchmark,logs/benchmark/br-address-large-batch-final-20261002,logs/benchmark/br-address-large-batch-final-20261002/result.json,131151,49b2989941c7093cd123f3c3620c6150a18bee585f441b175e3a7e42edd32ee8
benchmark,logs/benchmark/br-address-large-batch-mid-20261002,logs/benchmark/br-address-large-batch-mid-20261002/config.yaml,13734,3f3160daaa1b575999fd87a4ee9b5eb1d5e5387ba368a78c2de408a7ec471d92
benchmark,logs/benchmark/br-address-large-batch-mid-20261002,logs/benchmark/br-address-large-batch-mid-20261002/plan.json,12796,574e3cb1bf7545ce9bc073604263a2ab62bcd1d19236b43e25fcc594aa3c131d
benchmark,logs/benchmark/br-address-large-batch-mid-20261002,logs/benchmark/br-address-large-batch-mid-20261002/progress.json,91425,09a444717b77650b2028e8295db062a68834827b66e46f1d7e198e2138a8201a
benchmark,logs/benchmark/br-address-large-batch-mid-20261002,logs/benchmark/br-address-large-batch-mid-20261002/replays/b5eae60ba5484ad3b215fddda2cf32fd/episode-00000001-slot-6.json,200,774b89afcd2deb7374bd71a6f0001b7089b9e09496f79ef1eedf1824beb82ec7
benchmark,logs/benchmark/br-address-large-batch-mid-20261002,logs/benchmark/br-address-large-batch-mid-20261002/replays/b5eae60ba5484ad3b215fddda2cf32fd/episode-00000002-slot-5.json,200,360c9f4650bfb766f482a9b89b1d4f34f0cf98ccda073c70429eced181c006ef
benchmark,logs/benchmark/br-address-large-batch-mid-20261002,logs/benchmark/br-address-large-batch-mid-20261002/replays/b5eae60ba5484ad3b215fddda2cf32fd/episode-00000003-slot-3.json,200,2f77396697a7bb90bc4e6be13912b11b3e027c94997e3c1e8adfcbcca66f1c3c
benchmark,logs/benchmark/br-address-large-batch-mid-20261002,logs/benchmark/br-address-large-batch-mid-20261002/replays/b5eae60ba5484ad3b215fddda2cf32fd/episode-00000004-slot-4.json,200,6ece662cd552344384a3333a56804ac652b0bfaa8afbbca5d312f2734d24336b
benchmark,logs/benchmark/br-address-large-batch-mid-20261002,logs/benchmark/br-address-large-batch-mid-20261002/replays/b5eae60ba5484ad3b215fddda2cf32fd/episode-00000005-slot-2.json,199,0955dd6aa3799548c719453b024f4f74e73e129d7bf808da5cad3175b084403e
benchmark,logs/benchmark/br-address-large-batch-mid-20261002,logs/benchmark/br-address-large-batch-mid-20261002/replays/b5eae60ba5484ad3b215fddda2cf32fd/episode-00000006-slot-7.json,200,3e3116d14b700a1c7c9f71e61853fd8072689f5350b6466eb708f995bf41dbc2
benchmark,logs/benchmark/br-address-large-batch-mid-20261002,logs/benchmark/br-address-large-batch-mid-20261002/replays/b5eae60ba5484ad3b215fddda2cf32fd/episode-00000007-slot-0.json,199,71825c094bddafed551667610a63ef3c78b381041e2c3589f35a81f3519dd878
benchmark,logs/benchmark/br-address-large-batch-mid-20261002,logs/benchmark/br-address-large-batch-mid-20261002/replays/b5eae60ba5484ad3b215fddda2cf32fd/episode-00000008-slot-1.json,199,8e09007ad960d3713a876adf1f25d35f3a686d90041a70ffbbc9ffed91253b0e
benchmark,logs/benchmark/br-address-large-batch-mid-20261002,logs/benchmark/br-address-large-batch-mid-20261002/replays/b5eae60ba5484ad3b215fddda2cf32fd/episode-00000009-slot-0.json,199,59d7fe238b8db15cf1aa2bc67ad78d7c21858cc4ab70030d0ccd15a2fc9d010f
benchmark,logs/benchmark/br-address-large-batch-mid-20261002,logs/benchmark/br-address-large-batch-mid-20261002/replays/b5eae60ba5484ad3b215fddda2cf32fd/episode-00000010-slot-1.json,199,df1509095743c92a74cb9e7428973e3f009f5083335d5d5faf6f34480a4b950a
benchmark,logs/benchmark/br-address-large-batch-mid-20261002,logs/benchmark/br-address-large-batch-mid-20261002/replays/b5eae60ba5484ad3b215fddda2cf32fd/episode-00000011-slot-6.json,200,0df3de48e70d4eac00f929c1570fd15be6e38dae4f6c7e86180da9f2d0dd9f0e
benchmark,logs/benchmark/br-address-large-batch-mid-20261002,logs/benchmark/br-address-large-batch-mid-20261002/replays/b5eae60ba5484ad3b215fddda2cf32fd/episode-00000012-slot-2.json,199,57d4cd0b2d488a32fb61c25775cb3d299211c664428510e36300d8d18762e5c3
benchmark,logs/benchmark/br-address-large-batch-mid-20261002,logs/benchmark/br-address-large-batch-mid-20261002/replays/b5eae60ba5484ad3b215fddda2cf32fd/episode-00000013-slot-3.json,200,56c9087b22c32457464165113a3df147893c23a47f0894fcaf3bc449dc8fab82
benchmark,logs/benchmark/br-address-large-batch-mid-20261002,logs/benchmark/br-address-large-batch-mid-20261002/replays/b5eae60ba5484ad3b215fddda2cf32fd/episode-00000014-slot-5.json,200,37898fc3832b27435495bf4e48d170400e9c9f1697d7f5e0a14b45702753fa5a
benchmark,logs/benchmark/br-address-large-batch-mid-20261002,logs/benchmark/br-address-large-batch-mid-20261002/replays/b5eae60ba5484ad3b215fddda2cf32fd/episode-00000015-slot-4.json,200,993dbc69989b0e717b2019002edd1a5ca7c13cbe8fd4e5bd9e0e9f7bf52c0c8e
benchmark,logs/benchmark/br-address-large-batch-mid-20261002,logs/benchmark/br-address-large-batch-mid-20261002/replays/b5eae60ba5484ad3b215fddda2cf32fd/episode-00000016-slot-7.json,200,8e6d0417e3c01dfd14159454ff6f6693970a14f94ad9584818a691c820878b4c
benchmark,logs/benchmark/br-address-large-batch-mid-20261002,logs/benchmark/br-address-large-batch-mid-20261002/result.json,127950,a1e7c5c3ca887f8884d96a8fe2bc34b2b03cb83906829f187717851df78fc8a3
benchmark,logs/benchmark/br-address-long-credit-20261002,logs/benchmark/br-address-long-credit-20261002/config.yaml,13600,2be05b3b5f8a17bbd495b5e7679a7ed8d8bbf0ed4df1bf347b3c4a6d2ade2ab0
benchmark,logs/benchmark/br-address-long-credit-20261002,logs/benchmark/br-address-long-credit-20261002/plan.json,3198,48a1729b61f8d191782077db98548eeb0a912511b8452c734582f140dc176dbd
benchmark,logs/benchmark/br-address-long-credit-20261002,logs/benchmark/br-address-long-credit-20261002/progress.json,28315,c9ffefbbb61f6bcb119bc94bb45eee7b6ba6ae5b9e6071c11e822838571b1964
benchmark,logs/benchmark/br-address-long-credit-20261002,logs/benchmark/br-address-long-credit-20261002/replays/73d4905f18774c77b84f7a110cd83c77/episode-00000001-slot-2.json,199,a337bcb1631bdc0b246ff3b88a5a720898d9241083f3a56b792cd0d7d3121baa
benchmark,logs/benchmark/br-address-long-credit-20261002,logs/benchmark/br-address-long-credit-20261002/replays/73d4905f18774c77b84f7a110cd83c77/episode-00000002-slot-3.json,200,91c8e1fd1d744dff8e461ac684eda58011ca18c8de192d650cf7523a9e62ff98
benchmark,logs/benchmark/br-address-long-credit-20261002,logs/benchmark/br-address-long-credit-20261002/replays/73d4905f18774c77b84f7a110cd83c77/episode-00000003-slot-1.json,200,f3b076e1ba9a4fdced8a5faa0e1e9811f23a3b0565bbc9f4f8b91133d87b051d
benchmark,logs/benchmark/br-address-long-credit-20261002,logs/benchmark/br-address-long-credit-20261002/replays/73d4905f18774c77b84f7a110cd83c77/episode-00000004-slot-0.json,199,682f1dda7a83f3ccc9c4b27c6b9e027e247045a71c4b0f7bc8bc50f3be6948aa
benchmark,logs/benchmark/br-address-long-credit-20261002,logs/benchmark/br-address-long-credit-20261002/result.json,59300,318724d3ca985422fc5f5f39cbb3cc9835bf3a87a0d28a16dc6bd74d1b00e51c
benchmark,logs/benchmark/br-address-long-credit-budget-final-20261003,logs/benchmark/br-address-long-credit-budget-final-20261003/config.yaml,13839,859253926a76fdc8a79f986c0e0c4c178ea608cd4745833ed8d38ef03b2aead3
benchmark,logs/benchmark/br-address-long-credit-budget-final-20261003,logs/benchmark/br-address-long-credit-budget-final-20261003/plan.json,12796,2fe6ac3fec5b3946ca7a132cb6600702009aff5c6aa9a0c04ec1a4cedc2cd918
benchmark,logs/benchmark/br-address-long-credit-budget-final-20261003,logs/benchmark/br-address-long-credit-budget-final-20261003/progress.json,162011,062d63ddc799272c32b53edaaeb5cd668e370f44de94299cd594780be602d518
benchmark,logs/benchmark/br-address-long-credit-budget-final-20261003,logs/benchmark/br-address-long-credit-budget-final-20261003/replays/abdda29e709341a8a11ae374ac933f73/episode-00000001-slot-0.json,199,c044dd943a3e0c654d5174ef1c422135e0475b57cbda950f94757f7b9cfb83e9
benchmark,logs/benchmark/br-address-long-credit-budget-final-20261003,logs/benchmark/br-address-long-credit-budget-final-20261003/replays/abdda29e709341a8a11ae374ac933f73/episode-00000002-slot-2.json,199,2012a123c372d3c74e47e6258b0c7b010f881ace6050f0f39c4d284f07e700b3
benchmark,logs/benchmark/br-address-long-credit-budget-final-20261003,logs/benchmark/br-address-long-credit-budget-final-20261003/replays/abdda29e709341a8a11ae374ac933f73/episode-00000003-slot-1.json,199,2d4b8c65203723288ee7e669bd1b33ea230d76e7a3575d42a1c20dacb01d100e
benchmark,logs/benchmark/br-address-long-credit-budget-final-20261003,logs/benchmark/br-address-long-credit-budget-final-20261003/replays/abdda29e709341a8a11ae374ac933f73/episode-00000004-slot-5.json,200,d278af11607e4207c7b20c76796bd5e5f50df47957f2863c00073e9b5481edeb
benchmark,logs/benchmark/br-address-long-credit-budget-final-20261003,logs/benchmark/br-address-long-credit-budget-final-20261003/replays/abdda29e709341a8a11ae374ac933f73/episode-00000005-slot-3.json,200,39f4887b449a33a119185fd47e3923dc270cfb0ca8702135f48a497488ce5d03
benchmark,logs/benchmark/br-address-long-credit-budget-final-20261003,logs/benchmark/br-address-long-credit-budget-final-20261003/replays/abdda29e709341a8a11ae374ac933f73/episode-00000006-slot-4.json,200,9154c6abbee81c3f0bae1193213e112cfa1c7fade21cc85b253244b044770797
benchmark,logs/benchmark/br-address-long-credit-budget-final-20261003,logs/benchmark/br-address-long-credit-budget-final-20261003/replays/abdda29e709341a8a11ae374ac933f73/episode-00000007-slot-7.json,200,1588dded15fee3bbfd2a614f890f611157e6499fd62136ca4c585defe687ea9c
benchmark,logs/benchmark/br-address-long-credit-budget-final-20261003,logs/benchmark/br-address-long-credit-budget-final-20261003/replays/abdda29e709341a8a11ae374ac933f73/episode-00000008-slot-6.json,200,970b0a542cce0dee904206176c28faecdae2c5d5dfb1e7e590109f4bfb1980ea
benchmark,logs/benchmark/br-address-long-credit-budget-final-20261003,logs/benchmark/br-address-long-credit-budget-final-20261003/replays/abdda29e709341a8a11ae374ac933f73/episode-00000009-slot-0.json,199,f60156b3470fea9b250de508fe3ee2d3e9080a0ca08ed15829562981628c0ce6
benchmark,logs/benchmark/br-address-long-credit-budget-final-20261003,logs/benchmark/br-address-long-credit-budget-final-20261003/replays/abdda29e709341a8a11ae374ac933f73/episode-00000010-slot-7.json,200,498fc15dc93bd1fb83a494a39cda2efbe18e586ef64b00e3e029dde8980c9284
benchmark,logs/benchmark/br-address-long-credit-budget-final-20261003,logs/benchmark/br-address-long-credit-budget-final-20261003/replays/abdda29e709341a8a11ae374ac933f73/episode-00000011-slot-3.json,200,9d627c58c063a2a3964bbaaa7c33f727c118bcad67068cde8624385f5c2319be
benchmark,logs/benchmark/br-address-long-credit-budget-final-20261003,logs/benchmark/br-address-long-credit-budget-final-20261003/replays/abdda29e709341a8a11ae374ac933f73/episode-00000012-slot-4.json,200,dcffdf19427dafd3ae12c80141d79e4230ea1dea818174a36536a8300d5f4be6
benchmark,logs/benchmark/br-address-long-credit-budget-final-20261003,logs/benchmark/br-address-long-credit-budget-final-20261003/replays/abdda29e709341a8a11ae374ac933f73/episode-00000013-slot-2.json,199,9a6d63636b32a03424dd0cee07b045ab6ba307400e70b7698635cb069a090431
benchmark,logs/benchmark/br-address-long-credit-budget-final-20261003,logs/benchmark/br-address-long-credit-budget-final-20261003/replays/abdda29e709341a8a11ae374ac933f73/episode-00000014-slot-5.json,200,31319cb7eb1d592ca41e6e524b7d475c230ac21027430abe23bc7df54c6a41a5
benchmark,logs/benchmark/br-address-long-credit-budget-final-20261003,logs/benchmark/br-address-long-credit-budget-final-20261003/replays/abdda29e709341a8a11ae374ac933f73/episode-00000015-slot-6.json,200,735e4dd069477deba36a8cb49d9ef574333dbe1a0675915f77248a4f668736bc
benchmark,logs/benchmark/br-address-long-credit-budget-final-20261003,logs/benchmark/br-address-long-credit-budget-final-20261003/replays/abdda29e709341a8a11ae374ac933f73/episode-00000016-slot-1.json,199,e1f93bc2be4c4302439e93484051b55cc2cb703af5f920ddb6d6d7f73e7143b3
benchmark,logs/benchmark/br-address-long-credit-budget-final-20261003,logs/benchmark/br-address-long-credit-budget-final-20261003/result.json,209956,2d7310052fbd59fd0774ebe3c9c04190040aae773c0262cbf101d271b9107d23
benchmark,logs/benchmark/br-address-long-credit-budget-half-20261003,logs/benchmark/br-address-long-credit-budget-half-20261003/config.yaml,13893,4b4d37add84a8c9dfebd6e1d9f5ee6af55f1152de20d59e82052e4bc79a7e2b9
benchmark,logs/benchmark/br-address-long-credit-budget-half-20261003,logs/benchmark/br-address-long-credit-budget-half-20261003/plan.json,12796,1e4a56490e892b9469db229e913c268e5790039415ab5acd426bd164ee4a16ff
benchmark,logs/benchmark/br-address-long-credit-budget-half-20261003,logs/benchmark/br-address-long-credit-budget-half-20261003/progress.json,101649,5f7c8b9da547841eceb3d8c9718d5c2e14fcdc58e9f2ef6b46e625b8ce80cf25
benchmark,logs/benchmark/br-address-long-credit-budget-half-20261003,logs/benchmark/br-address-long-credit-budget-half-20261003/replays/bb1f71c0df00441d9c7da5b6cde40ac8/episode-00000001-slot-1.json,199,eea95411dde9f81dd4547b0f688580fa253c67e5bd4e3adec3aff54038b97a80
benchmark,logs/benchmark/br-address-long-credit-budget-half-20261003,logs/benchmark/br-address-long-credit-budget-half-20261003/replays/bb1f71c0df00441d9c7da5b6cde40ac8/episode-00000002-slot-0.json,199,981d2c4e6765a3a9815497e67d54b89ae0bb3764509c64432c66869cc33467b9
benchmark,logs/benchmark/br-address-long-credit-budget-half-20261003,logs/benchmark/br-address-long-credit-budget-half-20261003/replays/bb1f71c0df00441d9c7da5b6cde40ac8/episode-00000003-slot-4.json,200,208ac38a73fb08ecbdab5f47c82c5deb46cc061a64a133232080ec30b3f9580a
benchmark,logs/benchmark/br-address-long-credit-budget-half-20261003,logs/benchmark/br-address-long-credit-budget-half-20261003/replays/bb1f71c0df00441d9c7da5b6cde40ac8/episode-00000004-slot-2.json,199,e410416221131d6fb4bd4b04cfcb4efd787ddf27932286e54603a6d4776059dd
benchmark,logs/benchmark/br-address-long-credit-budget-half-20261003,logs/benchmark/br-address-long-credit-budget-half-20261003/replays/bb1f71c0df00441d9c7da5b6cde40ac8/episode-00000005-slot-3.json,200,151214c62b530e4e680e9680e53a8ef2f3cca72f13fbd348ea0c2ee236ccc5a4
benchmark,logs/benchmark/br-address-long-credit-budget-half-20261003,logs/benchmark/br-address-long-credit-budget-half-20261003/replays/bb1f71c0df00441d9c7da5b6cde40ac8/episode-00000006-slot-5.json,200,80674ed67c522746fcdc96f9badcb59831ada0bb751ab68a39b1022c4d77afb3
benchmark,logs/benchmark/br-address-long-credit-budget-half-20261003,logs/benchmark/br-address-long-credit-budget-half-20261003/replays/bb1f71c0df00441d9c7da5b6cde40ac8/episode-00000007-slot-7.json,200,ccbf8958a2208742c43923b4feaef9e0ddb30d63a72cce889fbd3acb3c8ee0bf
benchmark,logs/benchmark/br-address-long-credit-budget-half-20261003,logs/benchmark/br-address-long-credit-budget-half-20261003/replays/bb1f71c0df00441d9c7da5b6cde40ac8/episode-00000008-slot-6.json,200,ce5249b57f9212918be18101c2a3d109cd005e9bf3aad7e4e3070072c80eaf7b
benchmark,logs/benchmark/br-address-long-credit-budget-half-20261003,logs/benchmark/br-address-long-credit-budget-half-20261003/replays/bb1f71c0df00441d9c7da5b6cde40ac8/episode-00000009-slot-3.json,200,64fcc72004a8da71626c8a65a5071ee36090ce9c95193b1b56201868143aa22f
benchmark,logs/benchmark/br-address-long-credit-budget-half-20261003,logs/benchmark/br-address-long-credit-budget-half-20261003/replays/bb1f71c0df00441d9c7da5b6cde40ac8/episode-00000010-slot-6.json,200,e526f656dc914ea1aa9d73fd1589b3b855c36a730ad6dd280ef49971679b513d
benchmark,logs/benchmark/br-address-long-credit-budget-half-20261003,logs/benchmark/br-address-long-credit-budget-half-20261003/replays/bb1f71c0df00441d9c7da5b6cde40ac8/episode-00000011-slot-5.json,200,b987ecdb73fe960b6d22bdf8b7faf21e6dadad85b44cb212df622bc5b87e493f
benchmark,logs/benchmark/br-address-long-credit-budget-half-20261003,logs/benchmark/br-address-long-credit-budget-half-20261003/replays/bb1f71c0df00441d9c7da5b6cde40ac8/episode-00000012-slot-4.json,200,22eef69eaa9079adffc9772d15a15167162998827f3e293f574f7c86616e3b6c
benchmark,logs/benchmark/br-address-long-credit-budget-half-20261003,logs/benchmark/br-address-long-credit-budget-half-20261003/replays/bb1f71c0df00441d9c7da5b6cde40ac8/episode-00000013-slot-7.json,200,0185c0833d754806c80e26ad25ba1803eba64773443ef296639a0c5afcc4af57
benchmark,logs/benchmark/br-address-long-credit-budget-half-20261003,logs/benchmark/br-address-long-credit-budget-half-20261003/replays/bb1f71c0df00441d9c7da5b6cde40ac8/episode-00000014-slot-0.json,199,28c80f4787e218885747132a7d1e3198d8b15a934f81083c1293cc08d53f9792
benchmark,logs/benchmark/br-address-long-credit-budget-half-20261003,logs/benchmark/br-address-long-credit-budget-half-20261003/replays/bb1f71c0df00441d9c7da5b6cde40ac8/episode-00000015-slot-1.json,199,54b9653d31e060cfbdae54c79c22ea06a0325bcf76d98dd63e16cd8301ebe793
benchmark,logs/benchmark/br-address-long-credit-budget-half-20261003,logs/benchmark/br-address-long-credit-budget-half-20261003/replays/bb1f71c0df00441d9c7da5b6cde40ac8/episode-00000016-slot-2.json,199,104ab985b29d18c06c019cc8edd3e0f13e08ea778586b60f647abd99059c8520
benchmark,logs/benchmark/br-address-long-credit-budget-half-20261003,logs/benchmark/br-address-long-credit-budget-half-20261003/result.json,140553,58a7c2b2de71fb358090f40d3ad065941f277991243a5485967cafda898b1b45
benchmark,logs/benchmark/br-address-long-credit-budget-quarter-20261003,logs/benchmark/br-address-long-credit-budget-quarter-20261003/config.yaml,13896,87318aaff9971b9355f89fd1dd2c603972c4476e38ec2d144c75383498717087
benchmark,logs/benchmark/br-address-long-credit-budget-quarter-20261003,logs/benchmark/br-address-long-credit-budget-quarter-20261003/plan.json,12796,3a62aa4512e5b56f42524177102d16fc38c06baa3ef0940873d80359fe5ba5f7
benchmark,logs/benchmark/br-address-long-credit-budget-quarter-20261003,logs/benchmark/br-address-long-credit-budget-quarter-20261003/progress.json,101700,ff6fe64907629e996f41058695ba20ad25f6bc43f87728cf1f2d30a2f5abd813
benchmark,logs/benchmark/br-address-long-credit-budget-quarter-20261003,logs/benchmark/br-address-long-credit-budget-quarter-20261003/replays/60d7220cb01942be81dd14ee559b23c3/episode-00000001-slot-6.json,200,e47c36b876eb3feccfa2660071c8f3c0118a9a52f942ab4770a8de6a5315b018
benchmark,logs/benchmark/br-address-long-credit-budget-quarter-20261003,logs/benchmark/br-address-long-credit-budget-quarter-20261003/replays/60d7220cb01942be81dd14ee559b23c3/episode-00000002-slot-3.json,200,929f6575ecdfd232ba56d7a8374e6f7f8929290326e476db5229c72469f2d6c2
benchmark,logs/benchmark/br-address-long-credit-budget-quarter-20261003,logs/benchmark/br-address-long-credit-budget-quarter-20261003/replays/60d7220cb01942be81dd14ee559b23c3/episode-00000003-slot-7.json,200,fbfce15d258879546df202fce9860ff6d51c57b7f1c7940c6c5dac1d4d11297a
benchmark,logs/benchmark/br-address-long-credit-budget-quarter-20261003,logs/benchmark/br-address-long-credit-budget-quarter-20261003/replays/60d7220cb01942be81dd14ee559b23c3/episode-00000004-slot-0.json,199,113d56b79245e646c993b9b6a81a154c4a4b8fafd208660c5397ac1d04922af7
benchmark,logs/benchmark/br-address-long-credit-budget-quarter-20261003,logs/benchmark/br-address-long-credit-budget-quarter-20261003/replays/60d7220cb01942be81dd14ee559b23c3/episode-00000005-slot-5.json,200,e8331d681955ab41e3abf578f860ad182383d72faa2704c23c563daac59bd39f
benchmark,logs/benchmark/br-address-long-credit-budget-quarter-20261003,logs/benchmark/br-address-long-credit-budget-quarter-20261003/replays/60d7220cb01942be81dd14ee559b23c3/episode-00000006-slot-4.json,200,2110f90ce1aa777fd522a6f8c54ddcc427ff9eef526937ae8213cf32facd86b2
benchmark,logs/benchmark/br-address-long-credit-budget-quarter-20261003,logs/benchmark/br-address-long-credit-budget-quarter-20261003/replays/60d7220cb01942be81dd14ee559b23c3/episode-00000007-slot-1.json,203,83b1be79e28bdcea6fc4d593266ee77509dbbb8b018965ab6e8bac932a57dfb8
benchmark,logs/benchmark/br-address-long-credit-budget-quarter-20261003,logs/benchmark/br-address-long-credit-budget-quarter-20261003/replays/60d7220cb01942be81dd14ee559b23c3/episode-00000008-slot-2.json,203,6c3fcc6539805ca6f798db5bd0549f78dfb2722992d95940fbf6f4498db0d9c1
benchmark,logs/benchmark/br-address-long-credit-budget-quarter-20261003,logs/benchmark/br-address-long-credit-budget-quarter-20261003/replays/60d7220cb01942be81dd14ee559b23c3/episode-00000009-slot-0.json,199,5551443ac73729ac191f350d7aacd035ea11ace5cae90350b2cc98868fbb2b4b
benchmark,logs/benchmark/br-address-long-credit-budget-quarter-20261003,logs/benchmark/br-address-long-credit-budget-quarter-20261003/replays/60d7220cb01942be81dd14ee559b23c3/episode-00000010-slot-7.json,200,bad36af385d70a14951ce2cb3379ea37e53321c0a93c7f292534a87a649386ff
benchmark,logs/benchmark/br-address-long-credit-budget-quarter-20261003,logs/benchmark/br-address-long-credit-budget-quarter-20261003/replays/60d7220cb01942be81dd14ee559b23c3/episode-00000011-slot-1.json,199,5b5042d1f4d9025e69be5d59f936372b4f1c376c7e11ea89b9680e24820576fc
benchmark,logs/benchmark/br-address-long-credit-budget-quarter-20261003,logs/benchmark/br-address-long-credit-budget-quarter-20261003/replays/60d7220cb01942be81dd14ee559b23c3/episode-00000012-slot-5.json,200,a66432ad74ab482b3fecee2284fce8c215cc012aad8faf8509694ea401325ebe
benchmark,logs/benchmark/br-address-long-credit-budget-quarter-20261003,logs/benchmark/br-address-long-credit-budget-quarter-20261003/replays/60d7220cb01942be81dd14ee559b23c3/episode-00000013-slot-6.json,200,67edcb011cc68fa4629b35b1d4957c459fa595b58a856fd7742c1325002e0ebe
benchmark,logs/benchmark/br-address-long-credit-budget-quarter-20261003,logs/benchmark/br-address-long-credit-budget-quarter-20261003/replays/60d7220cb01942be81dd14ee559b23c3/episode-00000014-slot-2.json,199,0cbfe202fba09962f66fe84a13bc530d1bc35ecb74e596609390e5b1022af00b
benchmark,logs/benchmark/br-address-long-credit-budget-quarter-20261003,logs/benchmark/br-address-long-credit-budget-quarter-20261003/replays/60d7220cb01942be81dd14ee559b23c3/episode-00000015-slot-3.json,200,24dc2829f4700ccbd2a4ae4b66b26620d1e73116e53b2b52d6fbebc391c1ab25
benchmark,logs/benchmark/br-address-long-credit-budget-quarter-20261003,logs/benchmark/br-address-long-credit-budget-quarter-20261003/replays/60d7220cb01942be81dd14ee559b23c3/episode-00000016-slot-4.json,200,e57b6ef68d9568d6fff10822187097c2607eb2fcd0ee105a9af916099685e637
benchmark,logs/benchmark/br-address-long-credit-budget-quarter-20261003,logs/benchmark/br-address-long-credit-budget-quarter-20261003/result.json,140591,c6d62f9a9a1dd39147b536e114b8287927a7f8962c68534f1a5904b968a6914f
benchmark,logs/benchmark/br-address-long-credit-budget-three_quarter-20261003,logs/benchmark/br-address-long-credit-budget-three_quarter-20261003/config.yaml,13902,c65be78fca58202bc2d19aac8517c5009d1137f73acf90af35e8bd1728dcd210
benchmark,logs/benchmark/br-address-long-credit-budget-three_quarter-20261003,logs/benchmark/br-address-long-credit-budget-three_quarter-20261003/plan.json,12796,02cdd42ddae0ce9de7829487cd7d4c2140179dc3a482a3b0350c45adee334782
benchmark,logs/benchmark/br-address-long-credit-budget-three_quarter-20261003,logs/benchmark/br-address-long-credit-budget-three_quarter-20261003/progress.json,164054,8c7844601d62efc48ea69f61ddaa34215c4dea15263bc944b9104d07cffbefcd
benchmark,logs/benchmark/br-address-long-credit-budget-three_quarter-20261003,logs/benchmark/br-address-long-credit-budget-three_quarter-20261003/replays/84b5f8dd36e242d8a396d427281eb77c/episode-00000001-slot-2.json,199,9a2248cf37196470ccce365264699865332be21ef82de6cdea20a2f28ea90878
benchmark,logs/benchmark/br-address-long-credit-budget-three_quarter-20261003,logs/benchmark/br-address-long-credit-budget-three_quarter-20261003/replays/84b5f8dd36e242d8a396d427281eb77c/episode-00000002-slot-4.json,200,83cddf53b0f66bede14c2cd94a10c8678cccad199639f9917029ebd73c21ea28
benchmark,logs/benchmark/br-address-long-credit-budget-three_quarter-20261003,logs/benchmark/br-address-long-credit-budget-three_quarter-20261003/replays/84b5f8dd36e242d8a396d427281eb77c/episode-00000003-slot-5.json,200,dc54fc9c965137ece31fd0e390edcb3b6a355badff59f19ab8de88f85c97b486
benchmark,logs/benchmark/br-address-long-credit-budget-three_quarter-20261003,logs/benchmark/br-address-long-credit-budget-three_quarter-20261003/replays/84b5f8dd36e242d8a396d427281eb77c/episode-00000004-slot-0.json,199,287d1b008e076c0d2d311ea929ee00182a6621bf03652890fd9d1d762d862fd0
benchmark,logs/benchmark/br-address-long-credit-budget-three_quarter-20261003,logs/benchmark/br-address-long-credit-budget-three_quarter-20261003/replays/84b5f8dd36e242d8a396d427281eb77c/episode-00000005-slot-6.json,200,e6a15c89054f3c00019771b5f706166f69c5e041a2a2a907e015ec50b4b2480b
benchmark,logs/benchmark/br-address-long-credit-budget-three_quarter-20261003,logs/benchmark/br-address-long-credit-budget-three_quarter-20261003/replays/84b5f8dd36e242d8a396d427281eb77c/episode-00000006-slot-7.json,200,6d669d724a848df99f35d07ffda85125c9a843299e23926e8ea64be86eb6123c
benchmark,logs/benchmark/br-address-long-credit-budget-three_quarter-20261003,logs/benchmark/br-address-long-credit-budget-three_quarter-20261003/replays/84b5f8dd36e242d8a396d427281eb77c/episode-00000007-slot-3.json,200,adbe99978f206a7a3549fd3726d08524f8c7038f6e7377dd2ee4e45ae217d81a
benchmark,logs/benchmark/br-address-long-credit-budget-three_quarter-20261003,logs/benchmark/br-address-long-credit-budget-three_quarter-20261003/replays/84b5f8dd36e242d8a396d427281eb77c/episode-00000008-slot-1.json,199,753567c5524b2c1deab3a2c0f881e980e635394c6d0581dbce3c80735a939c0f
benchmark,logs/benchmark/br-address-long-credit-budget-three_quarter-20261003,logs/benchmark/br-address-long-credit-budget-three_quarter-20261003/replays/84b5f8dd36e242d8a396d427281eb77c/episode-00000009-slot-7.json,200,55cb16c5b3daa837d6f130bd6a4b0e7917851e247c55a0878f57b51a89ad7548
benchmark,logs/benchmark/br-address-long-credit-budget-three_quarter-20261003,logs/benchmark/br-address-long-credit-budget-three_quarter-20261003/replays/84b5f8dd36e242d8a396d427281eb77c/episode-00000010-slot-6.json,200,258df40aebad9954125c5e626a3c69c1ac9b6453b58738163c9f55c2fed14790
benchmark,logs/benchmark/br-address-long-credit-budget-three_quarter-20261003,logs/benchmark/br-address-long-credit-budget-three_quarter-20261003/replays/84b5f8dd36e242d8a396d427281eb77c/episode-00000011-slot-2.json,199,4972d40775a1f8e5d792e30cc54fccace666a01c1be147d3354fbc345e5c386e
benchmark,logs/benchmark/br-address-long-credit-budget-three_quarter-20261003,logs/benchmark/br-address-long-credit-budget-three_quarter-20261003/replays/84b5f8dd36e242d8a396d427281eb77c/episode-00000012-slot-3.json,200,c575220319d68303da732a2658c6c27cc485deeecb75f6032a031a432b214552
benchmark,logs/benchmark/br-address-long-credit-budget-three_quarter-20261003,logs/benchmark/br-address-long-credit-budget-three_quarter-20261003/replays/84b5f8dd36e242d8a396d427281eb77c/episode-00000013-slot-5.json,200,a7fe191b3925899630c4ae6e70fcf750949d86af2f46c5e59dd99fa4d176da5f
benchmark,logs/benchmark/br-address-long-credit-budget-three_quarter-20261003,logs/benchmark/br-address-long-credit-budget-three_quarter-20261003/replays/84b5f8dd36e242d8a396d427281eb77c/episode-00000014-slot-1.json,199,18cfa1b85a009ae759cac32f3c315d897c8a151b0d67456924a5d7709153dc77
benchmark,logs/benchmark/br-address-long-credit-budget-three_quarter-20261003,logs/benchmark/br-address-long-credit-budget-three_quarter-20261003/replays/84b5f8dd36e242d8a396d427281eb77c/episode-00000015-slot-0.json,199,07ae10e2b136db1c21af2b3830e7d397cb03c63cc088be15c1b767bdda88034b
benchmark,logs/benchmark/br-address-long-credit-budget-three_quarter-20261003,logs/benchmark/br-address-long-credit-budget-three_quarter-20261003/replays/84b5f8dd36e242d8a396d427281eb77c/episode-00000016-slot-4.json,200,61341c626a3f06c82ffa95bf0b6e915062a14a77354108f9f9fb6d3a42759553
benchmark,logs/benchmark/br-address-long-credit-budget-three_quarter-20261003,logs/benchmark/br-address-long-credit-budget-three_quarter-20261003/result.json,212189,47da65c013e2b3b9116dd848ff78091eb5ab5cbae711f8624f481cece1325220
benchmark,logs/benchmark/br-address-long-rollout-20261002,logs/benchmark/br-address-long-rollout-20261002/config.yaml,13607,04dad322faaa8ea27d54870a230de4d9e19e58e1125b8a29328f356d9cf68dcd
benchmark,logs/benchmark/br-address-long-rollout-20261002,logs/benchmark/br-address-long-rollout-20261002/plan.json,3198,969b23924f102e5ef193c3d378a54f1385c389a69c3c0cdbe6c11f259a87ffc9
benchmark,logs/benchmark/br-address-long-rollout-20261002,logs/benchmark/br-address-long-rollout-20261002/progress.json,28886,adb6dcc12b9bd6589db4e7ac09166298dd05e12134d01eb8028ab8f3bbdfe655
benchmark,logs/benchmark/br-address-long-rollout-20261002,logs/benchmark/br-address-long-rollout-20261002/replays/027f263654f847ea80d8a462e947c690/episode-00000001-slot-0.json,199,ff87f6bd98a0b49609c2f498451d7790d12cadd52168d17465ee34532c1b874e
benchmark,logs/benchmark/br-address-long-rollout-20261002,logs/benchmark/br-address-long-rollout-20261002/replays/027f263654f847ea80d8a462e947c690/episode-00000002-slot-3.json,200,71678eeffd902f88d3ea286765f7440d0876408f20765e27b4cd6f1232154cdc
benchmark,logs/benchmark/br-address-long-rollout-20261002,logs/benchmark/br-address-long-rollout-20261002/replays/027f263654f847ea80d8a462e947c690/episode-00000003-slot-1.json,200,6f0f1875588f9ecbb45f7b2d33206708875cd648290661b137afe4e420157b87
benchmark,logs/benchmark/br-address-long-rollout-20261002,logs/benchmark/br-address-long-rollout-20261002/replays/027f263654f847ea80d8a462e947c690/episode-00000004-slot-2.json,203,c5de60af3a3026465d5a07f2c593ebbb60e6a3a0203edc4bdbd5f8822e5c5036
benchmark,logs/benchmark/br-address-long-rollout-20261002,logs/benchmark/br-address-long-rollout-20261002/result.json,59930,1f6e2c65065ea6896726268418bc2e5e36cbccfc4393ca031ed1214e847a821c
benchmark,logs/benchmark/br-address-low-noise-feedback-final-20261003,logs/benchmark/br-address-low-noise-feedback-final-20261003/config.yaml,13829,4c20804e93d60726298ba982fe8d2b8430ae89fdfad1259043b331bc1a4ba5e2
benchmark,logs/benchmark/br-address-low-noise-feedback-final-20261003,logs/benchmark/br-address-low-noise-feedback-final-20261003/plan.json,12796,87249108c1257aef16b84010104f9fae4b47fc1ed8a1f532d69f248847c96475
benchmark,logs/benchmark/br-address-low-noise-feedback-final-20261003,logs/benchmark/br-address-low-noise-feedback-final-20261003/progress.json,233987,0763ed6c95a5a9b23a9939ead71c5155378ab34486a9eba0e90493389bd4cb36
benchmark,logs/benchmark/br-address-low-noise-feedback-final-20261003,logs/benchmark/br-address-low-noise-feedback-final-20261003/replays/6b5f20f5452243faa1171eb7f247f1c5/episode-00000001-slot-2.json,199,93a925e7199265b3eea4c9c7af066a713e900fd8be2132dfc0e8238878e67a01
benchmark,logs/benchmark/br-address-low-noise-feedback-final-20261003,logs/benchmark/br-address-low-noise-feedback-final-20261003/replays/6b5f20f5452243faa1171eb7f247f1c5/episode-00000002-slot-0.json,199,611ecf2ab99f2c04592dd778a24e270e726695158f1930a8429235f6df72b9ac
benchmark,logs/benchmark/br-address-low-noise-feedback-final-20261003,logs/benchmark/br-address-low-noise-feedback-final-20261003/replays/6b5f20f5452243faa1171eb7f247f1c5/episode-00000003-slot-4.json,200,406a7ddb9aa908ebd282778edfc097b0ad55f81d1386a9a3e400c14863674259
benchmark,logs/benchmark/br-address-low-noise-feedback-final-20261003,logs/benchmark/br-address-low-noise-feedback-final-20261003/replays/6b5f20f5452243faa1171eb7f247f1c5/episode-00000004-slot-3.json,200,255d945bd07c61c72498fb26cc0d8824645b41eeaf098c3dcd9d83aa3e3e162a
benchmark,logs/benchmark/br-address-low-noise-feedback-final-20261003,logs/benchmark/br-address-low-noise-feedback-final-20261003/replays/6b5f20f5452243faa1171eb7f247f1c5/episode-00000005-slot-1.json,199,18fe6d6e113a9b336d9d61c1189e52cee8257b83cc702b21bf8ef5e021f49ccd
benchmark,logs/benchmark/br-address-low-noise-feedback-final-20261003,logs/benchmark/br-address-low-noise-feedback-final-20261003/replays/6b5f20f5452243faa1171eb7f247f1c5/episode-00000006-slot-7.json,200,807d47957f5c5698e0678c6d99b1ba398d0bc7d0098c7c2693eec8545cfab578
benchmark,logs/benchmark/br-address-low-noise-feedback-final-20261003,logs/benchmark/br-address-low-noise-feedback-final-20261003/replays/6b5f20f5452243faa1171eb7f247f1c5/episode-00000007-slot-6.json,200,cb247a5cf5e15d907818fb0a8814abe05661e9e9f5cdfc04261ed9db12d8a049
benchmark,logs/benchmark/br-address-low-noise-feedback-final-20261003,logs/benchmark/br-address-low-noise-feedback-final-20261003/replays/6b5f20f5452243faa1171eb7f247f1c5/episode-00000008-slot-5.json,200,23a5ed11a55bd44a175c57c14d948b1d2b53f804fe47cd371174f6669b5a2bcd
benchmark,logs/benchmark/br-address-low-noise-feedback-final-20261003,logs/benchmark/br-address-low-noise-feedback-final-20261003/replays/6b5f20f5452243faa1171eb7f247f1c5/episode-00000009-slot-1.json,199,a8a65780d732fb0b336ace538869becf315e5f462d3aa4daa1776c4b5648183d
benchmark,logs/benchmark/br-address-low-noise-feedback-final-20261003,logs/benchmark/br-address-low-noise-feedback-final-20261003/replays/6b5f20f5452243faa1171eb7f247f1c5/episode-00000010-slot-5.json,200,c29cd3afd946c247fd6352982ad563f883d424bf9e10528a8516224f9b5807e4
benchmark,logs/benchmark/br-address-low-noise-feedback-final-20261003,logs/benchmark/br-address-low-noise-feedback-final-20261003/replays/6b5f20f5452243faa1171eb7f247f1c5/episode-00000011-slot-7.json,200,9c35cb51b24b21fef93954388fb0220dc92972c9e5eb602b4d4658c2475a47c3
benchmark,logs/benchmark/br-address-low-noise-feedback-final-20261003,logs/benchmark/br-address-low-noise-feedback-final-20261003/replays/6b5f20f5452243faa1171eb7f247f1c5/episode-00000012-slot-0.json,199,ea0c21eeb4f118fb1e2aabacff39bc3f247dae39232dfb6dec942e186b3a3b8c
benchmark,logs/benchmark/br-address-low-noise-feedback-final-20261003,logs/benchmark/br-address-low-noise-feedback-final-20261003/replays/6b5f20f5452243faa1171eb7f247f1c5/episode-00000013-slot-6.json,200,fc3c33133c79f729c47bc93e87a4437f371128bb90a0e5bcc60b0a53e8c91753
benchmark,logs/benchmark/br-address-low-noise-feedback-final-20261003,logs/benchmark/br-address-low-noise-feedback-final-20261003/replays/6b5f20f5452243faa1171eb7f247f1c5/episode-00000014-slot-2.json,199,2675005ce021b3f454673b557b9a529a0a89e70117b6de83af2bf946c86a0e09
benchmark,logs/benchmark/br-address-low-noise-feedback-final-20261003,logs/benchmark/br-address-low-noise-feedback-final-20261003/replays/6b5f20f5452243faa1171eb7f247f1c5/episode-00000015-slot-3.json,200,f0843c4bba23405dba135a72fe5ea8f41887e75c0d4c9296668b3677779fe786
benchmark,logs/benchmark/br-address-low-noise-feedback-final-20261003,logs/benchmark/br-address-low-noise-feedback-final-20261003/replays/6b5f20f5452243faa1171eb7f247f1c5/episode-00000016-slot-4.json,200,4983ed5446c52de812ee917f0e6e4610272541fbe4a98e9a30d843230ff1f586
benchmark,logs/benchmark/br-address-low-noise-feedback-final-20261003,logs/benchmark/br-address-low-noise-feedback-final-20261003/result.json,288645,e2470ba8652facf9efcd0c7904e35bf7ece65750cf1cf498c3d3842b304521c6
benchmark,logs/benchmark/br-address-low-noise-feedback-half-20261003,logs/benchmark/br-address-low-noise-feedback-half-20261003/config.yaml,13883,debc1a5ef91a73cf3539dc6b2d4108a4945e071cc44b43216b7a53dee41620b2
benchmark,logs/benchmark/br-address-low-noise-feedback-half-20261003,logs/benchmark/br-address-low-noise-feedback-half-20261003/plan.json,12796,be8dd0d32e1afaa5bc558f1e00885bb8fa1ebeb666b3874067dbb2fbbbaf5c97
benchmark,logs/benchmark/br-address-low-noise-feedback-half-20261003,logs/benchmark/br-address-low-noise-feedback-half-20261003/progress.json,212989,0b6ceb17fb9478bb5c39b291981f2d9dac0a4312538e3c96d041268ed97f5771
benchmark,logs/benchmark/br-address-low-noise-feedback-half-20261003,logs/benchmark/br-address-low-noise-feedback-half-20261003/replays/6732499bdee543b996425bbc9984c747/episode-00000001-slot-5.json,200,41ec23cab17d1b37c0e203a527a2a820653d6eecae0bc05f953f4df7b378a6fd
benchmark,logs/benchmark/br-address-low-noise-feedback-half-20261003,logs/benchmark/br-address-low-noise-feedback-half-20261003/replays/6732499bdee543b996425bbc9984c747/episode-00000002-slot-3.json,200,aea8207984f666869cfde1e3d79c60a5b8840f184ba3cd0f4f8f7a722928c899
benchmark,logs/benchmark/br-address-low-noise-feedback-half-20261003,logs/benchmark/br-address-low-noise-feedback-half-20261003/replays/6732499bdee543b996425bbc9984c747/episode-00000003-slot-1.json,199,cbda733eb263d000ca878beb845a6fcd329ce45f7f5502497e063a81657da074
benchmark,logs/benchmark/br-address-low-noise-feedback-half-20261003,logs/benchmark/br-address-low-noise-feedback-half-20261003/replays/6732499bdee543b996425bbc9984c747/episode-00000004-slot-2.json,199,30392cd86046072c72a3db29649f42d16c77739474f2c6e66aee821af76ac3b4
benchmark,logs/benchmark/br-address-low-noise-feedback-half-20261003,logs/benchmark/br-address-low-noise-feedback-half-20261003/replays/6732499bdee543b996425bbc9984c747/episode-00000005-slot-4.json,200,2008d05675876ec6d36e2fc86d5bdbcd8987f9089b3c8f714e35dab718e95eeb
benchmark,logs/benchmark/br-address-low-noise-feedback-half-20261003,logs/benchmark/br-address-low-noise-feedback-half-20261003/replays/6732499bdee543b996425bbc9984c747/episode-00000006-slot-0.json,199,b1eccf431c9f22fe7c52ac2ea9969c5e8ef05b8c69750cc7aa58611ebd015c73
benchmark,logs/benchmark/br-address-low-noise-feedback-half-20261003,logs/benchmark/br-address-low-noise-feedback-half-20261003/replays/6732499bdee543b996425bbc9984c747/episode-00000007-slot-6.json,204,7ca0749bfc01b28e8cc1c773c9f60d7d2d10cf3eddbb3609980668727444e5bf
benchmark,logs/benchmark/br-address-low-noise-feedback-half-20261003,logs/benchmark/br-address-low-noise-feedback-half-20261003/replays/6732499bdee543b996425bbc9984c747/episode-00000008-slot-7.json,204,7051debd39a072051df10c3b1a90e55d9d4f1e7665f3f0227ae7a5e9fafda8d6
benchmark,logs/benchmark/br-address-low-noise-feedback-half-20261003,logs/benchmark/br-address-low-noise-feedback-half-20261003/replays/6732499bdee543b996425bbc9984c747/episode-00000009-slot-4.json,200,f1bfd2c5e31c05d7c1cab6941fdb53c61c407667a6251cec7819a9627cdbdc9c
benchmark,logs/benchmark/br-address-low-noise-feedback-half-20261003,logs/benchmark/br-address-low-noise-feedback-half-20261003/replays/6732499bdee543b996425bbc9984c747/episode-00000010-slot-7.json,200,b099e47cfcd02a3fcbf1f1bf850b3c16496ee6254e4da90ed16d85ca88afd0e1
benchmark,logs/benchmark/br-address-low-noise-feedback-half-20261003,logs/benchmark/br-address-low-noise-feedback-half-20261003/replays/6732499bdee543b996425bbc9984c747/episode-00000011-slot-5.json,200,5c4e2f57ec890fe40467c94492f22a3826515bfff4a1adcc28df48536c2a3ee1
benchmark,logs/benchmark/br-address-low-noise-feedback-half-20261003,logs/benchmark/br-address-low-noise-feedback-half-20261003/replays/6732499bdee543b996425bbc9984c747/episode-00000012-slot-3.json,200,055616aadeff38a03cddb250eaf1751905b1170adcbf6acc5148d16e6840397b
benchmark,logs/benchmark/br-address-low-noise-feedback-half-20261003,logs/benchmark/br-address-low-noise-feedback-half-20261003/replays/6732499bdee543b996425bbc9984c747/episode-00000013-slot-0.json,199,a2cc3ae790cac80781b349cbd5c949d5e40f1fec234c38362cf30a3346760abd
benchmark,logs/benchmark/br-address-low-noise-feedback-half-20261003,logs/benchmark/br-address-low-noise-feedback-half-20261003/replays/6732499bdee543b996425bbc9984c747/episode-00000014-slot-6.json,200,e9fdded8aa2c8ccd24f7d360a4707740ece438c7c48b02df72a0edfa6c107175
benchmark,logs/benchmark/br-address-low-noise-feedback-half-20261003,logs/benchmark/br-address-low-noise-feedback-half-20261003/replays/6732499bdee543b996425bbc9984c747/episode-00000015-slot-1.json,199,c6d66b83aa5374765b40530f39b8dc0df3907986ce530dc20887012b49b08ee1
benchmark,logs/benchmark/br-address-low-noise-feedback-half-20261003,logs/benchmark/br-address-low-noise-feedback-half-20261003/replays/6732499bdee543b996425bbc9984c747/episode-00000016-slot-2.json,203,27e588a271479f40d7a0f399b5c766624382dad3d886afc40234b054d7792928
benchmark,logs/benchmark/br-address-low-noise-feedback-half-20261003,logs/benchmark/br-address-low-noise-feedback-half-20261003/result.json,265864,c61d54fbed94389d1d189ff65eb9a253537f97fa5c9a453ce34dc1784501e206
benchmark,logs/benchmark/br-address-low-noise-feedback-quarter-20261003,logs/benchmark/br-address-low-noise-feedback-quarter-20261003/config.yaml,13886,ee42b26061afe2a69bfd229f1e33b13880c87d62c684025e67766d6a3d867da8
benchmark,logs/benchmark/br-address-low-noise-feedback-quarter-20261003,logs/benchmark/br-address-low-noise-feedback-quarter-20261003/plan.json,12796,10b3f139dc0503f87c51a5a768a6b7a38b0ebcc458f80fa7a6c517a217d70212
benchmark,logs/benchmark/br-address-low-noise-feedback-quarter-20261003,logs/benchmark/br-address-low-noise-feedback-quarter-20261003/progress.json,254145,2aa5e01690216ca65397e03d0ffaccf4a7be97e2a2dc63c215c71e7796586093
benchmark,logs/benchmark/br-address-low-noise-feedback-quarter-20261003,logs/benchmark/br-address-low-noise-feedback-quarter-20261003/replays/c0aa023ccb2b4383a25e41dec916e49e/episode-00000001-slot-3.json,200,189ffd901be8493a9583814e2e193711d3509a87e8d2110e55080c86869332fa
benchmark,logs/benchmark/br-address-low-noise-feedback-quarter-20261003,logs/benchmark/br-address-low-noise-feedback-quarter-20261003/replays/c0aa023ccb2b4383a25e41dec916e49e/episode-00000002-slot-7.json,200,07fc4e7129bd35af2fde95d2f8956cd34ea7b0a69a5a982f7ba7939acbd44870
benchmark,logs/benchmark/br-address-low-noise-feedback-quarter-20261003,logs/benchmark/br-address-low-noise-feedback-quarter-20261003/replays/c0aa023ccb2b4383a25e41dec916e49e/episode-00000003-slot-2.json,199,a1dd95ad0190df090fb1bc05a5fafa7db0bde332abd2db83fd4db73e1a9c22da
benchmark,logs/benchmark/br-address-low-noise-feedback-quarter-20261003,logs/benchmark/br-address-low-noise-feedback-quarter-20261003/replays/c0aa023ccb2b4383a25e41dec916e49e/episode-00000004-slot-1.json,199,16444b0d90dedeaebfdebe2efe894e5c45f53ee32fdcaafa576e6593f539ca94
benchmark,logs/benchmark/br-address-low-noise-feedback-quarter-20261003,logs/benchmark/br-address-low-noise-feedback-quarter-20261003/replays/c0aa023ccb2b4383a25e41dec916e49e/episode-00000005-slot-0.json,203,4f546db33eccf3ddfe61c2cc5b78a9ae960d09842207ba7e659adc34251f79b8
benchmark,logs/benchmark/br-address-low-noise-feedback-quarter-20261003,logs/benchmark/br-address-low-noise-feedback-quarter-20261003/replays/c0aa023ccb2b4383a25e41dec916e49e/episode-00000006-slot-4.json,204,5ffd28a49d0ef3d50c5960e8ec906e70cc603fce16b1ecf884e7424e7a7f3878
benchmark,logs/benchmark/br-address-low-noise-feedback-quarter-20261003,logs/benchmark/br-address-low-noise-feedback-quarter-20261003/replays/c0aa023ccb2b4383a25e41dec916e49e/episode-00000007-slot-5.json,204,96c80934ff59e474fabf0b54d40f3eb097f6ea13b5a30361565583ab6e601c7a
benchmark,logs/benchmark/br-address-low-noise-feedback-quarter-20261003,logs/benchmark/br-address-low-noise-feedback-quarter-20261003/replays/c0aa023ccb2b4383a25e41dec916e49e/episode-00000008-slot-6.json,204,88c686e4bd3caef80e2d42e6285a55abfd1d905d64a3e3b3f7eeccf7685f48e8
benchmark,logs/benchmark/br-address-low-noise-feedback-quarter-20261003,logs/benchmark/br-address-low-noise-feedback-quarter-20261003/replays/c0aa023ccb2b4383a25e41dec916e49e/episode-00000009-slot-5.json,200,38d557fa6819b367cfef8e77ca336bd974107549767843256061b3efe0bf8df4
benchmark,logs/benchmark/br-address-low-noise-feedback-quarter-20261003,logs/benchmark/br-address-low-noise-feedback-quarter-20261003/replays/c0aa023ccb2b4383a25e41dec916e49e/episode-00000010-slot-7.json,200,5316fed577c5030a4c3cdb6798f3d67b83758c51f095b104dff3934d5aab6e59
benchmark,logs/benchmark/br-address-low-noise-feedback-quarter-20261003,logs/benchmark/br-address-low-noise-feedback-quarter-20261003/replays/c0aa023ccb2b4383a25e41dec916e49e/episode-00000011-slot-1.json,199,8c36ee910ba4bc41d9a57b377923102435088108171cd8346dd7d4d11dea5c56
benchmark,logs/benchmark/br-address-low-noise-feedback-quarter-20261003,logs/benchmark/br-address-low-noise-feedback-quarter-20261003/replays/c0aa023ccb2b4383a25e41dec916e49e/episode-00000012-slot-6.json,200,e30c0d145a61d5ec1f89c16eba1272cd2d899b89f209b5e609e3dbd8b87dfc87
benchmark,logs/benchmark/br-address-low-noise-feedback-quarter-20261003,logs/benchmark/br-address-low-noise-feedback-quarter-20261003/replays/c0aa023ccb2b4383a25e41dec916e49e/episode-00000013-slot-0.json,199,66829ac8e0855dec1e1c52a2b4ded6c719518a7958aa69a26ac2da49b26fc900
benchmark,logs/benchmark/br-address-low-noise-feedback-quarter-20261003,logs/benchmark/br-address-low-noise-feedback-quarter-20261003/replays/c0aa023ccb2b4383a25e41dec916e49e/episode-00000014-slot-2.json,203,f815523dc672f70f733fbdfb8ec0afa66a631a93e0f44d98ba5797052c8e7000
benchmark,logs/benchmark/br-address-low-noise-feedback-quarter-20261003,logs/benchmark/br-address-low-noise-feedback-quarter-20261003/replays/c0aa023ccb2b4383a25e41dec916e49e/episode-00000015-slot-3.json,204,7edaa5d4c55dad81c03daa6dce4dda3bc5dc72a2a301e84924dddfc1bf250a4a
benchmark,logs/benchmark/br-address-low-noise-feedback-quarter-20261003,logs/benchmark/br-address-low-noise-feedback-quarter-20261003/replays/c0aa023ccb2b4383a25e41dec916e49e/episode-00000016-slot-4.json,204,a9cca3614dc49ecb70a68e3a60cf6d9f24d4f22e45661763a26602536dde5586
benchmark,logs/benchmark/br-address-low-noise-feedback-quarter-20261003,logs/benchmark/br-address-low-noise-feedback-quarter-20261003/result.json,309989,ad2d3f5d647d07f9d24c205e9a06c547a05699d82a95b1291993f49cd6aafad5
benchmark,logs/benchmark/br-address-low-noise-feedback-three_quarter-20261003,logs/benchmark/br-address-low-noise-feedback-three_quarter-20261003/config.yaml,13892,c0fef58da7614653f01d8c9376950e205829c4ab772e4d3a10ec95f5a174cfbb
benchmark,logs/benchmark/br-address-low-noise-feedback-three_quarter-20261003,logs/benchmark/br-address-low-noise-feedback-three_quarter-20261003/plan.json,12796,7c929e98192192a35438e71560405f705dca17348d07d5cf5e8f1ba0c556490c
benchmark,logs/benchmark/br-address-low-noise-feedback-three_quarter-20261003,logs/benchmark/br-address-low-noise-feedback-three_quarter-20261003/progress.json,287590,8418db211a917f34da4557ade7d48c09bb499e3c34905ed3a94c0c74db3596c3
benchmark,logs/benchmark/br-address-low-noise-feedback-three_quarter-20261003,logs/benchmark/br-address-low-noise-feedback-three_quarter-20261003/replays/b49a444157eb458cb6010f539d9ff0c3/episode-00000001-slot-3.json,200,541cf6d219704b2577876ac597eec13ab1a11dde5554dc8fe58f2f2050fd2fd8
benchmark,logs/benchmark/br-address-low-noise-feedback-three_quarter-20261003,logs/benchmark/br-address-low-noise-feedback-three_quarter-20261003/replays/b49a444157eb458cb6010f539d9ff0c3/episode-00000002-slot-0.json,199,d4fa4e20691a1185a635210687fbbef730ccf716c67c91b80e671f719933c370
benchmark,logs/benchmark/br-address-low-noise-feedback-three_quarter-20261003,logs/benchmark/br-address-low-noise-feedback-three_quarter-20261003/replays/b49a444157eb458cb6010f539d9ff0c3/episode-00000003-slot-7.json,200,e1c1d6069a0a7f606fe301bc9b1fcffd9e213e8a0910d041ea39853ee3f885aa
benchmark,logs/benchmark/br-address-low-noise-feedback-three_quarter-20261003,logs/benchmark/br-address-low-noise-feedback-three_quarter-20261003/replays/b49a444157eb458cb6010f539d9ff0c3/episode-00000004-slot-1.json,199,d79cd30768c85f01d90129841e9e37a9084479ea045d44580c9cd91fb5583d84
benchmark,logs/benchmark/br-address-low-noise-feedback-three_quarter-20261003,logs/benchmark/br-address-low-noise-feedback-three_quarter-20261003/replays/b49a444157eb458cb6010f539d9ff0c3/episode-00000005-slot-4.json,200,9b8eab61a7b9e185d57dffb605ab2e11135028c0713da532e7a5406e68235227
benchmark,logs/benchmark/br-address-low-noise-feedback-three_quarter-20261003,logs/benchmark/br-address-low-noise-feedback-three_quarter-20261003/replays/b49a444157eb458cb6010f539d9ff0c3/episode-00000006-slot-2.json,203,bc6de166a612bf305a1f8dd95c696cc641d95adfd6652e97014abe2730bdb24c
benchmark,logs/benchmark/br-address-low-noise-feedback-three_quarter-20261003,logs/benchmark/br-address-low-noise-feedback-three_quarter-20261003/replays/b49a444157eb458cb6010f539d9ff0c3/episode-00000007-slot-5.json,204,2fc503543d06cd110eefaa44fc002d5d618f05fab5497d93d76a5e1d0eb813ed
benchmark,logs/benchmark/br-address-low-noise-feedback-three_quarter-20261003,logs/benchmark/br-address-low-noise-feedback-three_quarter-20261003/replays/b49a444157eb458cb6010f539d9ff0c3/episode-00000008-slot-6.json,204,d2698190779e5a7964afde04b7bd5ed805201d3cdaf90e6ca9c679d895716d00
benchmark,logs/benchmark/br-address-low-noise-feedback-three_quarter-20261003,logs/benchmark/br-address-low-noise-feedback-three_quarter-20261003/replays/b49a444157eb458cb6010f539d9ff0c3/episode-00000009-slot-7.json,200,0655cc41e66a22fac63cb97d232dbfe3de820e834f7459b8769eea17aed0d1a5
benchmark,logs/benchmark/br-address-low-noise-feedback-three_quarter-20261003,logs/benchmark/br-address-low-noise-feedback-three_quarter-20261003/replays/b49a444157eb458cb6010f539d9ff0c3/episode-00000010-slot-4.json,200,b91585a63e760de5681ebcbd3e2d66ce5000aaed7ed101d79129047dec237691
benchmark,logs/benchmark/br-address-low-noise-feedback-three_quarter-20261003,logs/benchmark/br-address-low-noise-feedback-three_quarter-20261003/replays/b49a444157eb458cb6010f539d9ff0c3/episode-00000011-slot-5.json,200,5731db993fa97e93d96296b496eb261e847f0cbd962ccad5d5abb5fef5922cbd
benchmark,logs/benchmark/br-address-low-noise-feedback-three_quarter-20261003,logs/benchmark/br-address-low-noise-feedback-three_quarter-20261003/replays/b49a444157eb458cb6010f539d9ff0c3/episode-00000012-slot-6.json,200,574a8953179aa40de31bc084ddbddfebd7fdc2b5139981acce320c7dd7aa9dfd
benchmark,logs/benchmark/br-address-low-noise-feedback-three_quarter-20261003,logs/benchmark/br-address-low-noise-feedback-three_quarter-20261003/replays/b49a444157eb458cb6010f539d9ff0c3/episode-00000013-slot-3.json,200,8aaf1ad47163f5f070b369d1a8e3fddc116167fda6b1ec462463bc1fb22481bf
benchmark,logs/benchmark/br-address-low-noise-feedback-three_quarter-20261003,logs/benchmark/br-address-low-noise-feedback-three_quarter-20261003/replays/b49a444157eb458cb6010f539d9ff0c3/episode-00000014-slot-0.json,199,c8f8e9435d317dfbe0797374d8bee43413fe5241146a10ca6364d2dcf6a51bc5
benchmark,logs/benchmark/br-address-low-noise-feedback-three_quarter-20261003,logs/benchmark/br-address-low-noise-feedback-three_quarter-20261003/replays/b49a444157eb458cb6010f539d9ff0c3/episode-00000015-slot-1.json,199,5907702be105bbe89a293e5b1f5145a9ca73f53dc4d0514e509e9a1468836462
benchmark,logs/benchmark/br-address-low-noise-feedback-three_quarter-20261003,logs/benchmark/br-address-low-noise-feedback-three_quarter-20261003/replays/b49a444157eb458cb6010f539d9ff0c3/episode-00000016-slot-2.json,203,3a348401b6436b8ebf4a0540753a1771a2a32a055ccc3fa67700d1627f125872
benchmark,logs/benchmark/br-address-low-noise-feedback-three_quarter-20261003,logs/benchmark/br-address-low-noise-feedback-three_quarter-20261003/result.json,346790,c38614bbfff59b67377a57e774c0f8f945357ab6f1a43171ab088fc2eda2aaba
benchmark,logs/benchmark/br-address-narrow-clip-20261002,logs/benchmark/br-address-narrow-clip-20261002/config.yaml,13602,66f4303574f43df79ec4e920ae9a45a35178384ac40cff4cc382dba879bf52cc
benchmark,logs/benchmark/br-address-narrow-clip-20261002,logs/benchmark/br-address-narrow-clip-20261002/plan.json,3198,72ddb553293ee8d20b2d65bb043fa93c636f2cf1577a361ddafb2fc8b7273135
benchmark,logs/benchmark/br-address-narrow-clip-20261002,logs/benchmark/br-address-narrow-clip-20261002/progress.json,26934,2fa2ecb089f58eb745248bfe8f4b9ba7602fb79c8a3cbb50f0bdd21c26a0d03c
benchmark,logs/benchmark/br-address-narrow-clip-20261002,logs/benchmark/br-address-narrow-clip-20261002/replays/27fa9e11b80748e09dd0f0c3c936c7a0/episode-00000001-slot-0.json,199,ded48373c229288c182fcf0aa70b3cc47945f698c83404bd8fd8da21d771c9d1
benchmark,logs/benchmark/br-address-narrow-clip-20261002,logs/benchmark/br-address-narrow-clip-20261002/replays/27fa9e11b80748e09dd0f0c3c936c7a0/episode-00000002-slot-3.json,200,b8dabbbeaffc9f8f64abb90ee21ae2f2b8668293ec7a3ff80bf570691d99d15d
benchmark,logs/benchmark/br-address-narrow-clip-20261002,logs/benchmark/br-address-narrow-clip-20261002/replays/27fa9e11b80748e09dd0f0c3c936c7a0/episode-00000003-slot-1.json,200,d91c2f30630b64fe8ca0d9d117f24dae65d8969e5ccc9c1db2640508c4f6489f
benchmark,logs/benchmark/br-address-narrow-clip-20261002,logs/benchmark/br-address-narrow-clip-20261002/replays/27fa9e11b80748e09dd0f0c3c936c7a0/episode-00000004-slot-2.json,199,5c4f0a0642fd43f11640378f59c02a5d888b1f091c887b047d4172b4d7afba38
benchmark,logs/benchmark/br-address-narrow-clip-20261002,logs/benchmark/br-address-narrow-clip-20261002/result.json,57118,c93b63f892aa49b8251a0005fcdc9d12e570aa08f135951bf7dc82536c4e7214
benchmark,logs/benchmark/br-address-noisy-bc-20261003,logs/benchmark/br-address-noisy-bc-20261003/config.yaml,17080,e278c1731ddd651bde8a55c4bc3fbfba4eaf0f859d95d01beeff4d96091ccfad
benchmark,logs/benchmark/br-address-noisy-bc-20261003,logs/benchmark/br-address-noisy-bc-20261003/plan.json,12796,55cd2062267937cb873749b43772a318b8c9c97aea3d5d50a4b930ceb2c8d195
benchmark,logs/benchmark/br-address-noisy-bc-20261003,logs/benchmark/br-address-noisy-bc-20261003/progress.json,170277,2e560d38bfcaf669a4b7d35e675247b4693e12b8a81de338cbf3924c198e4dbf
benchmark,logs/benchmark/br-address-noisy-bc-20261003,logs/benchmark/br-address-noisy-bc-20261003/replays/7b58b0bef93d4963899db09e94da368c/episode-00000001-slot-5.json,200,0493334feccdeb1917cf68f24428e16869799a89c539eecf9b355efcfde8bdf8
benchmark,logs/benchmark/br-address-noisy-bc-20261003,logs/benchmark/br-address-noisy-bc-20261003/replays/7b58b0bef93d4963899db09e94da368c/episode-00000002-slot-0.json,199,79640226becde3b16b917000d4c7a03ce78e9c1aae33d4bd3b314529e8dc33d3
benchmark,logs/benchmark/br-address-noisy-bc-20261003,logs/benchmark/br-address-noisy-bc-20261003/replays/7b58b0bef93d4963899db09e94da368c/episode-00000003-slot-2.json,199,4ac09a19435f5d3aadcdd53564746b1811d6d4974769c354da92ece442f82ba9
benchmark,logs/benchmark/br-address-noisy-bc-20261003,logs/benchmark/br-address-noisy-bc-20261003/replays/7b58b0bef93d4963899db09e94da368c/episode-00000004-slot-6.json,200,7d4b8309a0c68b63e57103e5f4df91fe431931bc6b048c433ddd522930f6bb9a
benchmark,logs/benchmark/br-address-noisy-bc-20261003,logs/benchmark/br-address-noisy-bc-20261003/replays/7b58b0bef93d4963899db09e94da368c/episode-00000005-slot-7.json,200,f65346ac9789f19aa6a871ec87a77b880f79d59ef04d34a0818822359d0a6c23
benchmark,logs/benchmark/br-address-noisy-bc-20261003,logs/benchmark/br-address-noisy-bc-20261003/replays/7b58b0bef93d4963899db09e94da368c/episode-00000006-slot-3.json,200,966f35c11c8e11f133b0738c13917858fd83ee1070925713ae0bd46276220fc7
benchmark,logs/benchmark/br-address-noisy-bc-20261003,logs/benchmark/br-address-noisy-bc-20261003/replays/7b58b0bef93d4963899db09e94da368c/episode-00000007-slot-4.json,200,9a3163e43826504b16d66c6cc22d8484948aef3b219ac30067e281472d3e7c7b
benchmark,logs/benchmark/br-address-noisy-bc-20261003,logs/benchmark/br-address-noisy-bc-20261003/replays/7b58b0bef93d4963899db09e94da368c/episode-00000008-slot-1.json,199,116217da7fa3de06db988105470e13a20c997f9190174e943a8a647ade0ce1b1
benchmark,logs/benchmark/br-address-noisy-bc-20261003,logs/benchmark/br-address-noisy-bc-20261003/replays/7b58b0bef93d4963899db09e94da368c/episode-00000009-slot-5.json,200,3c8332b77c3d1b768b1bc877f3b2639c86a0a61db6dcd9952f4583dfdfa9522b
benchmark,logs/benchmark/br-address-noisy-bc-20261003,logs/benchmark/br-address-noisy-bc-20261003/replays/7b58b0bef93d4963899db09e94da368c/episode-00000010-slot-4.json,200,47fe0e5d3406487d467dc6765b3bfeebcf97791d9e3f4fd1d7fc202d468a4992
benchmark,logs/benchmark/br-address-noisy-bc-20261003,logs/benchmark/br-address-noisy-bc-20261003/replays/7b58b0bef93d4963899db09e94da368c/episode-00000011-slot-2.json,199,f30821a848fd51a2851d22812f13e078d42425e63775344fa18c6bcc60e54586
benchmark,logs/benchmark/br-address-noisy-bc-20261003,logs/benchmark/br-address-noisy-bc-20261003/replays/7b58b0bef93d4963899db09e94da368c/episode-00000012-slot-6.json,200,ff78dd176b5bc1fe2a153f14ecc50000c4580a9c95b8ff28aadefa428b466e15
benchmark,logs/benchmark/br-address-noisy-bc-20261003,logs/benchmark/br-address-noisy-bc-20261003/replays/7b58b0bef93d4963899db09e94da368c/episode-00000013-slot-1.json,199,20dd0821200ea192e6baade4f8478a2d7cd4e6c78e848e744f172eccf3d5f47e
benchmark,logs/benchmark/br-address-noisy-bc-20261003,logs/benchmark/br-address-noisy-bc-20261003/replays/7b58b0bef93d4963899db09e94da368c/episode-00000014-slot-3.json,200,4349c7a432dddfbad1df103a1e69c92ced4067a4796f31c5c8875064919e116c
benchmark,logs/benchmark/br-address-noisy-bc-20261003,logs/benchmark/br-address-noisy-bc-20261003/replays/7b58b0bef93d4963899db09e94da368c/episode-00000015-slot-0.json,199,954a52289d0ce0cd05531129cd3e05a7eb51818ff54dca1a3adc4e4ebdddb2fd
benchmark,logs/benchmark/br-address-noisy-bc-20261003,logs/benchmark/br-address-noisy-bc-20261003/replays/7b58b0bef93d4963899db09e94da368c/episode-00000016-slot-7.json,200,73e3520b1c6518eb89fc35ba2501227812e24c3ee76eb5de25bd91cad12eb3aa
benchmark,logs/benchmark/br-address-noisy-bc-20261003,logs/benchmark/br-address-noisy-bc-20261003/result.json,220101,966fd39829e69a7b204492d7a976e11f1822fbd2b765b4f558401b9bf9a0485a
benchmark,logs/benchmark/br-address-online-teacher-20261002,logs/benchmark/br-address-online-teacher-20261002/config.yaml,16218,c30f48bab63842617e6132e3422b2b3129b000442af756662f69b622f71b7177
benchmark,logs/benchmark/br-address-online-teacher-20261002,logs/benchmark/br-address-online-teacher-20261002/plan.json,12796,830bbf418604b630b5ef1acdc9290eddc6bf963d5c61660537b1c72552ea6c8f
benchmark,logs/benchmark/br-address-online-teacher-20261002,logs/benchmark/br-address-online-teacher-20261002/progress.json,94451,574ebc2e6cfc278e9cba05612369faf26cef03990de97af283cc2914eb082043
benchmark,logs/benchmark/br-address-online-teacher-20261002,logs/benchmark/br-address-online-teacher-20261002/replays/0b5f5ff5e1564b039cdd75285d17a01c/episode-00000001-slot-1.json,199,13677350d0ae518bdc8f82c8af1943ebfdb1e5e72167523f29f49814ad060865
benchmark,logs/benchmark/br-address-online-teacher-20261002,logs/benchmark/br-address-online-teacher-20261002/replays/0b5f5ff5e1564b039cdd75285d17a01c/episode-00000002-slot-5.json,200,e12854836e83957ba44aab547418aaed4e5ad1e599be84e85e3a33ded8889e22
benchmark,logs/benchmark/br-address-online-teacher-20261002,logs/benchmark/br-address-online-teacher-20261002/replays/0b5f5ff5e1564b039cdd75285d17a01c/episode-00000003-slot-7.json,200,f3c6c2ebf4fd989c5b8903038d85a4c7603f413dc9537192142e23fad812776c
benchmark,logs/benchmark/br-address-online-teacher-20261002,logs/benchmark/br-address-online-teacher-20261002/replays/0b5f5ff5e1564b039cdd75285d17a01c/episode-00000004-slot-6.json,200,f8f9d4dce9ef1bd797383e42f2a5899141389b7bf9b543dd1233602649593fa6
benchmark,logs/benchmark/br-address-online-teacher-20261002,logs/benchmark/br-address-online-teacher-20261002/replays/0b5f5ff5e1564b039cdd75285d17a01c/episode-00000005-slot-3.json,200,da4410183c3e8e274b82988ba48cdea56d20d0a47eab0313f42342e2e2bed75f
benchmark,logs/benchmark/br-address-online-teacher-20261002,logs/benchmark/br-address-online-teacher-20261002/replays/0b5f5ff5e1564b039cdd75285d17a01c/episode-00000006-slot-4.json,200,b7b1a27782fe0b991a997f9c899ad09703534088c5496a1fc664d55b87b6731a
benchmark,logs/benchmark/br-address-online-teacher-20261002,logs/benchmark/br-address-online-teacher-20261002/replays/0b5f5ff5e1564b039cdd75285d17a01c/episode-00000007-slot-2.json,199,084dfe02d956e16c33191e79424c7842df1959db2a8bc1703edf8365856d75fa
benchmark,logs/benchmark/br-address-online-teacher-20261002,logs/benchmark/br-address-online-teacher-20261002/replays/0b5f5ff5e1564b039cdd75285d17a01c/episode-00000008-slot-0.json,199,ab6185cc86de4fb7986024d1ca2d9ebd8651023cb07f0d044cd36c021ab29b3a
benchmark,logs/benchmark/br-address-online-teacher-20261002,logs/benchmark/br-address-online-teacher-20261002/replays/0b5f5ff5e1564b039cdd75285d17a01c/episode-00000009-slot-3.json,200,d397ebad8ef3c29028c359fd696e1bc58b7cc176cfc18442ef99f2540f89bb15
benchmark,logs/benchmark/br-address-online-teacher-20261002,logs/benchmark/br-address-online-teacher-20261002/replays/0b5f5ff5e1564b039cdd75285d17a01c/episode-00000010-slot-4.json,200,01f2fdab553d4a8f0537071a59765b752dbcf95809b04a47531578b8ccd25e4b
benchmark,logs/benchmark/br-address-online-teacher-20261002,logs/benchmark/br-address-online-teacher-20261002/replays/0b5f5ff5e1564b039cdd75285d17a01c/episode-00000011-slot-2.json,199,36003b81e557b96891f97c2dcd4f4e5bc6d5cd9de3d20a1ed73ac2ffd2036641
benchmark,logs/benchmark/br-address-online-teacher-20261002,logs/benchmark/br-address-online-teacher-20261002/replays/0b5f5ff5e1564b039cdd75285d17a01c/episode-00000012-slot-6.json,200,762b599da429f8a9806af2c0edc85cdc1537ff1c074b10fe3944765d058fc693
benchmark,logs/benchmark/br-address-online-teacher-20261002,logs/benchmark/br-address-online-teacher-20261002/replays/0b5f5ff5e1564b039cdd75285d17a01c/episode-00000013-slot-5.json,200,87de2a15da48799f6b4b4ca81bfbec989109a08d446d35b91c5bc7c8a84cc9e7
benchmark,logs/benchmark/br-address-online-teacher-20261002,logs/benchmark/br-address-online-teacher-20261002/replays/0b5f5ff5e1564b039cdd75285d17a01c/episode-00000014-slot-0.json,199,53258a6d15711cdb9b530e7f391d43b1a12ce03d182455488a155262ad2afb90
benchmark,logs/benchmark/br-address-online-teacher-20261002,logs/benchmark/br-address-online-teacher-20261002/replays/0b5f5ff5e1564b039cdd75285d17a01c/episode-00000015-slot-1.json,199,58c3678fde3dfe39831fa1f529f45bd7321081d936fc4bcbf01253e6465aa212
benchmark,logs/benchmark/br-address-online-teacher-20261002,logs/benchmark/br-address-online-teacher-20261002/replays/0b5f5ff5e1564b039cdd75285d17a01c/episode-00000016-slot-7.json,200,820062b1c264fb208c3b2fec8fbdfa290af1ef97bd15cd771ef744c5c6d08999
benchmark,logs/benchmark/br-address-online-teacher-20261002,logs/benchmark/br-address-online-teacher-20261002/result.json,131958,ef189dc4efe58559c0697bac7736e2fa867a1d98036b8df4885175228e01dcc8
benchmark,logs/benchmark/br-address-online-teacher-strong-20261003,logs/benchmark/br-address-online-teacher-strong-20261003/config.yaml,16252,6a188cb8d7e6afa59acdd9b1af445b4b1c506a97ff72b42fe5fb80bbf5d6d9a8
benchmark,logs/benchmark/br-address-online-teacher-strong-20261003,logs/benchmark/br-address-online-teacher-strong-20261003/plan.json,12796,ae89388df949b58d4ce4ee5588d5cfca7239423ed9c0fd002970b492567eb5d5
benchmark,logs/benchmark/br-address-online-teacher-strong-20261003,logs/benchmark/br-address-online-teacher-strong-20261003/progress.json,101015,3fc8e447a5493663a9ba13bb645d2edfcec7336ee3149973caaf30d50aed5ce6
benchmark,logs/benchmark/br-address-online-teacher-strong-20261003,logs/benchmark/br-address-online-teacher-strong-20261003/replays/07a97efb1e23442d82f33b13830c0da3/episode-00000001-slot-1.json,199,7fd7583da4244b6d005d44cda6fda14def8390a3a462df58511ef7e0492efa4d
benchmark,logs/benchmark/br-address-online-teacher-strong-20261003,logs/benchmark/br-address-online-teacher-strong-20261003/replays/07a97efb1e23442d82f33b13830c0da3/episode-00000002-slot-2.json,199,69078cb454e3dbc4dc7968b1236da84e55841637dd3eb75d0d46ce5572eaf641
benchmark,logs/benchmark/br-address-online-teacher-strong-20261003,logs/benchmark/br-address-online-teacher-strong-20261003/replays/07a97efb1e23442d82f33b13830c0da3/episode-00000003-slot-4.json,200,2bf85839e10d313b7fa7187d04319c9f2c906d6eff3c42fc1e94a860525b8cc0
benchmark,logs/benchmark/br-address-online-teacher-strong-20261003,logs/benchmark/br-address-online-teacher-strong-20261003/replays/07a97efb1e23442d82f33b13830c0da3/episode-00000004-slot-0.json,199,f52328735ae2e6c1be51a43d5ff133f478b609ad4298ae316adb23347cf00b1b
benchmark,logs/benchmark/br-address-online-teacher-strong-20261003,logs/benchmark/br-address-online-teacher-strong-20261003/replays/07a97efb1e23442d82f33b13830c0da3/episode-00000005-slot-7.json,200,f7753e1d646bdbea0b512753bc1de31185a015375847e95d54e81ccfb26064de
benchmark,logs/benchmark/br-address-online-teacher-strong-20261003,logs/benchmark/br-address-online-teacher-strong-20261003/replays/07a97efb1e23442d82f33b13830c0da3/episode-00000006-slot-3.json,200,86c6f470124dc4c068a06829196daaf2c94ebbfe4d3e73a1c74e0a23425f036e
benchmark,logs/benchmark/br-address-online-teacher-strong-20261003,logs/benchmark/br-address-online-teacher-strong-20261003/replays/07a97efb1e23442d82f33b13830c0da3/episode-00000007-slot-6.json,200,8102e41e765a786e85ad5458e137278bdd78d6fdfb4ec092a2ab2a1e2d2a019b
benchmark,logs/benchmark/br-address-online-teacher-strong-20261003,logs/benchmark/br-address-online-teacher-strong-20261003/replays/07a97efb1e23442d82f33b13830c0da3/episode-00000008-slot-5.json,200,5bd2802b798b9a71f3cb5eba0534da71e9e31c11517640f6b85339e2afcf5423
benchmark,logs/benchmark/br-address-online-teacher-strong-20261003,logs/benchmark/br-address-online-teacher-strong-20261003/replays/07a97efb1e23442d82f33b13830c0da3/episode-00000009-slot-6.json,200,709802e65ca6a936398c53334bed05aab9d270e4ef7bd06adf27e955835f01d9
benchmark,logs/benchmark/br-address-online-teacher-strong-20261003,logs/benchmark/br-address-online-teacher-strong-20261003/replays/07a97efb1e23442d82f33b13830c0da3/episode-00000010-slot-3.json,200,f018079e18cfd769bbf9119afc08a64a2c8040848a0e3c647e54d6469299aee5
benchmark,logs/benchmark/br-address-online-teacher-strong-20261003,logs/benchmark/br-address-online-teacher-strong-20261003/replays/07a97efb1e23442d82f33b13830c0da3/episode-00000011-slot-7.json,200,534be537a74ab6a68968eeee92cad203611b405deee0260a5f9ac9aa4c309ca8
benchmark,logs/benchmark/br-address-online-teacher-strong-20261003,logs/benchmark/br-address-online-teacher-strong-20261003/replays/07a97efb1e23442d82f33b13830c0da3/episode-00000012-slot-4.json,200,8010b198f0d7367c014ce2e88ac44664c74d05c890ebc0271d72be5a1a9eda53
benchmark,logs/benchmark/br-address-online-teacher-strong-20261003,logs/benchmark/br-address-online-teacher-strong-20261003/replays/07a97efb1e23442d82f33b13830c0da3/episode-00000013-slot-1.json,199,0e1198768ccb98c89b214458a15d82ccd514f27eda24c798f59a48ff8e7d5ae8
benchmark,logs/benchmark/br-address-online-teacher-strong-20261003,logs/benchmark/br-address-online-teacher-strong-20261003/replays/07a97efb1e23442d82f33b13830c0da3/episode-00000014-slot-0.json,199,6499648e2b265e0b61fc96a95f576d0c2ce220c2ecfd368586dcdfb609528763
benchmark,logs/benchmark/br-address-online-teacher-strong-20261003,logs/benchmark/br-address-online-teacher-strong-20261003/replays/07a97efb1e23442d82f33b13830c0da3/episode-00000015-slot-5.json,200,cab7f47d7d6ac3b9c43727fbf3002041364040434d7f90c78693933325486f60
benchmark,logs/benchmark/br-address-online-teacher-strong-20261003,logs/benchmark/br-address-online-teacher-strong-20261003/replays/07a97efb1e23442d82f33b13830c0da3/episode-00000016-slot-2.json,199,b5aeb799787b253dbb74ba591d573d15daeadaafd9026ab93c7696005b545a72
benchmark,logs/benchmark/br-address-online-teacher-strong-20261003,logs/benchmark/br-address-online-teacher-strong-20261003/result.json,139116,b8f5b3ab75fed443b481d9eb5be464da2c4c2e8b20ddb800f0020e1e55387f25
benchmark,logs/benchmark/br-address-recovery-20261002,logs/benchmark/br-address-recovery-20261002/config.yaml,17095,d69426070ece13fb662ae542dcea518276abcaf3fada529296a90ee042f85b28
benchmark,logs/benchmark/br-address-recovery-20261002,logs/benchmark/br-address-recovery-20261002/plan.json,12796,551873c2e295d89cb1737ad14bd27b6fcadc98f0b02e179c48c42888b3669819
benchmark,logs/benchmark/br-address-recovery-20261002,logs/benchmark/br-address-recovery-20261002/progress.json,105193,bb23d596fbefd5c83a8c20276e90981daafdffe605b0178226b599d1884414b9
benchmark,logs/benchmark/br-address-recovery-20261002,logs/benchmark/br-address-recovery-20261002/replays/098a82f829a3454da1917194516d729a/episode-00000001-slot-3.json,200,002453a0de86f9ade4531c0b19880aa7f2f8b3b993212858ee37ad26d3095de6
benchmark,logs/benchmark/br-address-recovery-20261002,logs/benchmark/br-address-recovery-20261002/replays/098a82f829a3454da1917194516d729a/episode-00000002-slot-2.json,199,0ba3a0610fce185fb7bae822e93021d701ce0ce506ca73d2fa2b01d68960ae3c
benchmark,logs/benchmark/br-address-recovery-20261002,logs/benchmark/br-address-recovery-20261002/replays/098a82f829a3454da1917194516d729a/episode-00000003-slot-4.json,200,5215ed342bc0946284267fcfa69914fef09ada6f88fdf88ca7deb403c4742387
benchmark,logs/benchmark/br-address-recovery-20261002,logs/benchmark/br-address-recovery-20261002/replays/098a82f829a3454da1917194516d729a/episode-00000004-slot-6.json,200,9200a98f862e46afd022ff5c6395d8012e5b664d520d7093b506128730bfe7bc
benchmark,logs/benchmark/br-address-recovery-20261002,logs/benchmark/br-address-recovery-20261002/replays/098a82f829a3454da1917194516d729a/episode-00000005-slot-0.json,199,e980a5a0ed8a94292216cdd7b8ed75a5073faa02cd4e59df6d093eba1cdb176f
benchmark,logs/benchmark/br-address-recovery-20261002,logs/benchmark/br-address-recovery-20261002/replays/098a82f829a3454da1917194516d729a/episode-00000006-slot-5.json,200,3c3493709cc410d0027edb51fc42c6f5182192c7203a835c5b64d067d1ba4e6f
benchmark,logs/benchmark/br-address-recovery-20261002,logs/benchmark/br-address-recovery-20261002/replays/098a82f829a3454da1917194516d729a/episode-00000007-slot-1.json,199,3d6ca524f4284608572966f275f0e204c35b91013b4facb651aa4371952d4c4f
benchmark,logs/benchmark/br-address-recovery-20261002,logs/benchmark/br-address-recovery-20261002/replays/098a82f829a3454da1917194516d729a/episode-00000008-slot-7.json,200,bda2275ab02a2d02c968d654ea5ca2f4757023251feb11f626b543d8b12eda96
benchmark,logs/benchmark/br-address-recovery-20261002,logs/benchmark/br-address-recovery-20261002/replays/098a82f829a3454da1917194516d729a/episode-00000009-slot-5.json,200,75956905240a73706eb06e2c15afeb0cbf0e5505d65796da7d4c996cffadfc2e
benchmark,logs/benchmark/br-address-recovery-20261002,logs/benchmark/br-address-recovery-20261002/replays/098a82f829a3454da1917194516d729a/episode-00000010-slot-2.json,199,2bf280b98c7d6375d42ef96f1ca4653f74559e691f20a75a40ebab37d7346e83
benchmark,logs/benchmark/br-address-recovery-20261002,logs/benchmark/br-address-recovery-20261002/replays/098a82f829a3454da1917194516d729a/episode-00000011-slot-4.json,200,145149500015f533ae16fc4532fd1d460407c74c632ac41cbd1ee782586322c3
benchmark,logs/benchmark/br-address-recovery-20261002,logs/benchmark/br-address-recovery-20261002/replays/098a82f829a3454da1917194516d729a/episode-00000012-slot-7.json,200,caf62090538761dd52479235531cbdc5532e7b87ab849cf5f76722eefa401f5a
benchmark,logs/benchmark/br-address-recovery-20261002,logs/benchmark/br-address-recovery-20261002/replays/098a82f829a3454da1917194516d729a/episode-00000013-slot-6.json,200,c436ab2987d52405852be455bdc8389a4a6cd88210d7c984c395031be11864ef
benchmark,logs/benchmark/br-address-recovery-20261002,logs/benchmark/br-address-recovery-20261002/replays/098a82f829a3454da1917194516d729a/episode-00000014-slot-3.json,200,ef8ad6b9d849a95c5a2d690b3c0b3a6d9ce370b53e64bc392c4782f61ee3bff9
benchmark,logs/benchmark/br-address-recovery-20261002,logs/benchmark/br-address-recovery-20261002/replays/098a82f829a3454da1917194516d729a/episode-00000015-slot-0.json,199,03b9a28e4908c8cc8fd142905995ac38a2bf26c86b62dc10f6b93c49efd56562
benchmark,logs/benchmark/br-address-recovery-20261002,logs/benchmark/br-address-recovery-20261002/replays/098a82f829a3454da1917194516d729a/episode-00000016-slot-1.json,199,23adf7c6c491b72619283e92375d449a12b4e0acd60450ab295486b46dd70db6
benchmark,logs/benchmark/br-address-recovery-20261002,logs/benchmark/br-address-recovery-20261002/result.json,143462,d8f561e7410c898534fbd7dd75676685fb9a60d58a697f58efb8875332a94fd8
benchmark,logs/benchmark/br-address-recurrent-persistent-bc-20261003,logs/benchmark/br-address-recurrent-persistent-bc-20261003/config.yaml,17013,effe0d4d17b803e37f49a9939298d4b116fafacbb259571512da8d691693e32b
benchmark,logs/benchmark/br-address-recurrent-persistent-bc-20261003,logs/benchmark/br-address-recurrent-persistent-bc-20261003/plan.json,12796,1ec842ca89045683d5043d1099cafb7d19acd847aac3ea28585e7ae701626f2a
benchmark,logs/benchmark/br-address-recurrent-persistent-bc-20261003,logs/benchmark/br-address-recurrent-persistent-bc-20261003/progress.json,163503,d0e706b0758339be86738b62f5982d8aac0abc4a62b1fd5480229ba2b2ca61f1
benchmark,logs/benchmark/br-address-recurrent-persistent-bc-20261003,logs/benchmark/br-address-recurrent-persistent-bc-20261003/replays/4f955ebfd5d246e684fab1c6b40b7bb6/episode-00000001-slot-7.json,200,1055182b65e8b0c8744a16cb7f5bfadcbc4b03116b1dc51b00ba257c0238d90b
benchmark,logs/benchmark/br-address-recurrent-persistent-bc-20261003,logs/benchmark/br-address-recurrent-persistent-bc-20261003/replays/4f955ebfd5d246e684fab1c6b40b7bb6/episode-00000002-slot-2.json,199,26874364120c702dfa56a80da1fa5f35b085d232221e653be5905a9c95286f2c
benchmark,logs/benchmark/br-address-recurrent-persistent-bc-20261003,logs/benchmark/br-address-recurrent-persistent-bc-20261003/replays/4f955ebfd5d246e684fab1c6b40b7bb6/episode-00000003-slot-1.json,199,801fb4e37a777e35c2bd9747ef30490c902b7a4da6e54f36fad0acfda75ec5fe
benchmark,logs/benchmark/br-address-recurrent-persistent-bc-20261003,logs/benchmark/br-address-recurrent-persistent-bc-20261003/replays/4f955ebfd5d246e684fab1c6b40b7bb6/episode-00000004-slot-3.json,200,98bce64f611d957f22f5c49ac64293edcc5f79042f085affd231842ac3c33dea
benchmark,logs/benchmark/br-address-recurrent-persistent-bc-20261003,logs/benchmark/br-address-recurrent-persistent-bc-20261003/replays/4f955ebfd5d246e684fab1c6b40b7bb6/episode-00000005-slot-4.json,200,196ff5069cff44ceece72170d9bc5c3a51624eaaabf5163970d2e24fe6f3b626
benchmark,logs/benchmark/br-address-recurrent-persistent-bc-20261003,logs/benchmark/br-address-recurrent-persistent-bc-20261003/replays/4f955ebfd5d246e684fab1c6b40b7bb6/episode-00000006-slot-6.json,200,10f9419aeeba1e15baac8026c5254c827d982133e27a64790438b6fb5e0fc142
benchmark,logs/benchmark/br-address-recurrent-persistent-bc-20261003,logs/benchmark/br-address-recurrent-persistent-bc-20261003/replays/4f955ebfd5d246e684fab1c6b40b7bb6/episode-00000007-slot-5.json,200,9b0aac8910957888464976a645a5eab0ba438ea7bcf5f5f73686fff76f936266
benchmark,logs/benchmark/br-address-recurrent-persistent-bc-20261003,logs/benchmark/br-address-recurrent-persistent-bc-20261003/replays/4f955ebfd5d246e684fab1c6b40b7bb6/episode-00000008-slot-0.json,199,9f479b871e9244c400b7114db09f77435279ee35ea29b69478608a1b8352504d
benchmark,logs/benchmark/br-address-recurrent-persistent-bc-20261003,logs/benchmark/br-address-recurrent-persistent-bc-20261003/replays/4f955ebfd5d246e684fab1c6b40b7bb6/episode-00000009-slot-7.json,200,13946f0746c84cb164c6dc301761f94768125ccd247e33bf5ac6f4944e3be268
benchmark,logs/benchmark/br-address-recurrent-persistent-bc-20261003,logs/benchmark/br-address-recurrent-persistent-bc-20261003/replays/4f955ebfd5d246e684fab1c6b40b7bb6/episode-00000010-slot-0.json,199,568bd24862316c98b483cc4e691de29d78482bb0bee1ef36664d31d694e4e2ff
benchmark,logs/benchmark/br-address-recurrent-persistent-bc-20261003,logs/benchmark/br-address-recurrent-persistent-bc-20261003/replays/4f955ebfd5d246e684fab1c6b40b7bb6/episode-00000011-slot-4.json,200,0d37224a76a9f07c182e5322a08d5a7e1537cb18f2d1250a76124a387e16bfee
benchmark,logs/benchmark/br-address-recurrent-persistent-bc-20261003,logs/benchmark/br-address-recurrent-persistent-bc-20261003/replays/4f955ebfd5d246e684fab1c6b40b7bb6/episode-00000012-slot-2.json,199,2ee0a52414019908b2d6dddd1271085e333c1ce97f8630e0886747f0afd948ff
benchmark,logs/benchmark/br-address-recurrent-persistent-bc-20261003,logs/benchmark/br-address-recurrent-persistent-bc-20261003/replays/4f955ebfd5d246e684fab1c6b40b7bb6/episode-00000013-slot-5.json,200,629e1dc5ba604a2a190455269677541bd7d6915d3421b7901ced52767928946c
benchmark,logs/benchmark/br-address-recurrent-persistent-bc-20261003,logs/benchmark/br-address-recurrent-persistent-bc-20261003/replays/4f955ebfd5d246e684fab1c6b40b7bb6/episode-00000014-slot-3.json,200,b3f8f2588b22dfcef09a7eae2f7fbd4f073709dbfea7a815ce4fafb78349d8d3
benchmark,logs/benchmark/br-address-recurrent-persistent-bc-20261003,logs/benchmark/br-address-recurrent-persistent-bc-20261003/replays/4f955ebfd5d246e684fab1c6b40b7bb6/episode-00000015-slot-1.json,199,f6a7bd33833840109cb494b0da6981a1053325cafc6e31eec8b55eed278f23f3
benchmark,logs/benchmark/br-address-recurrent-persistent-bc-20261003,logs/benchmark/br-address-recurrent-persistent-bc-20261003/replays/4f955ebfd5d246e684fab1c6b40b7bb6/episode-00000016-slot-6.json,200,6e2d442f401c0018aa7ec60ba2f0b73ce21dfea33f0e6d46b0a32428bad8321e
benchmark,logs/benchmark/br-address-recurrent-persistent-bc-20261003,logs/benchmark/br-address-recurrent-persistent-bc-20261003/result.json,212469,b692eb907c5f495b6935f32b47876d963189c299c85eddf70115d0907fc5485b
benchmark,logs/benchmark/br-address-slow-feedback-budget-final-20261003,logs/benchmark/br-address-slow-feedback-budget-final-20261003/config.yaml,13772,c8ad67904e8888fab8a34c75016a60d6fad600ec56fc0394dd7120d4aff1c039
benchmark,logs/benchmark/br-address-slow-feedback-budget-final-20261003,logs/benchmark/br-address-slow-feedback-budget-final-20261003/plan.json,12796,7ae7da1fa2175d56a39940d8e09dcb435a08ccbe006b0fe6b9ee0fe8b01b6b61
benchmark,logs/benchmark/br-address-slow-feedback-budget-final-20261003,logs/benchmark/br-address-slow-feedback-budget-final-20261003/progress.json,88670,2a4b92b8fa62d2916971c9c87e47ba3428152d9d285bfb7f05fa1f8cf36af393
benchmark,logs/benchmark/br-address-slow-feedback-budget-final-20261003,logs/benchmark/br-address-slow-feedback-budget-final-20261003/replays/6ea35c6e0c8948fe86c692751a47ec59/episode-00000001-slot-4.json,200,18bb57a2d465afe3e2064b81755e360895d018d6f4409968969c7be1cfc0d486
benchmark,logs/benchmark/br-address-slow-feedback-budget-final-20261003,logs/benchmark/br-address-slow-feedback-budget-final-20261003/replays/6ea35c6e0c8948fe86c692751a47ec59/episode-00000002-slot-5.json,200,f8211d9041e877e160f3a22f937501f0901671e5d11bec828721fbb14e20db84
benchmark,logs/benchmark/br-address-slow-feedback-budget-final-20261003,logs/benchmark/br-address-slow-feedback-budget-final-20261003/replays/6ea35c6e0c8948fe86c692751a47ec59/episode-00000003-slot-0.json,199,d242668e37c0ba330248bb3e658da6907d264901a5aa813342d09c5b1dcad9a9
benchmark,logs/benchmark/br-address-slow-feedback-budget-final-20261003,logs/benchmark/br-address-slow-feedback-budget-final-20261003/replays/6ea35c6e0c8948fe86c692751a47ec59/episode-00000004-slot-3.json,200,feccfa3dd31cf277b057e98c1a0ceaaf590c4d80bd46cf97ccd64647293c9d2e
benchmark,logs/benchmark/br-address-slow-feedback-budget-final-20261003,logs/benchmark/br-address-slow-feedback-budget-final-20261003/replays/6ea35c6e0c8948fe86c692751a47ec59/episode-00000005-slot-7.json,200,b2012344a970cf538b69b82363aee109ea4655dce59612d6dbb03e22e80fcc7e
benchmark,logs/benchmark/br-address-slow-feedback-budget-final-20261003,logs/benchmark/br-address-slow-feedback-budget-final-20261003/replays/6ea35c6e0c8948fe86c692751a47ec59/episode-00000006-slot-2.json,199,363bfd9bd5857602bb92c9b40168b165a6f0516139079c534216971685a80bed
benchmark,logs/benchmark/br-address-slow-feedback-budget-final-20261003,logs/benchmark/br-address-slow-feedback-budget-final-20261003/replays/6ea35c6e0c8948fe86c692751a47ec59/episode-00000007-slot-6.json,200,f50e2af922cf36757da5a4a41eae923088f1b7acb8652692bbae08dc608c6014
benchmark,logs/benchmark/br-address-slow-feedback-budget-final-20261003,logs/benchmark/br-address-slow-feedback-budget-final-20261003/replays/6ea35c6e0c8948fe86c692751a47ec59/episode-00000008-slot-1.json,203,1e3c43f4587c6172fa605a23e24197b715803fca6f10c47cbed6785f12c289bd
benchmark,logs/benchmark/br-address-slow-feedback-budget-final-20261003,logs/benchmark/br-address-slow-feedback-budget-final-20261003/replays/6ea35c6e0c8948fe86c692751a47ec59/episode-00000009-slot-7.json,200,e66e70317de38942a41b84fc44a1ae351aab94659711c3e11fb757034d66100d
benchmark,logs/benchmark/br-address-slow-feedback-budget-final-20261003,logs/benchmark/br-address-slow-feedback-budget-final-20261003/replays/6ea35c6e0c8948fe86c692751a47ec59/episode-00000010-slot-4.json,200,e89deebb8809713826c080a628dc3b761c7dfb547a299aaa1456c5913003a6a8
benchmark,logs/benchmark/br-address-slow-feedback-budget-final-20261003,logs/benchmark/br-address-slow-feedback-budget-final-20261003/replays/6ea35c6e0c8948fe86c692751a47ec59/episode-00000011-slot-5.json,200,2edf90c540ea037ab6e88884c3b6a406811bd0cfd8323f21b64682182a376cb7
benchmark,logs/benchmark/br-address-slow-feedback-budget-final-20261003,logs/benchmark/br-address-slow-feedback-budget-final-20261003/replays/6ea35c6e0c8948fe86c692751a47ec59/episode-00000012-slot-6.json,200,c9c6bba41ce07cff80de839d2d7c847c647b3030d8da0c3d9aef788b566b0fd6
benchmark,logs/benchmark/br-address-slow-feedback-budget-final-20261003,logs/benchmark/br-address-slow-feedback-budget-final-20261003/replays/6ea35c6e0c8948fe86c692751a47ec59/episode-00000013-slot-2.json,199,d918d40a634c6e0712026407da09e3b966fbf05363d007e06f6ffc6ad4df1cc4
benchmark,logs/benchmark/br-address-slow-feedback-budget-final-20261003,logs/benchmark/br-address-slow-feedback-budget-final-20261003/replays/6ea35c6e0c8948fe86c692751a47ec59/episode-00000014-slot-0.json,199,d39d9c4f22fc03bafde6966445a2e5fd2548e068940d011f3d6a26a2cc469f20
benchmark,logs/benchmark/br-address-slow-feedback-budget-final-20261003,logs/benchmark/br-address-slow-feedback-budget-final-20261003/replays/6ea35c6e0c8948fe86c692751a47ec59/episode-00000015-slot-3.json,200,71924f5eeaf7c1ff7a79e66901dded4f8ad4fddde300f63b931aac248c42bc0b
benchmark,logs/benchmark/br-address-slow-feedback-budget-final-20261003,logs/benchmark/br-address-slow-feedback-budget-final-20261003/replays/6ea35c6e0c8948fe86c692751a47ec59/episode-00000016-slot-1.json,203,1b096493b1fd5d4a82b0511788826ea0c877a652cab252c64849d5ee0f927890
benchmark,logs/benchmark/br-address-slow-feedback-budget-final-20261003,logs/benchmark/br-address-slow-feedback-budget-final-20261003/result.json,126374,b299286b12c754ea908abb9ad9292d8af9c471ffa51bb68b25a0c5edc352d328
benchmark,logs/benchmark/br-address-slow-feedback-budget-mid1-20261003,logs/benchmark/br-address-slow-feedback-budget-mid1-20261003/config.yaml,13826,78840a71cc0444920f6f7d10dbb9d52151904c357b6d5432678d82467593bbad
benchmark,logs/benchmark/br-address-slow-feedback-budget-mid1-20261003,logs/benchmark/br-address-slow-feedback-budget-mid1-20261003/plan.json,12796,d6f37b84b3722a6dacecf9df55dd294e806145368a2570e0780a62f0dd158c32
benchmark,logs/benchmark/br-address-slow-feedback-budget-mid1-20261003,logs/benchmark/br-address-slow-feedback-budget-mid1-20261003/progress.json,88317,293f702aedc4000b08b174147b92fb02e3886623b7e6dc0e6e730e9d279adfb8
benchmark,logs/benchmark/br-address-slow-feedback-budget-mid1-20261003,logs/benchmark/br-address-slow-feedback-budget-mid1-20261003/replays/88def2d6824d4038ac32c392214ff143/episode-00000001-slot-4.json,200,fc9860cfcb3ff4a189e1be4e10c809e092053f2064af804f02a04c3d125556b9
benchmark,logs/benchmark/br-address-slow-feedback-budget-mid1-20261003,logs/benchmark/br-address-slow-feedback-budget-mid1-20261003/replays/88def2d6824d4038ac32c392214ff143/episode-00000002-slot-1.json,199,dad2e26113b291f30e7fd3738ea45c5491be5e0634769e3dfba6dcfe3e151834
benchmark,logs/benchmark/br-address-slow-feedback-budget-mid1-20261003,logs/benchmark/br-address-slow-feedback-budget-mid1-20261003/replays/88def2d6824d4038ac32c392214ff143/episode-00000003-slot-6.json,200,c9a417a4ac29bf2efd7d91828c2628da79c9a34cca429e0e7b6d1d7286275d42
benchmark,logs/benchmark/br-address-slow-feedback-budget-mid1-20261003,logs/benchmark/br-address-slow-feedback-budget-mid1-20261003/replays/88def2d6824d4038ac32c392214ff143/episode-00000004-slot-5.json,200,645989f5f39c3b75f0472ca6ef97226c51459e587dc028e8a4f7243505603012
benchmark,logs/benchmark/br-address-slow-feedback-budget-mid1-20261003,logs/benchmark/br-address-slow-feedback-budget-mid1-20261003/replays/88def2d6824d4038ac32c392214ff143/episode-00000005-slot-0.json,199,a1395c7133157a7e97b454192df372519e2fe93b1db1cb62c92758d96b9799ff
benchmark,logs/benchmark/br-address-slow-feedback-budget-mid1-20261003,logs/benchmark/br-address-slow-feedback-budget-mid1-20261003/replays/88def2d6824d4038ac32c392214ff143/episode-00000006-slot-2.json,199,de38b05db0accebb3af826a6c933bf00fe964b4a6ecab7f1711a64b476283f26
benchmark,logs/benchmark/br-address-slow-feedback-budget-mid1-20261003,logs/benchmark/br-address-slow-feedback-budget-mid1-20261003/replays/88def2d6824d4038ac32c392214ff143/episode-00000007-slot-7.json,200,99bcf891bfe170a73ca7948a342e7de0c469eefc853d830a9fa50cfa401f1a40
benchmark,logs/benchmark/br-address-slow-feedback-budget-mid1-20261003,logs/benchmark/br-address-slow-feedback-budget-mid1-20261003/replays/88def2d6824d4038ac32c392214ff143/episode-00000008-slot-3.json,200,e74466d3fd4045ecbd552d0fb0d73f9a4cdff3acb1b3034340307b4bdee0adf7
benchmark,logs/benchmark/br-address-slow-feedback-budget-mid1-20261003,logs/benchmark/br-address-slow-feedback-budget-mid1-20261003/replays/88def2d6824d4038ac32c392214ff143/episode-00000009-slot-3.json,200,06ee82c55486f4f5f203091ea38daa1676febd370ff9c6e0f45de75da36118d7
benchmark,logs/benchmark/br-address-slow-feedback-budget-mid1-20261003,logs/benchmark/br-address-slow-feedback-budget-mid1-20261003/replays/88def2d6824d4038ac32c392214ff143/episode-00000010-slot-4.json,200,308051a0a7454ec460c81030b5df0a688d31ad273a8caf3eb346c18fc6822985
benchmark,logs/benchmark/br-address-slow-feedback-budget-mid1-20261003,logs/benchmark/br-address-slow-feedback-budget-mid1-20261003/replays/88def2d6824d4038ac32c392214ff143/episode-00000011-slot-7.json,200,13928cffe2f07ffd60a00769470d66905ce9471c60e3933efda68942c3a308ec
benchmark,logs/benchmark/br-address-slow-feedback-budget-mid1-20261003,logs/benchmark/br-address-slow-feedback-budget-mid1-20261003/replays/88def2d6824d4038ac32c392214ff143/episode-00000012-slot-2.json,199,ea06daa84024e72b143a7d015fd4d0630744a37bb604d3155ed3df55927704fb
benchmark,logs/benchmark/br-address-slow-feedback-budget-mid1-20261003,logs/benchmark/br-address-slow-feedback-budget-mid1-20261003/replays/88def2d6824d4038ac32c392214ff143/episode-00000013-slot-6.json,200,e4d2ffd074205a7bacd7868dae28a60ffc6d16d1049d9e216cc98d560a9ef74d
benchmark,logs/benchmark/br-address-slow-feedback-budget-mid1-20261003,logs/benchmark/br-address-slow-feedback-budget-mid1-20261003/replays/88def2d6824d4038ac32c392214ff143/episode-00000014-slot-0.json,199,760a679deec68c1ed6e210b48780291029c001bee1a6779173047c54f7c137c1
benchmark,logs/benchmark/br-address-slow-feedback-budget-mid1-20261003,logs/benchmark/br-address-slow-feedback-budget-mid1-20261003/replays/88def2d6824d4038ac32c392214ff143/episode-00000015-slot-1.json,199,18973494fac4193c4d1a433eb4d8f6781c506c9e3f8d914303bb894c41622136
benchmark,logs/benchmark/br-address-slow-feedback-budget-mid1-20261003,logs/benchmark/br-address-slow-feedback-budget-mid1-20261003/replays/88def2d6824d4038ac32c392214ff143/episode-00000016-slot-5.json,200,18d807027e00b70984c7a81c9372d6bc5052404709f12a2a6eacf05ae723ef04
benchmark,logs/benchmark/br-address-slow-feedback-budget-mid1-20261003,logs/benchmark/br-address-slow-feedback-budget-mid1-20261003/result.json,125757,dd88c675a886b71d4e6046dae2f425b2c27ee12b18cfd9dfbc8595bc187f9657
benchmark,logs/benchmark/br-address-slow-feedback-budget-mid2-20261003,logs/benchmark/br-address-slow-feedback-budget-mid2-20261003/config.yaml,13826,f22d7e133d544e118fa24b205c2abb79e3cadb55ff880f4098cf223ff2c253cf
benchmark,logs/benchmark/br-address-slow-feedback-budget-mid2-20261003,logs/benchmark/br-address-slow-feedback-budget-mid2-20261003/plan.json,12796,62b4ba8535ec0448e1c8ffa77084885426d85774dfb6cf1915da33d81e845b5c
benchmark,logs/benchmark/br-address-slow-feedback-budget-mid2-20261003,logs/benchmark/br-address-slow-feedback-budget-mid2-20261003/progress.json,89759,3401c23cb761c6f61440ce846dbddd01fd038118be8df68bbe05a298f0f3aef7
benchmark,logs/benchmark/br-address-slow-feedback-budget-mid2-20261003,logs/benchmark/br-address-slow-feedback-budget-mid2-20261003/replays/0093f29b13414958951ac73f5917860e/episode-00000001-slot-5.json,200,19a302d6bc77ce5c313e5d37be02dc6ea49e3377e65547bcc240c65f31911af7
benchmark,logs/benchmark/br-address-slow-feedback-budget-mid2-20261003,logs/benchmark/br-address-slow-feedback-budget-mid2-20261003/replays/0093f29b13414958951ac73f5917860e/episode-00000002-slot-7.json,200,eab66aa568bce1defd302e6233ac1ea8df1e364b66c4246486e8ad826cc8ed73
benchmark,logs/benchmark/br-address-slow-feedback-budget-mid2-20261003,logs/benchmark/br-address-slow-feedback-budget-mid2-20261003/replays/0093f29b13414958951ac73f5917860e/episode-00000003-slot-2.json,199,eaf0a6311612c57f909e6e2793c0133c5e6ee1378034b38a62e423902bfcf762
benchmark,logs/benchmark/br-address-slow-feedback-budget-mid2-20261003,logs/benchmark/br-address-slow-feedback-budget-mid2-20261003/replays/0093f29b13414958951ac73f5917860e/episode-00000004-slot-3.json,200,8ec59cc7dafad01573cd1912af6367c2d926ba3107889f5565bde55ecb0a63a8
benchmark,logs/benchmark/br-address-slow-feedback-budget-mid2-20261003,logs/benchmark/br-address-slow-feedback-budget-mid2-20261003/replays/0093f29b13414958951ac73f5917860e/episode-00000005-slot-1.json,199,0a95593a0d12b7c9c05fdd98ff5a294136db85c5a2a88ff3fb7a5f2f9bd6d64c
benchmark,logs/benchmark/br-address-slow-feedback-budget-mid2-20261003,logs/benchmark/br-address-slow-feedback-budget-mid2-20261003/replays/0093f29b13414958951ac73f5917860e/episode-00000006-slot-6.json,200,aa76083ae25224328f4ecbe239c79b4b1a410b845d370581653fe665f7d03027
benchmark,logs/benchmark/br-address-slow-feedback-budget-mid2-20261003,logs/benchmark/br-address-slow-feedback-budget-mid2-20261003/replays/0093f29b13414958951ac73f5917860e/episode-00000007-slot-0.json,199,e46c90b06c989183cca72f69d37865f836dbbc0e391389f4230dbae7f8c0d2ee
benchmark,logs/benchmark/br-address-slow-feedback-budget-mid2-20261003,logs/benchmark/br-address-slow-feedback-budget-mid2-20261003/replays/0093f29b13414958951ac73f5917860e/episode-00000008-slot-4.json,204,c0b8ad36ec93214fdae92f94d935a8ce038d7e68f7478aec415b23fdc0243d90
benchmark,logs/benchmark/br-address-slow-feedback-budget-mid2-20261003,logs/benchmark/br-address-slow-feedback-budget-mid2-20261003/replays/0093f29b13414958951ac73f5917860e/episode-00000009-slot-1.json,199,e1f3746294c482aadb83d52b284205a5957ba7d0ccd3b9998f4e514b372a46b3
benchmark,logs/benchmark/br-address-slow-feedback-budget-mid2-20261003,logs/benchmark/br-address-slow-feedback-budget-mid2-20261003/replays/0093f29b13414958951ac73f5917860e/episode-00000010-slot-4.json,200,ff4d35ccc80e83aa8016b33f120da63ab5ca2b0628f30e0ac08f6dcbfc2d76f7
benchmark,logs/benchmark/br-address-slow-feedback-budget-mid2-20261003,logs/benchmark/br-address-slow-feedback-budget-mid2-20261003/replays/0093f29b13414958951ac73f5917860e/episode-00000011-slot-6.json,200,557ef1c79c8320d4be0b91234fbc377687a3f1fa8864c5a7cc512a0a29a10960
benchmark,logs/benchmark/br-address-slow-feedback-budget-mid2-20261003,logs/benchmark/br-address-slow-feedback-budget-mid2-20261003/replays/0093f29b13414958951ac73f5917860e/episode-00000012-slot-3.json,200,94ba944e572fa84deab7d10f93fcde605656ed22e202440b84b60240db8e16c6
benchmark,logs/benchmark/br-address-slow-feedback-budget-mid2-20261003,logs/benchmark/br-address-slow-feedback-budget-mid2-20261003/replays/0093f29b13414958951ac73f5917860e/episode-00000013-slot-7.json,200,e2a4ffd0ec0962ef12b2c02dddca16d83f1d214805a6aa14d39d0ef043d62bf4
benchmark,logs/benchmark/br-address-slow-feedback-budget-mid2-20261003,logs/benchmark/br-address-slow-feedback-budget-mid2-20261003/replays/0093f29b13414958951ac73f5917860e/episode-00000014-slot-0.json,199,12b0f84acf0137dd4257dd45a1dcf08bbbd8defc4e18ed7362c4d556a98da256
benchmark,logs/benchmark/br-address-slow-feedback-budget-mid2-20261003,logs/benchmark/br-address-slow-feedback-budget-mid2-20261003/replays/0093f29b13414958951ac73f5917860e/episode-00000015-slot-2.json,199,d2e974c10bfb1dafc9bb77fc4b971c3f93053260b2096db4c4f2eceb4bc049bd
benchmark,logs/benchmark/br-address-slow-feedback-budget-mid2-20261003,logs/benchmark/br-address-slow-feedback-budget-mid2-20261003/replays/0093f29b13414958951ac73f5917860e/episode-00000016-slot-5.json,200,c8d6d08b08dc82c91bdc7d3dc5eebe5483c0236426c893e68e9ecbce23dcb968
benchmark,logs/benchmark/br-address-slow-feedback-budget-mid2-20261003,logs/benchmark/br-address-slow-feedback-budget-mid2-20261003/result.json,127554,48d04a6fcae74c3b1dd01156e8321dda0b07dbe4d025345ec83f34583c9bc08c
benchmark,logs/benchmark/br-address-slow-feedback-final-20261003,logs/benchmark/br-address-slow-feedback-final-20261003/config.yaml,13758,d3d3ae5ff393aba185c365eb84822c33c74323fb344c47edd3dbea44c289b2e2
benchmark,logs/benchmark/br-address-slow-feedback-final-20261003,logs/benchmark/br-address-slow-feedback-final-20261003/plan.json,12796,c0e99d3eac48cadcde34472f85f182316709d53ec17ddbe036ada5d1e2a494dc
benchmark,logs/benchmark/br-address-slow-feedback-final-20261003,logs/benchmark/br-address-slow-feedback-final-20261003/progress.json,97693,8327d972eec8485c44ec64a0fae8b04acda08e103fe8f637df502ad6c59cd5b1
benchmark,logs/benchmark/br-address-slow-feedback-final-20261003,logs/benchmark/br-address-slow-feedback-final-20261003/replays/38c7f1f6db7643daacddcca760c70ab3/episode-00000001-slot-7.json,200,a65aa1031912f42964841ad55b74a33a6a3acab481921b909d30789188787804
benchmark,logs/benchmark/br-address-slow-feedback-final-20261003,logs/benchmark/br-address-slow-feedback-final-20261003/replays/38c7f1f6db7643daacddcca760c70ab3/episode-00000002-slot-4.json,200,b7d6113cc49e75ba03386f913e464be2ef562cf6ca9dae2f8e3c6ae0c62a1668
benchmark,logs/benchmark/br-address-slow-feedback-final-20261003,logs/benchmark/br-address-slow-feedback-final-20261003/replays/38c7f1f6db7643daacddcca760c70ab3/episode-00000003-slot-2.json,199,30b75ba04fd7f81fc09b4cede00509ffccf8a13c6e99c3bf027ee8f0f31c45d2
benchmark,logs/benchmark/br-address-slow-feedback-final-20261003,logs/benchmark/br-address-slow-feedback-final-20261003/replays/38c7f1f6db7643daacddcca760c70ab3/episode-00000004-slot-3.json,200,343824663e9f2be023f3645b4777e63ee44c97103aa53f65be739762a4fc6b1f
benchmark,logs/benchmark/br-address-slow-feedback-final-20261003,logs/benchmark/br-address-slow-feedback-final-20261003/replays/38c7f1f6db7643daacddcca760c70ab3/episode-00000005-slot-5.json,200,608e8035466a63f52af14f739aed1600f5ab35793bd0935fc7d75ff97a58db3f
benchmark,logs/benchmark/br-address-slow-feedback-final-20261003,logs/benchmark/br-address-slow-feedback-final-20261003/replays/38c7f1f6db7643daacddcca760c70ab3/episode-00000006-slot-6.json,200,d576c5a0f42c61a7a28d7b090f2275af4e8069e97cc4a7bedbdb94f848e1c91b
benchmark,logs/benchmark/br-address-slow-feedback-final-20261003,logs/benchmark/br-address-slow-feedback-final-20261003/replays/38c7f1f6db7643daacddcca760c70ab3/episode-00000007-slot-1.json,199,54a754527c54416cadcb2a236a82da36c40e1265ee2bc6dbd18ca4f17d6e6452
