kind,run,path,bytes,sha256
diagnostics,logs/diagnostics/br-seats-random-20261002,logs/diagnostics/br-seats-random-20261002/result.json,1669,c09aa6c32ae256af7d7d8ef48ad13c9633dba15787d7f5239943f8b9af5c2714
diagnostics,logs/diagnostics/br-seats-random-20261002,logs/diagnostics/br-seats-random-20261002/scalars/progress.csv,1110,396e1b162bd46d089833cc80aa851dbf8c192137b6feb813339cdb2f70373142
diagnostics,logs/diagnostics/br-seats-random-20261002,logs/diagnostics/br-seats-random-20261002/timing.json,724,808eacec25fbca1030212faf35203532bdda931ef6f347306fb9a9f908709b93
diagnostics,logs/diagnostics/br-worker-sampling-profile-20261003,logs/diagnostics/br-worker-sampling-profile-20261003/checkpoints/updated_2048_steps.curriculum.json,851,ced2511c3580b9f2300e8fafd64e6d1a157f7aa7a91860d1f88d180d448f5267
diagnostics,logs/diagnostics/br-worker-sampling-profile-20261003,logs/diagnostics/br-worker-sampling-profile-20261003/config.yaml,5307,fbd5ebc6a511581ec6ba4c47e411bc1e3deffc2bb16cdae8ba585400382aed41
diagnostics,logs/diagnostics/br-worker-sampling-profile-20261003,logs/diagnostics/br-worker-sampling-profile-20261003/final.curriculum.json,851,3cb83617817c2c3d4c360f84b1b8ede09619eb57d4d4c9106d4a16c493e2b831
diagnostics,logs/diagnostics/br-worker-sampling-profile-20261003,logs/diagnostics/br-worker-sampling-profile-20261003/identity.json,51581,7f70d009254940b796aafc266375dbe84c73673b0b14d4645e62fc95cf60aace
diagnostics,logs/diagnostics/br-worker-sampling-profile-20261003,logs/diagnostics/br-worker-sampling-profile-20261003/progress.json,1660,06bb5a4a8bf6486f14a22430062e3bc9eae41e270f5dace9518b00e5210ff36a
diagnostics,logs/diagnostics/br-worker-sampling-profile-20261003,logs/diagnostics/br-worker-sampling-profile-20261003/replays/2e546f2b64c74e33ac21bfae25a41660/episode-00000001-slot-0.json,192,d15f1e9ad4ebd8ae581ef75fd963ea70cc7d01332a563191f784d3cd6d24b7c3
diagnostics,logs/diagnostics/br-worker-sampling-profile-20261003,logs/diagnostics/br-worker-sampling-profile-20261003/replays/2e546f2b64c74e33ac21bfae25a41660/episode-00000002-slot-1.json,192,d5fa9de054a5c05cdb2c872ad3d5c71dfaf7e73d75cd15e523c318306a54aa15
diagnostics,logs/diagnostics/br-worker-sampling-profile-20261003,logs/diagnostics/br-worker-sampling-profile-20261003/replays/2e546f2b64c74e33ac21bfae25a41660/episode-00000003-slot-2.json,192,9baa8ca250340a846d4f22dcf54bb19770dd12818b93eb083f5f310a3fb344d4
diagnostics,logs/diagnostics/br-worker-sampling-profile-20261003,logs/diagnostics/br-worker-sampling-profile-20261003/replays/2e546f2b64c74e33ac21bfae25a41660/episode-00000004-slot-3.json,192,a688d685c08d9064f09effac32caa3ded6b0b1a16c3c9542941ab96d4406ed93
diagnostics,logs/diagnostics/br-worker-sampling-profile-20261003,logs/diagnostics/br-worker-sampling-profile-20261003/replays/2e546f2b64c74e33ac21bfae25a41660/episode-00000005-slot-4.json,192,e875d64917bf90491cd3eb45047681598c357686f5f46d9923050fa71d06d2f6
diagnostics,logs/diagnostics/br-worker-sampling-profile-20261003,logs/diagnostics/br-worker-sampling-profile-20261003/replays/2e546f2b64c74e33ac21bfae25a41660/episode-00000006-slot-5.json,192,a3e9f206442b5eec4fbe5ab6aba76912feb147118c489d4ed6502c285c51c1ca
diagnostics,logs/diagnostics/br-worker-sampling-profile-20261003,logs/diagnostics/br-worker-sampling-profile-20261003/replays/2e546f2b64c74e33ac21bfae25a41660/episode-00000007-slot-6.json,192,ce5e76082f9aff458e7c761f0705395b36d6ae5b7f37375adc64b2ac4105d3a9
diagnostics,logs/diagnostics/br-worker-sampling-profile-20261003,logs/diagnostics/br-worker-sampling-profile-20261003/replays/2e546f2b64c74e33ac21bfae25a41660/episode-00000008-slot-7.json,192,8f53a32be87fd657354c7358ec47e8b096b95edff04f62bf675593fb90452a45
diagnostics,logs/diagnostics/br-worker-sampling-profile-20261003,logs/diagnostics/br-worker-sampling-profile-20261003/result.json,1932,de7529ea2fb1fb5ba88bee1c4dde08532aec518846039b7ec7c0c79dc8fe73df
diagnostics,logs/diagnostics/br-worker-sampling-profile-20261003,logs/diagnostics/br-worker-sampling-profile-20261003/scalars/progress.csv,650,939545f97e09290ec49959b1118ffb3b60c64232bf2d27960cb6fa145afc3bd2
diagnostics,logs/diagnostics/br-worker-sampling-profile-20261003,logs/diagnostics/br-worker-sampling-profile-20261003/timing.json,574,f86402ff9630eba51537eca86475ddaf8ba37461fe320ec3faa1924662817869
diagnostics,logs/diagnostics/canonical-bc-audit-20261003,logs/diagnostics/canonical-bc-audit-20261003/games.json,1198,5551847a9b3b21f6b64440e8ec65d41334e5266c77635761847a2e826b651c66
diagnostics,logs/diagnostics/canonical-bc-audit-20261003,logs/diagnostics/canonical-bc-audit-20261003/summary.json,4281,b9f455f6615ed18e4514a5db3553617819b99b74d33e868033eee262001b33c8
diagnostics,logs/diagnostics/canonical-bc-curves-20261003,logs/diagnostics/canonical-bc-curves-20261003/audit.json,437,11641bb8c4681fee42a2c7889acf012b965fa7e835fae5bda54b2842078ed473
diagnostics,logs/diagnostics/canonical-bc-curves-20261003,logs/diagnostics/canonical-bc-curves-20261003/epochs.csv,8611,c10acbf0383027ef11fe2ba5cbda7b99049baf5be15737ccb39c07fa55bbd28f
diagnostics,logs/diagnostics/canonical-bc-curves-20261003,logs/diagnostics/canonical-bc-curves-20261003/summary.json,7504,3cf74cdf606ea273cdf19f11f904c01661d5ac8d446d1e90fcec77cad324cddb
diagnostics,logs/diagnostics/canonical-bc-curves-20261003,logs/diagnostics/canonical-bc-curves-20261003/visual-qa.json,648,a2904c12953ad208c47e8cadb8755c679d39b8b0c9af0b7c6b7594d8eba15aa0
diagnostics,logs/diagnostics/canonical-bc-input-metrics-audit-20261003,logs/diagnostics/canonical-bc-input-metrics-audit-20261003/summary.json,5207,725eb5892cdf2e7e2405227eb80eca72daa5f300ffbb6da06585c7402ec58100
diagnostics,logs/diagnostics/canonical-bc-input-metrics-audit-20261003-hydra,logs/diagnostics/canonical-bc-input-metrics-audit-20261003-hydra/.hydra/config.yaml,201,9576fff9a064cbb7056cb28d83bca872f62a9b0f4736875a530bd4a99d94f1c4
diagnostics,logs/diagnostics/canonical-bc-input-metrics-audit-20261003-hydra,logs/diagnostics/canonical-bc-input-metrics-audit-20261003-hydra/.hydra/hydra.yaml,3795,72f63a2072c5278ab1a0511cecc60233e73e4e219a4562f17f8e7aafc71d4383
diagnostics,logs/diagnostics/canonical-bc-input-metrics-audit-20261003-hydra,logs/diagnostics/canonical-bc-input-metrics-audit-20261003-hydra/.hydra/overrides.yaml,194,b3613bbbb383c04548eb30a9c540bf76804733c4bea0897b7fc6e59d58af40ba
diagnostics,logs/diagnostics/canonical-bc-paired-games-20261003,logs/diagnostics/canonical-bc-paired-games-20261003/paired-games.csv,1886,b38a821d270dc233c99e31e41314d76f74cf2c8142d3a3b7483094f5ac1e7d87
diagnostics,logs/diagnostics/canonical-bc-paired-games-20261003,logs/diagnostics/canonical-bc-paired-games-20261003/summary.json,14087,c88e850038f345c7a48ab20d91845cca383ceebced3fb38bc8029091818e0632
diagnostics,logs/diagnostics/canonical-bc-preflight-20261003,logs/diagnostics/canonical-bc-preflight-20261003/actual-start.json,328,e18ef951d90d868c80ed55b31598f1d6f29d65759f659adb4e28325304e4f514
diagnostics,logs/diagnostics/canonical-bc-preflight-20261003,logs/diagnostics/canonical-bc-preflight-20261003/summary.json,15639,a585d7c039464f8c39904ce9b360142b03a1044e6f643b9e1422b20706970671
diagnostics,logs/diagnostics/canonical-compaction-profile-20261003,logs/diagnostics/canonical-compaction-profile-20261003/equivalence.json,2877,7801e1ca22bf2caab644e84e1724d1635244a8e9dcc7941b6c28c1e44ca51479
diagnostics,logs/diagnostics/canonical-compaction-profile-20261003,logs/diagnostics/canonical-compaction-profile-20261003/summary.json,16567,c9e475fdbf6a3979b6ffaa8990d5a6ce9a991c100f876b222288e0b94cd4dc59
diagnostics,logs/diagnostics/canonical-coverage-20261003,logs/diagnostics/canonical-coverage-20261003/audit.json,4038,a002c15f9ed8c6d73483e033d6df12d4473f20c2facfd890bfe7cad7c49d8170
diagnostics,logs/diagnostics/canonical-coverage-20261003,logs/diagnostics/canonical-coverage-20261003/config.yaml,911,aa81e3e022da889e2c93f431f0fc20fbf6023f4148222240217138cf1e06080d
diagnostics,logs/diagnostics/canonical-coverage-20261003,logs/diagnostics/canonical-coverage-20261003/identity.json,25402,30291d81d6d8b79549837f10abbef096ef2cc62a20eabfb35a4eb8f8425a39e4
diagnostics,logs/diagnostics/canonical-coverage-20261003,logs/diagnostics/canonical-coverage-20261003/probability-index.json,10211,22e35d4378d5eca75552c9cf791b706785fe8c6591e40ec21b3c9ddfbae22f80
diagnostics,logs/diagnostics/canonical-coverage-20261003,logs/diagnostics/canonical-coverage-20261003/result.json,103441,6018bfc424138dea1047898f608922299e5b487e9bc2c601c262382beb9cb9ab
diagnostics,logs/diagnostics/change-supervision-preflight-20261002,logs/diagnostics/change-supervision-preflight-20261002/summary.json,31446,75c6ca48ee30b7cfda8816883736a44d3c22f52f223d822550587f35c6f3893a
diagnostics,logs/diagnostics/change-supervision-retention-20261002,logs/diagnostics/change-supervision-retention-20261002/audit.json,10986,1296f2f76f904906e5d1c7b4db6fc42c7875c9cd99943c501fb6432e5fd00203
diagnostics,logs/diagnostics/change-supervision-retention-20261002,logs/diagnostics/change-supervision-retention-20261002/config.yaml,743,76a5a5c1935a4e8b5d734ce034036589b979cfd2a66c3ddb248812e26de68a88
diagnostics,logs/diagnostics/change-supervision-retention-20261002,logs/diagnostics/change-supervision-retention-20261002/identity.json,20276,920402f919f989af099a2074d044c59dc11851e7055cbbf23ca08dc0c11bd11e
diagnostics,logs/diagnostics/change-supervision-retention-20261002,logs/diagnostics/change-supervision-retention-20261002/result.json,50958,ad2d79cb102b253cd2e4ecdb50eb86496fcd11ddfb2a7e40e735e90dd93567a8
diagnostics,logs/diagnostics/change-supervision-training-20261002,logs/diagnostics/change-supervision-training-20261002/full_god_evaluations.json,2933,14249e7bb3531c7a8081831db31271e04bcc013da989579593deb76df19280b6
diagnostics,logs/diagnostics/change-supervision-training-20261002,logs/diagnostics/change-supervision-training-20261002/summary.json,4857,9f735166f1ca15564d752d1324368773bb5e714db22035ec747eb7b11510c521
diagnostics,logs/diagnostics/clone-teacher-actions-20261001,logs/diagnostics/clone-teacher-actions-20261001/clone/config.yaml,16214,2e71b4f894e3aa08fdc503d5a568700da881a8cbaa08b9d47a7a0baef990c673
diagnostics,logs/diagnostics/clone-teacher-actions-20261001,logs/diagnostics/clone-teacher-actions-20261001/clone/result.json,51469,d3c4e1fa669ed0e5664babbb7926d2d87f83bd2118b716e6bd4e43e4f446b212
diagnostics,logs/diagnostics/clone-teacher-actions-20261001,logs/diagnostics/clone-teacher-actions-20261001/summary.json,206733,2afa2e70aa161c6ef4c28fbe4a1eebecc67deb6cce54b283022f806e50217a14
diagnostics,logs/diagnostics/clone-teacher-actions-20261001,logs/diagnostics/clone-teacher-actions-20261001/teacher/config.yaml,16552,eb5ce3b3e266e613dc63fa4ba4558045c713cb6d001fc5e265d0de4b3d30c270
diagnostics,logs/diagnostics/clone-teacher-actions-20261001,logs/diagnostics/clone-teacher-actions-20261001/teacher/result.json,57970,a54d27edd09ed52bc0802474349e992d4b64500af885c35013200793b4c83364
diagnostics,logs/diagnostics/cloning-change-errors-20261001,logs/diagnostics/cloning-change-errors-20261001/summary.json,4679,8d77032ba79f9350b1a4b5458329353d4075c27d898e01c6918375e31507fc94
diagnostics,logs/diagnostics/cloning-retention-20261001,logs/diagnostics/cloning-retention-20261001/summary.json,2323,f299d45291e416c1ab78c8558a30d4d22b016c3b7d863ca0a9c643168aea9db3
diagnostics,logs/diagnostics/credit-rollout-phase-20261003,logs/diagnostics/credit-rollout-phase-20261003/audit.json,551,d3ad402b67f555258549b9face53ae72245b1ea324eeb11fcfec0e6c7715b94a
diagnostics,logs/diagnostics/credit-rollout-phase-20261003,logs/diagnostics/credit-rollout-phase-20261003/result.json,135799,c18622eed509315abff01c43cbc317139e6fe990596a3aeb3f283d054db32e6b
diagnostics,logs/diagnostics/credit-rollout-phase-20261003-hydra,logs/diagnostics/credit-rollout-phase-20261003-hydra/.hydra/config.yaml,490,e8b9f16a8170bbc95642c6f986832bd8a6839fcf0533b44e7fa569bc242a1b07
diagnostics,logs/diagnostics/credit-rollout-phase-20261003-hydra,logs/diagnostics/credit-rollout-phase-20261003-hydra/.hydra/hydra.yaml,3395,33f740892f6487d16508589fa7c5c1754ff296eae939ab1df4982f42a3e90c89
diagnostics,logs/diagnostics/credit-rollout-phase-20261003-hydra,logs/diagnostics/credit-rollout-phase-20261003-hydra/.hydra/overrides.yaml,3,37517e5f3dc66819f61f5a7bb8ace1921282415f10551d2defa5c3eb0985b570
diagnostics,logs/diagnostics/critic-calibration-audit-20261002,logs/diagnostics/critic-calibration-audit-20261002/combined-validation.json,2127,ad0e750aea8fb8d0650984b098b2d5792ff3d7671c9e870a779c7cfbe3932e70
diagnostics,logs/diagnostics/critic-calibration-audit-20261002,logs/diagnostics/critic-calibration-audit-20261002/expanded-god-evaluations.json,35616,ef048066a3d340b835dc284f33890c9e5a170ee96faccbd412d653cb4a3ba8e9
diagnostics,logs/diagnostics/critic-calibration-audit-20261002,logs/diagnostics/critic-calibration-audit-20261002/fixed-fit.json,1804,db9403b85120d6d1b279e61fc15103d2c65fdec7f522001a87938976b2de88af
diagnostics,logs/diagnostics/critic-calibration-audit-20261002,logs/diagnostics/critic-calibration-audit-20261002/full-god-evaluations.json,22187,94e6ed332dca482f50dca1293e56f91eb43ada2fa680060da8a6dc5691d6dda0
diagnostics,logs/diagnostics/critic-calibration-audit-20261002,logs/diagnostics/critic-calibration-audit-20261002/ppo-training.json,4389,4e6ac14d84da296dd0f3262afd4a02048dadcf119808ececc87c2d7e9a557361
diagnostics,logs/diagnostics/critic-calibration-audit-20261002,logs/diagnostics/critic-calibration-audit-20261002/summary.json,22363,d6da000c303535874ee56f0cc18c833a13136cd1d14d7de4b88f97563fa7f63c
diagnostics,logs/diagnostics/critic-calibration-audit-20261002,logs/diagnostics/critic-calibration-audit-20261002/value-diagnostics.json,12574,9c7231e48a8fa2bc46cbd67b8b301e8cc4031b2dcbc6ad067a52fc9124a6c192
diagnostics,logs/diagnostics/critic-calibration-curves-20261002,logs/diagnostics/critic-calibration-curves-20261002/episode-errors.csv,645,6777d878be99c555bf588c3b68dade61e84b1a099a48894dba811167b481211f
diagnostics,logs/diagnostics/critic-calibration-curves-20261002,logs/diagnostics/critic-calibration-curves-20261002/sources.json,2003,9177acb75d0d124bcb7b0ac4132a9b9df8a0b61c9d921eefb7e2d884be15b008
diagnostics,logs/diagnostics/critic-calibration-curves-20261002,logs/diagnostics/critic-calibration-curves-20261002/validation-mse.csv,419,df7357f419498b4d981950643fcb9732e44e5d2e2b19b16a63631c421e93f515
diagnostics,logs/diagnostics/critic-ppo-fixed-fit-20261002,logs/diagnostics/critic-ppo-fixed-fit-20261002/config.yaml,689,8bacbc14dec3c06fb220efffd233e5258c3ff3aea0923adc901faadf9b8084b6
diagnostics,logs/diagnostics/critic-ppo-fixed-fit-20261002,logs/diagnostics/critic-ppo-fixed-fit-20261002/identity.json,22300,2811c99ce1f7b92fec270ee2bd5cbc81a0355788f06e922a776446365b16a849
diagnostics,logs/diagnostics/critic-ppo-fixed-fit-20261002,logs/diagnostics/critic-ppo-fixed-fit-20261002/result.json,47265,3c22a1fb4dab2e5d4c3c23eb082cfc9fe419401081f897e17f3ee3781bcf4807
diagnostics,logs/diagnostics/curriculum-candidates-retention-20261002,logs/diagnostics/curriculum-candidates-retention-20261002/audit.json,21828,61eb2c22717f12f91143c7d0a761ee1651d5950fa2798df46abf6629428e2cb1
diagnostics,logs/diagnostics/curriculum-candidates-retention-20261002,logs/diagnostics/curriculum-candidates-retention-20261002/config.yaml,1292,b8b7550456f5566898b6add34fd2c3e52dbe58dabc138502c7794770cfa633fc
diagnostics,logs/diagnostics/curriculum-candidates-retention-20261002,logs/diagnostics/curriculum-candidates-retention-20261002/identity.json,20276,2f1b76d32517c7c73dacebeb614e077372c16b9aea9907102b2cd476cb736254
diagnostics,logs/diagnostics/curriculum-candidates-retention-20261002,logs/diagnostics/curriculum-candidates-retention-20261002/result.json,101758,b84783f617bc81b29a449e571d7b08b2e92d919b35d22236eeaed5543c9d017a
diagnostics,logs/diagnostics/curriculum-candidates-training-20261002,logs/diagnostics/curriculum-candidates-training-20261002/full_god_evaluations.json,5652,c40757ccad554e1ca586d6e016d139e5a08f448a7536caa63b124ea2ef40188e
diagnostics,logs/diagnostics/curriculum-candidates-training-20261002,logs/diagnostics/curriculum-candidates-training-20261002/summary.json,14687,9026b7493e0d47ae73782cabeb87387426aa6d11274c04ee3fcb43af62cbc21b
diagnostics,logs/diagnostics/curriculum-feedback-age-20261003,logs/diagnostics/curriculum-feedback-age-20261003/summary.json,56186,a64fb6441655710407e80123ffaabd8112e8143afca8bc484d6d8d897c9aee1c
diagnostics,logs/diagnostics/curriculum-feedback-cadence-comparison-20261003,logs/diagnostics/curriculum-feedback-cadence-comparison-20261003/summary.json,58622,bbea8e3183a703d71a7dbdd3c3ec253aa2bf3b8f3f185545516a21d06bb5d0f5
diagnostics,logs/diagnostics/episode-mixture-65536-20261002,logs/diagnostics/episode-mixture-65536-20261002/progress.json,94837,6ae75c9faa55834d3ea832961e480cd30f3a168c05686560fdcf0f72eb30c4f9
diagnostics,logs/diagnostics/episode-mixture-65536-20261002,logs/diagnostics/episode-mixture-65536-20261002/summary.json,2159,e9fa913c62b2ab0d69c4bce8bc2eaf637386867d856ab12b40ed1bedb432ea2b
diagnostics,logs/diagnostics/episode-mixture-first-update-20261001,logs/diagnostics/episode-mixture-first-update-20261001/summary.json,5679,63b2aae0d3bf3d4f1f907ef37f3e1caaf5b4c68176667c65e66d959d75de791a
diagnostics,logs/diagnostics/episode-mixture-game-audit-20261001,logs/diagnostics/episode-mixture-game-audit-20261001/summary.json,624,3bb7df3f006a103f0b0b5ba70127371fff906ceb9846974cfa991ffd021153e1
diagnostics,logs/diagnostics/episode-mixture-mechanism-curves-20261001,logs/diagnostics/episode-mixture-mechanism-curves-20261001/audit.json,318,cecb36f711c1250850d5a9f87595b48a2ad286edfa1de345cd480bbc365128ea
diagnostics,logs/diagnostics/episode-mixture-mechanism-curves-20261001,logs/diagnostics/episode-mixture-mechanism-curves-20261001/combat_series.json,13418,1fbfab47a24dd61b0edc1d33227b696b54f88c35cb1c10aa9fa96d34af0358f0
diagnostics,logs/diagnostics/episode-mixture-mechanism-curves-20261001,logs/diagnostics/episode-mixture-mechanism-curves-20261001/curriculum_series.json,8063,b4596b35466c701a41b98ff0bc760aea35b581d49a13724b0590f89698bf26e5
diagnostics,logs/diagnostics/episode-mixture-mechanism-curves-20261001,logs/diagnostics/episode-mixture-mechanism-curves-20261001/episode_mechanism_256f/config.yaml,4900,f12046fbcf68754d150c1ebf10824c3878dfe0aa6c7843e578f32894c48bb2e4
diagnostics,logs/diagnostics/episode-mixture-mechanism-curves-20261001,logs/diagnostics/episode-mixture-mechanism-curves-20261001/episode_mechanism_256f/progress.csv,2553,98b961ef7d902a4ad207a862d83b8c6d13fd536048ad1c606d8fa1ff4b840fa1
diagnostics,logs/diagnostics/episode-mixture-mechanism-curves-20261001,logs/diagnostics/episode-mixture-mechanism-curves-20261001/episode_mechanism_256f/progress.json,53339,1ad32bf359444c16df4dda60b9a77154994158dbd666795828607ba2149d6044
diagnostics,logs/diagnostics/episode-mixture-mechanism-curves-20261001,logs/diagnostics/episode-mixture-mechanism-curves-20261001/episode_mechanism_256f/timing.json,1731,96129987a397c0e10df06d6d642c49e04047553a46b13d8a1fde3cac23d5a62f
diagnostics,logs/diagnostics/episode-mixture-mechanism-curves-20261001,logs/diagnostics/episode-mixture-mechanism-curves-20261001/summary.json,16049,eebb66f3e534a0e8bbb1196c87e27e9ee999b687083d722d9daeca2b5c641298
diagnostics,logs/diagnostics/expanded-recurrent-actions-20261001,logs/diagnostics/expanded-recurrent-actions-20261001/expanded/config.yaml,16568,a0b8e02a28118486c55bb6c2e56cbf2c1b8b86a46d3c253c2926cc71056c57ae
diagnostics,logs/diagnostics/expanded-recurrent-actions-20261001,logs/diagnostics/expanded-recurrent-actions-20261001/expanded/result.json,55021,91b981cdf77c9ff0e2970bf4fdf4c9274e69385aa90b6c52587d4a77ea55cb2e
diagnostics,logs/diagnostics/expanded-recurrent-actions-20261001,logs/diagnostics/expanded-recurrent-actions-20261001/original/config.yaml,16465,ba9cb3a9f8cbeb2697bd827ecfa858b0c6d71e47582933ac69d603f5ce98bc60
diagnostics,logs/diagnostics/expanded-recurrent-actions-20261001,logs/diagnostics/expanded-recurrent-actions-20261001/original/result.json,51136,aaf9a0958261a033d5320405571622242b2f0f2f19ed05c84712d32f2ddefae0
diagnostics,logs/diagnostics/expanded-recurrent-actions-20261001,logs/diagnostics/expanded-recurrent-actions-20261001/summary.json,206664,d76f5401a276b931c8d51d58dc58485d003a91207814a98340d363182abe8999
diagnostics,logs/diagnostics/expanded-recurrent-by-dataset-20261001,logs/diagnostics/expanded-recurrent-by-dataset-20261001/full_god_evaluation.json,1006,132ec1841050dad96dbe93f71416e55d4820b476137cfc28885e3554803d1ef1
diagnostics,logs/diagnostics/expanded-recurrent-by-dataset-20261001,logs/diagnostics/expanded-recurrent-by-dataset-20261001/summary.json,3293,e7cdfddc4c0e83755a7050fc418be7f87a891ffc60a79f592045dbb2847d82d0
diagnostics,logs/diagnostics/expanded-teacher-data-20261001,logs/diagnostics/expanded-teacher-data-20261001/summary.json,2973,2e45f14cbfce390ce69194a3a378c99f5f5e8676873e5ff54ccfa85d698c728f
diagnostics,logs/diagnostics/facing-bc-audit-20261003,logs/diagnostics/facing-bc-audit-20261003/games.json,1201,2c4a1f5745329711b66213193cb491c55553e4c824c4a597a411a825a9f79e2d
diagnostics,logs/diagnostics/facing-bc-audit-20261003,logs/diagnostics/facing-bc-audit-20261003/summary.json,4271,7b50ad1e856e20534ba7e1950ac271592239325491f7735aaea9aa3711266c91
diagnostics,logs/diagnostics/facing-bc-input-metrics-audit-20261003,logs/diagnostics/facing-bc-input-metrics-audit-20261003/summary.json,5152,11fc8d32463f1a568ecf6be4ddb1ce86c9cb0f40fb868ffeee1189a1ea1393eb
diagnostics,logs/diagnostics/facing-bc-input-metrics-audit-20261003-hydra,logs/diagnostics/facing-bc-input-metrics-audit-20261003-hydra/.hydra/config.yaml,192,40787b66e7ddc55433642c4951d1e38d90ebb501db22882bf43156e8a191f37d
diagnostics,logs/diagnostics/facing-bc-input-metrics-audit-20261003-hydra,logs/diagnostics/facing-bc-input-metrics-audit-20261003-hydra/.hydra/hydra.yaml,3774,e3e594549321a81b394b710163f263c3a6d529635795dc7bc1490a13fa729513
diagnostics,logs/diagnostics/facing-bc-input-metrics-audit-20261003-hydra,logs/diagnostics/facing-bc-input-metrics-audit-20261003-hydra/.hydra/overrides.yaml,185,f083914c567fba8ba41091659d6936f8e12ba5c7492ea8174490918341b0bf97
diagnostics,logs/diagnostics/facing-bc-preflight-20261003,logs/diagnostics/facing-bc-preflight-20261003/actual-start.json,328,8ead869c62d39750ce22110e0d2fddfbe15a878f726b8bef7d4ab71e5606169f
diagnostics,logs/diagnostics/facing-bc-preflight-20261003,logs/diagnostics/facing-bc-preflight-20261003/summary.json,15528,0749a391e14bac87c02b6f3ab162e94b4adcf6f02cfc6ec2eba952381a5a99cf
diagnostics,logs/diagnostics/facing-br-contract-20261003,logs/diagnostics/facing-br-contract-20261003/summary.json,8505,06f88207950b1f884872ae9b5e589123057b80af1d7e85cd3bd3e7e14d6d61fd
diagnostics,logs/diagnostics/facing-ppo-audit-20261003,logs/diagnostics/facing-ppo-audit-20261003/final-progress.json,978898,a331b5466e3107bf0738007c0053f0f8665d4d52f60e002cca8dac7c819bb9c5
diagnostics,logs/diagnostics/facing-ppo-audit-20261003,logs/diagnostics/facing-ppo-audit-20261003/final.json,13259,38b909b8afe09f70d3c8386df41e8dc6a14528f50e25ecbc1a6c58d2d72ca275
diagnostics,logs/diagnostics/facing-ppo-audit-20261003,logs/diagnostics/facing-ppo-audit-20261003/final_games.json,1191,7f4853cbe3fea506688a1ff911710b6f6abf45e20e093b1ae56223757ee14464
diagnostics,logs/diagnostics/facing-ppo-audit-20261003,logs/diagnostics/facing-ppo-audit-20261003/half-progress.json,466518,87ed86354a4696e891b1d3a3d3380b77b9cac8af5f5abc82b295997bce2c68cc
diagnostics,logs/diagnostics/facing-ppo-audit-20261003,logs/diagnostics/facing-ppo-audit-20261003/half.json,7715,7e5c550c7a4be2c3587d99b006847ddc9334648dc05caa31f3a7ccf5f969cab7
diagnostics,logs/diagnostics/facing-ppo-audit-20261003,logs/diagnostics/facing-ppo-audit-20261003/half_games.json,1201,522ff0233ffe486c6d748fd0120f4e57ceb1b9ac44217aaa9c7d05dc0587b842
diagnostics,logs/diagnostics/facing-ppo-audit-20261003,logs/diagnostics/facing-ppo-audit-20261003/start-progress.json,1886,c8716814ac47b95704fbf3b5144c46f7b1c8e61590ef0e3fc3ccd4c57b0e6355
diagnostics,logs/diagnostics/facing-ppo-audit-20261003,logs/diagnostics/facing-ppo-audit-20261003/start.json,1674,e658fc69e26bd79d8367d6dec0051c3ecfe92c7644370343850924dfede80a68
diagnostics,logs/diagnostics/facing-ppo-final-input-metrics-audit-20261003,logs/diagnostics/facing-ppo-final-input-metrics-audit-20261003/summary.json,5281,0d0acf1176c20aa7bf60537ed3eb9c90bc66d4cb17fdc3d304a87b627e0fbdcf
diagnostics,logs/diagnostics/facing-ppo-final-input-metrics-audit-20261003-hydra,logs/diagnostics/facing-ppo-final-input-metrics-audit-20261003-hydra/.hydra/config.yaml,213,25861db6445904588425d1a3f4b6c32fd23b8730fc23cd3634ce7a5e0067b5e1
diagnostics,logs/diagnostics/facing-ppo-final-input-metrics-audit-20261003-hydra,logs/diagnostics/facing-ppo-final-input-metrics-audit-20261003-hydra/.hydra/hydra.yaml,3823,78c9a57eeac0a597a68ea8d05255582e48533192c91cabb3aeaccf59d9592335
diagnostics,logs/diagnostics/facing-ppo-final-input-metrics-audit-20261003-hydra,logs/diagnostics/facing-ppo-final-input-metrics-audit-20261003-hydra/.hydra/overrides.yaml,206,2b661d5d305431e93719216c633b89727d9d10c74728364fadd7f5a585ab804c
diagnostics,logs/diagnostics/facing-ppo-half-input-metrics-audit-20261003,logs/diagnostics/facing-ppo-half-input-metrics-audit-20261003/summary.json,5261,4a4a4b63817b8a307215fa54451b4a5c6fcd82b571c83bc024ab715b1504b069
diagnostics,logs/diagnostics/facing-ppo-half-input-metrics-audit-20261003-hydra,logs/diagnostics/facing-ppo-half-input-metrics-audit-20261003-hydra/.hydra/config.yaml,210,a65648d81f7de7c1a48bb85d9ebf8b56bd9ffce1281d2b34df06061f13cd25cc
diagnostics,logs/diagnostics/facing-ppo-half-input-metrics-audit-20261003-hydra,logs/diagnostics/facing-ppo-half-input-metrics-audit-20261003-hydra/.hydra/hydra.yaml,3816,49787b798317ba45c5a5fd3ed78340d7c818a74d05c76805becc74f738024a56
diagnostics,logs/diagnostics/facing-ppo-half-input-metrics-audit-20261003-hydra,logs/diagnostics/facing-ppo-half-input-metrics-audit-20261003-hydra/.hydra/overrides.yaml,203,06cb277796e6fd9f05c2159dca6db9b1e1a4e6a36c44c8cd180fbcafb4d6b7e2
diagnostics,logs/diagnostics/facing-ppo-preflight-20261003,logs/diagnostics/facing-ppo-preflight-20261003/summary.json,9298,298caee90afc84d2e376e5821228c2e84c1be13874514c11da03a569d77b41a8
diagnostics,logs/diagnostics/feedforward-address-preflight-20261003,logs/diagnostics/feedforward-address-preflight-20261003/start-progress.json,8605,246ca145bd340c44d8bee7c0b392c0820994f427fe216c86dd50973be2830f2a
diagnostics,logs/diagnostics/feedforward-address-preflight-20261003,logs/diagnostics/feedforward-address-preflight-20261003/start.json,436,3bc5f9d1452b54b17c55224f007ce5d5b3e3e81a8f2a75508c9f3d14affc6f8f
diagnostics,logs/diagnostics/feedforward-address-preflight-20261003,logs/diagnostics/feedforward-address-preflight-20261003/summary.json,17287,a705cce59c9e49319911fb72e25d982247ed4874410b5bc8c826c065ff5d0403
diagnostics,logs/diagnostics/feedforward-address-retention-20261003,logs/diagnostics/feedforward-address-retention-20261003/audit.json,5820,515051b760029c7553551e29c2a04c7fb411d9e1e1955accccd967090943174f
diagnostics,logs/diagnostics/feedforward-address-retention-20261003,logs/diagnostics/feedforward-address-retention-20261003/config.yaml,575,5e07c959236f000a267fdf8b8c78806c7c50960ff4ef47de2c944eb573f88e06
diagnostics,logs/diagnostics/feedforward-address-retention-20261003,logs/diagnostics/feedforward-address-retention-20261003/identity.json,24176,8de07d406267e84c6f15e90dfbdb2c9d6ed2843216d1886444af3b6e2a9b6b02
diagnostics,logs/diagnostics/feedforward-address-retention-20261003,logs/diagnostics/feedforward-address-retention-20261003/result.json,23825,c97c3f7ced3b20b332f6ab6e5a01b471ead696aa1fbf353918877cd0ba8a2f84
diagnostics,logs/diagnostics/feedforward-address-training-20261003,logs/diagnostics/feedforward-address-training-20261003/full_god_evaluations.json,1318,2ed033965182e88e02eb4afee43d8dfae8b17c20fe070cc4e9df8f0fdb87684d
diagnostics,logs/diagnostics/feedforward-address-training-20261003,logs/diagnostics/feedforward-address-training-20261003/summary.json,2536,af78b82b0a6e5e4db37f7e83a3a731d68d2cdf6f16af9965f4c271fa4d03d855
diagnostics,logs/diagnostics/frequent-feedback-first-update-20261002,logs/diagnostics/frequent-feedback-first-update-20261002/summary.json,5670,c7476135bf413dcf34e08ca677e8eb398f75950a212d6f561c13d1e5eb5463c8
diagnostics,logs/diagnostics/frequent-feedback-preflight-20261002,logs/diagnostics/frequent-feedback-preflight-20261002/summary.json,80598,f307cd8661b7bc763aabad92fa7898d16ef4422063e80def70b2403be3ac4273
diagnostics,logs/diagnostics/frozen-address-action-mix50-20261002,logs/diagnostics/frozen-address-action-mix50-20261002/config.yaml,15098,3db921d4e8cb09bbf06fb5f373c9f65fcf9e340f8482d035741f4edc20cfd36f
diagnostics,logs/diagnostics/frozen-address-action-mix50-20261002,logs/diagnostics/frozen-address-action-mix50-20261002/plan.json,12796,e8861556320f0eef7bfb1e5c31b32082ff9b63842231c9567cb5911ecf89ac8f
diagnostics,logs/diagnostics/frozen-address-action-mix50-20261002,logs/diagnostics/frozen-address-action-mix50-20261002/progress.json,108291,27e6a7a5bbb6a33f92fd92616ce7a3fbde2ded9ec8df3a7d0f13946a1a031e3c
diagnostics,logs/diagnostics/frozen-address-action-mix50-20261002,logs/diagnostics/frozen-address-action-mix50-20261002/replays/80dcb296c52e48019b2a1460d8ba6669/episode-00000001-slot-0.json,199,d6c3662edb8cc7556919108118db24f312931f6bb58f09eacb015a5e551f570a
diagnostics,logs/diagnostics/frozen-address-action-mix50-20261002,logs/diagnostics/frozen-address-action-mix50-20261002/replays/80dcb296c52e48019b2a1460d8ba6669/episode-00000002-slot-4.json,200,a2ef6d8556024a9ef2b18dcaf32adc3462a0525291bd61693bb04475186fcf57
diagnostics,logs/diagnostics/frozen-address-action-mix50-20261002,logs/diagnostics/frozen-address-action-mix50-20261002/replays/80dcb296c52e48019b2a1460d8ba6669/episode-00000003-slot-2.json,199,b9270af56bc1328c31ec9f7b27b232036d5f14d874a7d895b842582f88a50150
diagnostics,logs/diagnostics/frozen-address-action-mix50-20261002,logs/diagnostics/frozen-address-action-mix50-20261002/replays/80dcb296c52e48019b2a1460d8ba6669/episode-00000004-slot-6.json,200,062a567e7b194e0f3ff141d3bbd4639c63034410fef0e96e4e52efcfac1a041e
diagnostics,logs/diagnostics/frozen-address-action-mix50-20261002,logs/diagnostics/frozen-address-action-mix50-20261002/replays/80dcb296c52e48019b2a1460d8ba6669/episode-00000005-slot-5.json,200,647b75d22a65c984f0ff866bad1edd9763ff78e29ae17401dd3d60165f0f16eb
diagnostics,logs/diagnostics/frozen-address-action-mix50-20261002,logs/diagnostics/frozen-address-action-mix50-20261002/replays/80dcb296c52e48019b2a1460d8ba6669/episode-00000006-slot-3.json,200,3ac630b664a5b37cce1b37c0ffcb7caf634249ee74c75fad5e75c6fc1978810b
diagnostics,logs/diagnostics/frozen-address-action-mix50-20261002,logs/diagnostics/frozen-address-action-mix50-20261002/replays/80dcb296c52e48019b2a1460d8ba6669/episode-00000007-slot-1.json,199,eb4024277265119f27d3f26079865368a4694da43d1eb8ea4c53e4b275004f11
diagnostics,logs/diagnostics/frozen-address-action-mix50-20261002,logs/diagnostics/frozen-address-action-mix50-20261002/replays/80dcb296c52e48019b2a1460d8ba6669/episode-00000008-slot-7.json,204,87637439209bc5f818b33690b2a927f10662f6841465d1d6f5b5e1fecc82415b
diagnostics,logs/diagnostics/frozen-address-action-mix50-20261002,logs/diagnostics/frozen-address-action-mix50-20261002/replays/80dcb296c52e48019b2a1460d8ba6669/episode-00000009-slot-6.json,200,e3bde67a3cd21d19914c2856b998b98b6ad2134f0d409dc21cd63d690126e341
diagnostics,logs/diagnostics/frozen-address-action-mix50-20261002,logs/diagnostics/frozen-address-action-mix50-20261002/replays/80dcb296c52e48019b2a1460d8ba6669/episode-00000010-slot-0.json,199,29717e54c81c9c8b7e45e3e221a4d7d81ebadeafbd6d340a9d5195ff04d44dc0
diagnostics,logs/diagnostics/frozen-address-action-mix50-20261002,logs/diagnostics/frozen-address-action-mix50-20261002/replays/80dcb296c52e48019b2a1460d8ba6669/episode-00000011-slot-3.json,200,bb6b3ee2b7a9a96e301fee331c6dfaa6c79a48b4a0af81c2801670d61d15c1b7
diagnostics,logs/diagnostics/frozen-address-action-mix50-20261002,logs/diagnostics/frozen-address-action-mix50-20261002/replays/80dcb296c52e48019b2a1460d8ba6669/episode-00000012-slot-4.json,200,ad38eb151584bcc628b5eb083f35df47f9782d7d78fb81d0ea305abc38c3c9d0
diagnostics,logs/diagnostics/frozen-address-action-mix50-20261002,logs/diagnostics/frozen-address-action-mix50-20261002/replays/80dcb296c52e48019b2a1460d8ba6669/episode-00000013-slot-7.json,200,6b69088e2973d16b4ccb51d1b97de4c43c2e1babf413a557d927c30c3c591a44
diagnostics,logs/diagnostics/frozen-address-action-mix50-20261002,logs/diagnostics/frozen-address-action-mix50-20261002/replays/80dcb296c52e48019b2a1460d8ba6669/episode-00000014-slot-1.json,199,bee2683b7a06a5521c49b67afc2027a23619461eae3e24015586aa6db020586c
diagnostics,logs/diagnostics/frozen-address-action-mix50-20261002,logs/diagnostics/frozen-address-action-mix50-20261002/replays/80dcb296c52e48019b2a1460d8ba6669/episode-00000015-slot-2.json,199,90ce03b43887a7a747e07a6dbb6ba266a9e0189ed6cd240ab1cc63ded5bb372d
diagnostics,logs/diagnostics/frozen-address-action-mix50-20261002,logs/diagnostics/frozen-address-action-mix50-20261002/replays/80dcb296c52e48019b2a1460d8ba6669/episode-00000016-slot-5.json,204,8561a1a510afe92e7d5a73c79e050b5afe09a876912513cc8f0669dcff0f0d86
diagnostics,logs/diagnostics/frozen-address-action-mix50-20261002,logs/diagnostics/frozen-address-action-mix50-20261002/result.json,146848,95b94386f8871f7f934abcba86f0749bbac3fce5fc11577e81e286cb97a026e7
diagnostics,logs/diagnostics/frozen-address-mixtures-audit-20261002,logs/diagnostics/frozen-address-mixtures-audit-20261002/summary.json,8989,ba300a0e4faa571d7dadb62121bac481776b60f039bb0080b0df11a348a07bbf
diagnostics,logs/diagnostics/frozen-address-mixtures-preflight-20261002,logs/diagnostics/frozen-address-mixtures-preflight-20261002/summary.json,17112,51bb5ba6e171a5d5d3dbed23f35157ba5825451a743a4f3102355ab4e0115eaa
diagnostics,logs/diagnostics/frozen-address-noise10-20261002,logs/diagnostics/frozen-address-noise10-20261002/config.yaml,14968,a62358dac8ad7a87e0fc0e2ae3724169fb729bc185bbfaf3ff6ad8902beefebf
diagnostics,logs/diagnostics/frozen-address-noise10-20261002,logs/diagnostics/frozen-address-noise10-20261002/plan.json,3198,f03b8735c51ced5ce7019361fd9919abaf31718723cb5c45019eb7b75d331442
diagnostics,logs/diagnostics/frozen-address-noise10-20261002,logs/diagnostics/frozen-address-noise10-20261002/progress.json,30825,d135f6fcf1a2d7e523a108c1cd96ca8599d15cc8d11f5637327432d5b136a8b9
diagnostics,logs/diagnostics/frozen-address-noise10-20261002,logs/diagnostics/frozen-address-noise10-20261002/replays/ce32eacaa0d94896810b3cad9b5b521a/episode-00000001-slot-3.json,200,16a533064948c8f1c15d596174d286633baec75364e55393f682c84d3b849951
diagnostics,logs/diagnostics/frozen-address-noise10-20261002,logs/diagnostics/frozen-address-noise10-20261002/replays/ce32eacaa0d94896810b3cad9b5b521a/episode-00000002-slot-0.json,199,7fa7b27734600783b395c2b401c8fb71e5d8c640af478a370bb3b47514207ec4
diagnostics,logs/diagnostics/frozen-address-noise10-20261002,logs/diagnostics/frozen-address-noise10-20261002/replays/ce32eacaa0d94896810b3cad9b5b521a/episode-00000003-slot-2.json,199,71d20f6b2afadbcd5a1ebf55a6cd3b2b150111489c0976c233e43a9637549dd9
diagnostics,logs/diagnostics/frozen-address-noise10-20261002,logs/diagnostics/frozen-address-noise10-20261002/replays/ce32eacaa0d94896810b3cad9b5b521a/episode-00000004-slot-1.json,204,cb8f84b01a723e76e23f37d989128a5656380389904163bca0ac9462e53017ca
diagnostics,logs/diagnostics/frozen-address-noise10-20261002,logs/diagnostics/frozen-address-noise10-20261002/result.json,59283,c330430f998d12a23d7f892996cdda1cc9a908fe6d1f62ee10b7e5649871dacb
diagnostics,logs/diagnostics/frozen-address-noise90-20261002,logs/diagnostics/frozen-address-noise90-20261002/config.yaml,14968,393c61b8c32829699cc65caee4d87d928be383526791ab7618b07841726263f3
diagnostics,logs/diagnostics/frozen-address-noise90-20261002,logs/diagnostics/frozen-address-noise90-20261002/plan.json,3198,cffa58513616f01232557b6298e26f1455a0072951c40939f76a8a73e7dac22e
diagnostics,logs/diagnostics/frozen-address-noise90-20261002,logs/diagnostics/frozen-address-noise90-20261002/progress.json,27461,ce7127c69467d90fd9341f393d58409086dcbf324f40beb5d9b77ad7c33a5fc3
diagnostics,logs/diagnostics/frozen-address-noise90-20261002,logs/diagnostics/frozen-address-noise90-20261002/replays/e4cf4f98ced042dc9bd4a10afd45f49c/episode-00000001-slot-3.json,200,853e60706e0ae44c3e01d70042282c6a1cb675cd09430c0bcf52fc4054c5e50c
diagnostics,logs/diagnostics/frozen-address-noise90-20261002,logs/diagnostics/frozen-address-noise90-20261002/replays/e4cf4f98ced042dc9bd4a10afd45f49c/episode-00000002-slot-1.json,200,741b4123b4bd92a38cc195458a693323e2b6b62d1ca4a7de17cb2d2fbeedda95
diagnostics,logs/diagnostics/frozen-address-noise90-20261002,logs/diagnostics/frozen-address-noise90-20261002/replays/e4cf4f98ced042dc9bd4a10afd45f49c/episode-00000003-slot-2.json,199,904e011c89394dd0fa52e3778edad6a63db5c97abb34bdb419cd9fd48e251a8a
diagnostics,logs/diagnostics/frozen-address-noise90-20261002,logs/diagnostics/frozen-address-noise90-20261002/replays/e4cf4f98ced042dc9bd4a10afd45f49c/episode-00000004-slot-0.json,199,74322b0a769290cbf26e1b3800a84799e9031710f5554ace422940e42b8193a3
diagnostics,logs/diagnostics/frozen-address-noise90-20261002,logs/diagnostics/frozen-address-noise90-20261002/result.json,55611,eaaa0141e5367fc0ef66b40332f798b73abcca0288191fe81184b470d81f3574
diagnostics,logs/diagnostics/frozen-address-uniform-20261002,logs/diagnostics/frozen-address-uniform-20261002/config.yaml,14489,fc5c332c0e0ecf48905ed60c4f06a3e1289eff1a1bc50eb64cebe1a53b8be01a
diagnostics,logs/diagnostics/frozen-address-uniform-20261002,logs/diagnostics/frozen-address-uniform-20261002/plan.json,12796,a866382b2d4de6c46659dd80a381fd75d02891b11fc87dd1d13051be08b32eeb
diagnostics,logs/diagnostics/frozen-address-uniform-20261002,logs/diagnostics/frozen-address-uniform-20261002/progress.json,107793,5bce1bea1d901403ecca8891af991729469ede7735279a7a86eb2c10caf45a12
diagnostics,logs/diagnostics/frozen-address-uniform-20261002,logs/diagnostics/frozen-address-uniform-20261002/replays/0effaeb0fc5e4a7abc58cf38312c7590/episode-00000001-slot-5.json,200,486881bf0c420fbbdd22f970b887172b5ec13f00d2c93bd102cc80413224f7a5
diagnostics,logs/diagnostics/frozen-address-uniform-20261002,logs/diagnostics/frozen-address-uniform-20261002/replays/0effaeb0fc5e4a7abc58cf38312c7590/episode-00000002-slot-2.json,199,40334741fd8189322ecab5ab1560a12394b8d52ab18b82af76a29d4100978f22
diagnostics,logs/diagnostics/frozen-address-uniform-20261002,logs/diagnostics/frozen-address-uniform-20261002/replays/0effaeb0fc5e4a7abc58cf38312c7590/episode-00000003-slot-6.json,200,138d9d1f49354af10c640cad881d5d60d8df7c7a58492a07cb667a1a4ba93cfe
diagnostics,logs/diagnostics/frozen-address-uniform-20261002,logs/diagnostics/frozen-address-uniform-20261002/replays/0effaeb0fc5e4a7abc58cf38312c7590/episode-00000004-slot-4.json,200,65d1c1424b492ee0b831afe811f47d64e9b75aaea261a8aff775313f40a4a1ce
diagnostics,logs/diagnostics/frozen-address-uniform-20261002,logs/diagnostics/frozen-address-uniform-20261002/replays/0effaeb0fc5e4a7abc58cf38312c7590/episode-00000005-slot-7.json,200,cbb6b50b4af911ca443d63495eba3a1d22ca110e538e511207be0b21b8f0ab6c
diagnostics,logs/diagnostics/frozen-address-uniform-20261002,logs/diagnostics/frozen-address-uniform-20261002/replays/0effaeb0fc5e4a7abc58cf38312c7590/episode-00000006-slot-0.json,199,625e8eec7399871b2dbd763908c99eef128b1053dbf4fab477dd946249fb69fe
diagnostics,logs/diagnostics/frozen-address-uniform-20261002,logs/diagnostics/frozen-address-uniform-20261002/replays/0effaeb0fc5e4a7abc58cf38312c7590/episode-00000007-slot-1.json,199,3ac0f2d1c4f8b7aae7da44b7e915f4008ec0c2b223fcf84149572e9e2b49597c
diagnostics,logs/diagnostics/frozen-address-uniform-20261002,logs/diagnostics/frozen-address-uniform-20261002/replays/0effaeb0fc5e4a7abc58cf38312c7590/episode-00000008-slot-3.json,200,f5ea86fb0937bfd96986c7ff5304e37021359b017bdb6194d25717f58c471f51
diagnostics,logs/diagnostics/frozen-address-uniform-20261002,logs/diagnostics/frozen-address-uniform-20261002/replays/0effaeb0fc5e4a7abc58cf38312c7590/episode-00000009-slot-0.json,199,5ad3af6265bf02f2cdd271eda5c2b8f67970a9ef2cc6acb7cd08a298c69a3281
diagnostics,logs/diagnostics/frozen-address-uniform-20261002,logs/diagnostics/frozen-address-uniform-20261002/replays/0effaeb0fc5e4a7abc58cf38312c7590/episode-00000010-slot-4.json,200,be521b406a591056a63a8e0cfa52525dc3a0c2355dfa7391d2b153d0f0c33870
diagnostics,logs/diagnostics/frozen-address-uniform-20261002,logs/diagnostics/frozen-address-uniform-20261002/replays/0effaeb0fc5e4a7abc58cf38312c7590/episode-00000011-slot-7.json,200,475303cd5b0771854900d5974b78751a571d7e66d2da012ba0121943aad76793
diagnostics,logs/diagnostics/frozen-address-uniform-20261002,logs/diagnostics/frozen-address-uniform-20261002/replays/0effaeb0fc5e4a7abc58cf38312c7590/episode-00000012-slot-6.json,200,dbb1bd74d94405fd95a1291dec246572aba7e6518c33eaecc950d3f31924b5fe
diagnostics,logs/diagnostics/frozen-address-uniform-20261002,logs/diagnostics/frozen-address-uniform-20261002/replays/0effaeb0fc5e4a7abc58cf38312c7590/episode-00000013-slot-1.json,199,bb9c376ab51c683017b8016617aeaf055a4265e83b1b8ae4c42836781a33d83b
diagnostics,logs/diagnostics/frozen-address-uniform-20261002,logs/diagnostics/frozen-address-uniform-20261002/replays/0effaeb0fc5e4a7abc58cf38312c7590/episode-00000014-slot-3.json,200,5d6a73404e8b03494314b4e9e0a3dd1690afb9ec6e4ecc86682fe6edf4a30f4c
diagnostics,logs/diagnostics/frozen-address-uniform-20261002,logs/diagnostics/frozen-address-uniform-20261002/replays/0effaeb0fc5e4a7abc58cf38312c7590/episode-00000015-slot-2.json,199,4a8a577fe52d15bcc8faa88f8f1a55a6a454332dae88ffdb171771f849bee29f
diagnostics,logs/diagnostics/frozen-address-uniform-20261002,logs/diagnostics/frozen-address-uniform-20261002/replays/0effaeb0fc5e4a7abc58cf38312c7590/episode-00000016-slot-5.json,200,58b1bd3caa36bffa70ef66b3a7c400544e88d7e32f9dd6405aa6a375859532c9
diagnostics,logs/diagnostics/frozen-address-uniform-20261002,logs/diagnostics/frozen-address-uniform-20261002/result.json,146300,aefabf4d64cb57309c9a0e0bb0b3a19237fd71624ef9e8ea70a0174eb58091fc
diagnostics,logs/diagnostics/frozen-noise-boundary-figure-20261003,logs/diagnostics/frozen-noise-boundary-figure-20261003/audit.json,966,988dbe8b087e338357227d31fe018de45031ea20ff638536b76b60aa1d409b56
diagnostics,logs/diagnostics/frozen-noise-boundary-figure-20261003,logs/diagnostics/frozen-noise-boundary-figure-20261003/rows.csv,820,670dc7a3f948bd3a8e591457155f0cc59e468b9e03e69ffb4c1cd975177b0097
diagnostics,logs/diagnostics/frozen-noise-boundary-figure-20261003,logs/diagnostics/frozen-noise-boundary-figure-20261003/summary.json,2838,f4f49a9e9cd512947f40f7ca5c78185bbee85add0da3670981931b4ce228bb0b
diagnostics,logs/diagnostics/frozen-representation-curves-20261003,logs/diagnostics/frozen-representation-curves-20261003/audit.json,2548,a6e243dfe52593900dd944537ae8797a33777c61611d2c89163b0c11fca06bdf
diagnostics,logs/diagnostics/frozen-representation-curves-20261003,logs/diagnostics/frozen-representation-curves-20261003/combat_series.json,7149,83c284647aa3851eb473b702660d5e1ee42ef0be1e28543b8aebc1fca34ec0f0
diagnostics,logs/diagnostics/frozen-representation-curves-20261003,logs/diagnostics/frozen-representation-curves-20261003/control/config.yaml,5209,4c6e8f2df3f33b9b7de2b948e4535200126b8df09ab4920131ea1686fff42e10
diagnostics,logs/diagnostics/frozen-representation-curves-20261003,logs/diagnostics/frozen-representation-curves-20261003/control/progress.csv,7895,7a4f626bc540d0e70ac7236b4cf6e73607ae73c93929226d9000604d8b2bdf1b
diagnostics,logs/diagnostics/frozen-representation-curves-20261003,logs/diagnostics/frozen-representation-curves-20261003/control/progress.json,37984,a397389a64ddc6d37456dbc7b02ba1f2261a4d7ce126cdfdfe490902e9239363
diagnostics,logs/diagnostics/frozen-representation-curves-20261003,logs/diagnostics/frozen-representation-curves-20261003/control/timing.json,6328,4d7baad6980c9cd388ad2086aa698871e944cbb3bcc9c9077ecc4538c8eebd60
diagnostics,logs/diagnostics/frozen-representation-curves-20261003,logs/diagnostics/frozen-representation-curves-20261003/curriculum_series.json,5100,e8dbc0c88b6d6778a443d4aa61d5af6dc80c5a5c78148c610f694dc606a21987
diagnostics,logs/diagnostics/frozen-representation-curves-20261003,logs/diagnostics/frozen-representation-curves-20261003/frozen/config.yaml,5291,7d56d43bc5b5d529ee88d412d22c28d9cc93b75da8ffa118b4085332892ded5f
diagnostics,logs/diagnostics/frozen-representation-curves-20261003,logs/diagnostics/frozen-representation-curves-20261003/frozen/progress.csv,1938,20ee45b9678959b7cc111231ff671aa7b0fb34aa7c24fb3405c379494ce4e7a8
diagnostics,logs/diagnostics/frozen-representation-curves-20261003,logs/diagnostics/frozen-representation-curves-20261003/frozen/progress.json,1661,9537f2bf8393f7b8ad7f7115d5520efd9fa1d4b8e222a951df1f460442587968
diagnostics,logs/diagnostics/frozen-representation-curves-20261003,logs/diagnostics/frozen-representation-curves-20261003/frozen/timing.json,1841,3147cecad41af1287a3e7336bc582a20b59ec524df8d9fad582f97efef07d441
diagnostics,logs/diagnostics/frozen-representation-curves-20261003,logs/diagnostics/frozen-representation-curves-20261003/summary.json,9308,28a3e5dab622fe8d93fdb615002a76fba72ea291f909f8dab72479850b165a8d
diagnostics,logs/diagnostics/frozen-representation-curves-20261003,logs/diagnostics/frozen-representation-curves-20261003/training_updates.json,18533,c2e78f97d3ff8a4d8dd951bcbf920e33cb005943b9a7746af50d03ee0820545c
diagnostics,logs/diagnostics/frozen-representation-final-curves-20261003,logs/diagnostics/frozen-representation-final-curves-20261003/audit.json,2694,570a91b2558e1e22048b894e038fc079c234c3ba19093cf34aebb920c40f5ebe
diagnostics,logs/diagnostics/frozen-representation-final-curves-20261003,logs/diagnostics/frozen-representation-final-curves-20261003/combat_series.json,13857,4684869f4757b4e9047e11f601a2aa7e4937a4f167498c76d9ff028e58a16447
diagnostics,logs/diagnostics/frozen-representation-final-curves-20261003,logs/diagnostics/frozen-representation-final-curves-20261003/control/config.yaml,5209,4c6e8f2df3f33b9b7de2b948e4535200126b8df09ab4920131ea1686fff42e10
diagnostics,logs/diagnostics/frozen-representation-final-curves-20261003,logs/diagnostics/frozen-representation-final-curves-20261003/control/progress.csv,7895,7a4f626bc540d0e70ac7236b4cf6e73607ae73c93929226d9000604d8b2bdf1b
diagnostics,logs/diagnostics/frozen-representation-final-curves-20261003,logs/diagnostics/frozen-representation-final-curves-20261003/control/progress.json,37984,a397389a64ddc6d37456dbc7b02ba1f2261a4d7ce126cdfdfe490902e9239363
diagnostics,logs/diagnostics/frozen-representation-final-curves-20261003,logs/diagnostics/frozen-representation-final-curves-20261003/control/timing.json,6328,4d7baad6980c9cd388ad2086aa698871e944cbb3bcc9c9077ecc4538c8eebd60
diagnostics,logs/diagnostics/frozen-representation-final-curves-20261003,logs/diagnostics/frozen-representation-final-curves-20261003/curriculum_series.json,8176,809fad851e951607aa73ddb8856f0cd607bd6a7f1de8efcdde7a95a24752527e
diagnostics,logs/diagnostics/frozen-representation-final-curves-20261003,logs/diagnostics/frozen-representation-final-curves-20261003/frozen/config.yaml,5291,7d56d43bc5b5d529ee88d412d22c28d9cc93b75da8ffa118b4085332892ded5f
diagnostics,logs/diagnostics/frozen-representation-final-curves-20261003,logs/diagnostics/frozen-representation-final-curves-20261003/frozen/progress.csv,7764,f38368e0146e9a720916b095ad1b3a0147ea65773f754fd35a31af42060c78ea
diagnostics,logs/diagnostics/frozen-representation-final-curves-20261003,logs/diagnostics/frozen-representation-final-curves-20261003/frozen/progress.json,38633,ca4ff05b40dc750adeeb917d4dbed713a7e0cbcf6c8a1ecd47e64c9501732e90
diagnostics,logs/diagnostics/frozen-representation-final-curves-20261003,logs/diagnostics/frozen-representation-final-curves-20261003/frozen/timing.json,6349,8865d27e8440621e9a9aedb617cf03be4f67cc0d29f07acc9d832c64ff82c269
diagnostics,logs/diagnostics/frozen-representation-final-curves-20261003,logs/diagnostics/frozen-representation-final-curves-20261003/scalar-comparison.json,614,808f626c0ca1ae540bf4940843a570f44fb18289646b461743ae00fb33a8185a
diagnostics,logs/diagnostics/frozen-representation-final-curves-20261003,logs/diagnostics/frozen-representation-final-curves-20261003/summary.json,15765,887ae6fc2dfefdd16cb38c4ab7a094030b6430886949749cf34b143754e1bae1
diagnostics,logs/diagnostics/frozen-representation-final-curves-20261003,logs/diagnostics/frozen-representation-final-curves-20261003/training_updates.json,29471,0473586bdb312ea48c08e2de0ab4e2bf53b644b314bbb7f4bd11469940b9d8a9
diagnostics,logs/diagnostics/greedy-action-behavior-20261001,logs/diagnostics/greedy-action-behavior-20261001/flat_greedy/config.yaml,16275,1eb1c973b0c67b8885cc89a510e047bca600ce9a2d35f6218f962f9c039594f4
diagnostics,logs/diagnostics/greedy-action-behavior-20261001,logs/diagnostics/greedy-action-behavior-20261001/flat_greedy/result.json,45589,acfe22b46506d02f2d40db544ca5793e702653f7d626b99a45ad7656c069eff9
diagnostics,logs/diagnostics/greedy-action-behavior-20261001,logs/diagnostics/greedy-action-behavior-20261001/flat_sample/config.yaml,16214,2e71b4f894e3aa08fdc503d5a568700da881a8cbaa08b9d47a7a0baef990c673
diagnostics,logs/diagnostics/greedy-action-behavior-20261001,logs/diagnostics/greedy-action-behavior-20261001/flat_sample/result.json,51469,d3c4e1fa669ed0e5664babbb7926d2d87f83bd2118b716e6bd4e43e4f446b212
diagnostics,logs/diagnostics/greedy-action-behavior-20261001,logs/diagnostics/greedy-action-behavior-20261001/recurrent_greedy/config.yaml,16524,befec96f9f16412da858da82f4cb23c62c61895a9804c8e9bdb0c824fa135345
diagnostics,logs/diagnostics/greedy-action-behavior-20261001,logs/diagnostics/greedy-action-behavior-20261001/recurrent_greedy/result.json,48588,48fc734c501fe216596de5ab3f77429a882e27f7c615af71fdb18e276d4215ec
diagnostics,logs/diagnostics/greedy-action-behavior-20261001,logs/diagnostics/greedy-action-behavior-20261001/recurrent_ppo/config.yaml,13509,d223a0f27e47a59e26a24b38a051c7589bbc55797a1d1bdaf2c48dd54b89d089
diagnostics,logs/diagnostics/greedy-action-behavior-20261001,logs/diagnostics/greedy-action-behavior-20261001/recurrent_ppo/result.json,52600,bfcb7ec51dbd4eee3306c19a8ffc7a678f2eac4a4ba8eba9c8bf239aee8d72d4
diagnostics,logs/diagnostics/greedy-action-behavior-20261001,logs/diagnostics/greedy-action-behavior-20261001/recurrent_sample/config.yaml,16465,ba9cb3a9f8cbeb2697bd827ecfa858b0c6d71e47582933ac69d603f5ce98bc60
diagnostics,logs/diagnostics/greedy-action-behavior-20261001,logs/diagnostics/greedy-action-behavior-20261001/recurrent_sample/result.json,51136,aaf9a0958261a033d5320405571622242b2f0f2f19ed05c84712d32f2ddefae0
diagnostics,logs/diagnostics/greedy-action-behavior-20261001,logs/diagnostics/greedy-action-behavior-20261001/summary.json,516029,e276144ed89d086570d5e1d10efb293e29812ef1da0b3b47f9dd72c289309d85
diagnostics,logs/diagnostics/greedy-and-recurrent-midpoint-20261001,logs/diagnostics/greedy-and-recurrent-midpoint-20261001/summary.json,4650,d842a45d4d66bd6699f13413d04ec68c2584f081a236efc3872c049478ba7fb2
diagnostics,logs/diagnostics/input-metrics-audit-20261003,logs/diagnostics/input-metrics-audit-20261003/summary.json,2695,ab4bb4765b0c416e3bc8b1024d54833ad28bc24e79385dfe888d7251432f9872
diagnostics,logs/diagnostics/learner-collection-batching-profile-20261002,logs/diagnostics/learner-collection-batching-profile-20261002/result.json,309157,c696c2dfe4f0d73708aafccd4b20892dc1ef9498028daf02ffe0fd7066b991f8
diagnostics,logs/diagnostics/legacy-god-random-logs-20261001,logs/diagnostics/legacy-god-random-logs-20261001/manifest.json,519,2018d782fe46d184b566d9a68d7311a9976bc460d9c127c5827a9f36440ae9f6
diagnostics,logs/diagnostics/long-credit-budget-audit-20261003,logs/diagnostics/long-credit-budget-audit-20261003/final-progress.json,767932,96b531af358c852058c914cdfff35b98e50e5a1029b1e44c24d086ea9939c82c
diagnostics,logs/diagnostics/long-credit-budget-audit-20261003,logs/diagnostics/long-credit-budget-audit-20261003/final.json,41914,f24cbd7ad260e5a49ff2a2fdcb22e3d914e7e551d78008b3fa908626198b8039
diagnostics,logs/diagnostics/long-credit-budget-audit-20261003,logs/diagnostics/long-credit-budget-audit-20261003/final_games.json,1207,8bb8e4701694264a3aee95db945d897ede4e9805e2d3ccdf5ac3c4f2930094ec
diagnostics,logs/diagnostics/long-credit-budget-audit-20261003,logs/diagnostics/long-credit-budget-audit-20261003/half-progress.json,364053,a860a96a9062761ad7da3ad7dc75a5e212f24a1b484dcb14417d34c08eee01b0
diagnostics,logs/diagnostics/long-credit-budget-audit-20261003,logs/diagnostics/long-credit-budget-audit-20261003/half.json,21106,9de8b321318a7a0ff0b055375f5794e81cd91aeb782b15f0a0e471ab51e14794
diagnostics,logs/diagnostics/long-credit-budget-audit-20261003,logs/diagnostics/long-credit-budget-audit-20261003/half_games.json,1240,20ab43c47608065f56b9b698c7e5ba3b9769eddcfa0834aa03fcc7f3336e4485
diagnostics,logs/diagnostics/long-credit-budget-audit-20261003,logs/diagnostics/long-credit-budget-audit-20261003/quarter-progress.json,180028,657114c1d4eebaae8a2540892a01bfb9306d1f718a83d7842fd2679fd17352c8
diagnostics,logs/diagnostics/long-credit-budget-audit-20261003,logs/diagnostics/long-credit-budget-audit-20261003/quarter.json,11600,1c76b13a5ce47b185b1b1767355eddd61f2cb89734d3f8a2696a25c8312b1aed
diagnostics,logs/diagnostics/long-credit-budget-audit-20261003,logs/diagnostics/long-credit-budget-audit-20261003/quarter_games.json,1258,3f56788a39c04f0d0c21c7c8723e66200370d30e90a42b008661c14be91484f8
diagnostics,logs/diagnostics/long-credit-budget-audit-20261003,logs/diagnostics/long-credit-budget-audit-20261003/start-progress.json,1661,a10b558e86c365b1e27a54015ff10a5c7ebd4d1473d3d59a879a4d619f26b809
diagnostics,logs/diagnostics/long-credit-budget-audit-20261003,logs/diagnostics/long-credit-budget-audit-20261003/start.json,1687,b00116367470d21e90985e55a484a4d24fa69727f62a1e7e4662f5cf6f57ed75
diagnostics,logs/diagnostics/long-credit-budget-audit-20261003,logs/diagnostics/long-credit-budget-audit-20261003/three_quarter-progress.json,576751,b565518e52873066a3c1af9256bde0d80da2fb1995e901175aedee047464b6a4
diagnostics,logs/diagnostics/long-credit-budget-audit-20261003,logs/diagnostics/long-credit-budget-audit-20261003/three_quarter.json,32025,1c846367766b0627727b69d677d95280ca124d158f77a942cfd0d8799ed4ab33
diagnostics,logs/diagnostics/long-credit-budget-audit-20261003,logs/diagnostics/long-credit-budget-audit-20261003/three_quarter_games.json,1211,43403dc60dcc30b2c84f13df11001c4578c9ae75e0a0981b42964228d967a4fa
diagnostics,logs/diagnostics/long-credit-budget-preflight-20261003,logs/diagnostics/long-credit-budget-preflight-20261003/summary.json,9279,ef17cfd21481490cea447299460b0a1f72f8785886db2927cd195b434021302d
diagnostics,logs/diagnostics/long-credit-final-input-metrics-audit-20261003,logs/diagnostics/long-credit-final-input-metrics-audit-20261003/summary.json,5430,b5ab648594cbe50e7cec90caf78f59245e39aa37ddae11adc8a1751b9c0f3b58
diagnostics,logs/diagnostics/long-credit-final-input-metrics-audit-20261003-hydra,logs/diagnostics/long-credit-final-input-metrics-audit-20261003-hydra/.hydra/config.yaml,230,a8c7522894fab9fc8ba835703b056afc1b94e7f9abc3122ce17c392b4ba8fce0
diagnostics,logs/diagnostics/long-credit-final-input-metrics-audit-20261003-hydra,logs/diagnostics/long-credit-final-input-metrics-audit-20261003-hydra/.hydra/hydra.yaml,3858,7c0a243211aac839b2ae62fcbb687b5b65a95431d96bdc30a8dd90a76e8b9174
diagnostics,logs/diagnostics/long-credit-final-input-metrics-audit-20261003-hydra,logs/diagnostics/long-credit-final-input-metrics-audit-20261003-hydra/.hydra/overrides.yaml,223,775a71c5601116203df2b78c7665125dc82ba349d86ad2d2221a48d51552d7fe
diagnostics,logs/diagnostics/long-credit-three-quarter-input-metrics-audit-20261003,logs/diagnostics/long-credit-three-quarter-input-metrics-audit-20261003/summary.json,5583,aa97837ef49358a5038bfebaec0858d781f21cc2f0b78bf0d9ba5658644a5924
diagnostics,logs/diagnostics/long-credit-three-quarter-input-metrics-audit-20261003-hydra,logs/diagnostics/long-credit-three-quarter-input-metrics-audit-20261003-hydra/.hydra/config.yaml,254,d39b84c9f781f816317fe12e92a41bbb8a6af78786bded9c092aec1073ca8180
diagnostics,logs/diagnostics/long-credit-three-quarter-input-metrics-audit-20261003-hydra,logs/diagnostics/long-credit-three-quarter-input-metrics-audit-20261003-hydra/.hydra/hydra.yaml,3914,6e414e8c4b5fae275003015bcdb7eb76e434ba0485d8c6d38af778c12c22b1fb
diagnostics,logs/diagnostics/long-credit-three-quarter-input-metrics-audit-20261003-hydra,logs/diagnostics/long-credit-three-quarter-input-metrics-audit-20261003-hydra/.hydra/overrides.yaml,247,291a0636a2bba09f25a12048fae8f2d54b9f2e1d973e40d63f45ca519e077046
diagnostics,logs/diagnostics/low-noise-complete-curves-20261003,logs/diagnostics/low-noise-complete-curves-20261003/evaluations.csv,399,cebd73ee5694b77af6d03de9c2107b1102fdcd17afacafeee73fedc0861b502a
diagnostics,logs/diagnostics/low-noise-complete-curves-20261003,logs/diagnostics/low-noise-complete-curves-20261003/events.csv,14785,8edd251e8b6816a9bd383f1e2ecce62e51eefd560e9754ccf43ec027fea9d91b
diagnostics,logs/diagnostics/low-noise-complete-curves-20261003,logs/diagnostics/low-noise-complete-curves-20261003/summary.json,4209,94677d79cc266cf671433e005b3eef2498a939d1fd048de0c5ed0f602f2ffe29
diagnostics,logs/diagnostics/low-noise-complete-curves-20261003-v2,logs/diagnostics/low-noise-complete-curves-20261003-v2/audit.json,533,e4586174f06d268a2615124bb085dea7820474a786300074ef3de2c54a1904f7
diagnostics,logs/diagnostics/low-noise-complete-curves-20261003-v2,logs/diagnostics/low-noise-complete-curves-20261003-v2/evaluations.csv,399,cebd73ee5694b77af6d03de9c2107b1102fdcd17afacafeee73fedc0861b502a
diagnostics,logs/diagnostics/low-noise-complete-curves-20261003-v2,logs/diagnostics/low-noise-complete-curves-20261003-v2/events.csv,14785,8edd251e8b6816a9bd383f1e2ecce62e51eefd560e9754ccf43ec027fea9d91b
diagnostics,logs/diagnostics/low-noise-complete-curves-20261003-v2,logs/diagnostics/low-noise-complete-curves-20261003-v2/summary.json,4209,cbce2d7d61da3f88184cf3163ad6ffd8484349333c03a2e336d78687e5c605f1
diagnostics,logs/diagnostics/low-noise-complete-curves-20261003-v3,logs/diagnostics/low-noise-complete-curves-20261003-v3/audit.json,533,33b932273155ea1dabd4d3804c59b3e6b608793ba0d4d32e6217e10612a4b8a1
diagnostics,logs/diagnostics/low-noise-complete-curves-20261003-v3,logs/diagnostics/low-noise-complete-curves-20261003-v3/evaluations.csv,399,cebd73ee5694b77af6d03de9c2107b1102fdcd17afacafeee73fedc0861b502a
diagnostics,logs/diagnostics/low-noise-complete-curves-20261003-v3,logs/diagnostics/low-noise-complete-curves-20261003-v3/events.csv,14785,8edd251e8b6816a9bd383f1e2ecce62e51eefd560e9754ccf43ec027fea9d91b
diagnostics,logs/diagnostics/low-noise-complete-curves-20261003-v3,logs/diagnostics/low-noise-complete-curves-20261003-v3/summary.json,4209,7d7dd3e2fd9b9e9dbbb1d76a6461eaaff1d9357418f3b1d952272d693a9ed43f
diagnostics,logs/diagnostics/low-noise-complete-curves-20261003-v3,logs/diagnostics/low-noise-complete-curves-20261003-v3/visual-qa.json,837,45d63fd6f4521e2aeb340fccc8de65c79470ce09e539838d8e3ad17c32155ffe
diagnostics,logs/diagnostics/low-noise-feedback-audit-20261003,logs/diagnostics/low-noise-feedback-audit-20261003/final-progress.json,2982999,0420cc6d7ec2dd53eded7ad695658a016af8f578228cf8937bb41c5a6affcb4f
diagnostics,logs/diagnostics/low-noise-feedback-audit-20261003,logs/diagnostics/low-noise-feedback-audit-20261003/final.json,45876,5499e21a89f06cb79915cb40e1c85b1d71118950c16ef00345fa24e82fd7019a
diagnostics,logs/diagnostics/low-noise-feedback-audit-20261003,logs/diagnostics/low-noise-feedback-audit-20261003/final_games.json,1198,42a16f8ac96c1526efa9ac086d2bf102e9752284a8b6c24c3dcb3e3778c5d7ee
diagnostics,logs/diagnostics/low-noise-feedback-audit-20261003,logs/diagnostics/low-noise-feedback-audit-20261003/half-progress.json,1551245,ec8e994eb937779bee8600b1173d8a72de914955523d1a8cbf2b433e8cdce143
diagnostics,logs/diagnostics/low-noise-feedback-audit-20261003,logs/diagnostics/low-noise-feedback-audit-20261003/half.json,23635,cf33e243b5308e82b3317bea32322ca21560c988b73ee3a0595fe267617e748c
diagnostics,logs/diagnostics/low-noise-feedback-audit-20261003,logs/diagnostics/low-noise-feedback-audit-20261003/half_games.json,1272,bd194a1701bfd37b0919dcc1d22c02013f8a5ec4da4247e065599d8e28674f4c
diagnostics,logs/diagnostics/low-noise-feedback-audit-20261003,logs/diagnostics/low-noise-feedback-audit-20261003/quarter-progress.json,740430,c1d753b81509f46851e323c971ade2ede1ad0b685cf5d0e784c81ebe128b29ff
diagnostics,logs/diagnostics/low-noise-feedback-audit-20261003,logs/diagnostics/low-noise-feedback-audit-20261003/quarter.json,13362,65dc6e6d3f58b8c9c2d32327a95509ad8d718922c25588b06e6fdcb199ffba0a
diagnostics,logs/diagnostics/low-noise-feedback-audit-20261003,logs/diagnostics/low-noise-feedback-audit-20261003/quarter_games.json,1276,66c7667e67404e50401ebb16f1063245a7bf87e4cd68edec266b4cba582a9fc3
diagnostics,logs/diagnostics/low-noise-feedback-audit-20261003,logs/diagnostics/low-noise-feedback-audit-20261003/start-progress.json,1891,55c9c768ce2885d204a172f22fab9b5671da30a0365311a1cbf7115ec486a1d3
diagnostics,logs/diagnostics/low-noise-feedback-audit-20261003,logs/diagnostics/low-noise-feedback-audit-20261003/start.json,1678,4a518d75fad909983479d5db6d9dabf2018c71575ccac2612aa663b100005d0c
diagnostics,logs/diagnostics/low-noise-feedback-audit-20261003,logs/diagnostics/low-noise-feedback-audit-20261003/three_quarter-progress.json,2200036,27683a3d77b2b47ab525574ecd8186f5ceba17a8ef107c9ceb7be2ef32f3599f
diagnostics,logs/diagnostics/low-noise-feedback-audit-20261003,logs/diagnostics/low-noise-feedback-audit-20261003/three_quarter.json,34790,15b16c7291af6c1c987a5c3575d3342a2bbb3ef2137ff4712a44612efd766243
diagnostics,logs/diagnostics/low-noise-feedback-audit-20261003,logs/diagnostics/low-noise-feedback-audit-20261003/three_quarter_games.json,1283,902bf0a020381db83caa78b1f88b4de5e772fcbbf3fc686456f9b69ec9038825
diagnostics,logs/diagnostics/low-noise-feedback-final-input-metrics-audit-20261003,logs/diagnostics/low-noise-feedback-final-input-metrics-audit-20261003/summary.json,5431,f7ace4cad38138f8555698c402e24fc84df96d1d4d77b0823c054f940191fcce
diagnostics,logs/diagnostics/low-noise-feedback-final-input-metrics-audit-20261003-hydra,logs/diagnostics/low-noise-feedback-final-input-metrics-audit-20261003-hydra/.hydra/config.yaml,237,578e34891420fde44d7f5917f4ecfe3a56d31a1ff83cef6884e626a3847a48cd
diagnostics,logs/diagnostics/low-noise-feedback-final-input-metrics-audit-20261003-hydra,logs/diagnostics/low-noise-feedback-final-input-metrics-audit-20261003-hydra/.hydra/hydra.yaml,3879,5ebee870033ed6cfb03f9c56314e63283f99bba1dc80bd89a2add7377448e68e
diagnostics,logs/diagnostics/low-noise-feedback-final-input-metrics-audit-20261003-hydra,logs/diagnostics/low-noise-feedback-final-input-metrics-audit-20261003-hydra/.hydra/overrides.yaml,230,08bcd10fb0e288c820563d74247879ebc058c2cc6dbede2cd027c0659c31a55e
diagnostics,logs/diagnostics/low-noise-feedback-half-input-metrics-audit-20261003,logs/diagnostics/low-noise-feedback-half-input-metrics-audit-20261003/summary.json,5419,aa6fe89a05ad0cd0b5df59a8432f8115c7b6fb372d1ba5273c5b6744c578b7c8
diagnostics,logs/diagnostics/low-noise-feedback-half-input-metrics-audit-20261003-hydra,logs/diagnostics/low-noise-feedback-half-input-metrics-audit-20261003-hydra/.hydra/config.yaml,234,e9f53d370bef768a2a22f3e37265b145a2329062ea55efba46fb51ac19743c7a
diagnostics,logs/diagnostics/low-noise-feedback-half-input-metrics-audit-20261003-hydra,logs/diagnostics/low-noise-feedback-half-input-metrics-audit-20261003-hydra/.hydra/hydra.yaml,3872,58e5593fe5d4042cdbf9534e3399b05245e5d69e351a90214f4d86654e6b88db
diagnostics,logs/diagnostics/low-noise-feedback-half-input-metrics-audit-20261003-hydra,logs/diagnostics/low-noise-feedback-half-input-metrics-audit-20261003-hydra/.hydra/overrides.yaml,227,74fb94fb56ed1436ed190fb2b75fb099899c5862d6173b98a71d0daab55ad3ad
diagnostics,logs/diagnostics/low-noise-feedback-preflight-20261003,logs/diagnostics/low-noise-feedback-preflight-20261003/summary.json,9255,c10cae5d87f5d93913db11ebca5a695c7e720c4ec32d36669f6ecc13dba0f0e5
diagnostics,logs/diagnostics/low-noise-feedback-quarter-input-metrics-audit-20261003,logs/diagnostics/low-noise-feedback-quarter-input-metrics-audit-20261003/summary.json,5471,62ee7c4ef46958b24ed29a18c269aea766750f3482669cf329039d52434542b1
diagnostics,logs/diagnostics/low-noise-feedback-quarter-input-metrics-audit-20261003-hydra,logs/diagnostics/low-noise-feedback-quarter-input-metrics-audit-20261003-hydra/.hydra/config.yaml,243,65a661925a6ce1b0b9a0d023961328707a09762fb3eddf3db453947a62ce295c
diagnostics,logs/diagnostics/low-noise-feedback-quarter-input-metrics-audit-20261003-hydra,logs/diagnostics/low-noise-feedback-quarter-input-metrics-audit-20261003-hydra/.hydra/hydra.yaml,3893,5ad9e64ee0f47f9e0d53136b2a2989ab56e8ca44ab5cb9677da9aca2669ef356
diagnostics,logs/diagnostics/low-noise-feedback-quarter-input-metrics-audit-20261003-hydra,logs/diagnostics/low-noise-feedback-quarter-input-metrics-audit-20261003-hydra/.hydra/overrides.yaml,236,1487f3771a520a96dcf135e828596024f00c9019ba7918a7b6505bdfa21b8235
diagnostics,logs/diagnostics/low-noise-feedback-three_quarter-input-metrics-audit-20261003,logs/diagnostics/low-noise-feedback-three_quarter-input-metrics-audit-20261003/summary.json,5593,9d76f70edf7db45d6ba565aac2c055c3946905af9b98362d891d6e0a42251974
diagnostics,logs/diagnostics/low-noise-feedback-three_quarter-input-metrics-audit-20261003-hydra,logs/diagnostics/low-noise-feedback-three_quarter-input-metrics-audit-20261003-hydra/.hydra/config.yaml,261,5252e18f8c8f4fb8df78a52632e0629201760a8184234a88802a76778324072d
diagnostics,logs/diagnostics/low-noise-feedback-three_quarter-input-metrics-audit-20261003-hydra,logs/diagnostics/low-noise-feedback-three_quarter-input-metrics-audit-20261003-hydra/.hydra/hydra.yaml,3935,3cd41f32d3730073c730a0dc1491779a34d8aa860355b7ab106a14badc759424
diagnostics,logs/diagnostics/low-noise-feedback-three_quarter-input-metrics-audit-20261003-hydra,logs/diagnostics/low-noise-feedback-three_quarter-input-metrics-audit-20261003-hydra/.hydra/overrides.yaml,254,583a34d63327f3cfb655e6b76423091cccb11fafbf2843c1b9cd93578e9ecaa1
diagnostics,logs/diagnostics/main-complete-pure-exposure-20261003,logs/diagnostics/main-complete-pure-exposure-20261003/summary.json,63362,0a76dba7869ec899acef2a2e5e32b35206d930260099aea126ac4d6404f94967
diagnostics,logs/diagnostics/main-zero-noise-20261003,logs/diagnostics/main-zero-noise-20261003/progress.json,306884,a6157d5845c3a6673bdaf86e481fd0f12ee6fd949fcc5727d5a1579dd2e34438
diagnostics,logs/diagnostics/main-zero-noise-20261003,logs/diagnostics/main-zero-noise-20261003/summary.json,3432,4a7b47a3046b256fb3bb3aa6f07a72e3170b684d7f61002e27a43c7f0ace4733
diagnostics,logs/diagnostics/matched-teacher-preflight-20261003,logs/diagnostics/matched-teacher-preflight-20261003/summary.json,22285,d28accb7f53de8092bd6e94ad4a62e3c8c7e8e4d5a0f56bd1f95ebbd4974f85d
diagnostics,logs/diagnostics/model-loading-numerics-20261003,logs/diagnostics/model-loading-numerics-20261003/summary.json,2278,6ddcbba35e38042089c4f8cc9449d26664b1ea8b2f6f501fb6f57c62ce01df22
diagnostics,logs/diagnostics/native-deck-audit-20261003,logs/diagnostics/native-deck-audit-20261003/comparison.json,10643,86add1dfbca0dcff99199a64db6cb8e222b6c4ea85f51d66f149140e5a138cc9
diagnostics,logs/diagnostics/native-deck-audit-20261003,logs/diagnostics/native-deck-audit-20261003/control/parent-functions.json,3641659,d40ffdae93fdc63ea69c364a4df702150ff7c8fc150987b158eb74d2a16e12ef
diagnostics,logs/diagnostics/native-deck-audit-20261003,logs/diagnostics/native-deck-audit-20261003/control/summary.json,5544,f9769173d234ecbbe2b09f4d243c352dcaff81aa571d74e4974e35fe73d75cbf
diagnostics,logs/diagnostics/native-deck-audit-20261003,logs/diagnostics/native-deck-audit-20261003/control/worker-functions.json,501560,49026fffa6e2fb1b2b80629a8edff406b129f068e4c54a025261e63f2ffb613c
diagnostics,logs/diagnostics/native-deck-audit-20261003,logs/diagnostics/native-deck-audit-20261003/profile/parent-functions.json,3644040,a313eaa03075e865c4569eb7fdb0ce3c412e7b94ab88a5935772fe1fa1c40064
diagnostics,logs/diagnostics/native-deck-audit-20261003,logs/diagnostics/native-deck-audit-20261003/profile/summary.json,5480,8376c9a418efa9dfda1ad3540712d6f5323b55ce5d1c25a39c029a3945bae0ee
diagnostics,logs/diagnostics/native-deck-audit-20261003,logs/diagnostics/native-deck-audit-20261003/profile/worker-functions.json,498890,5384116dc4fa8c41426a218fcc3fa5f46c371156e6d8463369d2bf30c514e895
diagnostics,logs/diagnostics/native-deck-audit-20261003,logs/diagnostics/native-deck-audit-20261003/verify/summary.json,6269,7cb8bfb1ea9cae1a77f6de7e9aaccbb10d746acfabe4a8e8637c9536bbda0e24
diagnostics,logs/diagnostics/noise-boundary-audit-125-20261003,logs/diagnostics/noise-boundary-audit-125-20261003/games.json,10257,45bc7fefa493064ceaf7144b59836604e4d5da93f8d2ee50854266e407f9701a
diagnostics,logs/diagnostics/noise-boundary-audit-125-20261003-hydra,logs/diagnostics/noise-boundary-audit-125-20261003-hydra/.hydra/config.yaml,32,1c50af59df8f4489a5944f04d772eda418d9496e55e9f25acc5a60c1981342a8
diagnostics,logs/diagnostics/noise-boundary-audit-125-20261003-hydra,logs/diagnostics/noise-boundary-audit-125-20261003-hydra/.hydra/hydra.yaml,3493,530fdb389a26df38c8a6982c0c3410d7bf2bb770eb7ef298a12ca2252b89237f
diagnostics,logs/diagnostics/noise-boundary-audit-125-20261003-hydra,logs/diagnostics/noise-boundary-audit-125-20261003-hydra/.hydra/overrides.yaml,34,acbe3cc618949ec67da3f7a09060226382e03aaef3aa2af9e19ac3b83b4abeb7
diagnostics,logs/diagnostics/noise-boundary-audit-250-20261003,logs/diagnostics/noise-boundary-audit-250-20261003/games.json,10186,7c7fae3cda46b3f67f14edaacd020b83ff1bb2e60c8553aa0d4e6a216da0941f
diagnostics,logs/diagnostics/noise-boundary-audit-250-20261003-hydra,logs/diagnostics/noise-boundary-audit-250-20261003-hydra/.hydra/config.yaml,31,d6dc0e1f5ecb59597b06d0d6629a66232b5e5164b977c20c26599e4405ee98e0
diagnostics,logs/diagnostics/noise-boundary-audit-250-20261003-hydra,logs/diagnostics/noise-boundary-audit-250-20261003-hydra/.hydra/hydra.yaml,3491,385e11e58b3507f0936d92510bda1f6256bfe1f766ee7f5b40aa157d41cc7cc3
diagnostics,logs/diagnostics/noise-boundary-audit-250-20261003-hydra,logs/diagnostics/noise-boundary-audit-250-20261003-hydra/.hydra/overrides.yaml,33,5b15ab057b91e86a7eb6c88a8dc0c0f77cd17059a1b26f48cd70186ffcf5f1d8
diagnostics,logs/diagnostics/noise-boundary-gate-reference-20261003,logs/diagnostics/noise-boundary-gate-reference-20261003/summary.json,5320,bfbb1b23400e9bd80769b062710567d570c2777edec32f8d67086229e553ce6e
diagnostics,logs/diagnostics/noise-boundary-inputs-125-20261003,logs/diagnostics/noise-boundary-inputs-125-20261003/summary.json,5333,4bc7a90296df69fa34410e221d587b5fb5a08284d4e25097a88b25fec57bd746
diagnostics,logs/diagnostics/noise-boundary-inputs-125-20261003-hydra,logs/diagnostics/noise-boundary-inputs-125-20261003-hydra/.hydra/config.yaml,207,cb6902ba0e075e112b16b3faba8e5a70a7311dfed4a61392e0fbdf490f3d3b59
diagnostics,logs/diagnostics/noise-boundary-inputs-125-20261003-hydra,logs/diagnostics/noise-boundary-inputs-125-20261003-hydra/.hydra/hydra.yaml,3800,e8edc03341a9788a856578e5c2e557042537fff8b2acc5a084636cacaf9962cc
diagnostics,logs/diagnostics/noise-boundary-inputs-125-20261003-hydra,logs/diagnostics/noise-boundary-inputs-125-20261003-hydra/.hydra/overrides.yaml,200,899a91f1195818e1f0ae3df5b56a2944f404348158e0fce306652c2311f2faee
diagnostics,logs/diagnostics/noise-boundary-inputs-250-20261003,logs/diagnostics/noise-boundary-inputs-250-20261003/summary.json,5334,683f1bd565e6b534af3693af4e25ac9900e9620f952101d339e8dfcc61f99873
diagnostics,logs/diagnostics/noise-boundary-inputs-250-20261003-hydra,logs/diagnostics/noise-boundary-inputs-250-20261003-hydra/.hydra/config.yaml,207,7400d87f7ad5fa6bd86535f048ffd0467480f5082481501d2101267551475ffb
diagnostics,logs/diagnostics/noise-boundary-inputs-250-20261003-hydra,logs/diagnostics/noise-boundary-inputs-250-20261003-hydra/.hydra/hydra.yaml,3800,5a71e2de56cc803dcdf17d6abf6aef193c14b389fd7be6c9f7091bb1863fdc11
diagnostics,logs/diagnostics/noise-boundary-inputs-250-20261003-hydra,logs/diagnostics/noise-boundary-inputs-250-20261003-hydra/.hydra/overrides.yaml,200,61def984fd7d85f8da667143b3b90263b3d59156bfc3a811130d6bae1472bfb3
diagnostics,logs/diagnostics/noise-boundary-preflight-20261003,logs/diagnostics/noise-boundary-preflight-20261003/actual-start.json,482,2dd3e8b6a63c6d46416019ebe0b0db4abafd349d38dccb7bf22dddd4c26241ea
diagnostics,logs/diagnostics/noise-boundary-preflight-20261003,logs/diagnostics/noise-boundary-preflight-20261003/summary.json,391,b200d2ba5ea9e808d09124af2a7a677901ef88d0f11526adffb740c098562a20
diagnostics,logs/diagnostics/noisy-bc-audit-20261003,logs/diagnostics/noisy-bc-audit-20261003/games.json,3295,463b5e59d3c2dad15e6c74e14f726560ab8c25d703a69d9d241c994d1b519f13
diagnostics,logs/diagnostics/noisy-bc-audit-20261003,logs/diagnostics/noisy-bc-audit-20261003/initial.json,459,d93131a8edc175c84b08d0b20a9318ccebd74fb1126c973ade570f3d2ba0e32a
diagnostics,logs/diagnostics/noisy-bc-audit-20261003,logs/diagnostics/noisy-bc-audit-20261003/summary.json,4238,bcba200c578e227d8fc331b6a1e2a949d0578596ced9346845317628c9260fda
diagnostics,logs/diagnostics/noisy-bc-curves-20261003,logs/diagnostics/noisy-bc-curves-20261003/audit.json,488,7dc2dd3c6fc30f7f8905541050e66e3ff300617912d3a9007c420cc3521a962e
diagnostics,logs/diagnostics/noisy-bc-curves-20261003,logs/diagnostics/noisy-bc-curves-20261003/epochs.csv,2606,0e69f506bb51044eb8bc865a0d1e72339148f5904d8f3b52df63a6e36f76267d
diagnostics,logs/diagnostics/noisy-bc-curves-20261003,logs/diagnostics/noisy-bc-curves-20261003/fixed-fit.csv,3422,3a33c27f9fbe17ee4abf213fecf59d6f13c0ee6073a329ecbb995cacea8629d0
diagnostics,logs/diagnostics/noisy-bc-curves-20261003,logs/diagnostics/noisy-bc-curves-20261003/summary.json,11258,f84eb9f5dc51ab163a0cc97aa156418c3f1bf92521e90f12be2b9397a5486675
diagnostics,logs/diagnostics/noisy-bc-curves-20261003,logs/diagnostics/noisy-bc-curves-20261003/visual-qa.json,621,b9d254d8d835986ece408fdd46e1c5c71a0cdb39b2e5b322a6377f32eeb3ed36
diagnostics,logs/diagnostics/noisy-bc-fit-20261003,logs/diagnostics/noisy-bc-fit-20261003/config.yaml,608,c7b201de46b7b922956d4ba1e13f6f74e2a1bc6181729e99e16127159a042ffd
diagnostics,logs/diagnostics/noisy-bc-fit-20261003,logs/diagnostics/noisy-bc-fit-20261003/identity.json,25516,c3d487e77dc79c7c2d270ac2e1bdd15b157f5a42d21a60db367e97dd669f2c20
diagnostics,logs/diagnostics/noisy-bc-fit-20261003,logs/diagnostics/noisy-bc-fit-20261003/result.json,31419,0004c613568713bf538cdeaec77678acb406a6f2e2a60d2cacff2197990cee40
diagnostics,logs/diagnostics/noisy-bc-fit-audit-20261003,logs/diagnostics/noisy-bc-fit-audit-20261003/summary.json,10438,72cfd235f570d6070097446ad22da80cd7c1cfcd9b0265e4a7b97afc689407e6
diagnostics,logs/diagnostics/noisy-bc-input-metrics-audit-20261003,logs/diagnostics/noisy-bc-input-metrics-audit-20261003/summary.json,5133,f7148504c77e8c7e85324c38a3b37f286e8197da2752002e58872a2632a79df2
diagnostics,logs/diagnostics/noisy-bc-input-metrics-audit-20261003-hydra,logs/diagnostics/noisy-bc-input-metrics-audit-20261003-hydra/.hydra/config.yaml,189,e474bba9aab977a7cf2b01e2f246a50cbac8bddac4726e878224b596bd74274e
diagnostics,logs/diagnostics/noisy-bc-input-metrics-audit-20261003-hydra,logs/diagnostics/noisy-bc-input-metrics-audit-20261003-hydra/.hydra/hydra.yaml,3767,e8bc2bbedea06ee4883d5910ede7102f68e6b81580cfac8cbf402ed852035c05
diagnostics,logs/diagnostics/noisy-bc-input-metrics-audit-20261003-hydra,logs/diagnostics/noisy-bc-input-metrics-audit-20261003-hydra/.hydra/overrides.yaml,182,9b6053c6065105553a0235e4eeab58f708806f688578f2d2a3b93d106a09501b
diagnostics,logs/diagnostics/noisy-bc-preflight-20261003,logs/diagnostics/noisy-bc-preflight-20261003/summary.json,16484,50d30a882c0eb1677b85e20dc6fda1178286f5dc4bfd91651e7b623cf7f941df
diagnostics,logs/diagnostics/noisy-bc-windows-20261003,logs/diagnostics/noisy-bc-windows-20261003/config.yaml,384,caa2929a2b0af3076fe3f01359eb831993e38c21c4557230843a0e960420f1ab
diagnostics,logs/diagnostics/noisy-bc-windows-20261003,logs/diagnostics/noisy-bc-windows-20261003/result.json,26206,10ad998d9797f346f2c4abf611835d287150504e8550c5848a3163563bdf4406
diagnostics,logs/diagnostics/noisy-teacher-audit-20261003,logs/diagnostics/noisy-teacher-audit-20261003/summary.json,55943,7b50cf79cb724a740d96039453a88eeae8de7dc6e7526ec599aea2f0aeca53f3
diagnostics,logs/diagnostics/noisy-teacher-fit-20261003,logs/diagnostics/noisy-teacher-fit-20261003/config.yaml,404,bc2e5a18a25633dc649f8c1f74403465ebc3379316dfeb6508742393d79e3352
diagnostics,logs/diagnostics/noisy-teacher-fit-20261003,logs/diagnostics/noisy-teacher-fit-20261003/identity.json,25516,c3d487e77dc79c7c2d270ac2e1bdd15b157f5a42d21a60db367e97dd669f2c20
diagnostics,logs/diagnostics/noisy-teacher-fit-20261003,logs/diagnostics/noisy-teacher-fit-20261003/result.json,8524,03925f2b7d0bb29a99a4b67ea47bb5a3218af27abbb4f530f614169353659108
diagnostics,logs/diagnostics/noisy-teacher-fit-audit-20261003,logs/diagnostics/noisy-teacher-fit-audit-20261003/summary.json,11801,994ef8aedf38748dd02d18c7a882788e75e0a608c0a865af96cab84e75d640d1
diagnostics,logs/diagnostics/noisy-teacher-noise-fit-20261003,logs/diagnostics/noisy-teacher-noise-fit-20261003/config.yaml,586,281ca932798da87976b723f5a7bdaddeaa41e692918ea43f1846e5a07b935a18
diagnostics,logs/diagnostics/noisy-teacher-noise-fit-20261003,logs/diagnostics/noisy-teacher-noise-fit-20261003/identity.json,25516,c3d487e77dc79c7c2d270ac2e1bdd15b157f5a42d21a60db367e97dd669f2c20
diagnostics,logs/diagnostics/noisy-teacher-noise-fit-20261003,logs/diagnostics/noisy-teacher-noise-fit-20261003/probability-index.json,2661,dbc5e88299e66a61bc9044ce582270729e6f5db940be057e2bb139ecda39567c
diagnostics,logs/diagnostics/noisy-teacher-noise-fit-20261003,logs/diagnostics/noisy-teacher-noise-fit-20261003/result.json,20682,461840dc7f18fc32eab7acfe387dc4f9d9af408878c6a6eee26961c9091f66f4
diagnostics,logs/diagnostics/noisy-teacher-noise-fit-audit-20261003,logs/diagnostics/noisy-teacher-noise-fit-audit-20261003/summary.json,4086,6746acc8de33c1cf2e758bac6b215d794e874db2af299fe1ea7c699e293b61e3
diagnostics,logs/diagnostics/noisy-teacher-windows-20261003,logs/diagnostics/noisy-teacher-windows-20261003/config.yaml,408,27c1a8faa555341e9e552dfd96678aadf8422630c564de4a7394e62a43b6e3eb
diagnostics,logs/diagnostics/noisy-teacher-windows-20261003,logs/diagnostics/noisy-teacher-windows-20261003/result.json,26171,4d6d1f8bc9812547bd4d6fc49dc8782425c446e06a0995655a13de8526963ada
diagnostics,logs/diagnostics/numeric-combat-by-dataset-and-seat-20261001,logs/diagnostics/numeric-combat-by-dataset-and-seat-20261001/audit.json,1100,a599afab9be5310a52c31e6f23d0f7fb60d27b21099a587f7c857e3be71bc893
diagnostics,logs/diagnostics/numeric-combat-by-dataset-and-seat-20261001,logs/diagnostics/numeric-combat-by-dataset-and-seat-20261001/config.yaml,774,6dbef6bb0660e0ac8bf9837f979588816ca9c0f5219ae96663ab545fbb9e8e02
diagnostics,logs/diagnostics/numeric-combat-by-dataset-and-seat-20261001,logs/diagnostics/numeric-combat-by-dataset-and-seat-20261001/identity.json,20164,1bd6b53c4a652d9e535a44a28324c552fab3b512bef8ca35f201858fc521c061
diagnostics,logs/diagnostics/numeric-combat-by-dataset-and-seat-20261001,logs/diagnostics/numeric-combat-by-dataset-and-seat-20261001/result.json,50968,d8d160d71e18df3314d766b02efab835c74496cf5da00f10e4cab9e1636977aa
diagnostics,logs/diagnostics/numeric-combat-configuration-20261001,logs/diagnostics/numeric-combat-configuration-20261001/fit.json,569,3a8bcd312f10b6f7598bc1866d2429cd49d022dc52294847caf9269cd969977e
diagnostics,logs/diagnostics/numeric-combat-configuration-20261001,logs/diagnostics/numeric-combat-configuration-20261001/summary.json,2840,916b130a1204afcaa59f2f1a968959a82dd4db411f1770610dc5ea1be4771993
diagnostics,logs/diagnostics/offline-snapshot-audit-20261003,logs/diagnostics/offline-snapshot-audit-20261003/control/parent-functions.json,3641444,30b2d704eba6489e190d6328c620aec5e3ae996872afa95ebc471721e736270f
diagnostics,logs/diagnostics/offline-snapshot-audit-20261003,logs/diagnostics/offline-snapshot-audit-20261003/control/summary.json,4890,b1d5db6344accebaca9f0dcfc4b5f79bba30bdd520d98afdd5b1aa07ad88b183
diagnostics,logs/diagnostics/offline-snapshot-audit-20261003,logs/diagnostics/offline-snapshot-audit-20261003/control/worker-functions.json,488991,35872e28307ae7a1475d9064d09a13745d5dc5a0e656af7aa7f3b18fb59720ad
diagnostics,logs/diagnostics/offline-snapshot-audit-20261003,logs/diagnostics/offline-snapshot-audit-20261003/initial-failure.json,2994,5be07b9f74688fb4fdd725db2336ac3aa1b8142d609b5f84a5b2de2bab57c59b
diagnostics,logs/diagnostics/offline-snapshot-audit-20261003,logs/diagnostics/offline-snapshot-audit-20261003/matchups/summary.json,5396,79b289c724198a7dfdb93d54f872b9129e2d63b13aca525beeab72a0589a47a8
diagnostics,logs/diagnostics/offline-snapshot-audit-20261003,logs/diagnostics/offline-snapshot-audit-20261003/profile/parent-functions.json,3646136,d8a4668eff656c079d2a3b0874a9e72a00e77dc961b5a67442037580ec040b77
diagnostics,logs/diagnostics/offline-snapshot-audit-20261003,logs/diagnostics/offline-snapshot-audit-20261003/profile/summary.json,4886,c3cd19b30b4b4dd15fbf9ab8c98e919dfa55f137f925d49f0735fcdc0bfed97e
diagnostics,logs/diagnostics/offline-snapshot-audit-20261003,logs/diagnostics/offline-snapshot-audit-20261003/profile/worker-functions.json,498557,2a90572f0a31a3f22dca3be694b5262a9a37897a389c6188710a8f8d719a2e95
diagnostics,logs/diagnostics/offline-snapshot-audit-20261003,logs/diagnostics/offline-snapshot-audit-20261003/profile-comparison.json,1232,471c0514054409d6f716a253fd431e713a7666367b84027a6c37d3d885a441a8
diagnostics,logs/diagnostics/offline-snapshot-audit-20261003,logs/diagnostics/offline-snapshot-audit-20261003/verify/summary.json,6101,71cf5892c66089b605c0c4ac32a4c9947bd453bf7fbdca4cdc1c58b151db63b5
diagnostics,logs/diagnostics/offline-snapshot-channel-20261003,logs/diagnostics/offline-snapshot-channel-20261003/summary.json,128,0d221c8e2127a3a50411bf82ca392354ba21124e8352325071a3944934a609f9
diagnostics,logs/diagnostics/online-anchor-current-states-fit-20261002,logs/diagnostics/online-anchor-current-states-fit-20261002/config.yaml,598,8082cfdeb8394fee51a4c5228299d95f35f8ad8adadac247eb37ea0978c5f9a5
diagnostics,logs/diagnostics/online-anchor-current-states-fit-20261002,logs/diagnostics/online-anchor-current-states-fit-20261002/identity.json,21054,beae233b5b9f91d1c628f23620a7f1f175e83435a64551ac7dfa8144ab1c45ff
diagnostics,logs/diagnostics/online-anchor-current-states-fit-20261002,logs/diagnostics/online-anchor-current-states-fit-20261002/precision-invocation.json,286,59ec1d32721e1cbc218e24f8f7e4a9e977dc13e3f5cc54b854a4286d98dd248d
diagnostics,logs/diagnostics/online-anchor-current-states-fit-20261002,logs/diagnostics/online-anchor-current-states-fit-20261002/result.json,12198,1b271b1ea3bdf1ed73248599a50e66224a2bb16bad32ea5319ebbb90705fa1bb
diagnostics,logs/diagnostics/online-anchor-current-states-fit-20261002,logs/diagnostics/online-anchor-current-states-fit-20261002/summary-audit.json,2858,aa30c16c8c7001db7a89f7f78dde8b514a30e57ae250004d2b483b0c949e4d8f
diagnostics,logs/diagnostics/online-anchor-lr01-u4-runtime-audit-20261002,logs/diagnostics/online-anchor-lr01-u4-runtime-audit-20261002/full_god_evaluations.json,10457,078bd27312d0b7e3b4e740c611b26d0408d138e6b408fe8b869d8d8b13c90e1a
diagnostics,logs/diagnostics/online-anchor-lr01-u4-runtime-audit-20261002,logs/diagnostics/online-anchor-lr01-u4-runtime-audit-20261002/summary.json,4043,48967c1b1f71892cd5f58eed533f5ffa28056c55517fe8aa18bf60773ee57c79
diagnostics,logs/diagnostics/online-anchor-runtime-audit-20261002,logs/diagnostics/online-anchor-runtime-audit-20261002/full_god_evaluations.json,9593,7115ed2dd3ac151d193e6b602e3f43797d2866fb52bd91ccb6f7320234f88477
diagnostics,logs/diagnostics/online-anchor-runtime-audit-20261002,logs/diagnostics/online-anchor-runtime-audit-20261002/summary.json,4033,a410184b6d554eafed3ec313390e4fdb030cea699acc2908dc9acec1d299c654
diagnostics,logs/diagnostics/online-anchor-states-audit-20261002,logs/diagnostics/online-anchor-states-audit-20261002/summary.json,824,6365e5a07921ca1c5c7e9d521d7dbbf6038d071ebd52cfc61ad3c98d4046018f
diagnostics,logs/diagnostics/online-anchor-strength-20261002,logs/diagnostics/online-anchor-strength-20261002/config.yaml,429,1e573cf087ea73ed7cdf0ffa1c9d48be3e618ab3ea17920df79e3d6628db65a3
diagnostics,logs/diagnostics/online-anchor-strength-20261002,logs/diagnostics/online-anchor-strength-20261002/result.json,1041881,000562eb57652db14d04c8c7569d0c2af6134c6f9cbe6bc1744abc2b1a287ea0
diagnostics,logs/diagnostics/online-anchor-strength-20261002,logs/diagnostics/online-anchor-strength-20261002/summary-audit.json,3049,26fa7295e7ec1126f44619330168487c0435e9216b382fd7ca717c31022cf4d7
diagnostics,logs/diagnostics/online-anchor-strength-curves-20261002,logs/diagnostics/online-anchor-strength-curves-20261002/audit.json,404,1cadd25518360a96af67c3aac192d57e4afd7fd77edcc7bf0300d0832be2471a
diagnostics,logs/diagnostics/online-anchor-strength-curves-20261002,logs/diagnostics/online-anchor-strength-curves-20261002/calibration.csv,694,3090340d7d8611cf23dca4ea6d8a8f8d39a8b8ad424bbfdde279e45fed96b28a
diagnostics,logs/diagnostics/online-anchor-strength-curves-20261002,logs/diagnostics/online-anchor-strength-curves-20261002/memory.csv,4694,5670c99332e76f17031ed6cf655219a1f6d3148b04e33b7903952f1022652eef
diagnostics,logs/diagnostics/online-anchor-strength-curves-20261002,logs/diagnostics/online-anchor-strength-curves-20261002/source-audit.json,3049,26fa7295e7ec1126f44619330168487c0435e9216b382fd7ca717c31022cf4d7
diagnostics,logs/diagnostics/online-anchor-strength-curves-20261002,logs/diagnostics/online-anchor-strength-curves-20261002/source-result.json,1041881,000562eb57652db14d04c8c7569d0c2af6134c6f9cbe6bc1744abc2b1a287ea0
diagnostics,logs/diagnostics/online-teacher-curves-20261003,logs/diagnostics/online-teacher-curves-20261003/audit.json,3258,249014ca67983b732d5256f4a37822721d140fa8a6cf9417ea39fed1a0aa34a2
diagnostics,logs/diagnostics/online-teacher-curves-20261003,logs/diagnostics/online-teacher-curves-20261003/combat_series.json,12183,dba77adcae061180234906f0c1b98265621888dd52099c76b84f345e290d8e02
diagnostics,logs/diagnostics/online-teacher-curves-20261003,logs/diagnostics/online-teacher-curves-20261003/control/config.yaml,5209,4c6e8f2df3f33b9b7de2b948e4535200126b8df09ab4920131ea1686fff42e10
diagnostics,logs/diagnostics/online-teacher-curves-20261003,logs/diagnostics/online-teacher-curves-20261003/control/progress.csv,6657,5cd70e4a2419cf40d6a34ad3f8e347777b5506bf189c8898cca8b103286340f5
diagnostics,logs/diagnostics/online-teacher-curves-20261003,logs/diagnostics/online-teacher-curves-20261003/control/progress.json,35159,88658a39018ff604dd502b4c1882b9be858bc0c960ef9109622542376126f51f
diagnostics,logs/diagnostics/online-teacher-curves-20261003,logs/diagnostics/online-teacher-curves-20261003/control/timing.json,5253,72f63ed4eeffb63373dc6cb0262fa751ecce9abb0e29f0fd4a6518bd0a822090
diagnostics,logs/diagnostics/online-teacher-curves-20261003,logs/diagnostics/online-teacher-curves-20261003/curriculum_series.json,7424,721c7577699d4ee315ed996c5f6570a774dcb3bae383dc12c61560d0e777841c
diagnostics,logs/diagnostics/online-teacher-curves-20261003,logs/diagnostics/online-teacher-curves-20261003/summary.json,16607,23047909fbb1fc7d5432cc2d84f108ba6c2406256cd51502d4fdddad397cff0e
diagnostics,logs/diagnostics/online-teacher-curves-20261003,logs/diagnostics/online-teacher-curves-20261003/teacher/config.yaml,7496,10991a11575857da1fcdb200fb943b3e840bcbb28fd84d52f1bd084f3d583d37
diagnostics,logs/diagnostics/online-teacher-curves-20261003,logs/diagnostics/online-teacher-curves-20261003/teacher/progress.csv,10851,ba7672ff3379dc447be0126ce06dda10bdfb4bd6eac769b0187d124d78a2300b
diagnostics,logs/diagnostics/online-teacher-curves-20261003,logs/diagnostics/online-teacher-curves-20261003/teacher/progress.json,35147,3c0759a4599bdfcf162524355a13d3d6c4ff8e67141552ab0f6e81b0a95b31a9
diagnostics,logs/diagnostics/online-teacher-curves-20261003,logs/diagnostics/online-teacher-curves-20261003/teacher/timing.json,19908,ebaadc409e3f12fe63f7e8a9636100fe6a60d117ea8cac4d58bc1b081ef66c81
diagnostics,logs/diagnostics/online-teacher-curves-20261003,logs/diagnostics/online-teacher-curves-20261003/teacher_series.json,17948,d46c0a3a836a1cd442de9f1259501e52607f13e258b545db76109e5d5dfef410
diagnostics,logs/diagnostics/online-teacher-curves-20261003,logs/diagnostics/online-teacher-curves-20261003/training_updates.json,23715,04102fc8016db626ebe5a5d87d142efde28a650ab671d56915fff31fcdf5f3e5
diagnostics,logs/diagnostics/online-teacher-final-curves-20261003,logs/diagnostics/online-teacher-final-curves-20261003/audit.json,4658,e82be49f39de555a68dae85cea7271c89f976951c6d2753f891e69221f8d4082
diagnostics,logs/diagnostics/online-teacher-final-curves-20261003,logs/diagnostics/online-teacher-final-curves-20261003/combat_series.json,21612,d5deb7fef46dd4c01574988b22edf05a1f1eb98033937596b628af1f60b10d90
diagnostics,logs/diagnostics/online-teacher-final-curves-20261003,logs/diagnostics/online-teacher-final-curves-20261003/control/config.yaml,5209,4c6e8f2df3f33b9b7de2b948e4535200126b8df09ab4920131ea1686fff42e10
diagnostics,logs/diagnostics/online-teacher-final-curves-20261003,logs/diagnostics/online-teacher-final-curves-20261003/control/progress.csv,7895,7a4f626bc540d0e70ac7236b4cf6e73607ae73c93929226d9000604d8b2bdf1b
diagnostics,logs/diagnostics/online-teacher-final-curves-20261003,logs/diagnostics/online-teacher-final-curves-20261003/control/progress.json,37984,a397389a64ddc6d37456dbc7b02ba1f2261a4d7ce126cdfdfe490902e9239363
diagnostics,logs/diagnostics/online-teacher-final-curves-20261003,logs/diagnostics/online-teacher-final-curves-20261003/control/timing.json,6328,4d7baad6980c9cd388ad2086aa698871e944cbb3bcc9c9077ecc4538c8eebd60
diagnostics,logs/diagnostics/online-teacher-final-curves-20261003,logs/diagnostics/online-teacher-final-curves-20261003/curriculum_series.json,12645,ef4361d930be566bd609fb87a1d9df0748d7867c1932dc90930ea3a40d5a46b5
diagnostics,logs/diagnostics/online-teacher-final-curves-20261003,logs/diagnostics/online-teacher-final-curves-20261003/strong/config.yaml,7502,5785d30b1bb30b621ab018276fb6c8c4ef0298adf958bd0ac95b562182c45598
diagnostics,logs/diagnostics/online-teacher-final-curves-20261003,logs/diagnostics/online-teacher-final-curves-20261003/strong/progress.csv,15320,70b21f63493ccce25df2947fdb5c621d8e3538fd8b8ddfebdf5c3834bc231d56
diagnostics,logs/diagnostics/online-teacher-final-curves-20261003,logs/diagnostics/online-teacher-final-curves-20261003/strong/progress.json,38448,0358ef02a57abcce1c5b5f53c2c9b8e150697cce53ca688d4039a8522af8ecbd
diagnostics,logs/diagnostics/online-teacher-final-curves-20261003,logs/diagnostics/online-teacher-final-curves-20261003/strong/timing.json,32866,76a3e291ce1e584bee4ac0908baf7bee09f8e9eb3973b4be7855aaffeb72c0c2
diagnostics,logs/diagnostics/online-teacher-final-curves-20261003,logs/diagnostics/online-teacher-final-curves-20261003/summary.json,23892,25334d497be5c24ce27c8f5c3bbe83b2fa43b73b16a878b03b97c092a3cfdb08
diagnostics,logs/diagnostics/online-teacher-final-curves-20261003,logs/diagnostics/online-teacher-final-curves-20261003/teacher/config.yaml,7496,10991a11575857da1fcdb200fb943b3e840bcbb28fd84d52f1bd084f3d583d37
diagnostics,logs/diagnostics/online-teacher-final-curves-20261003,logs/diagnostics/online-teacher-final-curves-20261003/teacher/progress.csv,13923,ef2922ae8c534bc4d8ffe4845687a85b905a28410a3294ca6bc4a400c7f32f63
diagnostics,logs/diagnostics/online-teacher-final-curves-20261003,logs/diagnostics/online-teacher-final-curves-20261003/teacher/progress.json,43057,9fa1dec653cd57aea9beb8e33aff4af920e37a97bdb4656b05f87d2e3d7656a0
diagnostics,logs/diagnostics/online-teacher-final-curves-20261003,logs/diagnostics/online-teacher-final-curves-20261003/teacher/timing.json,26511,1574399e68b0c9eb34bf9638aa4d8ad642037df5679bd694a64006ed9bd3af53
diagnostics,logs/diagnostics/online-teacher-final-curves-20261003,logs/diagnostics/online-teacher-final-curves-20261003/teacher_series.json,53945,013d079c51c2a246153e1c944c4485f613e40a0c7a48c18482eee0a5e79e3e15
diagnostics,logs/diagnostics/online-teacher-final-curves-20261003,logs/diagnostics/online-teacher-final-curves-20261003/training_updates.json,44051,9e74a8afdc0879954f9344dc09d58acb6128b427cc9b9c5fa4a1c451c090e1f4
diagnostics,logs/diagnostics/online-teacher-final-preflight-20261002,logs/diagnostics/online-teacher-final-preflight-20261002/summary.json,40330,b458e6598f9a3f6e1e17093714e9f632b35c623c1e99d5eca07b674bdfb5e8a0
diagnostics,logs/diagnostics/online-teacher-preflight-20261002,logs/diagnostics/online-teacher-preflight-20261002/summary.json,40271,7a4b3912f3be2b2e63201256cc7f916a3c6778e9b39198f80a4a10c152ef3d61
diagnostics,logs/diagnostics/online-teacher-strong-preflight-20261003,logs/diagnostics/online-teacher-strong-preflight-20261003/summary.json,35256,9ceb6434eb6fc500570946ab95fd405628f1b9ee2a3aad7287b4d4eafae21224
diagnostics,logs/diagnostics/packing-mask-full-20261001,logs/diagnostics/packing-mask-full-20261001/result.json,1989,b6b2377fc13952610caf90cc3cbbd4ba6b7b02267936d13fa7602f19b5ed7901
diagnostics,logs/diagnostics/packing-mask-micro-20261001,logs/diagnostics/packing-mask-micro-20261001/result.json,1991,c661ae0b44dc0e6fff0c99b29d75de26ecf459e11f601e3bb73c89ae1e736c46
diagnostics,logs/diagnostics/paired-observations-20261002,logs/diagnostics/paired-observations-20261002/replays/a295bc2f0e2e43ff9272cf5dc04111ed/episode-00000001-slot-0.json,197,fcddd95993ef60f4222b27cbf897b43f301c6a41c75fd161369901dda21bcf9c
diagnostics,logs/diagnostics/paired-observations-20261002,logs/diagnostics/paired-observations-20261002/replays/a295bc2f0e2e43ff9272cf5dc04111ed/episode-00000002-slot-1.json,197,42d81a7bad174b8e92541bf3e5392eb3a3d5a7460ebe2b232b735dedf191103e
diagnostics,logs/diagnostics/paired-observations-20261002,logs/diagnostics/paired-observations-20261002/replays/a295bc2f0e2e43ff9272cf5dc04111ed/episode-00000003-slot-0.json,197,796e5c3bfa6b12eb1b4a48571e6e9d7fc3497a22e51e00e69ee155aa4f3ba492
diagnostics,logs/diagnostics/paired-observations-20261002,logs/diagnostics/paired-observations-20261002/replays/a295bc2f0e2e43ff9272cf5dc04111ed/episode-00000004-slot-1.json,197,66a4fae1b136cb108d8705f80e91dc595fbba847346989b2d08fbd56082eed06
diagnostics,logs/diagnostics/paired-observations-20261002,logs/diagnostics/paired-observations-20261002/summary.json,247902,5da21333bdc8861ead172c8b042addbb6de69b7c6afafc4a2bbb07f83cb7c58e
diagnostics,logs/diagnostics/ppo-button-prior-b256-20261001,logs/diagnostics/ppo-button-prior-b256-20261001/config.yaml,6726,f91081ccbd6c054bec27b924c58e8f66b9fdd22c1d5642b3da841fe7e53b57dd
diagnostics,logs/diagnostics/ppo-button-prior-b256-20261001,logs/diagnostics/ppo-button-prior-b256-20261001/progress.json,1946,86b4cdf1645553957cc633712c0b221c6c8dd47fc87d4a0eb9ebe5eafeb6d1a4
diagnostics,logs/diagnostics/ppo-button-prior-b256-20261001,logs/diagnostics/ppo-button-prior-b256-20261001/result.json,1945,c658522a3f2f3206c402fa0ddd7b8a5be2877f509ba268df31f505f475a1a67f
diagnostics,logs/diagnostics/ppo-combat-features-b256-20261001,logs/diagnostics/ppo-combat-features-b256-20261001/config.yaml,6615,d7174caabdbe1d4636ec5793c03357183794afb6448258fbe243af77f373fc09
diagnostics,logs/diagnostics/ppo-combat-features-b256-20261001,logs/diagnostics/ppo-combat-features-b256-20261001/progress.json,1829,e528e3152315995f5b9eaebfbce63edc0e760b5f36211f02cc0abbfeca68d943
diagnostics,logs/diagnostics/ppo-combat-features-b256-20261001,logs/diagnostics/ppo-combat-features-b256-20261001/result.json,1828,1a493cc92aea0fd5a68d9188b47834af9f0714223693d1deb95bca02668a4bce
diagnostics,logs/diagnostics/ppo-dqn-merge-compatibility-20261002,logs/diagnostics/ppo-dqn-merge-compatibility-20261002/after.json,746,8566fd7d96af2b4d0bc90233eb4bf7636ba4d3708115124bcc4640ddb7d212d5
diagnostics,logs/diagnostics/ppo-dqn-merge-compatibility-20261002,logs/diagnostics/ppo-dqn-merge-compatibility-20261002/before.json,674,15c8b39759ecfd1ea53931c5320c72da02a473956f3370e2652acbb347a30952
diagnostics,logs/diagnostics/ppo-numeric-20261001,logs/diagnostics/ppo-numeric-20261001/config.yaml,6428,81a4bfb6ca4d05a565f6a28dc5a656490813f0bfeae17ebf453ad6f0bf7697dc
diagnostics,logs/diagnostics/ppo-numeric-20261001,logs/diagnostics/ppo-numeric-20261001/progress.json,1618,2e0ece3bdf803430b7ab599952b9fbe1d1b744f38a9a342fd21072dfc7bbfefb
diagnostics,logs/diagnostics/ppo-numeric-20261001,logs/diagnostics/ppo-numeric-20261001/result.json,1617,43c178830ba5e953a2a3faf8fdd09f4658b9b1b4d148923c2fcab7636a9b5dbc
diagnostics,logs/diagnostics/ppo-persistent-b256-20261001,logs/diagnostics/ppo-persistent-b256-20261001/config.yaml,6830,7b76e134f50417a012954985cb08884818f5c98d5d1f48e44237bd85adf3ff72
diagnostics,logs/diagnostics/ppo-persistent-b256-20261001,logs/diagnostics/ppo-persistent-b256-20261001/progress.json,2057,5f49717c4e10819a113d666dceddbdecb17e3cb1fba5fee793e1edbb9cabc7a6
diagnostics,logs/diagnostics/ppo-persistent-b256-20261001,logs/diagnostics/ppo-persistent-b256-20261001/result.json,2056,9e4e4fbe80c3b983991846e9aa351ee498bfe122c585cc4635e22a9694efaaa6
diagnostics,logs/diagnostics/ppo-throughput-20261001-active-sparse,logs/diagnostics/ppo-throughput-20261001-active-sparse/config.yaml,6431,81c646289a222c422ce09bbf954ddbe6df4e1e266cdb4938ee848f66f7b783b1
diagnostics,logs/diagnostics/ppo-throughput-20261001-active-sparse,logs/diagnostics/ppo-throughput-20261001-active-sparse/progress.json,1621,3e6c75855dda657a108aa9d47b427e748f9a5b00b3983b6ed33483af410dae78
diagnostics,logs/diagnostics/ppo-throughput-20261001-active-sparse,logs/diagnostics/ppo-throughput-20261001-active-sparse/result.json,1620,ce7da131853db6f3787d36155c2a198542d3fb23b30bc0b3aeb957fbe3538acd
diagnostics,logs/diagnostics/ppo-throughput-20261001-active-zlib,logs/diagnostics/ppo-throughput-20261001-active-zlib/config.yaml,6431,d4cd8866242c5542f82614dcfcd0c4094e17179e00181bcdbeff315b1250b78e
diagnostics,logs/diagnostics/ppo-throughput-20261001-active-zlib,logs/diagnostics/ppo-throughput-20261001-active-zlib/progress.json,1617,117cfeeb522107e0c14bc6b0eb43c8b5778a17cc97cf7a4ed44a8113ca2e2710
diagnostics,logs/diagnostics/ppo-throughput-20261001-active-zlib,logs/diagnostics/ppo-throughput-20261001-active-zlib/result.json,1616,ec55b26a9381641d8ccc81d3ea9b3af8389d8064b6cb0c4ecf4eeac4132ff539
diagnostics,logs/diagnostics/ppo-throughput-20261001-sparse,logs/diagnostics/ppo-throughput-20261001-sparse/config.yaml,6381,c5916b855a5015814dee418bd2d77cb0da7bf01aedeecafcfdfa9d68a3ffe50b
diagnostics,logs/diagnostics/ppo-throughput-20261001-sparse,logs/diagnostics/ppo-throughput-20261001-sparse/progress.json,2525,f6470586a30cb5883be30a10b51681e445911a50220030c880b90dd334894c24
diagnostics,logs/diagnostics/ppo-throughput-20261001-sparse,logs/diagnostics/ppo-throughput-20261001-sparse/result.json,2524,5f80cc9afaced93d26d7d6c0243f8f5d2dee35b73f700307d504d7ae00471c90
diagnostics,logs/diagnostics/ppo-throughput-20261001-v1,logs/diagnostics/ppo-throughput-20261001-v1/config.yaml,6377,410df536af4d0bd79a0fc9e69c668a0cab45b0421bdf04d8696508b4b36289d8
diagnostics,logs/diagnostics/ppo-throughput-20261001-v1,logs/diagnostics/ppo-throughput-20261001-v1/progress.json,2509,f574e6b02688b8e0d7c717733ea145d3b73f5a1e9838598713d87eb135ac482b
diagnostics,logs/diagnostics/ppo-throughput-20261001-v1,logs/diagnostics/ppo-throughput-20261001-v1/result.json,2508,58ddc2c6e8b82ab2a4dbddc94e6ff993253039321827ec0afb8a31873958a433
diagnostics,logs/diagnostics/ppo-transfer-dense-b256-20261001,logs/diagnostics/ppo-transfer-dense-b256-20261001/config.yaml,6426,1d27d099f3c4a0bdb3ead36d92aa678bc79a820ac964d5a9956a7974db3ec908
diagnostics,logs/diagnostics/ppo-transfer-dense-b256-20261001,logs/diagnostics/ppo-transfer-dense-b256-20261001/progress.json,1724,12816e7327ec610337c7841bfc2d52d0432f2cb88c91665dcb71e9656b890cd8
diagnostics,logs/diagnostics/ppo-transfer-dense-b256-20261001,logs/diagnostics/ppo-transfer-dense-b256-20261001/result.json,1723,c21dbb02ae2bacf1caab3b04dcfeab0b10b3abf58687dbc3e961589e8c2b9a92
diagnostics,logs/diagnostics/ppo-transfer-dense-b32-20261001,logs/diagnostics/ppo-transfer-dense-b32-20261001/config.yaml,6421,bfbf2715f6c68a9df51663087f69113ff0a4728b92b5c14e7f30960d4caf342a
diagnostics,logs/diagnostics/ppo-transfer-dense-b32-20261001,logs/diagnostics/ppo-transfer-dense-b32-20261001/progress.json,1728,b1c0cd9ccc3a74af9656f6b75ef771ee1acda6215efd083cb353b3dcd7ef35d8
diagnostics,logs/diagnostics/ppo-transfer-dense-b32-20261001,logs/diagnostics/ppo-transfer-dense-b32-20261001/result.json,1727,0a76dc0953e729573f04bb1f7d0225b408b6be0a701d9177b69847c4d17d2f03
diagnostics,logs/diagnostics/ppo-transfer-sparse-b256-20261001,logs/diagnostics/ppo-transfer-sparse-b256-20261001/config.yaml,6589,a46172120b4bf84c6863f94c68b7a20d8cc8d4cf32996df9b894d90f24294903
diagnostics,logs/diagnostics/ppo-transfer-sparse-b256-20261001,logs/diagnostics/ppo-transfer-sparse-b256-20261001/progress.json,1731,9637fa691a6709aa7f3d015af1a11320e0801fc19177474efaf562342ebf0e5c
diagnostics,logs/diagnostics/ppo-transfer-sparse-b256-20261001,logs/diagnostics/ppo-transfer-sparse-b256-20261001/result.json,1730,6e5aacbe8b51ed8a079ca5307e2b4d5f2e0f0da72be31c8c7a66e086cbc4abc1
diagnostics,logs/diagnostics/ppo-transfer-sparse-b32-20261001,logs/diagnostics/ppo-transfer-sparse-b32-20261001/config.yaml,6584,27160238b8484d5a525e371222175de0a986d0664ec673f1968e73faef99614b
diagnostics,logs/diagnostics/ppo-transfer-sparse-b32-20261001,logs/diagnostics/ppo-transfer-sparse-b32-20261001/progress.json,1729,1a66afea4c09a90a04224e0d18fa80b3126d9fef78d09edcb2d80a281b1d7884
diagnostics,logs/diagnostics/ppo-transfer-sparse-b32-20261001,logs/diagnostics/ppo-transfer-sparse-b32-20261001/result.json,1728,16b6d8741eeeede71019f23c9b4a88b45eee4720ef57d6347a0a777aef3b35f1
diagnostics,logs/diagnostics/recurrent-aggregate-by-dataset-and-seat-20261001,logs/diagnostics/recurrent-aggregate-by-dataset-and-seat-20261001/config.yaml,577,8e0b7ac5a93652e9a4fbbf0f9dd2e296d6e274f7e42a32492a39ec0f97526627
diagnostics,logs/diagnostics/recurrent-aggregate-by-dataset-and-seat-20261001,logs/diagnostics/recurrent-aggregate-by-dataset-and-seat-20261001/full_god_evaluation.json,1039,61cd50ade33782fe357a38acc7f209fa4df8fef47706c355084087cf2e7d1280
diagnostics,logs/diagnostics/recurrent-aggregate-by-dataset-and-seat-20261001,logs/diagnostics/recurrent-aggregate-by-dataset-and-seat-20261001/identity.json,20051,96fdbc5466e2a00a2943a0778b767f9b769208bafb3f0255b7102b8654f5b307
diagnostics,logs/diagnostics/recurrent-aggregate-by-dataset-and-seat-20261001,logs/diagnostics/recurrent-aggregate-by-dataset-and-seat-20261001/result.json,12673,6c06ff9405cba9a478cbf3f925b6e9278b05138b1c1550b50766c14490241a80
diagnostics,logs/diagnostics/recurrent-aggregate-initialization-20261001,logs/diagnostics/recurrent-aggregate-initialization-20261001/fit.json,835,fd0f8b6c1d69f06e12839ff2ae34b6d48c9283de2dc1d667304ef9c3df457e9f
diagnostics,logs/diagnostics/recurrent-aggregate-initialization-20261001,logs/diagnostics/recurrent-aggregate-initialization-20261001/summary.json,722,7528679a57e3d158d3ed9086b867eb7c66ccaf3b7cbf4f5a372feaf650e13b6d
diagnostics,logs/diagnostics/recurrent-baselines-by-dataset-and-seat-20261001,logs/diagnostics/recurrent-baselines-by-dataset-and-seat-20261001/config.yaml,750,869d94c8a1f9576ee97a0fe31517c282f0a009de144dfd77cccc5625bca063ab
diagnostics,logs/diagnostics/recurrent-baselines-by-dataset-and-seat-20261001,logs/diagnostics/recurrent-baselines-by-dataset-and-seat-20261001/identity.json,20051,96fdbc5466e2a00a2943a0778b767f9b769208bafb3f0255b7102b8654f5b307
diagnostics,logs/diagnostics/recurrent-baselines-by-dataset-and-seat-20261001,logs/diagnostics/recurrent-baselines-by-dataset-and-seat-20261001/result.json,25209,72a91c4f7694daa467dc1e085461b91c4aa7f7aa524c351beaedb2ab24e64746
diagnostics,logs/diagnostics/recurrent-batch-games-audit-20261003,logs/diagnostics/recurrent-batch-games-audit-20261003/batch.json,6063,ee8fe720819536dd545eed05ada18065e1749e7d3829f1b79caac363ef6ae431
diagnostics,logs/diagnostics/recurrent-batch-games-audit-20261003,logs/diagnostics/recurrent-batch-games-audit-20261003/serial.json,13337,0f12a10408400633cc6d8b68b54122116646ac48f2061e4b35c4f5f50a3488de
diagnostics,logs/diagnostics/recurrent-batch-games-audit-20261003,logs/diagnostics/recurrent-batch-games-audit-20261003/summary.json,4129,7b3b7e40372c66cbc17f7006d6c44edc2e83b63ea631a6c4a559e70f76e84d55
diagnostics,logs/diagnostics/recurrent-batch-games-batch-20261003,logs/diagnostics/recurrent-batch-games-batch-20261003/config.yaml,16847,32e86fb11c53300e81f68ed15dae9e2c6c23f5792b71acb972f8dfc8b42bc112
diagnostics,logs/diagnostics/recurrent-batch-games-batch-20261003,logs/diagnostics/recurrent-batch-games-batch-20261003/numerics.json,1042,124941f6ab013af3232e2a43b2c6540b1122f21b64640c6f87d5c18359aa5bba
diagnostics,logs/diagnostics/recurrent-batch-games-batch-20261003,logs/diagnostics/recurrent-batch-games-batch-20261003/plan.json,12796,266f2b8eb6ee7d48fff9f41927fccc24bb1094609a3555d42854f461f88fdb23
diagnostics,logs/diagnostics/recurrent-batch-games-batch-20261003,logs/diagnostics/recurrent-batch-games-batch-20261003/progress.json,167813,320039a8bb266a082131daf0d008bcc8f67c4f827445d5b2be3674dc66aab288
