kind,run,path,bytes,sha256
diagnostics,logs/diagnostics/br-episode-mixture-game-20261001,logs/diagnostics/br-episode-mixture-game-20261001/replays/c1330d24818f473483cf900688ad197a/episode-00000019-slot-2.json,196,e48ec5ed0e2cedc37258e6150f8495e97c777e7437bf3284b7a64df6652adcb9
diagnostics,logs/diagnostics/br-episode-mixture-game-20261001,logs/diagnostics/br-episode-mixture-game-20261001/replays/c1330d24818f473483cf900688ad197a/episode-00000020-slot-3.json,196,af7b6e545778690699226e2f54c49e77e8ce04564285778d2ff19f3acc2aac0a
diagnostics,logs/diagnostics/br-episode-mixture-game-20261001,logs/diagnostics/br-episode-mixture-game-20261001/result.json,1698,15217be7b157a36e8b4e76e8772bb7ca4a684d2e059471d15fe4ab6952b3bf41
diagnostics,logs/diagnostics/br-episode-mixture-game-20261001,logs/diagnostics/br-episode-mixture-game-20261001/scalars/progress.csv,2553,98b961ef7d902a4ad207a862d83b8c6d13fd536048ad1c606d8fa1ff4b840fa1
diagnostics,logs/diagnostics/br-episode-mixture-game-20261001,logs/diagnostics/br-episode-mixture-game-20261001/timing.json,1731,96129987a397c0e10df06d6d642c49e04047553a46b13d8a1fde3cac23d5a62f
diagnostics,logs/diagnostics/br-input-behavior-20261003,logs/diagnostics/br-input-behavior-20261003/audit.json,273,3dae1fa3cafa14beaa6a5fcc269f9760467a609a884225a1f41bffcef333929c
diagnostics,logs/diagnostics/br-input-behavior-20261003,logs/diagnostics/br-input-behavior-20261003/summary.json,183944,00b8452c10264f9682154e9df29a1283794b7d97c29c230d1bf628a649dc87cb
diagnostics,logs/diagnostics/br-input-metrics-20261003,logs/diagnostics/br-input-metrics-20261003/config.yaml,5022,628b06de1af24af44fb6b4bb247bb3f86166cda24011e212b45de0ce9cc93a39
diagnostics,logs/diagnostics/br-input-metrics-20261003,logs/diagnostics/br-input-metrics-20261003/identity.json,52755,0e6e2bea578fe0e3b31e3bad438a31910dd15a587fbcc14d08afeebb73b890d5
diagnostics,logs/diagnostics/br-input-metrics-20261003,logs/diagnostics/br-input-metrics-20261003/interrupted.curriculum.json,848,b482570c4ca4f84ff488c17408e045c0d25a55d0378ac0fca9d095a16d14f6ab
diagnostics,logs/diagnostics/br-input-metrics-20261003,logs/diagnostics/br-input-metrics-20261003/interrupted.json,1799,3148edc5d13cdb3f98cc8f45fd40c545ffda5342a2ac7e3978fea9b89a796893
diagnostics,logs/diagnostics/br-input-metrics-20261003,logs/diagnostics/br-input-metrics-20261003/result.json,1698,044eac45f38e91166ad6682bb80dfcb537091312c2bf7bcb1ae6b756fc976d3e
diagnostics,logs/diagnostics/br-input-metrics-20261003,logs/diagnostics/br-input-metrics-20261003/scalars/progress.csv,0,e3b0c44298fc1c149afbf4c8996fb92427ae41e4649b934ca495991b7852b855
diagnostics,logs/diagnostics/br-input-metrics-retry-20261003,logs/diagnostics/br-input-metrics-retry-20261003/checkpoints/ppo_1024_steps.curriculum.json,894,17e59ec261a897c27ebae4b8ab327edc7571b30e9160c2f6bd651e49bb9a79ca
diagnostics,logs/diagnostics/br-input-metrics-retry-20261003,logs/diagnostics/br-input-metrics-retry-20261003/checkpoints/ppo_512_steps.curriculum.json,894,32431105814f9081f7844fa04c3593811ddf735a4b849fd6645cf6d0e56a7553
diagnostics,logs/diagnostics/br-input-metrics-retry-20261003,logs/diagnostics/br-input-metrics-retry-20261003/checkpoints/updated_1024_steps.curriculum.json,894,8f274edb0c438fa3cbe7ab2238fd1d5af657ef4c560cc22a55562f6e6f477103
diagnostics,logs/diagnostics/br-input-metrics-retry-20261003,logs/diagnostics/br-input-metrics-retry-20261003/checkpoints/updated_512_steps.curriculum.json,894,f47428abed542a02283a7c970bdeeef32c9092e98c025648c34445b6afeb4173
diagnostics,logs/diagnostics/br-input-metrics-retry-20261003,logs/diagnostics/br-input-metrics-retry-20261003/config.yaml,5028,a98dc40fc244ed6109008758fbd9e1b11fa9a88939ac6bd07be0a78496e6b406
diagnostics,logs/diagnostics/br-input-metrics-retry-20261003,logs/diagnostics/br-input-metrics-retry-20261003/final.curriculum.json,894,8f274edb0c438fa3cbe7ab2238fd1d5af657ef4c560cc22a55562f6e6f477103
diagnostics,logs/diagnostics/br-input-metrics-retry-20261003,logs/diagnostics/br-input-metrics-retry-20261003/identity.json,52755,15636455d26f1f42b9ee8215705819e10741a9ac0e64be90e2e95c7ea6c0e852
diagnostics,logs/diagnostics/br-input-metrics-retry-20261003,logs/diagnostics/br-input-metrics-retry-20261003/progress.json,57742,3106618d250c1b8fd69753752f9862af4bd02a290ebd4004c729815f552142a0
diagnostics,logs/diagnostics/br-input-metrics-retry-20261003,logs/diagnostics/br-input-metrics-retry-20261003/replays/3c2fc8d698034d129d749236fd5af211/episode-00000001-slot-0.json,197,5a93cba027f3ea4aa0c5f47bd2e8a04830cbf42990cbf15001295106a0de601b
diagnostics,logs/diagnostics/br-input-metrics-retry-20261003,logs/diagnostics/br-input-metrics-retry-20261003/replays/3c2fc8d698034d129d749236fd5af211/episode-00000002-slot-1.json,197,cbc90da0ea0c856b412bdb508defaf07efa504244617dc61cb9187874eafb976
diagnostics,logs/diagnostics/br-input-metrics-retry-20261003,logs/diagnostics/br-input-metrics-retry-20261003/replays/3c2fc8d698034d129d749236fd5af211/episode-00000003-slot-0.json,203,1674017e405e03fd9aabde4b41b20a38af78f3304c940fca35b3b856fe7a390c
diagnostics,logs/diagnostics/br-input-metrics-retry-20261003,logs/diagnostics/br-input-metrics-retry-20261003/replays/3c2fc8d698034d129d749236fd5af211/episode-00000004-slot-1.json,203,74601d4cd65d8e4fbee3447bb354466a18fb54bbdb30b1a09f8dbefbb6716407
diagnostics,logs/diagnostics/br-input-metrics-retry-20261003,logs/diagnostics/br-input-metrics-retry-20261003/replays/3c2fc8d698034d129d749236fd5af211/episode-00000005-slot-0.json,196,9e099a05251ce0be17cc5b1cf1e81dca0b5c41d524904895ef736a69c14ad959
diagnostics,logs/diagnostics/br-input-metrics-retry-20261003,logs/diagnostics/br-input-metrics-retry-20261003/replays/3c2fc8d698034d129d749236fd5af211/episode-00000006-slot-1.json,195,6851ba0a826be9d4ebe3ede2f47ceba6d96c227815354481e464aab9924a361a
diagnostics,logs/diagnostics/br-input-metrics-retry-20261003,logs/diagnostics/br-input-metrics-retry-20261003/result.json,1678,06c4e9fcc7b05c7f29019b6fd3edfdd52202448f88a67f88d932080598ff8596
diagnostics,logs/diagnostics/br-input-metrics-retry-20261003,logs/diagnostics/br-input-metrics-retry-20261003/scalars/progress.csv,2152,e78a392ca80e4438180e1fc82c189e863c377885214eb0e55601e11886cd64ce
diagnostics,logs/diagnostics/br-input-metrics-retry-20261003,logs/diagnostics/br-input-metrics-retry-20261003/timing.json,739,004c363b5feed669ecb60202213d2d93ae0edbe7f6c3a7ecae92ee2e530321b4
diagnostics,logs/diagnostics/br-native-deck-control-20261003,logs/diagnostics/br-native-deck-control-20261003/checkpoints/updated_2048_steps.curriculum.json,851,2bec57485d93850667c5abd5c6f859797fbf9829efffed03c3e1a692bc17e22d
diagnostics,logs/diagnostics/br-native-deck-control-20261003,logs/diagnostics/br-native-deck-control-20261003/config.yaml,5362,6daf6ff1c6c95e0b85e2d707c6c30b73eaa6893547928b36039a04ed0184e897
diagnostics,logs/diagnostics/br-native-deck-control-20261003,logs/diagnostics/br-native-deck-control-20261003/final.curriculum.json,851,edd6680187e47c800deb908b2259f4664d526247383fde4a49c67fe95f790b1c
diagnostics,logs/diagnostics/br-native-deck-control-20261003,logs/diagnostics/br-native-deck-control-20261003/identity.json,52546,5aa7a7825a99da26dd29b8e8e0ddbe6c1a0a29c89473c7d6a99a87da66569f3c
diagnostics,logs/diagnostics/br-native-deck-control-20261003,logs/diagnostics/br-native-deck-control-20261003/progress.json,1660,06bb5a4a8bf6486f14a22430062e3bc9eae41e270f5dace9518b00e5210ff36a
diagnostics,logs/diagnostics/br-native-deck-control-20261003,logs/diagnostics/br-native-deck-control-20261003/replays/15316fcb6c1445b7adaa8d918589236d/episode-00000001-slot-0.json,192,d15f1e9ad4ebd8ae581ef75fd963ea70cc7d01332a563191f784d3cd6d24b7c3
diagnostics,logs/diagnostics/br-native-deck-control-20261003,logs/diagnostics/br-native-deck-control-20261003/replays/15316fcb6c1445b7adaa8d918589236d/episode-00000002-slot-1.json,192,d5fa9de054a5c05cdb2c872ad3d5c71dfaf7e73d75cd15e523c318306a54aa15
diagnostics,logs/diagnostics/br-native-deck-control-20261003,logs/diagnostics/br-native-deck-control-20261003/replays/15316fcb6c1445b7adaa8d918589236d/episode-00000003-slot-2.json,192,9baa8ca250340a846d4f22dcf54bb19770dd12818b93eb083f5f310a3fb344d4
diagnostics,logs/diagnostics/br-native-deck-control-20261003,logs/diagnostics/br-native-deck-control-20261003/replays/15316fcb6c1445b7adaa8d918589236d/episode-00000004-slot-3.json,192,a688d685c08d9064f09effac32caa3ded6b0b1a16c3c9542941ab96d4406ed93
diagnostics,logs/diagnostics/br-native-deck-control-20261003,logs/diagnostics/br-native-deck-control-20261003/replays/15316fcb6c1445b7adaa8d918589236d/episode-00000005-slot-4.json,192,e875d64917bf90491cd3eb45047681598c357686f5f46d9923050fa71d06d2f6
diagnostics,logs/diagnostics/br-native-deck-control-20261003,logs/diagnostics/br-native-deck-control-20261003/replays/15316fcb6c1445b7adaa8d918589236d/episode-00000006-slot-5.json,192,a3e9f206442b5eec4fbe5ab6aba76912feb147118c489d4ed6502c285c51c1ca
diagnostics,logs/diagnostics/br-native-deck-control-20261003,logs/diagnostics/br-native-deck-control-20261003/replays/15316fcb6c1445b7adaa8d918589236d/episode-00000007-slot-6.json,192,ce5e76082f9aff458e7c761f0705395b36d6ae5b7f37375adc64b2ac4105d3a9
diagnostics,logs/diagnostics/br-native-deck-control-20261003,logs/diagnostics/br-native-deck-control-20261003/replays/15316fcb6c1445b7adaa8d918589236d/episode-00000008-slot-7.json,192,8f53a32be87fd657354c7358ec47e8b096b95edff04f62bf675593fb90452a45
diagnostics,logs/diagnostics/br-native-deck-control-20261003,logs/diagnostics/br-native-deck-control-20261003/result.json,1927,7f529f067e8a8f9a16a7661b61103d997423326276ca4465f840f2354050c318
diagnostics,logs/diagnostics/br-native-deck-control-20261003,logs/diagnostics/br-native-deck-control-20261003/scalars/progress.csv,650,6834ec54d3ae05283c0b161e1994eb0b3d081d23099045cfc75004b5d6e8a942
diagnostics,logs/diagnostics/br-native-deck-control-20261003,logs/diagnostics/br-native-deck-control-20261003/timing.json,570,acf6c84bf612522345132fcb9ac4086ea1c67b546236e83fee5a99b6a3f2b15b
diagnostics,logs/diagnostics/br-native-deck-profile-20261003,logs/diagnostics/br-native-deck-profile-20261003/checkpoints/updated_2048_steps.curriculum.json,851,9a0a0602fd784cb17f52e85147394e3b3c5376310d44be001d78d6b3fb84d3ce
diagnostics,logs/diagnostics/br-native-deck-profile-20261003,logs/diagnostics/br-native-deck-profile-20261003/config.yaml,5347,8788240af5edf8997baac570ba760460a15a5cb529d639526098c9b52445011c
diagnostics,logs/diagnostics/br-native-deck-profile-20261003,logs/diagnostics/br-native-deck-profile-20261003/final.curriculum.json,851,3b6e5da496c6e2c2910fd60000c32eea7fb3d6e7407e7473bed56b41bb0d5826
diagnostics,logs/diagnostics/br-native-deck-profile-20261003,logs/diagnostics/br-native-deck-profile-20261003/identity.json,52546,901380be371784bd55004e98a3b1d16de61c66c88a04531c2d2fef5a525031f2
diagnostics,logs/diagnostics/br-native-deck-profile-20261003,logs/diagnostics/br-native-deck-profile-20261003/progress.json,1660,06bb5a4a8bf6486f14a22430062e3bc9eae41e270f5dace9518b00e5210ff36a
diagnostics,logs/diagnostics/br-native-deck-profile-20261003,logs/diagnostics/br-native-deck-profile-20261003/replays/b455fd58115e4a5785deb0dc70f17f03/episode-00000001-slot-0.json,192,d15f1e9ad4ebd8ae581ef75fd963ea70cc7d01332a563191f784d3cd6d24b7c3
diagnostics,logs/diagnostics/br-native-deck-profile-20261003,logs/diagnostics/br-native-deck-profile-20261003/replays/b455fd58115e4a5785deb0dc70f17f03/episode-00000002-slot-1.json,192,d5fa9de054a5c05cdb2c872ad3d5c71dfaf7e73d75cd15e523c318306a54aa15
diagnostics,logs/diagnostics/br-native-deck-profile-20261003,logs/diagnostics/br-native-deck-profile-20261003/replays/b455fd58115e4a5785deb0dc70f17f03/episode-00000003-slot-2.json,192,9baa8ca250340a846d4f22dcf54bb19770dd12818b93eb083f5f310a3fb344d4
diagnostics,logs/diagnostics/br-native-deck-profile-20261003,logs/diagnostics/br-native-deck-profile-20261003/replays/b455fd58115e4a5785deb0dc70f17f03/episode-00000004-slot-3.json,192,a688d685c08d9064f09effac32caa3ded6b0b1a16c3c9542941ab96d4406ed93
diagnostics,logs/diagnostics/br-native-deck-profile-20261003,logs/diagnostics/br-native-deck-profile-20261003/replays/b455fd58115e4a5785deb0dc70f17f03/episode-00000005-slot-4.json,192,e875d64917bf90491cd3eb45047681598c357686f5f46d9923050fa71d06d2f6
diagnostics,logs/diagnostics/br-native-deck-profile-20261003,logs/diagnostics/br-native-deck-profile-20261003/replays/b455fd58115e4a5785deb0dc70f17f03/episode-00000006-slot-5.json,192,a3e9f206442b5eec4fbe5ab6aba76912feb147118c489d4ed6502c285c51c1ca
diagnostics,logs/diagnostics/br-native-deck-profile-20261003,logs/diagnostics/br-native-deck-profile-20261003/replays/b455fd58115e4a5785deb0dc70f17f03/episode-00000007-slot-6.json,192,ce5e76082f9aff458e7c761f0705395b36d6ae5b7f37375adc64b2ac4105d3a9
diagnostics,logs/diagnostics/br-native-deck-profile-20261003,logs/diagnostics/br-native-deck-profile-20261003/replays/b455fd58115e4a5785deb0dc70f17f03/episode-00000008-slot-7.json,192,8f53a32be87fd657354c7358ec47e8b096b95edff04f62bf675593fb90452a45
diagnostics,logs/diagnostics/br-native-deck-profile-20261003,logs/diagnostics/br-native-deck-profile-20261003/result.json,1927,0c78431da94085282cba1485aff48f49a42294a933179bb667282bab2497a784
diagnostics,logs/diagnostics/br-native-deck-profile-20261003,logs/diagnostics/br-native-deck-profile-20261003/scalars/progress.csv,650,97e710d2829450b9e9d6e1a99eb72477d4d22acd0980172fb174f0619a0a917b
diagnostics,logs/diagnostics/br-native-deck-profile-20261003,logs/diagnostics/br-native-deck-profile-20261003/timing.json,571,bf67fbcdd9e9edbaee378f916e05ccbbf36592215ba2386fa4201667a401a2f7
diagnostics,logs/diagnostics/br-native-deck-verification-20261003,logs/diagnostics/br-native-deck-verification-20261003/checkpoints/updated_2048_steps.curriculum.json,851,b8d30d96fbedb0a47183f289600245d9b249d157871535bcbb19f8aea18a50be
diagnostics,logs/diagnostics/br-native-deck-verification-20261003,logs/diagnostics/br-native-deck-verification-20261003/config.yaml,5368,fa3986c068e110428eea92555b9d910ea7d371c8a035f6230ad086f133b8e0df
diagnostics,logs/diagnostics/br-native-deck-verification-20261003,logs/diagnostics/br-native-deck-verification-20261003/final.curriculum.json,851,3d981d6dad1d41e425ac99458e56c3e7960bd517fc8f4623675679e55da23fd8
diagnostics,logs/diagnostics/br-native-deck-verification-20261003,logs/diagnostics/br-native-deck-verification-20261003/identity.json,52314,7eda6ae8d3f938a2b9da86d8e1786ad9121089f4f2a0434550f124a6fb9d0ab0
diagnostics,logs/diagnostics/br-native-deck-verification-20261003,logs/diagnostics/br-native-deck-verification-20261003/progress.json,1660,06bb5a4a8bf6486f14a22430062e3bc9eae41e270f5dace9518b00e5210ff36a
diagnostics,logs/diagnostics/br-native-deck-verification-20261003,logs/diagnostics/br-native-deck-verification-20261003/replays/9ce5fbb1b25047b1abc9d73f35c285f3/episode-00000001-slot-0.json,192,d15f1e9ad4ebd8ae581ef75fd963ea70cc7d01332a563191f784d3cd6d24b7c3
diagnostics,logs/diagnostics/br-native-deck-verification-20261003,logs/diagnostics/br-native-deck-verification-20261003/replays/9ce5fbb1b25047b1abc9d73f35c285f3/episode-00000002-slot-1.json,192,d5fa9de054a5c05cdb2c872ad3d5c71dfaf7e73d75cd15e523c318306a54aa15
diagnostics,logs/diagnostics/br-native-deck-verification-20261003,logs/diagnostics/br-native-deck-verification-20261003/replays/9ce5fbb1b25047b1abc9d73f35c285f3/episode-00000003-slot-2.json,192,9baa8ca250340a846d4f22dcf54bb19770dd12818b93eb083f5f310a3fb344d4
diagnostics,logs/diagnostics/br-native-deck-verification-20261003,logs/diagnostics/br-native-deck-verification-20261003/replays/9ce5fbb1b25047b1abc9d73f35c285f3/episode-00000004-slot-3.json,192,a688d685c08d9064f09effac32caa3ded6b0b1a16c3c9542941ab96d4406ed93
diagnostics,logs/diagnostics/br-native-deck-verification-20261003,logs/diagnostics/br-native-deck-verification-20261003/replays/9ce5fbb1b25047b1abc9d73f35c285f3/episode-00000005-slot-4.json,192,e875d64917bf90491cd3eb45047681598c357686f5f46d9923050fa71d06d2f6
diagnostics,logs/diagnostics/br-native-deck-verification-20261003,logs/diagnostics/br-native-deck-verification-20261003/replays/9ce5fbb1b25047b1abc9d73f35c285f3/episode-00000006-slot-5.json,192,a3e9f206442b5eec4fbe5ab6aba76912feb147118c489d4ed6502c285c51c1ca
diagnostics,logs/diagnostics/br-native-deck-verification-20261003,logs/diagnostics/br-native-deck-verification-20261003/replays/9ce5fbb1b25047b1abc9d73f35c285f3/episode-00000007-slot-6.json,192,ce5e76082f9aff458e7c761f0705395b36d6ae5b7f37375adc64b2ac4105d3a9
diagnostics,logs/diagnostics/br-native-deck-verification-20261003,logs/diagnostics/br-native-deck-verification-20261003/replays/9ce5fbb1b25047b1abc9d73f35c285f3/episode-00000008-slot-7.json,192,8f53a32be87fd657354c7358ec47e8b096b95edff04f62bf675593fb90452a45
diagnostics,logs/diagnostics/br-native-deck-verification-20261003,logs/diagnostics/br-native-deck-verification-20261003/result.json,1933,654285cb5f864089e696c309fc262769f49da469f373b5c3c6582a5a850aa14f
diagnostics,logs/diagnostics/br-native-deck-verification-20261003,logs/diagnostics/br-native-deck-verification-20261003/scalars/progress.csv,651,7d523741dab104e6a15dc3d6e287a0125e9d3732626efe7ccf0f07ae75d0df59
diagnostics,logs/diagnostics/br-native-deck-verification-20261003,logs/diagnostics/br-native-deck-verification-20261003/snapshot-verification/deck-comparisons.json,77,7668d6516f63cbe5d8571deec2a31a07568e15067810bbe0c1a06d8488faa4f2
diagnostics,logs/diagnostics/br-native-deck-verification-20261003,logs/diagnostics/br-native-deck-verification-20261003/snapshot-verification/pid-304.json,282,5beb2b59f959d7cc19d286e77955d9f45720b5b3f77cc77f94749ff003fc5037
diagnostics,logs/diagnostics/br-native-deck-verification-20261003,logs/diagnostics/br-native-deck-verification-20261003/snapshot-verification/pid-312.json,282,5638258636dc8cacb6818ecc47189fdca4c8e707865dc44ab0739cb9521e85f6
diagnostics,logs/diagnostics/br-native-deck-verification-20261003,logs/diagnostics/br-native-deck-verification-20261003/snapshot-verification/pid-320.json,283,479cc2a99d0dd0eedc983d6ede3fe725acf7637ef8a75db9e44bdc2edd6203bc
diagnostics,logs/diagnostics/br-native-deck-verification-20261003,logs/diagnostics/br-native-deck-verification-20261003/snapshot-verification/pid-336.json,282,86c3b505be2d747cd85be8b13175a2d5b8aa3070e6d156b2d3014611d902b71c
diagnostics,logs/diagnostics/br-native-deck-verification-20261003,logs/diagnostics/br-native-deck-verification-20261003/snapshot-verification/pid-360.json,282,788d027d9e9c603115998841714cb06dfb400348cf9aa6e7f2cabd0f90fedabb
diagnostics,logs/diagnostics/br-native-deck-verification-20261003,logs/diagnostics/br-native-deck-verification-20261003/snapshot-verification/pid-368.json,283,a972d4a62c330172f8a06b31a49049ca0f360083da31d2c6fc6fe3b5a9f827a3
diagnostics,logs/diagnostics/br-native-deck-verification-20261003,logs/diagnostics/br-native-deck-verification-20261003/snapshot-verification/pid-376.json,282,1fd257d604d279c0bd8216e3770a54af7976c12e515fd6eecea12cfd22e28972
diagnostics,logs/diagnostics/br-native-deck-verification-20261003,logs/diagnostics/br-native-deck-verification-20261003/snapshot-verification/pid-384.json,282,d824a54c9078c91c8c984ba2e04c9d0d1d6125ee642d250aec1a37d40409d213
diagnostics,logs/diagnostics/br-native-deck-verification-20261003,logs/diagnostics/br-native-deck-verification-20261003/timing.json,574,8eef62773af880d9c8b38b98073a3a90fa7c2899c95b5b527e11de82077544b5
diagnostics,logs/diagnostics/br-native-snapshot-profile-20261003,logs/diagnostics/br-native-snapshot-profile-20261003/checkpoints/updated_2048_steps.curriculum.json,851,faaf6aa48f175eeb62be702da8a045faf308b3b0d38cf6b498386fae6e253a9b
diagnostics,logs/diagnostics/br-native-snapshot-profile-20261003,logs/diagnostics/br-native-snapshot-profile-20261003/config.yaml,5355,f452cb8ce40e18d94e235886a72a333a41498c4bae03133094e32407ee45d9e3
diagnostics,logs/diagnostics/br-native-snapshot-profile-20261003,logs/diagnostics/br-native-snapshot-profile-20261003/final.curriculum.json,851,6cf08c5af246930d27286c49fa188e4c6d3eef65d615fa48db7b5f033036ac28
diagnostics,logs/diagnostics/br-native-snapshot-profile-20261003,logs/diagnostics/br-native-snapshot-profile-20261003/identity.json,52096,5c5d95cd233e41dec5c1ecf05af592e46cbc48d3b2cf1e002d8564c5b580c6f5
diagnostics,logs/diagnostics/br-native-snapshot-profile-20261003,logs/diagnostics/br-native-snapshot-profile-20261003/progress.json,1660,06bb5a4a8bf6486f14a22430062e3bc9eae41e270f5dace9518b00e5210ff36a
diagnostics,logs/diagnostics/br-native-snapshot-profile-20261003,logs/diagnostics/br-native-snapshot-profile-20261003/replays/e70cc5c5dae74c92982a790705f1820d/episode-00000001-slot-0.json,192,d15f1e9ad4ebd8ae581ef75fd963ea70cc7d01332a563191f784d3cd6d24b7c3
diagnostics,logs/diagnostics/br-native-snapshot-profile-20261003,logs/diagnostics/br-native-snapshot-profile-20261003/replays/e70cc5c5dae74c92982a790705f1820d/episode-00000002-slot-1.json,192,d5fa9de054a5c05cdb2c872ad3d5c71dfaf7e73d75cd15e523c318306a54aa15
diagnostics,logs/diagnostics/br-native-snapshot-profile-20261003,logs/diagnostics/br-native-snapshot-profile-20261003/replays/e70cc5c5dae74c92982a790705f1820d/episode-00000003-slot-2.json,192,9baa8ca250340a846d4f22dcf54bb19770dd12818b93eb083f5f310a3fb344d4
diagnostics,logs/diagnostics/br-native-snapshot-profile-20261003,logs/diagnostics/br-native-snapshot-profile-20261003/replays/e70cc5c5dae74c92982a790705f1820d/episode-00000004-slot-3.json,192,a688d685c08d9064f09effac32caa3ded6b0b1a16c3c9542941ab96d4406ed93
diagnostics,logs/diagnostics/br-native-snapshot-profile-20261003,logs/diagnostics/br-native-snapshot-profile-20261003/replays/e70cc5c5dae74c92982a790705f1820d/episode-00000005-slot-4.json,192,e875d64917bf90491cd3eb45047681598c357686f5f46d9923050fa71d06d2f6
diagnostics,logs/diagnostics/br-native-snapshot-profile-20261003,logs/diagnostics/br-native-snapshot-profile-20261003/replays/e70cc5c5dae74c92982a790705f1820d/episode-00000006-slot-5.json,192,a3e9f206442b5eec4fbe5ab6aba76912feb147118c489d4ed6502c285c51c1ca
diagnostics,logs/diagnostics/br-native-snapshot-profile-20261003,logs/diagnostics/br-native-snapshot-profile-20261003/replays/e70cc5c5dae74c92982a790705f1820d/episode-00000007-slot-6.json,192,ce5e76082f9aff458e7c761f0705395b36d6ae5b7f37375adc64b2ac4105d3a9
diagnostics,logs/diagnostics/br-native-snapshot-profile-20261003,logs/diagnostics/br-native-snapshot-profile-20261003/replays/e70cc5c5dae74c92982a790705f1820d/episode-00000008-slot-7.json,192,8f53a32be87fd657354c7358ec47e8b096b95edff04f62bf675593fb90452a45
diagnostics,logs/diagnostics/br-native-snapshot-profile-20261003,logs/diagnostics/br-native-snapshot-profile-20261003/result.json,1932,6a1ae4dc9af59294464fd1029ebf484d8f0e7238885d6fb0076d3b58cca6b5f9
diagnostics,logs/diagnostics/br-native-snapshot-profile-20261003,logs/diagnostics/br-native-snapshot-profile-20261003/scalars/progress.csv,650,f69df4f3cd35ab6743e1f9dec6aaf6e6f1c3e0c5692b3139b0fc911aec0ea017
diagnostics,logs/diagnostics/br-native-snapshot-profile-20261003,logs/diagnostics/br-native-snapshot-profile-20261003/timing.json,573,e7a0b58018c44725bb66214a0f3d8c44f4b83a08ff50901b62b78fbbdc886ed9
diagnostics,logs/diagnostics/br-native-snapshot-verification-20261003,logs/diagnostics/br-native-snapshot-verification-20261003/checkpoints/updated_2048_steps.curriculum.json,851,b06f00073ead57aeee7f407a2c86d1241ddbcfdd3289b55c2bf493db02d52751
diagnostics,logs/diagnostics/br-native-snapshot-verification-20261003,logs/diagnostics/br-native-snapshot-verification-20261003/config.yaml,5380,c850a1313e02d1200c4df72f086ac245aedbc5eb054fa8995a651a3d6fdf1bed
diagnostics,logs/diagnostics/br-native-snapshot-verification-20261003,logs/diagnostics/br-native-snapshot-verification-20261003/final.curriculum.json,851,a412626f0118db15382069829965fde658ff2ee261d8138f8ab0812118357272
diagnostics,logs/diagnostics/br-native-snapshot-verification-20261003,logs/diagnostics/br-native-snapshot-verification-20261003/identity.json,52096,9d0ae781aae8b8fc3b4cbe16cc5766f723cf9ea600b5fe1c49af589cdf004905
diagnostics,logs/diagnostics/br-native-snapshot-verification-20261003,logs/diagnostics/br-native-snapshot-verification-20261003/progress.json,1660,06bb5a4a8bf6486f14a22430062e3bc9eae41e270f5dace9518b00e5210ff36a
diagnostics,logs/diagnostics/br-native-snapshot-verification-20261003,logs/diagnostics/br-native-snapshot-verification-20261003/replays/e3f014ef5adc431ea8680ef1aa68cbdc/episode-00000001-slot-0.json,192,d15f1e9ad4ebd8ae581ef75fd963ea70cc7d01332a563191f784d3cd6d24b7c3
diagnostics,logs/diagnostics/br-native-snapshot-verification-20261003,logs/diagnostics/br-native-snapshot-verification-20261003/replays/e3f014ef5adc431ea8680ef1aa68cbdc/episode-00000002-slot-1.json,192,d5fa9de054a5c05cdb2c872ad3d5c71dfaf7e73d75cd15e523c318306a54aa15
diagnostics,logs/diagnostics/br-native-snapshot-verification-20261003,logs/diagnostics/br-native-snapshot-verification-20261003/replays/e3f014ef5adc431ea8680ef1aa68cbdc/episode-00000003-slot-2.json,192,9baa8ca250340a846d4f22dcf54bb19770dd12818b93eb083f5f310a3fb344d4
diagnostics,logs/diagnostics/br-native-snapshot-verification-20261003,logs/diagnostics/br-native-snapshot-verification-20261003/replays/e3f014ef5adc431ea8680ef1aa68cbdc/episode-00000004-slot-3.json,192,a688d685c08d9064f09effac32caa3ded6b0b1a16c3c9542941ab96d4406ed93
diagnostics,logs/diagnostics/br-native-snapshot-verification-20261003,logs/diagnostics/br-native-snapshot-verification-20261003/replays/e3f014ef5adc431ea8680ef1aa68cbdc/episode-00000005-slot-4.json,192,e875d64917bf90491cd3eb45047681598c357686f5f46d9923050fa71d06d2f6
diagnostics,logs/diagnostics/br-native-snapshot-verification-20261003,logs/diagnostics/br-native-snapshot-verification-20261003/replays/e3f014ef5adc431ea8680ef1aa68cbdc/episode-00000006-slot-5.json,192,a3e9f206442b5eec4fbe5ab6aba76912feb147118c489d4ed6502c285c51c1ca
diagnostics,logs/diagnostics/br-native-snapshot-verification-20261003,logs/diagnostics/br-native-snapshot-verification-20261003/replays/e3f014ef5adc431ea8680ef1aa68cbdc/episode-00000007-slot-6.json,192,ce5e76082f9aff458e7c761f0705395b36d6ae5b7f37375adc64b2ac4105d3a9
diagnostics,logs/diagnostics/br-native-snapshot-verification-20261003,logs/diagnostics/br-native-snapshot-verification-20261003/replays/e3f014ef5adc431ea8680ef1aa68cbdc/episode-00000008-slot-7.json,192,8f53a32be87fd657354c7358ec47e8b096b95edff04f62bf675593fb90452a45
diagnostics,logs/diagnostics/br-native-snapshot-verification-20261003,logs/diagnostics/br-native-snapshot-verification-20261003/result.json,1937,8b580cb4272d5475160b34464bed187d3668b36a8e88a5fb5132cba8b0c40bb4
diagnostics,logs/diagnostics/br-native-snapshot-verification-20261003,logs/diagnostics/br-native-snapshot-verification-20261003/scalars/progress.csv,651,007c457469e02aa1cf879f9d12fc66e8d994fd7dba8547c2e4727df1de4b1cd6
diagnostics,logs/diagnostics/br-native-snapshot-verification-20261003,logs/diagnostics/br-native-snapshot-verification-20261003/snapshot-verification/pid-304.json,282,3a97f90eead989169beddbe854bc530cb0d98e7ffa6643f19462b0f0e8d68dd1
diagnostics,logs/diagnostics/br-native-snapshot-verification-20261003,logs/diagnostics/br-native-snapshot-verification-20261003/snapshot-verification/pid-312.json,282,993f357598f62e2b2bb4af68fcae67519ca315f060a0a97650ed74d0ccd8daf4
diagnostics,logs/diagnostics/br-native-snapshot-verification-20261003,logs/diagnostics/br-native-snapshot-verification-20261003/snapshot-verification/pid-328.json,283,cbc03adaa6ac090b400bf51b52800dcc2bd68fc2f0e196cc3c7dce438aff86e5
diagnostics,logs/diagnostics/br-native-snapshot-verification-20261003,logs/diagnostics/br-native-snapshot-verification-20261003/snapshot-verification/pid-344.json,282,f9aebfe65c76604f6cbb0d8d261ebe2640fdfb7627e527cf54111679a9902b14
diagnostics,logs/diagnostics/br-native-snapshot-verification-20261003,logs/diagnostics/br-native-snapshot-verification-20261003/snapshot-verification/pid-352.json,282,9c588bc125420cb5860091d9e1e633e1811ecf18b2918ea4273b5e28bcf1c0ab
diagnostics,logs/diagnostics/br-native-snapshot-verification-20261003,logs/diagnostics/br-native-snapshot-verification-20261003/snapshot-verification/pid-360.json,283,48e9934eece61cadba8ecdfea8e50af80131f1ab18c7ab75fbeaa70853b9b136
diagnostics,logs/diagnostics/br-native-snapshot-verification-20261003,logs/diagnostics/br-native-snapshot-verification-20261003/snapshot-verification/pid-368.json,282,8ef3688608bce88131b27b92ad9728022773857b70a89f568af984356b067147
diagnostics,logs/diagnostics/br-native-snapshot-verification-20261003,logs/diagnostics/br-native-snapshot-verification-20261003/snapshot-verification/pid-376.json,282,e6a5767defcf7f0d2eefe58fda8d57bb8bb6d417dd6a3d30f18a6ff24d292c53
diagnostics,logs/diagnostics/br-native-snapshot-verification-20261003,logs/diagnostics/br-native-snapshot-verification-20261003/timing.json,577,48e7d0b55d3cd3ba8f2162df151b50581daf06089772ba766df7c9ba97d8e633
diagnostics,logs/diagnostics/br-noise-recovery-inputs-20261003,logs/diagnostics/br-noise-recovery-inputs-20261003/audit.json,414,51d99f5bb9000772e66050737a97bc1e5a297648d0217ace2e5bc9c8c8e54dc2
diagnostics,logs/diagnostics/br-noise-recovery-inputs-20261003,logs/diagnostics/br-noise-recovery-inputs-20261003/command-histograms.json,102953,0077a6d4dcb1c00f03a48740451259e0ec82cdfa43e2e66cebe189ee76318723
diagnostics,logs/diagnostics/br-noise-recovery-inputs-20261003,logs/diagnostics/br-noise-recovery-inputs-20261003/summary.json,615581,87681202f354c73b18857c6c8ad42a2dab83d60fe26d44510eb26283ac1dc263
diagnostics,logs/diagnostics/br-offline-snapshot-control-profile-20261003,logs/diagnostics/br-offline-snapshot-control-profile-20261003/checkpoints/updated_2048_steps.curriculum.json,851,909cea9c29da75681dc58c06242acf747fa5ecd295618e36872b244fe42c7770
diagnostics,logs/diagnostics/br-offline-snapshot-control-profile-20261003,logs/diagnostics/br-offline-snapshot-control-profile-20261003/config.yaml,5335,dc538b95bb9ba6257df10107af9ac1d813b072255ea43206d5765d663901cb48
diagnostics,logs/diagnostics/br-offline-snapshot-control-profile-20261003,logs/diagnostics/br-offline-snapshot-control-profile-20261003/final.curriculum.json,851,3f3147cbb3f61abece46b0a9909e743f079eca2fe43ca474933d4ccb4d02c655
diagnostics,logs/diagnostics/br-offline-snapshot-control-profile-20261003,logs/diagnostics/br-offline-snapshot-control-profile-20261003/identity.json,52095,f3357e90da369e626f227949faaa55014ed782178a6948b188fcf5462cd96bfb
diagnostics,logs/diagnostics/br-offline-snapshot-control-profile-20261003,logs/diagnostics/br-offline-snapshot-control-profile-20261003/progress.json,1660,06bb5a4a8bf6486f14a22430062e3bc9eae41e270f5dace9518b00e5210ff36a
diagnostics,logs/diagnostics/br-offline-snapshot-control-profile-20261003,logs/diagnostics/br-offline-snapshot-control-profile-20261003/replays/c8ba5c6e9a2b46ffbec8590e9f7aefff/episode-00000001-slot-0.json,192,d15f1e9ad4ebd8ae581ef75fd963ea70cc7d01332a563191f784d3cd6d24b7c3
diagnostics,logs/diagnostics/br-offline-snapshot-control-profile-20261003,logs/diagnostics/br-offline-snapshot-control-profile-20261003/replays/c8ba5c6e9a2b46ffbec8590e9f7aefff/episode-00000002-slot-1.json,192,d5fa9de054a5c05cdb2c872ad3d5c71dfaf7e73d75cd15e523c318306a54aa15
diagnostics,logs/diagnostics/br-offline-snapshot-control-profile-20261003,logs/diagnostics/br-offline-snapshot-control-profile-20261003/replays/c8ba5c6e9a2b46ffbec8590e9f7aefff/episode-00000003-slot-2.json,192,9baa8ca250340a846d4f22dcf54bb19770dd12818b93eb083f5f310a3fb344d4
diagnostics,logs/diagnostics/br-offline-snapshot-control-profile-20261003,logs/diagnostics/br-offline-snapshot-control-profile-20261003/replays/c8ba5c6e9a2b46ffbec8590e9f7aefff/episode-00000004-slot-3.json,192,a688d685c08d9064f09effac32caa3ded6b0b1a16c3c9542941ab96d4406ed93
diagnostics,logs/diagnostics/br-offline-snapshot-control-profile-20261003,logs/diagnostics/br-offline-snapshot-control-profile-20261003/replays/c8ba5c6e9a2b46ffbec8590e9f7aefff/episode-00000005-slot-4.json,192,e875d64917bf90491cd3eb45047681598c357686f5f46d9923050fa71d06d2f6
diagnostics,logs/diagnostics/br-offline-snapshot-control-profile-20261003,logs/diagnostics/br-offline-snapshot-control-profile-20261003/replays/c8ba5c6e9a2b46ffbec8590e9f7aefff/episode-00000006-slot-5.json,192,a3e9f206442b5eec4fbe5ab6aba76912feb147118c489d4ed6502c285c51c1ca
diagnostics,logs/diagnostics/br-offline-snapshot-control-profile-20261003,logs/diagnostics/br-offline-snapshot-control-profile-20261003/replays/c8ba5c6e9a2b46ffbec8590e9f7aefff/episode-00000007-slot-6.json,192,ce5e76082f9aff458e7c761f0705395b36d6ae5b7f37375adc64b2ac4105d3a9
diagnostics,logs/diagnostics/br-offline-snapshot-control-profile-20261003,logs/diagnostics/br-offline-snapshot-control-profile-20261003/replays/c8ba5c6e9a2b46ffbec8590e9f7aefff/episode-00000008-slot-7.json,192,8f53a32be87fd657354c7358ec47e8b096b95edff04f62bf675593fb90452a45
diagnostics,logs/diagnostics/br-offline-snapshot-control-profile-20261003,logs/diagnostics/br-offline-snapshot-control-profile-20261003/result.json,1941,42e2459fd2918164513cd56b2ec9370ba3b6cca43fbb81639763d027f0d75c77
diagnostics,logs/diagnostics/br-offline-snapshot-control-profile-20261003,logs/diagnostics/br-offline-snapshot-control-profile-20261003/scalars/progress.csv,650,139a595ec577fa52be679208d0b5fb89aac8122888ad1ead4505f6c5accb225d
diagnostics,logs/diagnostics/br-offline-snapshot-control-profile-20261003,logs/diagnostics/br-offline-snapshot-control-profile-20261003/timing.json,583,f9d45738c57b5bced34ba3fd6f6a040663edd2e705a1b6d7e0b12cc6c3b54bf7
diagnostics,logs/diagnostics/br-online-anchor-lr01-u4-runtime-20261002,logs/diagnostics/br-online-anchor-lr01-u4-runtime-20261002/checkpoints/ppo_16384_steps.curriculum.json,896,9c84eef57c61342bd06286c6f820612da64fdf955fefce0b63437acb8fc2d193
diagnostics,logs/diagnostics/br-online-anchor-lr01-u4-runtime-20261002,logs/diagnostics/br-online-anchor-lr01-u4-runtime-20261002/checkpoints/ppo_8192_steps.curriculum.json,851,77fdddb3a41952962365932cbd6bb700849e18818261e213407ba5988b417671
diagnostics,logs/diagnostics/br-online-anchor-lr01-u4-runtime-20261002,logs/diagnostics/br-online-anchor-lr01-u4-runtime-20261002/checkpoints/updated_16384_steps.curriculum.json,896,33c5ea299cfb355a88e5d9e1a4c819a4809b837f806c8e44a85f41a5f37828db
diagnostics,logs/diagnostics/br-online-anchor-lr01-u4-runtime-20261002,logs/diagnostics/br-online-anchor-lr01-u4-runtime-20261002/checkpoints/updated_512_steps.curriculum.json,850,268017f935fe52c726aea0b6714a6f475963620fafbf8f1f292c7f841fce65bc
diagnostics,logs/diagnostics/br-online-anchor-lr01-u4-runtime-20261002,logs/diagnostics/br-online-anchor-lr01-u4-runtime-20261002/checkpoints/updated_8192_steps.curriculum.json,851,15ed8ec9eeeaaa461a4f6276eb26c800cf01d68df34e2d0855503526fdae1b3c
diagnostics,logs/diagnostics/br-online-anchor-lr01-u4-runtime-20261002,logs/diagnostics/br-online-anchor-lr01-u4-runtime-20261002/config.yaml,5449,27670d3ade57d14b293ae83bb2b78f7948a387524166094d60728ad0ae0ed799
diagnostics,logs/diagnostics/br-online-anchor-lr01-u4-runtime-20261002,logs/diagnostics/br-online-anchor-lr01-u4-runtime-20261002/final.curriculum.json,896,33c5ea299cfb355a88e5d9e1a4c819a4809b837f806c8e44a85f41a5f37828db
diagnostics,logs/diagnostics/br-online-anchor-lr01-u4-runtime-20261002,logs/diagnostics/br-online-anchor-lr01-u4-runtime-20261002/identity.json,45221,caaf421786b726ff441e7b8e542ae7ca8870bde47fe9d5080bccdc016ad9ea0e
diagnostics,logs/diagnostics/br-online-anchor-lr01-u4-runtime-20261002,logs/diagnostics/br-online-anchor-lr01-u4-runtime-20261002/progress.json,14181,bbde164a3797341432014ce75474447f86d3e10c193f2677d73667924ee22973
diagnostics,logs/diagnostics/br-online-anchor-lr01-u4-runtime-20261002,logs/diagnostics/br-online-anchor-lr01-u4-runtime-20261002/replays/d5b8584231294c1c94e6f2cc4c9bc414/episode-00000001-slot-1.json,194,7bac75ea47d0358d05bc6f6a538d4610d03ec756775fcb116ab0c47aabf40602
diagnostics,logs/diagnostics/br-online-anchor-lr01-u4-runtime-20261002,logs/diagnostics/br-online-anchor-lr01-u4-runtime-20261002/replays/d5b8584231294c1c94e6f2cc4c9bc414/episode-00000002-slot-0.json,194,a9822951653111a88d95737e050ee904a2148b5c94a7138a24b2f0e35b4e4c67
diagnostics,logs/diagnostics/br-online-anchor-lr01-u4-runtime-20261002,logs/diagnostics/br-online-anchor-lr01-u4-runtime-20261002/replays/d5b8584231294c1c94e6f2cc4c9bc414/episode-00000003-slot-0.json,199,afa13fab5401f3cfb87575efa3d1a64e16e28bea36087dee4a431a3f00277a8d
diagnostics,logs/diagnostics/br-online-anchor-lr01-u4-runtime-20261002,logs/diagnostics/br-online-anchor-lr01-u4-runtime-20261002/replays/d5b8584231294c1c94e6f2cc4c9bc414/episode-00000004-slot-1.json,199,d7cac199b2b566a9dc5ab7ae4ef38d47d8cf54be26cc523ec110a4ef22f24fae
diagnostics,logs/diagnostics/br-online-anchor-lr01-u4-runtime-20261002,logs/diagnostics/br-online-anchor-lr01-u4-runtime-20261002/result.json,1987,4ce55f7a25de9f4b6b0dc16fc54f21b129d235c6048976f32200a7affa6bf910
diagnostics,logs/diagnostics/br-online-anchor-lr01-u4-runtime-20261002,logs/diagnostics/br-online-anchor-lr01-u4-runtime-20261002/scalars/progress.csv,11858,c0de34bc2533892087623cb332ebd3aeed869a78f01d6faf94157706c35cc02c
diagnostics,logs/diagnostics/br-online-anchor-lr01-u4-runtime-20261002,logs/diagnostics/br-online-anchor-lr01-u4-runtime-20261002/timing.json,21947,efd338d9ac72b912ec91ac3e29e67d6665af8b17819b832aba88a22275352030
diagnostics,logs/diagnostics/br-online-anchor-runtime-20261002,logs/diagnostics/br-online-anchor-runtime-20261002/checkpoints/ppo_16384_steps.curriculum.json,896,d7b18d660e404f96a2a6a1c8d3fe10ff40a7bcf8378716e0dbee54ec9e9c604b
diagnostics,logs/diagnostics/br-online-anchor-runtime-20261002,logs/diagnostics/br-online-anchor-runtime-20261002/checkpoints/ppo_8192_steps.curriculum.json,895,13c8b6b5e0a01227cbbf26630bf73f6007dd42e0e71664e1d8b60b4eee31001f
diagnostics,logs/diagnostics/br-online-anchor-runtime-20261002,logs/diagnostics/br-online-anchor-runtime-20261002/checkpoints/updated_16384_steps.curriculum.json,896,1519dafc1076b1593c58830e5fa0cfef3b9ddf66eb1f8a9509248e51e5c21a2e
diagnostics,logs/diagnostics/br-online-anchor-runtime-20261002,logs/diagnostics/br-online-anchor-runtime-20261002/checkpoints/updated_512_steps.curriculum.json,850,f8da6a486690eaa5067847faddd80ec0d41edeba58d2d25a103b62ee5f687d54
diagnostics,logs/diagnostics/br-online-anchor-runtime-20261002,logs/diagnostics/br-online-anchor-runtime-20261002/checkpoints/updated_8192_steps.curriculum.json,895,0465c08c40997f6283e4b3e2ec35ea0841d9ed2be9153ba7c66535f95c445c93
diagnostics,logs/diagnostics/br-online-anchor-runtime-20261002,logs/diagnostics/br-online-anchor-runtime-20261002/config.yaml,5442,2c98ab6c213ac26dafdb1d9387615ba99421ba298e1bead2ef4279d826fb69cd
diagnostics,logs/diagnostics/br-online-anchor-runtime-20261002,logs/diagnostics/br-online-anchor-runtime-20261002/final.curriculum.json,896,fe66fe6a40526e26c112420de86f314a2fe27818b570462a90c5191b10c3ee2f
diagnostics,logs/diagnostics/br-online-anchor-runtime-20261002,logs/diagnostics/br-online-anchor-runtime-20261002/identity.json,44775,ec98c91977de181312bfee585c1de567a8da596ccf92bfc15eed4ad0117e58c1
diagnostics,logs/diagnostics/br-online-anchor-runtime-20261002,logs/diagnostics/br-online-anchor-runtime-20261002/progress.json,13938,6e594dbc9bf90cce4de51921abdd6a7e2dcd224e2adfcb84319291b13cc32888
diagnostics,logs/diagnostics/br-online-anchor-runtime-20261002,logs/diagnostics/br-online-anchor-runtime-20261002/replays/74a5bdb44e28413392c6e06e711b2dfe/episode-00000001-slot-1.json,194,4ba576e809f3cb96df16d6c83d80440e29705539625aa6dbcc87bca7df46aac3
diagnostics,logs/diagnostics/br-online-anchor-runtime-20261002,logs/diagnostics/br-online-anchor-runtime-20261002/replays/74a5bdb44e28413392c6e06e711b2dfe/episode-00000002-slot-0.json,194,edf96a72d5686916224cc29c5e5c90bd9b36360e4dd2b644988ad6d2b4270aa9
diagnostics,logs/diagnostics/br-online-anchor-runtime-20261002,logs/diagnostics/br-online-anchor-runtime-20261002/replays/74a5bdb44e28413392c6e06e711b2dfe/episode-00000003-slot-0.json,199,7a33aef4d75ac5aa67e1ecbbe6a98926a70597e803ea8d74271a287c3152adfb
diagnostics,logs/diagnostics/br-online-anchor-runtime-20261002,logs/diagnostics/br-online-anchor-runtime-20261002/replays/74a5bdb44e28413392c6e06e711b2dfe/episode-00000004-slot-1.json,199,a989c046bd9dddf299bbd924dc38613b4c2d75b6098e11d98c2d88d3582dbe2e
diagnostics,logs/diagnostics/br-online-anchor-runtime-20261002,logs/diagnostics/br-online-anchor-runtime-20261002/result.json,1980,df9ee418b28e24780ecb7ba9746aef46e98054400f4d7e3e3f20614bfbc84e2b
diagnostics,logs/diagnostics/br-online-anchor-runtime-20261002,logs/diagnostics/br-online-anchor-runtime-20261002/scalars/progress.csv,11696,dc16cfb11f40112a2221fad39ce63d82c33a00c47f210312f072d48c046ef910
diagnostics,logs/diagnostics/br-online-anchor-runtime-20261002,logs/diagnostics/br-online-anchor-runtime-20261002/timing.json,21847,deec70ab94c77da759e8ea52845149aa57743da7d7ad64c88e6ad4ab6a7e733e
diagnostics,logs/diagnostics/br-persistent-actions-8192-20261001,logs/diagnostics/br-persistent-actions-8192-20261001/button_prior_final/config.yaml,12562,8d991477e410a9bdb973266952e7493950e4c65efdbe9a025cafd03db87b3654
diagnostics,logs/diagnostics/br-persistent-actions-8192-20261001,logs/diagnostics/br-persistent-actions-8192-20261001/button_prior_final/result.json,50428,27cf882981a225bfa5ed6fa948ceaca3587a5a2efdd87f72ace5100df43a4af2
diagnostics,logs/diagnostics/br-persistent-actions-8192-20261001,logs/diagnostics/br-persistent-actions-8192-20261001/persistent_8192/config.yaml,12695,39683381553bca4230199524d38298b9173ac187cb06ce33bc0920e1d04921e6
diagnostics,logs/diagnostics/br-persistent-actions-8192-20261001,logs/diagnostics/br-persistent-actions-8192-20261001/persistent_8192/result.json,51738,36675fec50b06d5ae486a147bf954c589486a79d8564b7d61b73d04e68d8ef55
diagnostics,logs/diagnostics/br-persistent-actions-8192-20261001,logs/diagnostics/br-persistent-actions-8192-20261001/summary.json,207687,6c671da481a4cdc714d45f746c12f88265808458eff686a738fb3b6d11d19fdd
diagnostics,logs/diagnostics/br-persistent-env16-cleanup-20261001,logs/diagnostics/br-persistent-env16-cleanup-20261001/config.yaml,4722,346cec922fa0b557df3d7e6e5b55777a6c41c1ec7c7dfcb078bef17dda253b7b
diagnostics,logs/diagnostics/br-persistent-env16-cleanup-20261001,logs/diagnostics/br-persistent-env16-cleanup-20261001/identity.json,40495,f434b8d3915b3420062f6db627a4af0becec7408110e5afa19806dc51e741738
diagnostics,logs/diagnostics/br-persistent-env16-cleanup-20261001,logs/diagnostics/br-persistent-env16-cleanup-20261001/progress.json,835,e240de7a5df4e8364c508e831af1fd62a94407367d8f818458257d396fbb0307
diagnostics,logs/diagnostics/br-persistent-env16-cleanup-20261001,logs/diagnostics/br-persistent-env16-cleanup-20261001/replays/5772957acf854ceb9c62c4cfcec5041d/episode-00000001-slot-0.json,192,fd9b0bd83584d52f0c96a55c396f1120d542fd3b91efa29239917f117e408c9b
diagnostics,logs/diagnostics/br-persistent-env16-cleanup-20261001,logs/diagnostics/br-persistent-env16-cleanup-20261001/replays/5772957acf854ceb9c62c4cfcec5041d/episode-00000002-slot-1.json,192,e79bb41ba33f26d4a412d6d628b1a626471664a62147c4f2092d5ce4e79a787c
diagnostics,logs/diagnostics/br-persistent-env16-cleanup-20261001,logs/diagnostics/br-persistent-env16-cleanup-20261001/replays/5772957acf854ceb9c62c4cfcec5041d/episode-00000003-slot-2.json,192,956c42a7a23a351b6219ce8579622a7a9db024841bbbaa57cf586688cec1b86e
diagnostics,logs/diagnostics/br-persistent-env16-cleanup-20261001,logs/diagnostics/br-persistent-env16-cleanup-20261001/replays/5772957acf854ceb9c62c4cfcec5041d/episode-00000004-slot-3.json,192,8aa30a0e8d56fd454c6b73d7d84ab0bde8744cd34431e634134400d164801f34
diagnostics,logs/diagnostics/br-persistent-env16-cleanup-20261001,logs/diagnostics/br-persistent-env16-cleanup-20261001/replays/5772957acf854ceb9c62c4cfcec5041d/episode-00000005-slot-4.json,192,65fd5ffda861cd1e3d7cbe9893e6d565e74feb8499618cadd0ca3a80268ce969
diagnostics,logs/diagnostics/br-persistent-env16-cleanup-20261001,logs/diagnostics/br-persistent-env16-cleanup-20261001/replays/5772957acf854ceb9c62c4cfcec5041d/episode-00000006-slot-5.json,192,9caf0a05c65bb96e3b00c64672dd4c9313c6092bdbff917b7992622e378b9c51
diagnostics,logs/diagnostics/br-persistent-env16-cleanup-20261001,logs/diagnostics/br-persistent-env16-cleanup-20261001/replays/5772957acf854ceb9c62c4cfcec5041d/episode-00000007-slot-6.json,192,aae0997260c9f28eaad277218b831c1059ba08e3e53cf7bf660565d99ef6909d
diagnostics,logs/diagnostics/br-persistent-env16-cleanup-20261001,logs/diagnostics/br-persistent-env16-cleanup-20261001/replays/5772957acf854ceb9c62c4cfcec5041d/episode-00000008-slot-7.json,192,46c575372ac3a5381026d32e7670ab12a82a862cef359ee0497ce836e69d1579
diagnostics,logs/diagnostics/br-persistent-env16-cleanup-20261001,logs/diagnostics/br-persistent-env16-cleanup-20261001/replays/5772957acf854ceb9c62c4cfcec5041d/episode-00000009-slot-8.json,192,e3da6562144b4535c3bad95dec2e6466b74d35237f4e192f37ff80fa5913259b
diagnostics,logs/diagnostics/br-persistent-env16-cleanup-20261001,logs/diagnostics/br-persistent-env16-cleanup-20261001/replays/5772957acf854ceb9c62c4cfcec5041d/episode-00000010-slot-9.json,192,c0efc7fa9631ad63e3555a5eed4e2ab78a59758ecae477f6182a207fc7aad975
diagnostics,logs/diagnostics/br-persistent-env16-cleanup-20261001,logs/diagnostics/br-persistent-env16-cleanup-20261001/replays/5772957acf854ceb9c62c4cfcec5041d/episode-00000011-slot-10.json,194,5d3bf130807e634d6c21d4a4f84d3b3f7eb98d135d6275d045827aa282aaccd7
diagnostics,logs/diagnostics/br-persistent-env16-cleanup-20261001,logs/diagnostics/br-persistent-env16-cleanup-20261001/replays/5772957acf854ceb9c62c4cfcec5041d/episode-00000012-slot-11.json,194,84d2b5f95189e97773ba99fb3f83162d4656606a569d8e58a10a91ab4a97085f
diagnostics,logs/diagnostics/br-persistent-env16-cleanup-20261001,logs/diagnostics/br-persistent-env16-cleanup-20261001/replays/5772957acf854ceb9c62c4cfcec5041d/episode-00000013-slot-12.json,194,0b7e9956f90927bb8ecd9e2cdf1deb51b52411f2e48a72994cd27c45efdad950
diagnostics,logs/diagnostics/br-persistent-env16-cleanup-20261001,logs/diagnostics/br-persistent-env16-cleanup-20261001/replays/5772957acf854ceb9c62c4cfcec5041d/episode-00000014-slot-13.json,194,127b2f6d8bf07ec0324a92d74390af080122cbc90a28d67a69d937598b570186
diagnostics,logs/diagnostics/br-persistent-env16-cleanup-20261001,logs/diagnostics/br-persistent-env16-cleanup-20261001/replays/5772957acf854ceb9c62c4cfcec5041d/episode-00000015-slot-14.json,194,3807ec54314bec9d02bef7e499fba3394299e850c9af8d655808cdf52fc79d96
diagnostics,logs/diagnostics/br-persistent-env16-cleanup-20261001,logs/diagnostics/br-persistent-env16-cleanup-20261001/replays/5772957acf854ceb9c62c4cfcec5041d/episode-00000016-slot-15.json,194,9a5f846baead42eb6caae503934fd9f48a348824c6b369f25bf6185939791bfe
diagnostics,logs/diagnostics/br-persistent-env16-cleanup-20261001,logs/diagnostics/br-persistent-env16-cleanup-20261001/result.json,742,12605d32c2467a9a31c11ed4cee354966555de51745a5bb99693c185cc46afe3
diagnostics,logs/diagnostics/br-persistent-env16-cleanup-20261001,logs/diagnostics/br-persistent-env16-cleanup-20261001/scalars/progress.csv,157,109ee8520a7d64f60c96e4ae7cd7233c793056b1e843a3b4aab82b022476bc87
diagnostics,logs/diagnostics/br-persistent-env16-cleanup-20261001,logs/diagnostics/br-persistent-env16-cleanup-20261001/timing.json,369,3fb16c40eea17921818a8b8279a76ca5e7ab7bbd24abd57671407a3e04234ed5
diagnostics,logs/diagnostics/br-persistent-env16-probe-20261001,logs/diagnostics/br-persistent-env16-probe-20261001/config.yaml,4721,3486c236fe62d5c5e89d49429ad432fb37ee5b1894911f41a6cad35a878475ff
diagnostics,logs/diagnostics/br-persistent-env16-probe-20261001,logs/diagnostics/br-persistent-env16-probe-20261001/identity.json,40495,7c6d099d52011125f2f373e89277b5865cee1981b2d405782ddc1ad15731698b
diagnostics,logs/diagnostics/br-persistent-env16-probe-20261001,logs/diagnostics/br-persistent-env16-probe-20261001/progress.json,836,000aed5d50ae59cebe2ce9737d0c631be53530afdd4ad8ee7c5e37eddb3f517b
diagnostics,logs/diagnostics/br-persistent-env16-probe-20261001,logs/diagnostics/br-persistent-env16-probe-20261001/replays/a53585e5cd984562bfe9702014129f98/episode-00000001-slot-0.json,193,990f939fec98476af14fbfd7f1456c2c9023bbe02fd2deeaa79cb3e391293624
diagnostics,logs/diagnostics/br-persistent-env16-probe-20261001,logs/diagnostics/br-persistent-env16-probe-20261001/replays/a53585e5cd984562bfe9702014129f98/episode-00000002-slot-1.json,193,350673b27f64fa6e5b5bfdf2e0e7eb36e9f99a72858e5480f54dcb7d8bace42b
diagnostics,logs/diagnostics/br-persistent-env16-probe-20261001,logs/diagnostics/br-persistent-env16-probe-20261001/replays/a53585e5cd984562bfe9702014129f98/episode-00000003-slot-2.json,193,7638e2d0235f50b475061d70e552b280ff18d799e4046fd36c5b5c8dbe44b98f
diagnostics,logs/diagnostics/br-persistent-env16-probe-20261001,logs/diagnostics/br-persistent-env16-probe-20261001/replays/a53585e5cd984562bfe9702014129f98/episode-00000004-slot-3.json,193,8c3395ef29403249a502e1dcf6aa037799fcc848fad88558740f5f7dc61ed3a4
diagnostics,logs/diagnostics/br-persistent-env16-probe-20261001,logs/diagnostics/br-persistent-env16-probe-20261001/replays/a53585e5cd984562bfe9702014129f98/episode-00000005-slot-4.json,193,4e5ed516769a4ea53da6147822d03b110ea080eee8542654ab00449de22c1b7d
diagnostics,logs/diagnostics/br-persistent-env16-probe-20261001,logs/diagnostics/br-persistent-env16-probe-20261001/replays/a53585e5cd984562bfe9702014129f98/episode-00000006-slot-5.json,193,b9c4b46116703a8b5f9ae6d7412adeabc3208cbb9de7a21fa38ef0a8922b0b47
diagnostics,logs/diagnostics/br-persistent-env16-probe-20261001,logs/diagnostics/br-persistent-env16-probe-20261001/replays/a53585e5cd984562bfe9702014129f98/episode-00000007-slot-6.json,193,6a5309739ae419d43070efedadf17410069c8a1a36ef3bd18f11e912c4f0d24f
diagnostics,logs/diagnostics/br-persistent-env16-probe-20261001,logs/diagnostics/br-persistent-env16-probe-20261001/replays/a53585e5cd984562bfe9702014129f98/episode-00000008-slot-7.json,193,223c10bb7c21e3d709d7b25075b525cd38fc5affb7796fbbaf51cdaff93499d5
diagnostics,logs/diagnostics/br-persistent-env16-probe-20261001,logs/diagnostics/br-persistent-env16-probe-20261001/replays/a53585e5cd984562bfe9702014129f98/episode-00000009-slot-8.json,193,f2b1b2c124e155754bb941afbf492c93125ac63ddb70a57ae273ede22c18fa66
diagnostics,logs/diagnostics/br-persistent-env16-probe-20261001,logs/diagnostics/br-persistent-env16-probe-20261001/replays/a53585e5cd984562bfe9702014129f98/episode-00000010-slot-9.json,193,5bd6a8606a6e67a9b39888616dc4c2ace4dc9010082cc44579ff94b9ebab5170
diagnostics,logs/diagnostics/br-persistent-env16-probe-20261001,logs/diagnostics/br-persistent-env16-probe-20261001/replays/a53585e5cd984562bfe9702014129f98/episode-00000011-slot-10.json,195,9603414b630fb6ee94a89cf7dbf4397231fa417cf127e0b4cacb868db684ba4d
diagnostics,logs/diagnostics/br-persistent-env16-probe-20261001,logs/diagnostics/br-persistent-env16-probe-20261001/replays/a53585e5cd984562bfe9702014129f98/episode-00000012-slot-11.json,195,54abaed655628e221e9997542677cce195a914203d9485ad8f22749b9bd10174
diagnostics,logs/diagnostics/br-persistent-env16-probe-20261001,logs/diagnostics/br-persistent-env16-probe-20261001/replays/a53585e5cd984562bfe9702014129f98/episode-00000013-slot-12.json,195,bbd485fddf2675e871812c9639578b5e9b9ba78ec2ff6a7e8fa6bd569e395212
diagnostics,logs/diagnostics/br-persistent-env16-probe-20261001,logs/diagnostics/br-persistent-env16-probe-20261001/replays/a53585e5cd984562bfe9702014129f98/episode-00000014-slot-13.json,195,b8062ba6901ad085578bece76f7d5d4817c8531e35a50cce496033f1169bd306
diagnostics,logs/diagnostics/br-persistent-env16-probe-20261001,logs/diagnostics/br-persistent-env16-probe-20261001/replays/a53585e5cd984562bfe9702014129f98/episode-00000015-slot-14.json,195,64317079c3c2dbe752d05f8b0025aa133a2b04e384a604569663aeb52faa6944
diagnostics,logs/diagnostics/br-persistent-env16-probe-20261001,logs/diagnostics/br-persistent-env16-probe-20261001/replays/a53585e5cd984562bfe9702014129f98/episode-00000016-slot-15.json,195,0737c57e6b372ff085bd42e70e1b5935631adbe7389b59a401acb27d1b0b19cb
diagnostics,logs/diagnostics/br-persistent-env16-probe-20261001,logs/diagnostics/br-persistent-env16-probe-20261001/result.json,799,0066a8c49ec7f839ff44d02bf3768945122ce0d69baefadb3c050e3270c250b3
diagnostics,logs/diagnostics/br-persistent-env16-probe-20261001,logs/diagnostics/br-persistent-env16-probe-20261001/scalars/progress.csv,518,454d5af31da20a3136043e9da0fa8415738e9b1477017dd8ee04de4167ffa128
diagnostics,logs/diagnostics/br-persistent-env16-probe-20261001,logs/diagnostics/br-persistent-env16-probe-20261001/timing.json,516,d9c624f7cb227b39fe90b171866692e519a60516c958f4d0ebd768987ebbbc59
diagnostics,logs/diagnostics/br-prior-actions-20261001,logs/diagnostics/br-prior-actions-20261001/button_prior/config.yaml,12562,8d991477e410a9bdb973266952e7493950e4c65efdbe9a025cafd03db87b3654
diagnostics,logs/diagnostics/br-prior-actions-20261001,logs/diagnostics/br-prior-actions-20261001/button_prior/result.json,50428,27cf882981a225bfa5ed6fa948ceaca3587a5a2efdd87f72ace5100df43a4af2
diagnostics,logs/diagnostics/br-prior-actions-20261001,logs/diagnostics/br-prior-actions-20261001/context/config.yaml,12446,198f2960d27e07dfb40061d6dfb6e1ebf4f3277d9267c249d49cb97e47847d40
diagnostics,logs/diagnostics/br-prior-actions-20261001,logs/diagnostics/br-prior-actions-20261001/context/result.json,50746,01cf782bbf7372a6de7f6e7ee53fd3d1a8f5f78c2a6c57be9b6544e8df2ca408
diagnostics,logs/diagnostics/br-prior-actions-20261001,logs/diagnostics/br-prior-actions-20261001/summary.json,208308,403683f5a7adf7a13e1cb29e6e0b51c8e8d4f17b4f649fca9f6f21acdb8fb867
diagnostics,logs/diagnostics/br-prior-comparison-20261001-a,logs/diagnostics/br-prior-comparison-20261001-a/button_prior/config.yaml,4621,3d9366ded77e91388347f7299859debbd023004c4e356bd31ffe12b3604c82d0
diagnostics,logs/diagnostics/br-prior-comparison-20261001-a,logs/diagnostics/br-prior-comparison-20261001-a/button_prior/progress.csv,3685,8518fb03318eff7186f89fe1c1e7e477cbd77e397481811738dce8954dc7b095
diagnostics,logs/diagnostics/br-prior-comparison-20261001-a,logs/diagnostics/br-prior-comparison-20261001-a/button_prior/progress.json,74570,e8101e28f7733f9196d8dd463a647e3df67c9109e0e02bd6e91012a28ecca0d1
diagnostics,logs/diagnostics/br-prior-comparison-20261001-a,logs/diagnostics/br-prior-comparison-20261001-a/button_prior/timing.json,2336,256114d2e10fbdc52ec42b91a45ae0c169236357204f144b493ab40ce9c3ac71
diagnostics,logs/diagnostics/br-prior-comparison-20261001-a,logs/diagnostics/br-prior-comparison-20261001-a/combat_context/config.yaml,4509,d8256ee56c0a10acad0e25e17ff1b2aa3b844c55393784b191541ddab62a3a3d
diagnostics,logs/diagnostics/br-prior-comparison-20261001-a,logs/diagnostics/br-prior-comparison-20261001-a/combat_context/progress.csv,4433,92548d0bdf88b4b59cf592d8e7d2494956cae3f1d2dd93575a83cd57fca7f5b4
diagnostics,logs/diagnostics/br-prior-comparison-20261001-a,logs/diagnostics/br-prior-comparison-20261001-a/combat_context/progress.json,97322,f42128e8e5ee0f291937a374f4c88af34ab7aec70417f3d575780610dfb816b3
diagnostics,logs/diagnostics/br-prior-comparison-20261001-a,logs/diagnostics/br-prior-comparison-20261001-a/combat_context/timing.json,2789,7c4ec2681ed7bfbb5a96a1c794b9f2993e90698a025affc4fdb9579e2ad8cae0
diagnostics,logs/diagnostics/br-prior-comparison-20261001-a,logs/diagnostics/br-prior-comparison-20261001-a/combat_series.json,59504,e1e6f6aad156dc2397b15d029de42cf3b78126c61f924c1a04abb5954a44f0db
diagnostics,logs/diagnostics/br-prior-comparison-20261001-a,logs/diagnostics/br-prior-comparison-20261001-a/context_continued/config.yaml,4688,60fe4c0917e95856f577f3eca1fbd782388755f0f1be7e5ebcfe3ae51b79a9a0
diagnostics,logs/diagnostics/br-prior-comparison-20261001-a,logs/diagnostics/br-prior-comparison-20261001-a/context_continued/progress.csv,2448,09dc651391bf25a9791fb08246d505192235ea680b5deae6d884d11ba223f5e2
diagnostics,logs/diagnostics/br-prior-comparison-20261001-a,logs/diagnostics/br-prior-comparison-20261001-a/context_continued/progress.json,52468,a2d3daa710f6de517e2c6355e6acd6ece647c734cefd71de040efd82e22bffba
diagnostics,logs/diagnostics/br-prior-comparison-20261001-a,logs/diagnostics/br-prior-comparison-20261001-a/context_continued/timing.json,1621,1069841183dace55e24aefb36c56d5944268afe187067b6f4a7b7b111821a732
diagnostics,logs/diagnostics/br-prior-comparison-20261001-a,logs/diagnostics/br-prior-comparison-20261001-a/summary.json,24620,f4e3f50c40d7315ea0a21fa9eca4ebdb4e3dd2c511bd5a44e7f586e42d14476a
diagnostics,logs/diagnostics/br-prior-comparison-20261001-b,logs/diagnostics/br-prior-comparison-20261001-b/button_prior/config.yaml,4621,3d9366ded77e91388347f7299859debbd023004c4e356bd31ffe12b3604c82d0
diagnostics,logs/diagnostics/br-prior-comparison-20261001-b,logs/diagnostics/br-prior-comparison-20261001-b/button_prior/progress.csv,3685,8518fb03318eff7186f89fe1c1e7e477cbd77e397481811738dce8954dc7b095
diagnostics,logs/diagnostics/br-prior-comparison-20261001-b,logs/diagnostics/br-prior-comparison-20261001-b/button_prior/progress.json,74570,e8101e28f7733f9196d8dd463a647e3df67c9109e0e02bd6e91012a28ecca0d1
diagnostics,logs/diagnostics/br-prior-comparison-20261001-b,logs/diagnostics/br-prior-comparison-20261001-b/button_prior/timing.json,2336,256114d2e10fbdc52ec42b91a45ae0c169236357204f144b493ab40ce9c3ac71
diagnostics,logs/diagnostics/br-prior-comparison-20261001-b,logs/diagnostics/br-prior-comparison-20261001-b/combat_context/config.yaml,4509,d8256ee56c0a10acad0e25e17ff1b2aa3b844c55393784b191541ddab62a3a3d
diagnostics,logs/diagnostics/br-prior-comparison-20261001-b,logs/diagnostics/br-prior-comparison-20261001-b/combat_context/progress.csv,4433,92548d0bdf88b4b59cf592d8e7d2494956cae3f1d2dd93575a83cd57fca7f5b4
diagnostics,logs/diagnostics/br-prior-comparison-20261001-b,logs/diagnostics/br-prior-comparison-20261001-b/combat_context/progress.json,97322,f42128e8e5ee0f291937a374f4c88af34ab7aec70417f3d575780610dfb816b3
diagnostics,logs/diagnostics/br-prior-comparison-20261001-b,logs/diagnostics/br-prior-comparison-20261001-b/combat_context/timing.json,2789,7c4ec2681ed7bfbb5a96a1c794b9f2993e90698a025affc4fdb9579e2ad8cae0
diagnostics,logs/diagnostics/br-prior-comparison-20261001-b,logs/diagnostics/br-prior-comparison-20261001-b/combat_series.json,59504,e1e6f6aad156dc2397b15d029de42cf3b78126c61f924c1a04abb5954a44f0db
diagnostics,logs/diagnostics/br-prior-comparison-20261001-b,logs/diagnostics/br-prior-comparison-20261001-b/context_continued/config.yaml,4688,60fe4c0917e95856f577f3eca1fbd782388755f0f1be7e5ebcfe3ae51b79a9a0
diagnostics,logs/diagnostics/br-prior-comparison-20261001-b,logs/diagnostics/br-prior-comparison-20261001-b/context_continued/progress.csv,2448,09dc651391bf25a9791fb08246d505192235ea680b5deae6d884d11ba223f5e2
diagnostics,logs/diagnostics/br-prior-comparison-20261001-b,logs/diagnostics/br-prior-comparison-20261001-b/context_continued/progress.json,52468,a2d3daa710f6de517e2c6355e6acd6ece647c734cefd71de040efd82e22bffba
diagnostics,logs/diagnostics/br-prior-comparison-20261001-b,logs/diagnostics/br-prior-comparison-20261001-b/context_continued/timing.json,1621,1069841183dace55e24aefb36c56d5944268afe187067b6f4a7b7b111821a732
diagnostics,logs/diagnostics/br-prior-comparison-20261001-b,logs/diagnostics/br-prior-comparison-20261001-b/summary.json,24620,f4e3f50c40d7315ea0a21fa9eca4ebdb4e3dd2c511bd5a44e7f586e42d14476a
diagnostics,logs/diagnostics/br-recurrent-minibatch-audit-20261002,logs/diagnostics/br-recurrent-minibatch-audit-20261002/checkpoints/ppo_4096_steps.curriculum.json,851,73b6ed6e15b3d800f00c830f9d5702574b0eb774687f1fae0cab4cf337b465e2
diagnostics,logs/diagnostics/br-recurrent-minibatch-audit-20261002,logs/diagnostics/br-recurrent-minibatch-audit-20261002/checkpoints/updated_4096_steps.curriculum.json,851,77eb5e6c58a0d0b0e57234d42e2b02b63558f309a2623258573ff6527245eab9
diagnostics,logs/diagnostics/br-recurrent-minibatch-audit-20261002,logs/diagnostics/br-recurrent-minibatch-audit-20261002/checkpoints/updated_512_steps.curriculum.json,850,84584e1a8511d11dafd1f76ee4eca5134be002e7dd97df326010c15d7b3f103f
diagnostics,logs/diagnostics/br-recurrent-minibatch-audit-20261002,logs/diagnostics/br-recurrent-minibatch-audit-20261002/config.yaml,5150,1d7fd767b4565b4195c3a411b240ba5ea7189cc3be3cc49c2b5d7f036d55c5c2
diagnostics,logs/diagnostics/br-recurrent-minibatch-audit-20261002,logs/diagnostics/br-recurrent-minibatch-audit-20261002/final.curriculum.json,851,77eb5e6c58a0d0b0e57234d42e2b02b63558f309a2623258573ff6527245eab9
diagnostics,logs/diagnostics/br-recurrent-minibatch-audit-20261002,logs/diagnostics/br-recurrent-minibatch-audit-20261002/identity.json,49775,6f90fb4ba15780404c73013e2ce05250381d893bf0483caba2cdbbe6c1d83397
diagnostics,logs/diagnostics/br-recurrent-minibatch-audit-20261002,logs/diagnostics/br-recurrent-minibatch-audit-20261002/progress.json,1660,06bb5a4a8bf6486f14a22430062e3bc9eae41e270f5dace9518b00e5210ff36a
diagnostics,logs/diagnostics/br-recurrent-minibatch-audit-20261002,logs/diagnostics/br-recurrent-minibatch-audit-20261002/recurrent-state-audit.json,1307989,d693b37cb86ab2c6cae18464541c3cab760471d7596025b8d050f7ceafccd159
diagnostics,logs/diagnostics/br-recurrent-minibatch-audit-20261002,logs/diagnostics/br-recurrent-minibatch-audit-20261002/replays/fc45b7895a2f4432af5799e455abd055/episode-00000001-slot-0.json,193,ab343514da30de8b7d66cffb84f11c44ccc912d95c2444758bacc6d1231ff40f
diagnostics,logs/diagnostics/br-recurrent-minibatch-audit-20261002,logs/diagnostics/br-recurrent-minibatch-audit-20261002/replays/fc45b7895a2f4432af5799e455abd055/episode-00000002-slot-1.json,193,b1dc8359ed8cead6edd48b4f99ca7cc2a53e485588253e6644efb675bd7c82f0
diagnostics,logs/diagnostics/br-recurrent-minibatch-audit-20261002,logs/diagnostics/br-recurrent-minibatch-audit-20261002/result.json,1934,f089295a6d6055e797d3dbb633ee2bbf1322333e57cbfb0da1cd1697fca5da57
diagnostics,logs/diagnostics/br-recurrent-minibatch-audit-20261002,logs/diagnostics/br-recurrent-minibatch-audit-20261002/scalars/progress.csv,1714,00fc27dc9b1f868a84bd389ff8fd953317670a5a73958a997f4a71090d2a4e90
diagnostics,logs/diagnostics/br-recurrent-minibatch-audit-20261002,logs/diagnostics/br-recurrent-minibatch-audit-20261002/timing.json,1820,a26a0d1dd9830abffd5c996e8e181bff7740bc4da7c583c2d1f6b2383fae2a11
diagnostics,logs/diagnostics/br-recurrent-sparse-profile-20261002,logs/diagnostics/br-recurrent-sparse-profile-20261002/checkpoints/updated_2048_steps.curriculum.json,851,0a49e3cf8cddc00677734d93858f04fb0f14d606d629362d17e69feee525d651
diagnostics,logs/diagnostics/br-recurrent-sparse-profile-20261002,logs/diagnostics/br-recurrent-sparse-profile-20261002/config.yaml,5210,af3b32b9740a2a4c7e22865f44245f15955ebc432f5b670aa56981a0f17c6446
diagnostics,logs/diagnostics/br-recurrent-sparse-profile-20261002,logs/diagnostics/br-recurrent-sparse-profile-20261002/final.curriculum.json,851,0fe068d5fbd3e3a3ca43ea9d5dc7b79834280b526d710399fd4f6d492b85d14c
diagnostics,logs/diagnostics/br-recurrent-sparse-profile-20261002,logs/diagnostics/br-recurrent-sparse-profile-20261002/identity.json,50001,9395f693c41f5a76371b6d19046dc3cf06c10dfde9bb1c1512599a095ea91f43
diagnostics,logs/diagnostics/br-recurrent-sparse-profile-20261002,logs/diagnostics/br-recurrent-sparse-profile-20261002/progress.json,1660,06bb5a4a8bf6486f14a22430062e3bc9eae41e270f5dace9518b00e5210ff36a
diagnostics,logs/diagnostics/br-recurrent-sparse-profile-20261002,logs/diagnostics/br-recurrent-sparse-profile-20261002/replays/15da5b96728c4dd18467ac2b2b6c4625/episode-00000001-slot-0.json,192,d15f1e9ad4ebd8ae581ef75fd963ea70cc7d01332a563191f784d3cd6d24b7c3
diagnostics,logs/diagnostics/br-recurrent-sparse-profile-20261002,logs/diagnostics/br-recurrent-sparse-profile-20261002/replays/15da5b96728c4dd18467ac2b2b6c4625/episode-00000002-slot-1.json,192,d5fa9de054a5c05cdb2c872ad3d5c71dfaf7e73d75cd15e523c318306a54aa15
diagnostics,logs/diagnostics/br-recurrent-sparse-profile-20261002,logs/diagnostics/br-recurrent-sparse-profile-20261002/replays/15da5b96728c4dd18467ac2b2b6c4625/episode-00000003-slot-2.json,192,9baa8ca250340a846d4f22dcf54bb19770dd12818b93eb083f5f310a3fb344d4
diagnostics,logs/diagnostics/br-recurrent-sparse-profile-20261002,logs/diagnostics/br-recurrent-sparse-profile-20261002/replays/15da5b96728c4dd18467ac2b2b6c4625/episode-00000004-slot-3.json,192,a688d685c08d9064f09effac32caa3ded6b0b1a16c3c9542941ab96d4406ed93
diagnostics,logs/diagnostics/br-recurrent-sparse-profile-20261002,logs/diagnostics/br-recurrent-sparse-profile-20261002/replays/15da5b96728c4dd18467ac2b2b6c4625/episode-00000005-slot-4.json,192,e875d64917bf90491cd3eb45047681598c357686f5f46d9923050fa71d06d2f6
diagnostics,logs/diagnostics/br-recurrent-sparse-profile-20261002,logs/diagnostics/br-recurrent-sparse-profile-20261002/replays/15da5b96728c4dd18467ac2b2b6c4625/episode-00000006-slot-5.json,192,a3e9f206442b5eec4fbe5ab6aba76912feb147118c489d4ed6502c285c51c1ca
diagnostics,logs/diagnostics/br-recurrent-sparse-profile-20261002,logs/diagnostics/br-recurrent-sparse-profile-20261002/replays/15da5b96728c4dd18467ac2b2b6c4625/episode-00000007-slot-6.json,192,ce5e76082f9aff458e7c761f0705395b36d6ae5b7f37375adc64b2ac4105d3a9
diagnostics,logs/diagnostics/br-recurrent-sparse-profile-20261002,logs/diagnostics/br-recurrent-sparse-profile-20261002/replays/15da5b96728c4dd18467ac2b2b6c4625/episode-00000008-slot-7.json,192,8f53a32be87fd657354c7358ec47e8b096b95edff04f62bf675593fb90452a45
diagnostics,logs/diagnostics/br-recurrent-sparse-profile-20261002,logs/diagnostics/br-recurrent-sparse-profile-20261002/result.json,1932,b7ccb0a2003af2a7fb5763a4e50f9534df7dbf079ca85f6ef33bfe21449da806
diagnostics,logs/diagnostics/br-recurrent-sparse-profile-20261002,logs/diagnostics/br-recurrent-sparse-profile-20261002/scalars/progress.csv,650,41dda0ccc433189e2afce160ff096e3107e915a034d5af1d4fbfad52d6781901
diagnostics,logs/diagnostics/br-recurrent-sparse-profile-20261002,logs/diagnostics/br-recurrent-sparse-profile-20261002/timing.json,575,19267f55955334e6a1d09ae627d1685fa222ee98bc34598a1a249430dc85e900
diagnostics,logs/diagnostics/br-recurrent-state-audit-20261002,logs/diagnostics/br-recurrent-state-audit-20261002/checkpoints/ppo_4096_steps.curriculum.json,851,09d5d7312d3f6c834cc3a99b8d34496d5ff1fc65e5ba2e84c2d8f65ada156183
diagnostics,logs/diagnostics/br-recurrent-state-audit-20261002,logs/diagnostics/br-recurrent-state-audit-20261002/checkpoints/updated_4096_steps.curriculum.json,851,26256f3e84c9b17b6a071fed9871d30fc53fda890d2fb790ad318859d1c8c6df
diagnostics,logs/diagnostics/br-recurrent-state-audit-20261002,logs/diagnostics/br-recurrent-state-audit-20261002/checkpoints/updated_512_steps.curriculum.json,850,72edec6d72c2198c99a4a8211d6ad84c108634ab160eb8c6ca8c55146263b125
diagnostics,logs/diagnostics/br-recurrent-state-audit-20261002,logs/diagnostics/br-recurrent-state-audit-20261002/config.yaml,5146,a467c4356150d7bbe3da0fbbda6aa315128bb219ebd1ff9bc02336d17ddd7459
diagnostics,logs/diagnostics/br-recurrent-state-audit-20261002,logs/diagnostics/br-recurrent-state-audit-20261002/final.curriculum.json,851,26256f3e84c9b17b6a071fed9871d30fc53fda890d2fb790ad318859d1c8c6df
diagnostics,logs/diagnostics/br-recurrent-state-audit-20261002,logs/diagnostics/br-recurrent-state-audit-20261002/identity.json,49775,0c34edd49aa037a90bc594bbb71778be985b2e5b51a9d00cd6a70de462a8a440
diagnostics,logs/diagnostics/br-recurrent-state-audit-20261002,logs/diagnostics/br-recurrent-state-audit-20261002/progress.json,1660,06bb5a4a8bf6486f14a22430062e3bc9eae41e270f5dace9518b00e5210ff36a
diagnostics,logs/diagnostics/br-recurrent-state-audit-20261002,logs/diagnostics/br-recurrent-state-audit-20261002/recurrent-state-audit.json,1304342,2dce643369710b6bf70139fecddcbf7705aeb03c8c88e363f7d2259bb13ac656
diagnostics,logs/diagnostics/br-recurrent-state-audit-20261002,logs/diagnostics/br-recurrent-state-audit-20261002/replays/a1e75297b66149cab96a1c6cbb5f35c3/episode-00000001-slot-0.json,193,ab343514da30de8b7d66cffb84f11c44ccc912d95c2444758bacc6d1231ff40f
diagnostics,logs/diagnostics/br-recurrent-state-audit-20261002,logs/diagnostics/br-recurrent-state-audit-20261002/replays/a1e75297b66149cab96a1c6cbb5f35c3/episode-00000002-slot-1.json,193,b1dc8359ed8cead6edd48b4f99ca7cc2a53e485588253e6644efb675bd7c82f0
diagnostics,logs/diagnostics/br-recurrent-state-audit-20261002,logs/diagnostics/br-recurrent-state-audit-20261002/result.json,1929,387be642614ad41364d51180d76d6729ac7636779e72e34f036a772c13aec11d
diagnostics,logs/diagnostics/br-recurrent-state-audit-20261002,logs/diagnostics/br-recurrent-state-audit-20261002/scalars/progress.csv,1716,a32ad37c8958f1dde2c96108a515cf89e3956eeda65f2bc6ce1efa7372d95387
diagnostics,logs/diagnostics/br-recurrent-state-audit-20261002,logs/diagnostics/br-recurrent-state-audit-20261002/timing.json,1808,63dfa840e621a385b216f09f703dc15660b03399ead929144e5b7d677ca973c1
diagnostics,logs/diagnostics/br-recurrent-state-late-control-20261003,logs/diagnostics/br-recurrent-state-late-control-20261003/checkpoints/ppo_790528_steps.curriculum.json,942,b61ef97a5465c9858f536e4fe57c835f1e2049cb3bc5c3d87f09dea4bac53bdc
diagnostics,logs/diagnostics/br-recurrent-state-late-control-20261003,logs/diagnostics/br-recurrent-state-late-control-20261003/checkpoints/ppo_794624_steps.curriculum.json,942,f27188e91be7e66519fea4d9fd1c45c42a224e62f375d55d5580fb801e90da44
diagnostics,logs/diagnostics/br-recurrent-state-late-control-20261003,logs/diagnostics/br-recurrent-state-late-control-20261003/checkpoints/ppo_798720_steps.curriculum.json,942,c15ecae52091e545c2d11b25a1d17876dc9779321be813535034d93e87286974
diagnostics,logs/diagnostics/br-recurrent-state-late-control-20261003,logs/diagnostics/br-recurrent-state-late-control-20261003/checkpoints/ppo_802816_steps.curriculum.json,942,58fb77da64dde7f4751b35bfaba676a55e23f00331db4fcbf28374253246f3c0
diagnostics,logs/diagnostics/br-recurrent-state-late-control-20261003,logs/diagnostics/br-recurrent-state-late-control-20261003/checkpoints/updated_788480_steps.curriculum.json,942,f00c7c1cf6a026740d517b9cd59f3896a896d5cb89134a35cd5a3e0dbbae52b5
diagnostics,logs/diagnostics/br-recurrent-state-late-control-20261003,logs/diagnostics/br-recurrent-state-late-control-20261003/checkpoints/updated_790528_steps.curriculum.json,942,5aee6579a4913e7568ef28b20469e4b723ff9aa92b7d2eacb299a6610cdcda14
diagnostics,logs/diagnostics/br-recurrent-state-late-control-20261003,logs/diagnostics/br-recurrent-state-late-control-20261003/checkpoints/updated_794624_steps.curriculum.json,942,bd97faf6b3ad00e0ec55a521e6fba6c8f12eefcbf2f992582c223bf87aeca377
diagnostics,logs/diagnostics/br-recurrent-state-late-control-20261003,logs/diagnostics/br-recurrent-state-late-control-20261003/checkpoints/updated_798720_steps.curriculum.json,942,e55c0bb97a64ba781815c2558a86462fd4705ce95d6bebf1bc54cd4cd9d6c8d0
diagnostics,logs/diagnostics/br-recurrent-state-late-control-20261003,logs/diagnostics/br-recurrent-state-late-control-20261003/checkpoints/updated_802816_steps.curriculum.json,942,387b044e5a29026eb6497f950180765facf7c24f3008744aa7489965bcb8aa4d
diagnostics,logs/diagnostics/br-recurrent-state-late-control-20261003,logs/diagnostics/br-recurrent-state-late-control-20261003/config.yaml,5233,710c8bb0f4673dd0f39dbc3ccc21834660ed56b0994394abc92afbe0538132a1
diagnostics,logs/diagnostics/br-recurrent-state-late-control-20261003,logs/diagnostics/br-recurrent-state-late-control-20261003/final.curriculum.json,942,1c360631a72f4e6a66253a00bbdb8990e955edc4cb05dc8d8a3ce3e63e3f9faa
diagnostics,logs/diagnostics/br-recurrent-state-late-control-20261003,logs/diagnostics/br-recurrent-state-late-control-20261003/identity.json,52535,4b6737a61b5069841cc4e7faa0e6f2fbfea91b0f353fa034204d03f164e9e760
diagnostics,logs/diagnostics/br-recurrent-state-late-control-20261003,logs/diagnostics/br-recurrent-state-late-control-20261003/progress.json,1753,97619d9efa184e464667805858f863884ab92a66c7e238fce0552ac1b6c5a8b8
diagnostics,logs/diagnostics/br-recurrent-state-late-control-20261003,logs/diagnostics/br-recurrent-state-late-control-20261003/replays/e73a4d809b9747bfa68b8f3543fadc65/episode-00000001-slot-0.json,193,74bc32ecb05528d2fe89d6d6c5095a9857271dd235dcbf16acbdb9aa1eb0a18c
diagnostics,logs/diagnostics/br-recurrent-state-late-control-20261003,logs/diagnostics/br-recurrent-state-late-control-20261003/replays/e73a4d809b9747bfa68b8f3543fadc65/episode-00000002-slot-1.json,193,500543756bd1123b02183c50372023bb3ca55aba4490a42c55830b773a57454a
diagnostics,logs/diagnostics/br-recurrent-state-late-control-20261003,logs/diagnostics/br-recurrent-state-late-control-20261003/replays/e73a4d809b9747bfa68b8f3543fadc65/episode-00000003-slot-2.json,193,4988b2da4aa82683424b35d1d7a4c6220664588b18da97169da5719645238fe6
diagnostics,logs/diagnostics/br-recurrent-state-late-control-20261003,logs/diagnostics/br-recurrent-state-late-control-20261003/replays/e73a4d809b9747bfa68b8f3543fadc65/episode-00000004-slot-3.json,193,e5def87f9f614b3c5f36c4fc0725c5df88035c5dcd38b1a12ca8b4448ef978ea
diagnostics,logs/diagnostics/br-recurrent-state-late-control-20261003,logs/diagnostics/br-recurrent-state-late-control-20261003/replays/e73a4d809b9747bfa68b8f3543fadc65/episode-00000005-slot-4.json,193,cc90c8548bfbb4e3fe5b0fe1b8c7a87189e1dbfe5e8683e676acb79668fd3f5f
diagnostics,logs/diagnostics/br-recurrent-state-late-control-20261003,logs/diagnostics/br-recurrent-state-late-control-20261003/replays/e73a4d809b9747bfa68b8f3543fadc65/episode-00000006-slot-5.json,193,e26c7f1672488a6d88c6cf7935d2af12bcfa0b8c4ea302abb2bfc31b66fd628f
diagnostics,logs/diagnostics/br-recurrent-state-late-control-20261003,logs/diagnostics/br-recurrent-state-late-control-20261003/replays/e73a4d809b9747bfa68b8f3543fadc65/episode-00000007-slot-6.json,193,2c03b2285d030e7d62bad4133f15f4fbe420368c7e83a688769eb2085b23160d
diagnostics,logs/diagnostics/br-recurrent-state-late-control-20261003,logs/diagnostics/br-recurrent-state-late-control-20261003/replays/e73a4d809b9747bfa68b8f3543fadc65/episode-00000008-slot-7.json,193,e63e167eb2b335b755264412e7fbd243f9df76dc10a3f8c0242211ffb2700f28
diagnostics,logs/diagnostics/br-recurrent-state-late-control-20261003,logs/diagnostics/br-recurrent-state-late-control-20261003/result.json,2062,cde2e6f6316e52fd6d7446f42f1c8cc890e4beb83e104228e89d8bdd05305d92
diagnostics,logs/diagnostics/br-recurrent-state-late-control-20261003,logs/diagnostics/br-recurrent-state-late-control-20261003/scalars/progress.csv,2472,8293a69f857a410c07b0130fb5abb80782fc14598fff8e06fdbd0466521d519a
diagnostics,logs/diagnostics/br-recurrent-state-late-control-20261003,logs/diagnostics/br-recurrent-state-late-control-20261003/timing.json,2436,c8b555b0263e60e3ca9ab932e3db04e18acf13558215dbf91c29af678333c04b
diagnostics,logs/diagnostics/br-recurrent-state-late-observed-20261003,logs/diagnostics/br-recurrent-state-late-observed-20261003/checkpoints/ppo_790528_steps.curriculum.json,942,4077a7c09ae198110d83fcba975c188b7ff83bf55ffe026045c4c85570892ac6
diagnostics,logs/diagnostics/br-recurrent-state-late-observed-20261003,logs/diagnostics/br-recurrent-state-late-observed-20261003/checkpoints/ppo_794624_steps.curriculum.json,942,d8410948e03e98750387539ea08ecca400b76b22cc12e24b8bac6b40ecdc602c
diagnostics,logs/diagnostics/br-recurrent-state-late-observed-20261003,logs/diagnostics/br-recurrent-state-late-observed-20261003/checkpoints/ppo_798720_steps.curriculum.json,942,89228dec2fa7008d436268fae55727446394fb348ed770d93a32dd6c32bcd016
diagnostics,logs/diagnostics/br-recurrent-state-late-observed-20261003,logs/diagnostics/br-recurrent-state-late-observed-20261003/checkpoints/ppo_802816_steps.curriculum.json,942,1d5ca6fe596a4d2856c794d1e8842f6b31ef35e5d42271b230e7791845c3bc48
diagnostics,logs/diagnostics/br-recurrent-state-late-observed-20261003,logs/diagnostics/br-recurrent-state-late-observed-20261003/checkpoints/updated_788480_steps.curriculum.json,942,cc7abfbfe856262247c3e7d75c925e7ba29ca708d9ab93140a507831ef1d8b31
diagnostics,logs/diagnostics/br-recurrent-state-late-observed-20261003,logs/diagnostics/br-recurrent-state-late-observed-20261003/checkpoints/updated_790528_steps.curriculum.json,942,3a665d6739cb049adb37f500405e1e64592a24a44ec620d47821211eadc60aee
diagnostics,logs/diagnostics/br-recurrent-state-late-observed-20261003,logs/diagnostics/br-recurrent-state-late-observed-20261003/checkpoints/updated_794624_steps.curriculum.json,942,44c0b0c01773bb2f35216cf99186f1565d32e381fffb65c2b95c783dc393b2ae
diagnostics,logs/diagnostics/br-recurrent-state-late-observed-20261003,logs/diagnostics/br-recurrent-state-late-observed-20261003/checkpoints/updated_798720_steps.curriculum.json,942,db4bf1493e04ea5df8a42574b5ac3b5661a4474e9fd4c1d52d7727ed767385d9
diagnostics,logs/diagnostics/br-recurrent-state-late-observed-20261003,logs/diagnostics/br-recurrent-state-late-observed-20261003/checkpoints/updated_802816_steps.curriculum.json,942,af0e5507d6016b68b5889b5eec5da320629ef256348ad65a377cd2882645ef2a
diagnostics,logs/diagnostics/br-recurrent-state-late-observed-20261003,logs/diagnostics/br-recurrent-state-late-observed-20261003/config.yaml,5234,8d67bdb4994838d9fa3185249d81057a398ffd5e354474394f780268357166dc
diagnostics,logs/diagnostics/br-recurrent-state-late-observed-20261003,logs/diagnostics/br-recurrent-state-late-observed-20261003/final.curriculum.json,942,af0e5507d6016b68b5889b5eec5da320629ef256348ad65a377cd2882645ef2a
diagnostics,logs/diagnostics/br-recurrent-state-late-observed-20261003,logs/diagnostics/br-recurrent-state-late-observed-20261003/identity.json,52535,03ad675b7d3d741d9ea32e383a244883608f7a6beb333e7fa83950002f22d41e
diagnostics,logs/diagnostics/br-recurrent-state-late-observed-20261003,logs/diagnostics/br-recurrent-state-late-observed-20261003/progress.json,1753,2fe7856b9065ae38cbca1fad3816aa46aa25e264dd2f9cdcfd6b66ab65a820fb
diagnostics,logs/diagnostics/br-recurrent-state-late-observed-20261003,logs/diagnostics/br-recurrent-state-late-observed-20261003/recurrent-state-audit.json,5350053,a1c6b82eadb72100f4df5a74efdacce0c4aa7c10e56857df1e80c5c0e037dba9
diagnostics,logs/diagnostics/br-recurrent-state-late-observed-20261003,logs/diagnostics/br-recurrent-state-late-observed-20261003/replays/fce7f194556d411fa18125d3b15c4011/episode-00000001-slot-0.json,193,74bc32ecb05528d2fe89d6d6c5095a9857271dd235dcbf16acbdb9aa1eb0a18c
diagnostics,logs/diagnostics/br-recurrent-state-late-observed-20261003,logs/diagnostics/br-recurrent-state-late-observed-20261003/replays/fce7f194556d411fa18125d3b15c4011/episode-00000002-slot-1.json,193,500543756bd1123b02183c50372023bb3ca55aba4490a42c55830b773a57454a
diagnostics,logs/diagnostics/br-recurrent-state-late-observed-20261003,logs/diagnostics/br-recurrent-state-late-observed-20261003/replays/fce7f194556d411fa18125d3b15c4011/episode-00000003-slot-2.json,193,4988b2da4aa82683424b35d1d7a4c6220664588b18da97169da5719645238fe6
diagnostics,logs/diagnostics/br-recurrent-state-late-observed-20261003,logs/diagnostics/br-recurrent-state-late-observed-20261003/replays/fce7f194556d411fa18125d3b15c4011/episode-00000004-slot-3.json,193,e5def87f9f614b3c5f36c4fc0725c5df88035c5dcd38b1a12ca8b4448ef978ea
diagnostics,logs/diagnostics/br-recurrent-state-late-observed-20261003,logs/diagnostics/br-recurrent-state-late-observed-20261003/replays/fce7f194556d411fa18125d3b15c4011/episode-00000005-slot-4.json,193,cc90c8548bfbb4e3fe5b0fe1b8c7a87189e1dbfe5e8683e676acb79668fd3f5f
diagnostics,logs/diagnostics/br-recurrent-state-late-observed-20261003,logs/diagnostics/br-recurrent-state-late-observed-20261003/replays/fce7f194556d411fa18125d3b15c4011/episode-00000006-slot-5.json,193,e26c7f1672488a6d88c6cf7935d2af12bcfa0b8c4ea302abb2bfc31b66fd628f
diagnostics,logs/diagnostics/br-recurrent-state-late-observed-20261003,logs/diagnostics/br-recurrent-state-late-observed-20261003/replays/fce7f194556d411fa18125d3b15c4011/episode-00000007-slot-6.json,193,2c03b2285d030e7d62bad4133f15f4fbe420368c7e83a688769eb2085b23160d
diagnostics,logs/diagnostics/br-recurrent-state-late-observed-20261003,logs/diagnostics/br-recurrent-state-late-observed-20261003/replays/fce7f194556d411fa18125d3b15c4011/episode-00000008-slot-7.json,193,e63e167eb2b335b755264412e7fbd243f9df76dc10a3f8c0242211ffb2700f28
diagnostics,logs/diagnostics/br-recurrent-state-late-observed-20261003,logs/diagnostics/br-recurrent-state-late-observed-20261003/result.json,2062,08f198e71bf1191c013dbb2f402b75e397b49e8e5c19e6812997148749cffa58
diagnostics,logs/diagnostics/br-recurrent-state-late-observed-20261003,logs/diagnostics/br-recurrent-state-late-observed-20261003/scalars/progress.csv,2472,bcaa2adad441f4ccb4c54176e65cfd0b699c5b3c379ba75fbaec45e3c4a0e45d
diagnostics,logs/diagnostics/br-recurrent-state-late-observed-20261003,logs/diagnostics/br-recurrent-state-late-observed-20261003/timing.json,2438,31f1599d14d365f4dff69787d45930b58cb4f055fc23ff96829fa5f36a1c39a1
diagnostics,logs/diagnostics/br-retention-curves-20261001,logs/diagnostics/br-retention-curves-20261001/combat_series.json,139023,b043ccf17361f6ee4c0209813893ac4ace4399fe3146675d1b44501bb5b511da
diagnostics,logs/diagnostics/br-retention-curves-20261001,logs/diagnostics/br-retention-curves-20261001/curriculum_series.json,67882,463116b4815abcc90a3634d351a50fe4b968b7f8729bbaad54fe7df49dce8e23
diagnostics,logs/diagnostics/br-retention-curves-20261001,logs/diagnostics/br-retention-curves-20261001/recurrent_separate/config.yaml,5164,7439cb0997447f55ec7d3b3a3f8555bca4f1f8a36203b5eb77954804254157cc
diagnostics,logs/diagnostics/br-retention-curves-20261001,logs/diagnostics/br-retention-curves-20261001/recurrent_separate/progress.csv,4509,e36ae0a5b7a4a5da195121b6b97d73dd67e8e65fafb305edfacf11bdf94d364b
diagnostics,logs/diagnostics/br-retention-curves-20261001,logs/diagnostics/br-retention-curves-20261001/recurrent_separate/progress.json,9387,07a13e56580066f3ec651f86149b258f1456dbb658b74f67e2556fe9dc1e4e62
diagnostics,logs/diagnostics/br-retention-curves-20261001,logs/diagnostics/br-retention-curves-20261001/recurrent_separate/timing.json,3057,5dde5b028edaddd39a297c22b8d37f3cf38b14173213d3aa1a13ecefc285d1a3
diagnostics,logs/diagnostics/br-retention-curves-20261001,logs/diagnostics/br-retention-curves-20261001/recurrent_shared/config.yaml,5064,873e17c4f063b0b4e17755f59a02cd5e1f3564acdf9b867b1158cf3ee84f0e10
diagnostics,logs/diagnostics/br-retention-curves-20261001,logs/diagnostics/br-retention-curves-20261001/recurrent_shared/progress.csv,31616,537f48d38f26488ddbd4b5cb0db14259f8dac494d08cf7230b7930045d7b8944
diagnostics,logs/diagnostics/br-retention-curves-20261001,logs/diagnostics/br-retention-curves-20261001/recurrent_shared/progress.json,83357,8f4ac0f69957bdd637b37baa29d1701ca4f38db121152470092cbef223bee825
diagnostics,logs/diagnostics/br-retention-curves-20261001,logs/diagnostics/br-retention-curves-20261001/recurrent_shared/timing.json,19724,04f786f1b28bda7040489c94ba935b1383cf20a5e9f657e98ec94247601ba08c
diagnostics,logs/diagnostics/br-retention-curves-20261001,logs/diagnostics/br-retention-curves-20261001/scratch/config.yaml,4798,8b2322fd2572e13375edfdee5d399aa02b97fbea976ce66d52ba776f52a4db7c
diagnostics,logs/diagnostics/br-retention-curves-20261001,logs/diagnostics/br-retention-curves-20261001/scratch/progress.csv,28142,92667c6a0597ae3e191d63f154d38d568462baf674fa3eeecb5594f8fe4a6842
diagnostics,logs/diagnostics/br-retention-curves-20261001,logs/diagnostics/br-retention-curves-20261001/scratch/progress.json,548227,320dd6fd8a217bb127baacd9780d500ddc8b2c201870cc313098b4aad35fbdfc
diagnostics,logs/diagnostics/br-retention-curves-20261001,logs/diagnostics/br-retention-curves-20261001/scratch/timing.json,16758,0649d027d60f41b0574d97507e11511c055761b315242a6eb7d8feab24404b97
diagnostics,logs/diagnostics/br-retention-curves-20261001,logs/diagnostics/br-retention-curves-20261001/summary.json,22294,e2c4b7e79f6694a8267bc12a3aa227f79530a6d8097df6e51fe404a5f698a893
diagnostics,logs/diagnostics/br-retention-curves-20261001-v2,logs/diagnostics/br-retention-curves-20261001-v2/audit.json,1952,b9fd684d0d3865dea95ffdb8160a6dfaa39280422c9eb44dcd570c4f8626d346
diagnostics,logs/diagnostics/br-retention-curves-20261001-v2,logs/diagnostics/br-retention-curves-20261001-v2/combat_series.json,141492,65308d5cdaa63d2cde0af91715e7769861841e60e682e6b273de437ba6656f49
diagnostics,logs/diagnostics/br-retention-curves-20261001-v2,logs/diagnostics/br-retention-curves-20261001-v2/curriculum_series.json,69009,e5c86612db8e308b3900f8b808feb5d6d6df3e5d7e930d227fe5000e68a5197c
diagnostics,logs/diagnostics/br-retention-curves-20261001-v2,logs/diagnostics/br-retention-curves-20261001-v2/recurrent_separate/config.yaml,5164,7439cb0997447f55ec7d3b3a3f8555bca4f1f8a36203b5eb77954804254157cc
diagnostics,logs/diagnostics/br-retention-curves-20261001-v2,logs/diagnostics/br-retention-curves-20261001-v2/recurrent_separate/progress.csv,6547,60339227fe16b84cd388d7434e628e382612ddb3dc213bb2410109436599fc32
diagnostics,logs/diagnostics/br-retention-curves-20261001-v2,logs/diagnostics/br-retention-curves-20261001-v2/recurrent_separate/progress.json,12835,64545a1a4d0077a92f2b1507d88372b6d39558104794fdbb2f40d4fdc2305d73
diagnostics,logs/diagnostics/br-retention-curves-20261001-v2,logs/diagnostics/br-retention-curves-20261001-v2/recurrent_separate/timing.json,4393,9d574c537f174b08444ab981b0ae5697e1cc8b072112629a61db8176a480bfef
diagnostics,logs/diagnostics/br-retention-curves-20261001-v2,logs/diagnostics/br-retention-curves-20261001-v2/recurrent_shared/config.yaml,5064,873e17c4f063b0b4e17755f59a02cd5e1f3564acdf9b867b1158cf3ee84f0e10
diagnostics,logs/diagnostics/br-retention-curves-20261001-v2,logs/diagnostics/br-retention-curves-20261001-v2/recurrent_shared/progress.csv,31616,537f48d38f26488ddbd4b5cb0db14259f8dac494d08cf7230b7930045d7b8944
diagnostics,logs/diagnostics/br-retention-curves-20261001-v2,logs/diagnostics/br-retention-curves-20261001-v2/recurrent_shared/progress.json,83357,8f4ac0f69957bdd637b37baa29d1701ca4f38db121152470092cbef223bee825
diagnostics,logs/diagnostics/br-retention-curves-20261001-v2,logs/diagnostics/br-retention-curves-20261001-v2/recurrent_shared/timing.json,19724,04f786f1b28bda7040489c94ba935b1383cf20a5e9f657e98ec94247601ba08c
diagnostics,logs/diagnostics/br-retention-curves-20261001-v2,logs/diagnostics/br-retention-curves-20261001-v2/scratch/config.yaml,4798,8b2322fd2572e13375edfdee5d399aa02b97fbea976ce66d52ba776f52a4db7c
diagnostics,logs/diagnostics/br-retention-curves-20261001-v2,logs/diagnostics/br-retention-curves-20261001-v2/scratch/progress.csv,28420,14466028b19337d3fee535f1d0cc847a0c2c2a9d82369f105810a0119d4344ec
diagnostics,logs/diagnostics/br-retention-curves-20261001-v2,logs/diagnostics/br-retention-curves-20261001-v2/scratch/progress.json,555658,d7736b90541c18051d8a15814952a9c835f6419bc42cf6e792315efb4b3c96cb
diagnostics,logs/diagnostics/br-retention-curves-20261001-v2,logs/diagnostics/br-retention-curves-20261001-v2/scratch/timing.json,16907,c301125d13a42f9c384ce161f993111baa72a2fecfd8ed5543aad5af1ae38914
diagnostics,logs/diagnostics/br-retention-curves-20261001-v2,logs/diagnostics/br-retention-curves-20261001-v2/summary.json,22270,9152ef4c7ea975927b876a91d24f65411e3209211246c0b836f476348383af0e
diagnostics,logs/diagnostics/br-rollout-profile-20261001,logs/diagnostics/br-rollout-profile-20261001/config.yaml,4461,164b5216758821982477ad3bbcc7c021ef5e507e10dbe29d0c552e9da3b0aa52
diagnostics,logs/diagnostics/br-rollout-profile-20261001,logs/diagnostics/br-rollout-profile-20261001/identity.json,39607,6b0fb96e6c2f673fc04691570adc05712be4b4a5e7b47351ddaa028f43c3e52d
diagnostics,logs/diagnostics/br-rollout-profile-20261001,logs/diagnostics/br-rollout-profile-20261001/progress.json,834,c19cbdc0d27882dba90c5b34404a446f50ee39f5ba4fd1515830c97e2044d285
diagnostics,logs/diagnostics/br-rollout-profile-20261001,logs/diagnostics/br-rollout-profile-20261001/replays/32d8335048644c77a1874192c15f9046/episode-00000001-slot-0.json,192,ece464c262c5e19a437ececfbe60592269a1f20135909a4573176a5773826c4b
diagnostics,logs/diagnostics/br-rollout-profile-20261001,logs/diagnostics/br-rollout-profile-20261001/replays/32d8335048644c77a1874192c15f9046/episode-00000002-slot-1.json,192,47c6e3aa08312896bde615b450adcc7c3291ac13d54967d99b4874c284dbc303
diagnostics,logs/diagnostics/br-rollout-profile-20261001,logs/diagnostics/br-rollout-profile-20261001/replays/32d8335048644c77a1874192c15f9046/episode-00000003-slot-2.json,192,42648dde48207cda496f7d0470d068b2bcc76d68408cb868739a817744efb1c4
diagnostics,logs/diagnostics/br-rollout-profile-20261001,logs/diagnostics/br-rollout-profile-20261001/replays/32d8335048644c77a1874192c15f9046/episode-00000004-slot-3.json,192,e53f17133e1f04e7e0ade5c54d50e6feb2ed0d55df25249873b9622b8e55acb3
diagnostics,logs/diagnostics/br-rollout-profile-20261001,logs/diagnostics/br-rollout-profile-20261001/result.json,732,f9e8ed9ff6d697d75e527f6e8a30e434095a6a29e999f9f38c4c4444d3e8ed3f
diagnostics,logs/diagnostics/br-rollout-profile-20261001,logs/diagnostics/br-rollout-profile-20261001/scalars/progress.csv,155,9980a4c5504c269ca871bc83fc809bc01bc89772d23ff5d1ab0e44b3fa6b8f9c
diagnostics,logs/diagnostics/br-rollout-profile-20261001,logs/diagnostics/br-rollout-profile-20261001/timing.json,358,d30854694c1ec920187087a678d7845f944d2ecf1e9e608639b418a2e83b34f8
diagnostics,logs/diagnostics/br-sampling-profile-20261001,logs/diagnostics/br-sampling-profile-20261001/checkpoints/updated_8192_steps.curriculum.json,852,0e7ecc0c5c5296b866229848b35b834f76f9db3f2105baefc8724d035d98c616
diagnostics,logs/diagnostics/br-sampling-profile-20261001,logs/diagnostics/br-sampling-profile-20261001/config.yaml,4831,1e77129d5fcea11da339eb02d875db8f18dec060a1544a0dab4b5798265dbc9a
diagnostics,logs/diagnostics/br-sampling-profile-20261001,logs/diagnostics/br-sampling-profile-20261001/final.curriculum.json,852,0e7ecc0c5c5296b866229848b35b834f76f9db3f2105baefc8724d035d98c616
diagnostics,logs/diagnostics/br-sampling-profile-20261001,logs/diagnostics/br-sampling-profile-20261001/identity.json,42043,a69fd42165d8ced73521c07aea6dde7b8a836de67964ba418561b01c681b45a1
diagnostics,logs/diagnostics/br-sampling-profile-20261001,logs/diagnostics/br-sampling-profile-20261001/progress.json,1661,5f448dc2c45430abc5bd207f8f2833c3ee01931d2f9e49017a93541c96fa6d51
diagnostics,logs/diagnostics/br-sampling-profile-20261001,logs/diagnostics/br-sampling-profile-20261001/replays/9589d3f2db1e4ceda8da2d9ad39dc36d/episode-00000001-slot-0.json,193,14bf6dfccca51f8c92f069611d1f79f849c88634b79c33295cabbc86e7a2f816
diagnostics,logs/diagnostics/br-sampling-profile-20261001,logs/diagnostics/br-sampling-profile-20261001/replays/9589d3f2db1e4ceda8da2d9ad39dc36d/episode-00000002-slot-1.json,193,125b396e6b507ab720bcac42e873a4ea03c5e6591c5b9ed72afae9e64376aec7
diagnostics,logs/diagnostics/br-sampling-profile-20261001,logs/diagnostics/br-sampling-profile-20261001/replays/9589d3f2db1e4ceda8da2d9ad39dc36d/episode-00000003-slot-2.json,193,47f5c80c38568e9d74dad997e10744e078091d4ee5b6652420304830e891de07
diagnostics,logs/diagnostics/br-sampling-profile-20261001,logs/diagnostics/br-sampling-profile-20261001/replays/9589d3f2db1e4ceda8da2d9ad39dc36d/episode-00000004-slot-3.json,193,111c6e5b4315ee5d12585178e4f36cf6364a76db4cf84dbc1a27b852ca5f6c12
diagnostics,logs/diagnostics/br-sampling-profile-20261001,logs/diagnostics/br-sampling-profile-20261001/result.json,1626,1a23a3c0228c210b37357de3764ddb4434a152a91a8a9d34009d7aeccfb01b4d
diagnostics,logs/diagnostics/br-sampling-profile-20261001,logs/diagnostics/br-sampling-profile-20261001/scalars/progress.csv,271,9ad7818a9b5b60a3559321d5583cdaa40b21daf5a8e0e2afe814ced8c417bcfb
diagnostics,logs/diagnostics/br-sampling-profile-20261001,logs/diagnostics/br-sampling-profile-20261001/timing.json,359,aa09a3e0be6e2ad7a37c93eea2ba1999274fd0f7fed8040a4961cf22cdb6ba5d
diagnostics,logs/diagnostics/br-sampling-profile-address8-20261002,logs/diagnostics/br-sampling-profile-address8-20261002/checkpoints/updated_2048_steps.curriculum.json,851,4ffcb3e33122835e06288f7215fcb0aa42008eebf7912a5314a26eb0da355e99
diagnostics,logs/diagnostics/br-sampling-profile-address8-20261002,logs/diagnostics/br-sampling-profile-address8-20261002/config.yaml,5151,2003621388dbdf98c5a0a7b0251ef5e84570bf867531450cd758aae27460577d
diagnostics,logs/diagnostics/br-sampling-profile-address8-20261002,logs/diagnostics/br-sampling-profile-address8-20261002/final.curriculum.json,851,dd0ce6054b110c1781bb4ed245207ec14e33bcbf61768443b8d43f6c8695dc5e
diagnostics,logs/diagnostics/br-sampling-profile-address8-20261002,logs/diagnostics/br-sampling-profile-address8-20261002/identity.json,49775,530763f2e8b4edab0bff19e2613b9e8e7a8f3bee3ebd6f529fddae2134aa49bb
diagnostics,logs/diagnostics/br-sampling-profile-address8-20261002,logs/diagnostics/br-sampling-profile-address8-20261002/progress.json,1660,06bb5a4a8bf6486f14a22430062e3bc9eae41e270f5dace9518b00e5210ff36a
diagnostics,logs/diagnostics/br-sampling-profile-address8-20261002,logs/diagnostics/br-sampling-profile-address8-20261002/replays/ac10d4deac5341e69150ec80818aebba/episode-00000001-slot-0.json,192,d15f1e9ad4ebd8ae581ef75fd963ea70cc7d01332a563191f784d3cd6d24b7c3
diagnostics,logs/diagnostics/br-sampling-profile-address8-20261002,logs/diagnostics/br-sampling-profile-address8-20261002/replays/ac10d4deac5341e69150ec80818aebba/episode-00000002-slot-1.json,192,d5fa9de054a5c05cdb2c872ad3d5c71dfaf7e73d75cd15e523c318306a54aa15
diagnostics,logs/diagnostics/br-sampling-profile-address8-20261002,logs/diagnostics/br-sampling-profile-address8-20261002/replays/ac10d4deac5341e69150ec80818aebba/episode-00000003-slot-2.json,192,9baa8ca250340a846d4f22dcf54bb19770dd12818b93eb083f5f310a3fb344d4
diagnostics,logs/diagnostics/br-sampling-profile-address8-20261002,logs/diagnostics/br-sampling-profile-address8-20261002/replays/ac10d4deac5341e69150ec80818aebba/episode-00000004-slot-3.json,192,a688d685c08d9064f09effac32caa3ded6b0b1a16c3c9542941ab96d4406ed93
diagnostics,logs/diagnostics/br-sampling-profile-address8-20261002,logs/diagnostics/br-sampling-profile-address8-20261002/replays/ac10d4deac5341e69150ec80818aebba/episode-00000005-slot-4.json,192,e875d64917bf90491cd3eb45047681598c357686f5f46d9923050fa71d06d2f6
diagnostics,logs/diagnostics/br-sampling-profile-address8-20261002,logs/diagnostics/br-sampling-profile-address8-20261002/replays/ac10d4deac5341e69150ec80818aebba/episode-00000006-slot-5.json,192,a3e9f206442b5eec4fbe5ab6aba76912feb147118c489d4ed6502c285c51c1ca
diagnostics,logs/diagnostics/br-sampling-profile-address8-20261002,logs/diagnostics/br-sampling-profile-address8-20261002/replays/ac10d4deac5341e69150ec80818aebba/episode-00000007-slot-6.json,192,ce5e76082f9aff458e7c761f0705395b36d6ae5b7f37375adc64b2ac4105d3a9
diagnostics,logs/diagnostics/br-sampling-profile-address8-20261002,logs/diagnostics/br-sampling-profile-address8-20261002/replays/ac10d4deac5341e69150ec80818aebba/episode-00000008-slot-7.json,192,8f53a32be87fd657354c7358ec47e8b096b95edff04f62bf675593fb90452a45
diagnostics,logs/diagnostics/br-sampling-profile-address8-20261002,logs/diagnostics/br-sampling-profile-address8-20261002/result.json,1933,87e583b5552752715b2d86a4b292e39645e3087868e66163b139d9d8794f724b
diagnostics,logs/diagnostics/br-sampling-profile-address8-20261002,logs/diagnostics/br-sampling-profile-address8-20261002/scalars/progress.csv,651,3aa108a9a0d051609f2385f34ba1843191ac2daf2f4e7af129c49aa589012f82
diagnostics,logs/diagnostics/br-sampling-profile-address8-20261002,logs/diagnostics/br-sampling-profile-address8-20261002/timing.json,577,251b54d957a4cd53a1b9a77162fa7769baf1dd6fdba84f5229a100f082e400b6
diagnostics,logs/diagnostics/br-sampling-profile-health-20261001,logs/diagnostics/br-sampling-profile-health-20261001/checkpoints/updated_8192_steps.curriculum.json,852,ef88aacbab78db70b6fcce506da4c7183941ede3f89914b36b02d00506e06146
diagnostics,logs/diagnostics/br-sampling-profile-health-20261001,logs/diagnostics/br-sampling-profile-health-20261001/config.yaml,4838,913c6136b3e65103aca4541c182a6982ff02f02401bcf27f1368b5236be51249
diagnostics,logs/diagnostics/br-sampling-profile-health-20261001,logs/diagnostics/br-sampling-profile-health-20261001/final.curriculum.json,852,de99d3507341ffdb10cbfd747e94878b6a3a7706421d3b7b1c2316cd0fc48722
diagnostics,logs/diagnostics/br-sampling-profile-health-20261001,logs/diagnostics/br-sampling-profile-health-20261001/identity.json,42043,7180da0c936d3bbf095d79191360c2d0ed233a02f5deb5bc962aec4dac47dcfe
diagnostics,logs/diagnostics/br-sampling-profile-health-20261001,logs/diagnostics/br-sampling-profile-health-20261001/progress.json,1661,5f448dc2c45430abc5bd207f8f2833c3ee01931d2f9e49017a93541c96fa6d51
diagnostics,logs/diagnostics/br-sampling-profile-health-20261001,logs/diagnostics/br-sampling-profile-health-20261001/replays/41eca6b2e442429882fdd36c0f510dfc/episode-00000001-slot-0.json,193,14bf6dfccca51f8c92f069611d1f79f849c88634b79c33295cabbc86e7a2f816
diagnostics,logs/diagnostics/br-sampling-profile-health-20261001,logs/diagnostics/br-sampling-profile-health-20261001/replays/41eca6b2e442429882fdd36c0f510dfc/episode-00000002-slot-1.json,193,125b396e6b507ab720bcac42e873a4ea03c5e6591c5b9ed72afae9e64376aec7
diagnostics,logs/diagnostics/br-sampling-profile-health-20261001,logs/diagnostics/br-sampling-profile-health-20261001/replays/41eca6b2e442429882fdd36c0f510dfc/episode-00000003-slot-2.json,193,47f5c80c38568e9d74dad997e10744e078091d4ee5b6652420304830e891de07
diagnostics,logs/diagnostics/br-sampling-profile-health-20261001,logs/diagnostics/br-sampling-profile-health-20261001/replays/41eca6b2e442429882fdd36c0f510dfc/episode-00000004-slot-3.json,193,111c6e5b4315ee5d12585178e4f36cf6364a76db4cf84dbc1a27b852ca5f6c12
diagnostics,logs/diagnostics/br-sampling-profile-health-20261001,logs/diagnostics/br-sampling-profile-health-20261001/result.json,1634,aeea7c9212fc924681864f36ca2a72cbe1f4cae17e62ad1f2616ac9e507095b4
diagnostics,logs/diagnostics/br-sampling-profile-health-20261001,logs/diagnostics/br-sampling-profile-health-20261001/scalars/progress.csv,271,944810a5b572080150ab5ae4b4258155598b629eb538b1934a71eb56e9cc3bec
diagnostics,logs/diagnostics/br-sampling-profile-health-20261001,logs/diagnostics/br-sampling-profile-health-20261001/timing.json,367,c939b2eecaaef868d0108bb13965d01a07e274f186f3281ab120653dad6312af
diagnostics,logs/diagnostics/br-seats-audit-20261002,logs/diagnostics/br-seats-audit-20261002/summary.json,48891,6a06c6013a2a5022edbf0aa750e93719264bf70594c80a51382eb3f547b8ef8a
diagnostics,logs/diagnostics/br-seats-balanced-20261002,logs/diagnostics/br-seats-balanced-20261002/checkpoints/ppo_2048_steps.curriculum.json,894,10699ccb601c6c6aa4da687cd6d16c8cf477a52807c2444bf936bea145f6d5b2
diagnostics,logs/diagnostics/br-seats-balanced-20261002,logs/diagnostics/br-seats-balanced-20261002/checkpoints/ppo_4096_steps.curriculum.json,895,641f36c7da07de12287c843325c69b91fda2021462311743f3e5135bc47b5e09
diagnostics,logs/diagnostics/br-seats-balanced-20261002,logs/diagnostics/br-seats-balanced-20261002/checkpoints/updated_2048_steps.curriculum.json,894,eb5616c5750cff6ea36a3b83cb92ef3be4cb0e471dd0b4e48a7e0c5053190ee6
diagnostics,logs/diagnostics/br-seats-balanced-20261002,logs/diagnostics/br-seats-balanced-20261002/checkpoints/updated_4096_steps.curriculum.json,895,18aa5df4675a90464075147a0df37df4cd8fece2a5b868f0f41e7ef3f025adad
diagnostics,logs/diagnostics/br-seats-balanced-20261002,logs/diagnostics/br-seats-balanced-20261002/config.yaml,5024,b2a088dbda2687eddc8c694d5141e31061aa1c398dbbedf4cc635aaee5151a91
diagnostics,logs/diagnostics/br-seats-balanced-20261002,logs/diagnostics/br-seats-balanced-20261002/final.curriculum.json,895,18aa5df4675a90464075147a0df37df4cd8fece2a5b868f0f41e7ef3f025adad
diagnostics,logs/diagnostics/br-seats-balanced-20261002,logs/diagnostics/br-seats-balanced-20261002/identity.json,50705,a801eedd06e286ed1ef3fecef97942e0ff886543003390fab0ea35036a118b5b
diagnostics,logs/diagnostics/br-seats-balanced-20261002,logs/diagnostics/br-seats-balanced-20261002/progress.json,42391,2837b696eeb879333f010227a8b08fb4a9501ba0818332be0cd1fea8e0e03143
diagnostics,logs/diagnostics/br-seats-balanced-20261002,logs/diagnostics/br-seats-balanced-20261002/replays/6629cd54cbc649b4b06026f027441568/episode-00000001-slot-0.json,197,5a93cba027f3ea4aa0c5f47bd2e8a04830cbf42990cbf15001295106a0de601b
diagnostics,logs/diagnostics/br-seats-balanced-20261002,logs/diagnostics/br-seats-balanced-20261002/replays/6629cd54cbc649b4b06026f027441568/episode-00000002-slot-1.json,197,cbc90da0ea0c856b412bdb508defaf07efa504244617dc61cb9187874eafb976
diagnostics,logs/diagnostics/br-seats-balanced-20261002,logs/diagnostics/br-seats-balanced-20261002/replays/6629cd54cbc649b4b06026f027441568/episode-00000003-slot-2.json,197,372a82469c04a5465d7a6577d5f4be24e5769a6c7476c87bc255646603e57a02
diagnostics,logs/diagnostics/br-seats-balanced-20261002,logs/diagnostics/br-seats-balanced-20261002/replays/6629cd54cbc649b4b06026f027441568/episode-00000004-slot-3.json,197,4f09bb614445a70c351921813904104f1838b986ff08e8fb5cb539bd31035860
diagnostics,logs/diagnostics/br-seats-balanced-20261002,logs/diagnostics/br-seats-balanced-20261002/replays/6629cd54cbc649b4b06026f027441568/episode-00000005-slot-4.json,197,db705be148428e782f50e1dc6be18ee3c3dc4a1c88ee8a524f63babcfa5427f3
diagnostics,logs/diagnostics/br-seats-balanced-20261002,logs/diagnostics/br-seats-balanced-20261002/replays/6629cd54cbc649b4b06026f027441568/episode-00000006-slot-5.json,197,66511310a86ee7535fd8e62f5b805b98aa35ee0b8037eafd2ee441f4b17afffe
diagnostics,logs/diagnostics/br-seats-balanced-20261002,logs/diagnostics/br-seats-balanced-20261002/replays/6629cd54cbc649b4b06026f027441568/episode-00000007-slot-6.json,197,3173516156ed9c43147d7ee21bca0681ccaae42d27355574a39e4527fdbc9ea1
diagnostics,logs/diagnostics/br-seats-balanced-20261002,logs/diagnostics/br-seats-balanced-20261002/replays/6629cd54cbc649b4b06026f027441568/episode-00000008-slot-7.json,197,77b735a359f097d9024317f179a12baa94bd6011421943e17e6e8ccf45f14286
diagnostics,logs/diagnostics/br-seats-balanced-20261002,logs/diagnostics/br-seats-balanced-20261002/replays/6629cd54cbc649b4b06026f027441568/episode-00000009-slot-0.json,203,2de3619a5cfbd19f988a03438f56e20ca4639422dc97f68aad7e1420099f4efb
diagnostics,logs/diagnostics/br-seats-balanced-20261002,logs/diagnostics/br-seats-balanced-20261002/replays/6629cd54cbc649b4b06026f027441568/episode-00000010-slot-1.json,203,e582ef107e54b3ba6cc25b0c98f375e07c145d096821c9b0b0b3287d53145801
diagnostics,logs/diagnostics/br-seats-balanced-20261002,logs/diagnostics/br-seats-balanced-20261002/replays/6629cd54cbc649b4b06026f027441568/episode-00000011-slot-2.json,203,fc3ddfd678ea36a3b8704c245cfdd06f8badc6b3959d4269b32d83e36dba84b8
diagnostics,logs/diagnostics/br-seats-balanced-20261002,logs/diagnostics/br-seats-balanced-20261002/replays/6629cd54cbc649b4b06026f027441568/episode-00000012-slot-3.json,203,eabc390daaf22712cb70d6cbd3c5a8ed45a346e30288361b3d9c5b1ccb50a7dc
diagnostics,logs/diagnostics/br-seats-balanced-20261002,logs/diagnostics/br-seats-balanced-20261002/replays/6629cd54cbc649b4b06026f027441568/episode-00000013-slot-4.json,203,54118feda9e106d71ca6b8e764b49a8682f6475efa02b23f43cb7078db137ae9
diagnostics,logs/diagnostics/br-seats-balanced-20261002,logs/diagnostics/br-seats-balanced-20261002/replays/6629cd54cbc649b4b06026f027441568/episode-00000014-slot-5.json,203,84bf5957d86bc1bb4a4a3e16c70f483bbbe02acb63ff63d2eaa2776170a94f0b
diagnostics,logs/diagnostics/br-seats-balanced-20261002,logs/diagnostics/br-seats-balanced-20261002/replays/6629cd54cbc649b4b06026f027441568/episode-00000015-slot-6.json,203,bcc89f704c3f519f13bdc1144da698f6e983a284d1b7ef01c6359f503e8fe93b
diagnostics,logs/diagnostics/br-seats-balanced-20261002,logs/diagnostics/br-seats-balanced-20261002/replays/6629cd54cbc649b4b06026f027441568/episode-00000016-slot-7.json,203,031c1af0326e813a2654bb621c5ce4e1fcb987f5643859e7b4aa61cb28b177a2
diagnostics,logs/diagnostics/br-seats-balanced-20261002,logs/diagnostics/br-seats-balanced-20261002/replays/6629cd54cbc649b4b06026f027441568/episode-00000017-slot-0.json,195,ed9f4600927698f189f800be975ef7e15dcdbdbeede721d4e9963d6943781307
diagnostics,logs/diagnostics/br-seats-balanced-20261002,logs/diagnostics/br-seats-balanced-20261002/replays/6629cd54cbc649b4b06026f027441568/episode-00000018-slot-1.json,196,c5c2cd8c511ac65ed1ff43f757e7801eee8304b3d278784201f1764c6f27b785
diagnostics,logs/diagnostics/br-seats-balanced-20261002,logs/diagnostics/br-seats-balanced-20261002/replays/6629cd54cbc649b4b06026f027441568/episode-00000019-slot-2.json,196,d00144ae4893c03800a02e02400ed075becbd63395e8f610272854114106c0ee
diagnostics,logs/diagnostics/br-seats-balanced-20261002,logs/diagnostics/br-seats-balanced-20261002/replays/6629cd54cbc649b4b06026f027441568/episode-00000020-slot-3.json,196,bb8757f640de0886b7ea2658d2976e83deb055896d5bf1fe494b557469793608
diagnostics,logs/diagnostics/br-seats-balanced-20261002,logs/diagnostics/br-seats-balanced-20261002/replays/6629cd54cbc649b4b06026f027441568/episode-00000021-slot-4.json,196,4ca8deeb8ac07cc854e797f78f1d3e96725bd84e864f7414707d6ab1876d6f0a
diagnostics,logs/diagnostics/br-seats-balanced-20261002,logs/diagnostics/br-seats-balanced-20261002/replays/6629cd54cbc649b4b06026f027441568/episode-00000022-slot-5.json,196,50e94593f66e1ae061a1da76e0b2869561fe53bc2a5ad18726881ea04ea7138d
diagnostics,logs/diagnostics/br-seats-balanced-20261002,logs/diagnostics/br-seats-balanced-20261002/replays/6629cd54cbc649b4b06026f027441568/episode-00000023-slot-6.json,196,3d97c9ab5ebd1752dca9f2a89facbb933c168a08cbd4b7fa9ae7b8067f930084
diagnostics,logs/diagnostics/br-seats-balanced-20261002,logs/diagnostics/br-seats-balanced-20261002/replays/6629cd54cbc649b4b06026f027441568/episode-00000024-slot-7.json,196,0b7bcf3758725a0bb47009b504b7b01df00b751847b58e7a36cb5c1ff5722125
diagnostics,logs/diagnostics/br-seats-balanced-20261002,logs/diagnostics/br-seats-balanced-20261002/result.json,1674,4b0360fd06a68e6ef2e44e57e9d13ee5892a2fd94bb5be7039a499c5cb8ea7f7
diagnostics,logs/diagnostics/br-seats-balanced-20261002,logs/diagnostics/br-seats-balanced-20261002/scalars/progress.csv,1065,5c2bd3f3fe8b6df9c112b0dee5e9619a765ecee0b808ad7da6c262c59261137b
diagnostics,logs/diagnostics/br-seats-balanced-20261002,logs/diagnostics/br-seats-balanced-20261002/timing.json,729,5c4f08e5b4939d5263c10059a40f77c9eb87bf352ca569d099bc4715a337950b
diagnostics,logs/diagnostics/br-seats-random-20261002,logs/diagnostics/br-seats-random-20261002/checkpoints/ppo_2048_steps.curriculum.json,894,37380e888654f04a6f78d0a21cc7dd750b8632112fd612522c239a953cdcc3dd
diagnostics,logs/diagnostics/br-seats-random-20261002,logs/diagnostics/br-seats-random-20261002/checkpoints/ppo_4096_steps.curriculum.json,895,9e356f13546aab2dd9cb2c9365ce53b1293a8b7a906dfdd1bc59c9c955df8450
diagnostics,logs/diagnostics/br-seats-random-20261002,logs/diagnostics/br-seats-random-20261002/checkpoints/updated_2048_steps.curriculum.json,894,45375615e224ae0c3b9f2030e220598976c10f64eae61495cbc0e53a37d85b7b
diagnostics,logs/diagnostics/br-seats-random-20261002,logs/diagnostics/br-seats-random-20261002/checkpoints/updated_4096_steps.curriculum.json,895,d9eae9d35fd9cacf47c740e7d0a5f6e33fb54f437891e63b82a6526226d671b6
diagnostics,logs/diagnostics/br-seats-random-20261002,logs/diagnostics/br-seats-random-20261002/config.yaml,5020,f31da844cced7f6e44f167505edc185edea14a0d2311bd35c13c4fb69218480c
diagnostics,logs/diagnostics/br-seats-random-20261002,logs/diagnostics/br-seats-random-20261002/final.curriculum.json,895,43c1d0537184d89944ec4078a867bafc86684c1b8554f8016d867fcb6b6acf06
diagnostics,logs/diagnostics/br-seats-random-20261002,logs/diagnostics/br-seats-random-20261002/identity.json,50705,a7e28867898fd2b0b4b8da8955dad2bf0d87a881a4c5e597d2360e4579028df8
diagnostics,logs/diagnostics/br-seats-random-20261002,logs/diagnostics/br-seats-random-20261002/progress.json,42577,218b16c035bb405d4a3560d721bbe2693c264dc9a24a7ad5b0679606552236aa
diagnostics,logs/diagnostics/br-seats-random-20261002,logs/diagnostics/br-seats-random-20261002/replays/93b3cf33c99d4b3d98fde3de0414c893/episode-00000001-slot-0.json,197,9e019bee341a5fee13b9e30f671b34a780095a167adda5e99ccfbe8760a45309
diagnostics,logs/diagnostics/br-seats-random-20261002,logs/diagnostics/br-seats-random-20261002/replays/93b3cf33c99d4b3d98fde3de0414c893/episode-00000002-slot-1.json,197,cbc90da0ea0c856b412bdb508defaf07efa504244617dc61cb9187874eafb976
diagnostics,logs/diagnostics/br-seats-random-20261002,logs/diagnostics/br-seats-random-20261002/replays/93b3cf33c99d4b3d98fde3de0414c893/episode-00000003-slot-2.json,197,372a82469c04a5465d7a6577d5f4be24e5769a6c7476c87bc255646603e57a02
diagnostics,logs/diagnostics/br-seats-random-20261002,logs/diagnostics/br-seats-random-20261002/replays/93b3cf33c99d4b3d98fde3de0414c893/episode-00000004-slot-3.json,197,6b3354019a42d1d69fbc4e8cb9ef98226284a1929f9b994db52f654ee3614ea8
diagnostics,logs/diagnostics/br-seats-random-20261002,logs/diagnostics/br-seats-random-20261002/replays/93b3cf33c99d4b3d98fde3de0414c893/episode-00000005-slot-4.json,197,a14ff384e34ff1d268c5df3a8529692f0b8fab3363925c6a1fcdd07303269d0a
diagnostics,logs/diagnostics/br-seats-random-20261002,logs/diagnostics/br-seats-random-20261002/replays/93b3cf33c99d4b3d98fde3de0414c893/episode-00000006-slot-5.json,197,905396558731f3d34ab2d99d154f8e59dde3e63e86edf16817e5f1752f3b5b6a
diagnostics,logs/diagnostics/br-seats-random-20261002,logs/diagnostics/br-seats-random-20261002/replays/93b3cf33c99d4b3d98fde3de0414c893/episode-00000007-slot-6.json,197,3173516156ed9c43147d7ee21bca0681ccaae42d27355574a39e4527fdbc9ea1
diagnostics,logs/diagnostics/br-seats-random-20261002,logs/diagnostics/br-seats-random-20261002/replays/93b3cf33c99d4b3d98fde3de0414c893/episode-00000008-slot-7.json,197,77b735a359f097d9024317f179a12baa94bd6011421943e17e6e8ccf45f14286
diagnostics,logs/diagnostics/br-seats-random-20261002,logs/diagnostics/br-seats-random-20261002/replays/93b3cf33c99d4b3d98fde3de0414c893/episode-00000009-slot-0.json,203,69a5dcdd2d869ec85b9ed23ce23c0a7653ac5a22c9697c72d6acaf189485d1a7
diagnostics,logs/diagnostics/br-seats-random-20261002,logs/diagnostics/br-seats-random-20261002/replays/93b3cf33c99d4b3d98fde3de0414c893/episode-00000010-slot-1.json,203,e582ef107e54b3ba6cc25b0c98f375e07c145d096821c9b0b0b3287d53145801
diagnostics,logs/diagnostics/br-seats-random-20261002,logs/diagnostics/br-seats-random-20261002/replays/93b3cf33c99d4b3d98fde3de0414c893/episode-00000011-slot-2.json,203,5b95c6ec918d1b5dbd38ed341e4ed51f504af15ef013ea837b9fb67a2317c9b6
diagnostics,logs/diagnostics/br-seats-random-20261002,logs/diagnostics/br-seats-random-20261002/replays/93b3cf33c99d4b3d98fde3de0414c893/episode-00000012-slot-3.json,203,b24367bf4cc80ad6f825de53da392e9d53d1a39c75d236f3586035951b4f73d0
diagnostics,logs/diagnostics/br-seats-random-20261002,logs/diagnostics/br-seats-random-20261002/replays/93b3cf33c99d4b3d98fde3de0414c893/episode-00000013-slot-4.json,203,c726879212996e2ad998ba74009e12be4f7de9e76fffe2f4367f6f407f521d8f
diagnostics,logs/diagnostics/br-seats-random-20261002,logs/diagnostics/br-seats-random-20261002/replays/93b3cf33c99d4b3d98fde3de0414c893/episode-00000014-slot-5.json,203,18365ed5e7b259fa04d629032bc2f2d9901606b6299e769ab94608f08f4a8a8a
diagnostics,logs/diagnostics/br-seats-random-20261002,logs/diagnostics/br-seats-random-20261002/replays/93b3cf33c99d4b3d98fde3de0414c893/episode-00000015-slot-6.json,203,4f881f34337e932637b9e573dc2c5079f05540dfd2f0f2446ea8bd6fddfa119f
diagnostics,logs/diagnostics/br-seats-random-20261002,logs/diagnostics/br-seats-random-20261002/replays/93b3cf33c99d4b3d98fde3de0414c893/episode-00000016-slot-7.json,203,2a84219fecf90b9849740c8f714bf159070e7580e2cc0f466c5452d51cd2852e
diagnostics,logs/diagnostics/br-seats-random-20261002,logs/diagnostics/br-seats-random-20261002/replays/93b3cf33c99d4b3d98fde3de0414c893/episode-00000017-slot-0.json,195,ed9f4600927698f189f800be975ef7e15dcdbdbeede721d4e9963d6943781307
diagnostics,logs/diagnostics/br-seats-random-20261002,logs/diagnostics/br-seats-random-20261002/replays/93b3cf33c99d4b3d98fde3de0414c893/episode-00000018-slot-1.json,196,2d453f04d8feff289744098af8911238d38dbf1ed9d9c20495e679e5dce3b718
diagnostics,logs/diagnostics/br-seats-random-20261002,logs/diagnostics/br-seats-random-20261002/replays/93b3cf33c99d4b3d98fde3de0414c893/episode-00000019-slot-2.json,196,ba23467b29396a34085d5ff87f72ebc8850fb375f351e6b7d48287dd513f6747
diagnostics,logs/diagnostics/br-seats-random-20261002,logs/diagnostics/br-seats-random-20261002/replays/93b3cf33c99d4b3d98fde3de0414c893/episode-00000020-slot-3.json,196,bb8757f640de0886b7ea2658d2976e83deb055896d5bf1fe494b557469793608
diagnostics,logs/diagnostics/br-seats-random-20261002,logs/diagnostics/br-seats-random-20261002/replays/93b3cf33c99d4b3d98fde3de0414c893/episode-00000021-slot-4.json,196,a38f5b4ce4500a47eda84f0992da1ce1aeb2615373b6206e704c9e19c1937411
diagnostics,logs/diagnostics/br-seats-random-20261002,logs/diagnostics/br-seats-random-20261002/replays/93b3cf33c99d4b3d98fde3de0414c893/episode-00000022-slot-5.json,196,74cb2245b53e99b47d8e3af38019074bc291d8de33c4a1e4c47417d5bb5e0aae
diagnostics,logs/diagnostics/br-seats-random-20261002,logs/diagnostics/br-seats-random-20261002/replays/93b3cf33c99d4b3d98fde3de0414c893/episode-00000023-slot-6.json,196,3d97c9ab5ebd1752dca9f2a89facbb933c168a08cbd4b7fa9ae7b8067f930084
diagnostics,logs/diagnostics/br-seats-random-20261002,logs/diagnostics/br-seats-random-20261002/replays/93b3cf33c99d4b3d98fde3de0414c893/episode-00000024-slot-7.json,196,0b7bcf3758725a0bb47009b504b7b01df00b751847b58e7a36cb5c1ff5722125
