kind,run,path,bytes,sha256
diagnostics,logs/diagnostics/address-diverse-rollouts-live-curves-20261002,logs/diagnostics/address-diverse-rollouts-live-curves-20261002/dense8/timing.json,12490,93a66fb6c84e508dcb40ab8eab95a494b86b0e30447871ebee6daa2dfb95800f
diagnostics,logs/diagnostics/address-diverse-rollouts-live-curves-20261002,logs/diagnostics/address-diverse-rollouts-live-curves-20261002/summary.json,16934,aac433eaf528f96169e2aa13f5bb38c8c9157b1153082a5522e092f27f1379e4
diagnostics,logs/diagnostics/address-diverse-rollouts-live-curves-20261002,logs/diagnostics/address-diverse-rollouts-live-curves-20261002/training_updates.json,91145,6a1d6caae11fe08b9e5ace79de628a5d2a78dac8158391f2df0c42f9261da917
diagnostics,logs/diagnostics/address-diverse-rollouts-preflight-20261002,logs/diagnostics/address-diverse-rollouts-preflight-20261002/actual-start.json,1347,cf60034ad654192b42df72a7dc0401dae0da13097ac57f7fbd3971b3b61a508a
diagnostics,logs/diagnostics/address-diverse-rollouts-preflight-20261002,logs/diagnostics/address-diverse-rollouts-preflight-20261002/mid-games.json,46067,5ec597306b179b114c894dd4e4ba3661e34e9fcfedb0d4571a5de403fccb99f2
diagnostics,logs/diagnostics/address-diverse-rollouts-preflight-20261002,logs/diagnostics/address-diverse-rollouts-preflight-20261002/midpoint.json,2768,6b9c04a62d6a4cdf1a0a546a2546f0f66fc3a25bed3c73efd5de204969d7f636
diagnostics,logs/diagnostics/address-diverse-rollouts-preflight-20261002,logs/diagnostics/address-diverse-rollouts-preflight-20261002/summary.json,8063,33782dd6b64a0a7e1b42d2ae0a9769718825210eebc3bfa3ae9234b67163ba8f
diagnostics,logs/diagnostics/address-entropy-curves-20261002,logs/diagnostics/address-entropy-curves-20261002/audit.json,3304,6f007d0d32a75c95b3d5e5e54d4f9b5c9256f87db41ae5b54bb8e7d9e90c3c6b
diagnostics,logs/diagnostics/address-entropy-curves-20261002,logs/diagnostics/address-entropy-curves-20261002/sources.json,1491,09f132f9f5aff473d14404d7fea4277bb65b5b2cc49b4bf239f8d8e94cfb4ed9
diagnostics,logs/diagnostics/address-entropy-curves-20261002,logs/diagnostics/address-entropy-curves-20261002/update-metrics.csv,9046,f4b732043838b8796b6089d12907a7675dd3d9b5cfdf1c7d4190ee534b4acfc9
diagnostics,logs/diagnostics/address-entropy-fixed-fit-20261002,logs/diagnostics/address-entropy-fixed-fit-20261002/config.yaml,728,ac9e912f6ddb0ac679b25153612c0fbee868def09da8d6478c61a5c8878b69c4
diagnostics,logs/diagnostics/address-entropy-fixed-fit-20261002,logs/diagnostics/address-entropy-fixed-fit-20261002/identity.json,23059,1008f687521280e5144be82035e04699c4055df17eae26f313c7e81a29204eee
diagnostics,logs/diagnostics/address-entropy-fixed-fit-20261002,logs/diagnostics/address-entropy-fixed-fit-20261002/result.json,47441,3eff7714c2da6b80c7cbd573a2a7571b5322585eee0e389dcbf552395f37d18b
diagnostics,logs/diagnostics/address-entropy-fixed-fit-audit-20261002,logs/diagnostics/address-entropy-fixed-fit-audit-20261002/summary.json,2051,13ba9df35f3e1a8aa282ad9719e5e07ae0642e4eb9b32bd3387b59be709bfc84
diagnostics,logs/diagnostics/address-entropy-high-audit-20261002,logs/diagnostics/address-entropy-high-audit-20261002/full-god-evaluations.json,11162,fcfb684114c0694179627d6260da6c285a115dd72cc5d2492360289d423e3b9f
diagnostics,logs/diagnostics/address-entropy-high-audit-20261002,logs/diagnostics/address-entropy-high-audit-20261002/summary.json,2222,a3520a806e0f5c3448c884543fbd8ffea0ba8fcd18e46ea3809cb30f30f5f4e2
diagnostics,logs/diagnostics/address-entropy-high-preflight-20261002,logs/diagnostics/address-entropy-high-preflight-20261002/actual-start.json,1594,b2c8640666e2c2b017684253cbe9259558173003fa1e68e82102065abf79f3cf
diagnostics,logs/diagnostics/address-entropy-high-preflight-20261002,logs/diagnostics/address-entropy-high-preflight-20261002/summary.json,7995,f4fa6e850b63837b456061b9a5ac6dd22e8d4d6754d952bed85b022294b3f8a7
diagnostics,logs/diagnostics/address-entropy-medium-audit-20261002,logs/diagnostics/address-entropy-medium-audit-20261002/full-god-evaluations.json,8835,90a650faea31b99885a17e9a0c3674d91c68b430e05777cf045bede92c107818
diagnostics,logs/diagnostics/address-entropy-medium-audit-20261002,logs/diagnostics/address-entropy-medium-audit-20261002/summary.json,2302,c3cae1bd0c2a4a71816e898a238ac014c7acb9a2e3dd47d6ffdf9e3a54314456
diagnostics,logs/diagnostics/address-entropy-medium-preflight-20261002,logs/diagnostics/address-entropy-medium-preflight-20261002/actual-start.json,1596,7860148be6316f9d1ac36c7fe6d4e8f70149f0cc8aee3585b04bd149b62ddef7
diagnostics,logs/diagnostics/address-entropy-medium-preflight-20261002,logs/diagnostics/address-entropy-medium-preflight-20261002/summary.json,8000,f33df52d0c5328a4dced2aadbc37a9e02e8fdeee6c3eb1ea30e2ee752c604181
diagnostics,logs/diagnostics/address-entropy-zero-audit-20261003,logs/diagnostics/address-entropy-zero-audit-20261003/fixed-fit.json,4456,675cede2084adbdaed3063c11e6924e0b6e38bcb1cf2b9f3dd7f2e7ba13d8c91
diagnostics,logs/diagnostics/address-entropy-zero-audit-20261003,logs/diagnostics/address-entropy-zero-audit-20261003/games.json,1199,0b9b37931e08d28e5f5130a76381eebf3117617605f1f480034ff6b54a7a8a5c
diagnostics,logs/diagnostics/address-entropy-zero-audit-20261003,logs/diagnostics/address-entropy-zero-audit-20261003/summary.json,2320,5e25273e29bb121055c33dd77c1f36420895a8f171fe38d1f282d1b291ae9595
diagnostics,logs/diagnostics/address-entropy-zero-curves-20261003,logs/diagnostics/address-entropy-zero-curves-20261003/audit.json,2057,0edc0c1f9c60f0ffd58fbad45bc5cc501adf88f258a998e2d642897e36154073
diagnostics,logs/diagnostics/address-entropy-zero-curves-20261003,logs/diagnostics/address-entropy-zero-curves-20261003/sources.json,1152,92d82c5b20cd2a6f6afecd56c006b2991d32165bbeb51951f083a0c85f2014ca
diagnostics,logs/diagnostics/address-entropy-zero-curves-20261003,logs/diagnostics/address-entropy-zero-curves-20261003/update-metrics.csv,5978,a994c6cbf59bdc194766f6dfdd9ccfd16ac985137576661fcfd0e05985c055f4
diagnostics,logs/diagnostics/address-entropy-zero-curves-20261003,logs/diagnostics/address-entropy-zero-curves-20261003/visual-qa.json,630,fdbc2ff41384862fdca472b8cfea545bfd038610c00f69c22233eb320069fc94
diagnostics,logs/diagnostics/address-entropy-zero-fixed-fit-20261003,logs/diagnostics/address-entropy-zero-fixed-fit-20261003/config.yaml,710,1dad65efd28ecc264c5a26e93a88f6b9a1dd2e061e1f012e7d7adbcd44f12d60
diagnostics,logs/diagnostics/address-entropy-zero-fixed-fit-20261003,logs/diagnostics/address-entropy-zero-fixed-fit-20261003/identity.json,25290,7098b5dd0a93896ead8b0462e118de6464f84a3d333aa74aa9e86a6f4e1fea80
diagnostics,logs/diagnostics/address-entropy-zero-fixed-fit-20261003,logs/diagnostics/address-entropy-zero-fixed-fit-20261003/result.json,47445,48f141185e3657b2d314a3c7d2ee30e8ff28bc693f970b18a74703ae5499e4ce
diagnostics,logs/diagnostics/address-entropy-zero-input-audit-20261003,logs/diagnostics/address-entropy-zero-input-audit-20261003/summary.json,5212,cb95c20397a15fc773ca8d2ca638eecc8b51019d1e8e7fc04948dda51a82a8c3
diagnostics,logs/diagnostics/address-entropy-zero-input-audit-20261003-hydra,logs/diagnostics/address-entropy-zero-input-audit-20261003-hydra/.hydra/config.yaml,209,6efa6c103028f49306080dc946f360b6dc2e4ee18a9330ee606effcd4ac7efda
diagnostics,logs/diagnostics/address-entropy-zero-input-audit-20261003-hydra,logs/diagnostics/address-entropy-zero-input-audit-20261003-hydra/.hydra/hydra.yaml,3811,8d9eaad56dbd87f1b2124bb11f58d8b4a25127069b7ee024a22bc0446b517dc1
diagnostics,logs/diagnostics/address-entropy-zero-input-audit-20261003-hydra,logs/diagnostics/address-entropy-zero-input-audit-20261003-hydra/.hydra/overrides.yaml,202,366d7bece871e33c9b8d4c9872b343ed667347f907962ef8766d96cf274b45e9
diagnostics,logs/diagnostics/address-entropy-zero-paired-games-20261003-v2,logs/diagnostics/address-entropy-zero-paired-games-20261003-v2/paired-games.csv,3424,ec6a405091af058366e17f08cd061805f64471c847aea9724e01db794d41aee7
diagnostics,logs/diagnostics/address-entropy-zero-paired-games-20261003-v2,logs/diagnostics/address-entropy-zero-paired-games-20261003-v2/summary.json,9561,0383d44e7e4b164b83a54886693c5ad1de69600697a62f7f5c2872b246322274
diagnostics,logs/diagnostics/address-entropy-zero-preflight-20261003,logs/diagnostics/address-entropy-zero-preflight-20261003/actual-start.json,1627,058c8f8982dc55d3c08ef5fcaf12a53adc785aa890e5e583031cdc1dea727469
diagnostics,logs/diagnostics/address-entropy-zero-preflight-20261003,logs/diagnostics/address-entropy-zero-preflight-20261003/summary.json,7995,89e2b20414c8102d8d3ee04469b2b40e00804e305b16fa266c6ef29e763c6f8f
diagnostics,logs/diagnostics/address-episode-mix50-audit-20261002,logs/diagnostics/address-episode-mix50-audit-20261002/feedback-progress.json,99825,45a6aea89843104c1cef55e7e86d72aceaf7074570f9e158675fc37749f7255c
diagnostics,logs/diagnostics/address-episode-mix50-audit-20261002,logs/diagnostics/address-episode-mix50-audit-20261002/feedback.json,2333,db71b1a50e5391d05472c25b9141c9a189b8f709867f7ad4978bf73e894e7b16
diagnostics,logs/diagnostics/address-episode-mix50-audit-20261002,logs/diagnostics/address-episode-mix50-audit-20261002/final-progress.json,203387,a2f6bf1f061e5febe82fbbd8a37fa0ba788e34cef9760bb532f9833b4eae579f
diagnostics,logs/diagnostics/address-episode-mix50-audit-20261002,logs/diagnostics/address-episode-mix50-audit-20261002/final.json,5331,330dd577c507091284894f9e2c3742aa0809b175f7759bb313644302469e40c4
diagnostics,logs/diagnostics/address-episode-mix50-audit-20261002,logs/diagnostics/address-episode-mix50-audit-20261002/final_games.json,1670,6971337ace8d86f9361df73f6f67b1f1606c4daa6af3cefe3d2a116d0c9de4e3
diagnostics,logs/diagnostics/address-episode-mix50-audit-20261002,logs/diagnostics/address-episode-mix50-audit-20261002/mid-progress.json,60503,218bc057608a7b23be5ddffe933d5f8d0bbdb6ef1486af56f5ccaba9a02509b7
diagnostics,logs/diagnostics/address-episode-mix50-audit-20261002,logs/diagnostics/address-episode-mix50-audit-20261002/mid.json,4362,6737dc145a66fa308b5d333b4e6ebda5d6ca814799a16833ef5677bcada9ba60
diagnostics,logs/diagnostics/address-episode-mix50-audit-20261002,logs/diagnostics/address-episode-mix50-audit-20261002/mid_games.json,1680,1798d40f1d66d86c3ab6930c58c58ea9d6312605c1fb1c9adaf0908d82973030
diagnostics,logs/diagnostics/address-episode-mix50-audit-20261002,logs/diagnostics/address-episode-mix50-audit-20261002/start-progress.json,1667,875bbfe5fc99757592ccb445356d9eb7fd1c635f0530b0ab90f17848719f394b
diagnostics,logs/diagnostics/address-episode-mix50-audit-20261002,logs/diagnostics/address-episode-mix50-audit-20261002/start.json,1579,bd40d5dc706a9912903182db377e9914a7e3abcec4f300d48d46ec82d80a3eec
diagnostics,logs/diagnostics/address-expansion-initialization-20261002,logs/diagnostics/address-expansion-initialization-20261002/control-config.yaml,7946,cf5c9585a9defc53afa2b02bd78d2b3aa2afc401f0ef8fa9dc31bf3931e35a8f
diagnostics,logs/diagnostics/address-expansion-initialization-20261002,logs/diagnostics/address-expansion-initialization-20261002/control-identity.json,23039,eb459360fbb6516784becb9e54f0b8322588663e18b5d196fc64935f6a43bd1a
diagnostics,logs/diagnostics/address-expansion-initialization-20261002,logs/diagnostics/address-expansion-initialization-20261002/expanded-config.yaml,8010,dd1c25a53829a9265796dac0a8c316058d09ee5134be844f6a59084f4b718584
diagnostics,logs/diagnostics/address-expansion-initialization-20261002,logs/diagnostics/address-expansion-initialization-20261002/expanded-identity.json,25303,22e06dc330beaa817ffd8825d00dd4c2648f0df3a4c11a9adc8c9bccae8396e5
diagnostics,logs/diagnostics/address-expansion-initialization-20261002,logs/diagnostics/address-expansion-initialization-20261002/summary.json,1053,f31dbb83b836e0eb54ef26b6a377ca04c94d891d479ae45e2187a9b94dadb5f2
diagnostics,logs/diagnostics/address-expansion-training-20261002,logs/diagnostics/address-expansion-training-20261002/full_god_evaluations.json,24836,36ba44a3341077c769c0a38da1f582f922d06dab6bf59090cc153c83a8b79c4d
diagnostics,logs/diagnostics/address-expansion-training-20261002,logs/diagnostics/address-expansion-training-20261002/summary.json,81784,5fe1919ca3600bcf61d07a8053f93591e1fbd5bbd1647a6a97779dd6ceefb534
diagnostics,logs/diagnostics/address-feature-critic-curves-20261002,logs/diagnostics/address-feature-critic-curves-20261002/audit.json,3797,56186d2d4134e71b8424a5df1395ca77160ba331cca4254f516f0038c3422fa4
diagnostics,logs/diagnostics/address-feature-critic-curves-20261002,logs/diagnostics/address-feature-critic-curves-20261002/sources.json,1912,5e29fe97509af5885e1b13c822ae3d14187b44a17d6c5760ccce7dd92082abd9
diagnostics,logs/diagnostics/address-feature-critic-curves-20261002,logs/diagnostics/address-feature-critic-curves-20261002/update-metrics.csv,12490,9d58fdc83cd19f8d4c9e94175139b0709ab8e34b0a02f47912687fb615abe0ab
diagnostics,logs/diagnostics/address-feature-split-audit-20261002,logs/diagnostics/address-feature-split-audit-20261002/fixed-fit.json,1137,50eecd3f73c571bde828dac3d9e48ed263994335286b30e24d13a3b2cbc27cf5
diagnostics,logs/diagnostics/address-feature-split-audit-20261002,logs/diagnostics/address-feature-split-audit-20261002/full-god-evaluations.json,12286,d87a5933a912d6c0cffb8c5489ca9c2e707cb1731b352955a56e35115dd2ef43
diagnostics,logs/diagnostics/address-feature-split-audit-20261002,logs/diagnostics/address-feature-split-audit-20261002/summary.json,2241,1081e93748ad855169a3aa43a6c07b1d5d92e6e4db1bed106e8a7ee5dbace407
diagnostics,logs/diagnostics/address-feature-split-fixed-fit-20261002,logs/diagnostics/address-feature-split-fixed-fit-20261002/config.yaml,559,068e81ee47af24a9381889072c52916887bb252e0f5771718df3321f5b4f0400
diagnostics,logs/diagnostics/address-feature-split-fixed-fit-20261002,logs/diagnostics/address-feature-split-fixed-fit-20261002/identity.json,23059,1008f687521280e5144be82035e04699c4055df17eae26f313c7e81a29204eee
diagnostics,logs/diagnostics/address-feature-split-fixed-fit-20261002,logs/diagnostics/address-feature-split-fixed-fit-20261002/result.json,23835,c9479ee2f08820648d0b4bbd3ffa387d32d882d50421583e73b0424816fbfdc5
diagnostics,logs/diagnostics/address-feature-split-preflight-20261002,logs/diagnostics/address-feature-split-preflight-20261002/actor-adapter.json,4181,bc719760a2141659f153abba107ad8ba3df62cb39cc71e6badc4a39e5a04927e
diagnostics,logs/diagnostics/address-feature-split-preflight-20261002,logs/diagnostics/address-feature-split-preflight-20261002/actual-start.json,1596,fc9f39ab607db05015b3bd85678f20b9409fd7ba8507cc1f2170c59d76961091
diagnostics,logs/diagnostics/address-feature-split-preflight-20261002,logs/diagnostics/address-feature-split-preflight-20261002/conversion-audit.json,768,9b8603ef45c0a690504f01b12603e46071f62b63f8ab3afaabfe89ac41aada14
diagnostics,logs/diagnostics/address-feature-split-preflight-20261002,logs/diagnostics/address-feature-split-preflight-20261002/summary.json,9575,a67aca3e9b6d2f3d9c614c347e1c096d24a9b87b3e0a167adf9f2764e3c085d8
diagnostics,logs/diagnostics/address-frozen-representation-audit-20261003,logs/diagnostics/address-frozen-representation-audit-20261003/final-progress.json,38633,ca4ff05b40dc750adeeb917d4dbed713a7e0cbcf6c8a1ecd47e64c9501732e90
diagnostics,logs/diagnostics/address-frozen-representation-audit-20261003,logs/diagnostics/address-frozen-representation-audit-20261003/final.json,3861,5969287169323d74514efd99ee44380643f04d856bc9caf63536a3aa79061ec0
diagnostics,logs/diagnostics/address-frozen-representation-audit-20261003,logs/diagnostics/address-frozen-representation-audit-20261003/final_games.json,1732,4e90141bfffd79cd6b27565131c1a57447cf9322ed934079f67bc0300dd74273
diagnostics,logs/diagnostics/address-frozen-representation-audit-20261003,logs/diagnostics/address-frozen-representation-audit-20261003/start-progress.json,1660,19b5bfadd593e20472dc1c07e4bfaea5487b7d6456c70551a35545b94317d83a
diagnostics,logs/diagnostics/address-frozen-representation-audit-20261003,logs/diagnostics/address-frozen-representation-audit-20261003/start.json,2294,a7aa75e5a3a74dd8701711ee6d47c84803f78ca10f93c78e462e4eb65d6856e7
diagnostics,logs/diagnostics/address-frozen-representation-preflight-20261003,logs/diagnostics/address-frozen-representation-preflight-20261003/summary.json,8797,6508e65428bb13e83f309a0d30541a36098b35a62bd0fed7cdc46dc2e2200471
diagnostics,logs/diagnostics/address-frozen-representation-retention-20261003,logs/diagnostics/address-frozen-representation-retention-20261003/audit.json,5899,44461686a61394b7b63d7cb28c89540c51b1d22c4910da2b838aaf1479fb51fe
diagnostics,logs/diagnostics/address-frozen-representation-retention-20261003,logs/diagnostics/address-frozen-representation-retention-20261003/comparison.json,1343,003e4887268602db7cd4036512a51e78c0f39b2fd4c16b943a617032f6f4a711
diagnostics,logs/diagnostics/address-frozen-representation-retention-20261003,logs/diagnostics/address-frozen-representation-retention-20261003/config.yaml,567,b1213ab5144cf4763f5b8b2ea57430202f5297c063212b17ebd33adcace247e2
diagnostics,logs/diagnostics/address-frozen-representation-retention-20261003,logs/diagnostics/address-frozen-representation-retention-20261003/identity.json,24176,b9c3b18764527931fffd0a52ea0755ecf377063756a4fa3f2ce6b25003a42de9
diagnostics,logs/diagnostics/address-frozen-representation-retention-20261003,logs/diagnostics/address-frozen-representation-retention-20261003/result.json,23841,df08dd7654d6c364bec663c6564e254a6060241d1e7daa35fc75845228e52d0b
diagnostics,logs/diagnostics/address-invariant-actions-20261002,logs/diagnostics/address-invariant-actions-20261002/control/config.yaml,16597,f64c5eea6896e81efc282bea1db03e2b998ebda68c8bee711bbe928b079ab26f
diagnostics,logs/diagnostics/address-invariant-actions-20261002,logs/diagnostics/address-invariant-actions-20261002/control/result.json,56970,8a80975476c0e9aafd00036b6a56157d9cda23fa8e2b99912d469a73d5652ca5
diagnostics,logs/diagnostics/address-invariant-actions-20261002,logs/diagnostics/address-invariant-actions-20261002/invariant/config.yaml,16627,d6b299dd8729960276810735d883aff6eee26c67c97a8ad9e6d6271b50a6983f
diagnostics,logs/diagnostics/address-invariant-actions-20261002,logs/diagnostics/address-invariant-actions-20261002/invariant/result.json,57744,1505d760efaf2078f58b108cbf4311a8ae58f0c5c71500c39a0841bc143245a8
diagnostics,logs/diagnostics/address-invariant-actions-20261002,logs/diagnostics/address-invariant-actions-20261002/summary.json,206726,e8abae77a1e4a34ce36f75097e641b2deabae9730896338ca8f9d55e1aaa2e56
diagnostics,logs/diagnostics/address-invariant-greedy-20261002,logs/diagnostics/address-invariant-greedy-20261002/summary.json,23364,72371ee863cacfa059488a7db234bd2d0d380de19282c8e309749df429dce182
diagnostics,logs/diagnostics/address-invariant-preflight-20261002,logs/diagnostics/address-invariant-preflight-20261002/summary.json,2055,a00ffff4e6283508c913141ccaa43a505e17e78c233d6f1975c26b9bf65a40f5
diagnostics,logs/diagnostics/address-invariant-real-observations-20261002,logs/diagnostics/address-invariant-real-observations-20261002/summary.json,87122,52827fc9624e5155bdf148e4c17da797707ba52790af06a74ab512ee8b17ac46
diagnostics,logs/diagnostics/address-invariant-retention-20261002,logs/diagnostics/address-invariant-retention-20261002/audit.json,10954,c527c289d81c32f51936ecc76324f701f150d3dbeb44f621687f35df0853d457
diagnostics,logs/diagnostics/address-invariant-retention-20261002,logs/diagnostics/address-invariant-retention-20261002/config.yaml,748,17f04b208b72d324889edddf7dcf0b56837ee54783c974ea114c2eb91ae1d0b9
diagnostics,logs/diagnostics/address-invariant-retention-20261002,logs/diagnostics/address-invariant-retention-20261002/identity.json,20396,5d7b819784d07335f424a78d7031bdc437571046017e40a96ae804aa57da641c
diagnostics,logs/diagnostics/address-invariant-retention-20261002,logs/diagnostics/address-invariant-retention-20261002/result.json,50847,e21ef2a25bfcd5785de353495e111ed2ba906f825803ea90fa1f92f3962e2caf
diagnostics,logs/diagnostics/address-invariant-training-20261002,logs/diagnostics/address-invariant-training-20261002/curves.csv,4314,6891437555ed469a109ed04df1ca2e4b3f4f18c3b4644be1a026521684988e4a
diagnostics,logs/diagnostics/address-invariant-training-20261002,logs/diagnostics/address-invariant-training-20261002/expanded_games.json,1376,95fd529e97f2521c2220e834fed03622033140559aa6c82382651e1b1ebd4a6d
diagnostics,logs/diagnostics/address-invariant-training-20261002,logs/diagnostics/address-invariant-training-20261002/full_god_evaluations.json,24627,cb2a44b0a967f3dcecfbc8085ccbc456b381038e4fb6b76b7f752df229602b2d
diagnostics,logs/diagnostics/address-invariant-training-20261002,logs/diagnostics/address-invariant-training-20261002/repeated_games.json,1432,a24cc116de8b7231e0e8e6d26049b70e7e685b237ffae553b4ecaaefee777d29
diagnostics,logs/diagnostics/address-invariant-training-20261002,logs/diagnostics/address-invariant-training-20261002/summary.json,4743,7d707ec3bfaa2ceedb9d59708a5bb0e4efd579d48930952b1d0e89520d568a1a
diagnostics,logs/diagnostics/address-large-batch-audit-20261002,logs/diagnostics/address-large-batch-audit-20261002/final-games.json,43049,76c8035dde2f3679a69d01d49e4ed62c36581d28729d4191401a6c28335547e1
diagnostics,logs/diagnostics/address-large-batch-audit-20261002,logs/diagnostics/address-large-batch-audit-20261002/optimizer-comparison.json,321,ad442a343141fb0e31ad296ab9c6d8271e25a5594744f1b24728b8b078f2b017
diagnostics,logs/diagnostics/address-large-batch-audit-20261002,logs/diagnostics/address-large-batch-audit-20261002/summary.json,4682,cd8437445095a645d253d57380b6dc24c93f45c940865d34914deb1cbf799686
diagnostics,logs/diagnostics/address-large-batch-control-20261002,logs/diagnostics/address-large-batch-control-20261002/summary.json,24642,00eead736cbbbc15ea19e6c6090cfd364b5c975209d9bf450da075add56a366d
diagnostics,logs/diagnostics/address-large-batch-curves-20261002,logs/diagnostics/address-large-batch-curves-20261002/audit.json,499,b0087a5c68b16467e880f6496698ba0b8406a123b9642735d9495768978f48a6
diagnostics,logs/diagnostics/address-large-batch-curves-20261002,logs/diagnostics/address-large-batch-curves-20261002/batch128/progress.csv,29963,adea8ed5db2d7588628e181819ea9a319e3a088e5403815f3db5d5b5169b3b4c
diagnostics,logs/diagnostics/address-large-batch-curves-20261002,logs/diagnostics/address-large-batch-curves-20261002/batch128/progress.json,83623,e9bd4faab219a96d19a8da5f2e885871606df633dca892686cfa142440e5bcac
diagnostics,logs/diagnostics/address-large-batch-curves-20261002,logs/diagnostics/address-large-batch-curves-20261002/batch128/result.json,1994,904aa6dfba9241133c5211656c988ec9f916f4e2d45177b1a9e3367143ba7d0d
diagnostics,logs/diagnostics/address-large-batch-curves-20261002,logs/diagnostics/address-large-batch-curves-20261002/batch128/timing.json,24081,3015f35ed8a1b1fe43351d04fc2514cf69dceee803ec4d8af49270d55c65a591
diagnostics,logs/diagnostics/address-large-batch-curves-20261002,logs/diagnostics/address-large-batch-curves-20261002/batch512/progress.csv,29909,3c74b2dbc573eaa148d635a13ad4f14e210af1521350d2a613d7d7067e4be4eb
diagnostics,logs/diagnostics/address-large-batch-curves-20261002,logs/diagnostics/address-large-batch-curves-20261002/batch512/progress.json,71921,e54d6795118528934351c0b61ea7ca0f2df2539713780de040e37bbd0201212b
diagnostics,logs/diagnostics/address-large-batch-curves-20261002,logs/diagnostics/address-large-batch-curves-20261002/batch512/result.json,1975,e622b3e6a053efbb71107e83812a8a8942cba9ee177612cd21ec7fd71f37be34
diagnostics,logs/diagnostics/address-large-batch-curves-20261002,logs/diagnostics/address-large-batch-curves-20261002/batch512/timing.json,24065,ac0c329cf5ed160ff79206d34aa5e3daaace804e0692cf5459e9502cb8f8e3da
diagnostics,logs/diagnostics/address-large-batch-curves-20261002,logs/diagnostics/address-large-batch-curves-20261002/metrics.csv,18693,603e92191febc4af05cf60184f012d6bb01254d94050c540a66f321b14b058c7
diagnostics,logs/diagnostics/address-large-batch-curves-20261002,logs/diagnostics/address-large-batch-curves-20261002/sources.json,955,aea7e35ac7622871410aa3c8b9399652fd90c97c2cd2c8decf9c8431c760eae7
diagnostics,logs/diagnostics/address-large-batch-curves-20261002,logs/diagnostics/address-large-batch-curves-20261002/summary.json,724,6014359c44a275cf29d6f0e08386a22fc5c6deacb2ab87e43081f67895afa348
diagnostics,logs/diagnostics/address-large-batch-final-fixed-fit-20261002,logs/diagnostics/address-large-batch-final-fixed-fit-20261002/config.yaml,554,085d79c10ab54a2ad842b44b1a73c690a20cdf3957937f4775a1fb6cdc422520
diagnostics,logs/diagnostics/address-large-batch-final-fixed-fit-20261002,logs/diagnostics/address-large-batch-final-fixed-fit-20261002/identity.json,23289,1077575ae1e1bf162a1a2f2967eccb5d9b9922eecb579927e0b53037f50249b2
diagnostics,logs/diagnostics/address-large-batch-final-fixed-fit-20261002,logs/diagnostics/address-large-batch-final-fixed-fit-20261002/result.json,23810,f5f36dc68cf44a6ae1e1490f16bafb24d8d0a397a60af98da8d38a7d045a2c00
diagnostics,logs/diagnostics/address-large-batch-final-fixed-fit-audit-20261002,logs/diagnostics/address-large-batch-final-fixed-fit-audit-20261002/summary.json,1262,ef9cf2cd6b2840d926d006255ee9b147cda89e6781a39fb820b14b1dbaa1d37a
diagnostics,logs/diagnostics/address-large-batch-mid-fixed-fit-20261002,logs/diagnostics/address-large-batch-mid-fixed-fit-20261002/config.yaml,576,3917ca4604c34dff069cacd1c45671240e109dc4bca183906dba8478b348e2f9
diagnostics,logs/diagnostics/address-large-batch-mid-fixed-fit-20261002,logs/diagnostics/address-large-batch-mid-fixed-fit-20261002/identity.json,23289,1077575ae1e1bf162a1a2f2967eccb5d9b9922eecb579927e0b53037f50249b2
diagnostics,logs/diagnostics/address-large-batch-mid-fixed-fit-20261002,logs/diagnostics/address-large-batch-mid-fixed-fit-20261002/result.json,23848,004ff80cebd54c100282ad3b369bd87404e6eed6a692074bac9dbe6e1f65d3ad
diagnostics,logs/diagnostics/address-large-batch-mid-fixed-fit-audit-20261002,logs/diagnostics/address-large-batch-mid-fixed-fit-audit-20261002/summary.json,1259,02cecdc5b1c481193905ee03c3d87c7c89dfef005a1c2ec7a01a6950892377b2
diagnostics,logs/diagnostics/address-large-batch-preflight-20261002,logs/diagnostics/address-large-batch-preflight-20261002/actual-start.json,1345,d186937818488a483cfc16dc4486ae0e04d714cdb4629387fba51262c281c0af
diagnostics,logs/diagnostics/address-large-batch-preflight-20261002,logs/diagnostics/address-large-batch-preflight-20261002/mid-games.json,41446,2b8e2164f377e54b4c8ba3db3be1f7aa2bac07c55020c1b098b2d49c56724cbe
diagnostics,logs/diagnostics/address-large-batch-preflight-20261002,logs/diagnostics/address-large-batch-preflight-20261002/midpoint.json,2788,9240cd7a930a52b4ea3496704c93375082acec5be99d22713e13677b2f891ec1
diagnostics,logs/diagnostics/address-large-batch-preflight-20261002,logs/diagnostics/address-large-batch-preflight-20261002/summary.json,8007,166ec5242e3e6f8afcd7fecb966c9c6c3e2c95231dfd0576f55b368858562b48
diagnostics,logs/diagnostics/address-learner-collection-audit-20261002,logs/diagnostics/address-learner-collection-audit-20261002/summary.json,4846,a32e9ee040e88587fe8285ba6860c465aa258103b607bf0f35e8b33e2cd8106c
diagnostics,logs/diagnostics/address-learner-plan-20261002,logs/diagnostics/address-learner-plan-20261002/summary.json,34789,04905c7a9f7bc0f04101475a5fc5b2bbca7f13d8bb56d5bd5353b6e62af5d297
diagnostics,logs/diagnostics/address-long-credit-audit-20261002,logs/diagnostics/address-long-credit-audit-20261002/full-god-evaluations.json,12985,423e85f85b559429d54868d56f9fe81cd563ffba16be8e3ba41e2e2683948df0
diagnostics,logs/diagnostics/address-long-credit-audit-20261002,logs/diagnostics/address-long-credit-audit-20261002/summary.json,2256,2cd0eaf3182ee5bd48b3e363b06393eec93d066e59af11e72140718989d27d0e
diagnostics,logs/diagnostics/address-long-credit-fixed-fit-20261002,logs/diagnostics/address-long-credit-fixed-fit-20261002/config.yaml,723,751736c22a0ef81f6a53ecdff30eb71314424cefc0f74abdcc02b451d968be23
diagnostics,logs/diagnostics/address-long-credit-fixed-fit-20261002,logs/diagnostics/address-long-credit-fixed-fit-20261002/identity.json,23059,d9ca5a50f29a3c1694d87db366bd4488c09a95508d5efd36c29319b009096280
diagnostics,logs/diagnostics/address-long-credit-fixed-fit-20261002,logs/diagnostics/address-long-credit-fixed-fit-20261002/result.json,47433,513f653fa311f1c4ff6b9f83484f0d38822b1f3c58290a127a99f47f22005898
diagnostics,logs/diagnostics/address-long-credit-fixed-fit-audit-20261002,logs/diagnostics/address-long-credit-fixed-fit-audit-20261002/summary.json,2030,70c581f964677bf29cd4dd31714625bc134d813fd265a2afb8fbbbe65fcbdab6
diagnostics,logs/diagnostics/address-long-credit-preflight-20261002,logs/diagnostics/address-long-credit-preflight-20261002/actual-start.json,1644,9f118832b1716b8e73d1886491f93a718a32e1c0e037489b016f4ddca5434764
diagnostics,logs/diagnostics/address-long-credit-preflight-20261002,logs/diagnostics/address-long-credit-preflight-20261002/summary.json,8055,e9c036b3b2ee78446e098aa0633e94d330c225769cea8e825814cdcbb3564fef
diagnostics,logs/diagnostics/address-long-credit-updates-20261002,logs/diagnostics/address-long-credit-updates-20261002/metrics.csv,2902,31a0941d478527330a6c5fe9fc098ea1bf9c365cd06e93a1f16fd0ff6e073d99
diagnostics,logs/diagnostics/address-long-credit-updates-20261002,logs/diagnostics/address-long-credit-updates-20261002/result.json,6308,2bb2b5c68a1f0b9310bddb3a735d7e82eef84074fb87474a1b8a7210eea23fd4
diagnostics,logs/diagnostics/address-long-rollout-audit-20261002,logs/diagnostics/address-long-rollout-audit-20261002/full-god-evaluations.json,13340,8e2e2c2a4c90b95f8cd839b7da7f0881278af3c5bf7099d049fc9a9089e3e494
diagnostics,logs/diagnostics/address-long-rollout-audit-20261002,logs/diagnostics/address-long-rollout-audit-20261002/summary.json,2270,1a28f4f64f1c2ff5b1fb802a69c899dc352c61ea9ca8bd06b1e8efeb66e16839
diagnostics,logs/diagnostics/address-long-rollout-preflight-20261002,logs/diagnostics/address-long-rollout-preflight-20261002/actual-start.json,1645,4c6cf2111aae7fc354af52ad513f41aee02261557472fc3137e7687584020341
diagnostics,logs/diagnostics/address-long-rollout-preflight-20261002,logs/diagnostics/address-long-rollout-preflight-20261002/summary.json,8059,6580cfea920d3d68d6c70947727b05197227f31f47f866d4db3ae6acb5af348c
diagnostics,logs/diagnostics/address-lstm512-initialization-20261002,logs/diagnostics/address-lstm512-initialization-20261002/256-config.yaml,7946,cf5c9585a9defc53afa2b02bd78d2b3aa2afc401f0ef8fa9dc31bf3931e35a8f
diagnostics,logs/diagnostics/address-lstm512-initialization-20261002,logs/diagnostics/address-lstm512-initialization-20261002/256-identity.json,23039,eb459360fbb6516784becb9e54f0b8322588663e18b5d196fc64935f6a43bd1a
diagnostics,logs/diagnostics/address-lstm512-initialization-20261002,logs/diagnostics/address-lstm512-initialization-20261002/512-config.yaml,7944,7ab4c595fc6e2e2ac7c2f4ce5d129a1547ab03637273cb25e60cd6ccb891a00a
diagnostics,logs/diagnostics/address-lstm512-initialization-20261002,logs/diagnostics/address-lstm512-initialization-20261002/512-identity.json,23039,3dd17038e347f58c56314a419c6d659ad2c26b2ef15bff4fd71928b5f679c3cb
diagnostics,logs/diagnostics/address-lstm512-initialization-20261002,logs/diagnostics/address-lstm512-initialization-20261002/summary.json,939,d8e6e6b68413c7acb3dc18c2ab8470df59bbcc3bc4b061794cb599379f66e17a
diagnostics,logs/diagnostics/address-lstm512-retention-20261002,logs/diagnostics/address-lstm512-retention-20261002/config.yaml,553,97e392c3160852367ca84546d0490ddfab4e854e61e67197451d6c9af36b4f9d
diagnostics,logs/diagnostics/address-lstm512-retention-20261002,logs/diagnostics/address-lstm512-retention-20261002/identity.json,20396,9b37b7d25a9fc64ec4c48d5bd6fbcf6c1f3fc1ada7740b7ff0b1f159983ecbad
diagnostics,logs/diagnostics/address-lstm512-retention-20261002,logs/diagnostics/address-lstm512-retention-20261002/result.json,25507,611133a1c53bef7ef3a628d86d698ec1084e0f4d9f6a1f39acb311c4a79db8b7
diagnostics,logs/diagnostics/address-lstm512-retention-full-precision-20261002,logs/diagnostics/address-lstm512-retention-full-precision-20261002/audit.json,5507,880dcc63ee0b967487c6340306d1d0432ae23f9e983705c10673795cfc578cc8
diagnostics,logs/diagnostics/address-lstm512-retention-full-precision-20261002,logs/diagnostics/address-lstm512-retention-full-precision-20261002/config.yaml,568,908e25c00bd41c0e4ce6651d7aa6ee965856457d8c747cc8f428c10095877c27
diagnostics,logs/diagnostics/address-lstm512-retention-full-precision-20261002,logs/diagnostics/address-lstm512-retention-full-precision-20261002/identity.json,20396,872012f13b3c330f897a93e00ae7b763c8c07d7354e3eb6a21ae01fd302fe1b2
diagnostics,logs/diagnostics/address-lstm512-retention-full-precision-20261002,logs/diagnostics/address-lstm512-retention-full-precision-20261002/precision-comparison.json,791,8867d19a8f205244e94206b014b6cd798ac5756a07ba8ba292e729d6988dd9b4
diagnostics,logs/diagnostics/address-lstm512-retention-full-precision-20261002,logs/diagnostics/address-lstm512-retention-full-precision-20261002/result.json,25513,8e370b4f1fd7b42657f299bc771d2358e344bae6d12df84e58d1c6026058c4f8
diagnostics,logs/diagnostics/address-lstm512-training-20261002,logs/diagnostics/address-lstm512-training-20261002/curves.csv,4278,e18cce55c5860d1bbe213c0f6230d4e40a864b7e7a28922a93a39dda3e32f43c
diagnostics,logs/diagnostics/address-lstm512-training-20261002,logs/diagnostics/address-lstm512-training-20261002/full_god_evaluations.json,23534,9cae625bc9459465ec1101191b3306d71a01ad438565b5273d574b0f04abfd86
diagnostics,logs/diagnostics/address-lstm512-training-20261002,logs/diagnostics/address-lstm512-training-20261002/summary.json,4745,65198e59d3900073b4789dccb08e30e73f92bb4a339e2b1d0a3fee399c477327
diagnostics,logs/diagnostics/address-mixtures-live-curves-20261002,logs/diagnostics/address-mixtures-live-curves-20261002/action_mix50/config.yaml,5205,b20b4f3b7ba7e59c81de3e8e0d1d41cbacfdc911d8c07ace5696b75991f5d362
diagnostics,logs/diagnostics/address-mixtures-live-curves-20261002,logs/diagnostics/address-mixtures-live-curves-20261002/action_mix50/progress.csv,8921,ab0a46adc8b4a169fd07dc939651239b10a8e143bfee2d3aa1a3cb5ff8ed656d
diagnostics,logs/diagnostics/address-mixtures-live-curves-20261002,logs/diagnostics/address-mixtures-live-curves-20261002/action_mix50/progress.json,53692,3e5b81c10bc187af4c3fe883dcf038b9ab799f29bce0118c1d98d53f7c1e48bf
diagnostics,logs/diagnostics/address-mixtures-live-curves-20261002,logs/diagnostics/address-mixtures-live-curves-20261002/action_mix50/timing.json,6876,b83a9278cfad75abfa500ca8339104899629e62fea6c3e8c15f49e15c8e487a2
diagnostics,logs/diagnostics/address-mixtures-live-curves-20261002,logs/diagnostics/address-mixtures-live-curves-20261002/audit-final.json,2001,56e54e5098ea01497c22c56371ee730101b5609bee725e007db812224478c085
diagnostics,logs/diagnostics/address-mixtures-live-curves-20261002,logs/diagnostics/address-mixtures-live-curves-20261002/audit.json,1006,7b2936640688f10e1849fbd9be10d18143860dd027f8a8b0c4b074b8316391bf
diagnostics,logs/diagnostics/address-mixtures-live-curves-20261002,logs/diagnostics/address-mixtures-live-curves-20261002/combat_series.json,19650,2dfe8c2f2f570d0b21094519776fb78ccc9fed9e02e3b08041d1fe55f2928fd9
diagnostics,logs/diagnostics/address-mixtures-live-curves-20261002,logs/diagnostics/address-mixtures-live-curves-20261002/curriculum_series.json,11171,466470ef50b2d10042f780ec919a17a9f4053b853b0a02ec1a1801b4ae1c56c1
diagnostics,logs/diagnostics/address-mixtures-live-curves-20261002,logs/diagnostics/address-mixtures-live-curves-20261002/episode_mix50/config.yaml,5209,b7a9fb9d43d8063c8b5bc74eea79c4f18df5b4cd3ae1d0279a3c4dad773a48bc
diagnostics,logs/diagnostics/address-mixtures-live-curves-20261002,logs/diagnostics/address-mixtures-live-curves-20261002/episode_mix50/progress.csv,9637,a598a51bff75b680c4e511398b8acb0e511d4e99ee6f8f9157f1fe22328d6d3e
diagnostics,logs/diagnostics/address-mixtures-live-curves-20261002,logs/diagnostics/address-mixtures-live-curves-20261002/episode_mix50/progress.json,60070,0fa7a90cb843825cdd7780326b80c4ad0ddc6da4670e5ec73067ce4e96bfa5b3
diagnostics,logs/diagnostics/address-mixtures-live-curves-20261002,logs/diagnostics/address-mixtures-live-curves-20261002/episode_mix50/timing.json,7428,857757c93ea1e2d55fdf6a1b2f6eac867f9064ef530d506cc6a3dbb6d31aa830
diagnostics,logs/diagnostics/address-mixtures-live-curves-20261002,logs/diagnostics/address-mixtures-live-curves-20261002/summary.json,25174,8f960017a4efbd62e4fbe5ed7fbadc21f49f7670b218858a29d563a50d8366ee
diagnostics,logs/diagnostics/address-mixtures-live-curves-20261002,logs/diagnostics/address-mixtures-live-curves-20261002/training_updates.json,34632,c525165a3dc7b63dff48e8e1281622df2630b0d20136588596f78ef57d0ea292
diagnostics,logs/diagnostics/address-mixtures-mid-actions-20261002,logs/diagnostics/address-mixtures-mid-actions-20261002/action_mid/config.yaml,13804,c6b0184d9993dbce4cb3e4f819266d501c5084c3e8359a5885c64e2bd1e2297e
diagnostics,logs/diagnostics/address-mixtures-mid-actions-20261002,logs/diagnostics/address-mixtures-mid-actions-20261002/action_mid/result.json,131015,51e606bc5dd54a0240a970590c9c97f8c5deb5ff99e43b653414a5f47676bd10
diagnostics,logs/diagnostics/address-mixtures-mid-actions-20261002,logs/diagnostics/address-mixtures-mid-actions-20261002/audit.json,50948,911e61d404a6255e92a896fe718a9a182d78d8316bdc59c0bc16eabfcec8f63c
diagnostics,logs/diagnostics/address-mixtures-mid-actions-20261002,logs/diagnostics/address-mixtures-mid-actions-20261002/bc_first/config.yaml,16627,d6b299dd8729960276810735d883aff6eee26c67c97a8ad9e6d6271b50a6983f
diagnostics,logs/diagnostics/address-mixtures-mid-actions-20261002,logs/diagnostics/address-mixtures-mid-actions-20261002/bc_first/result.json,57744,1505d760efaf2078f58b108cbf4311a8ae58f0c5c71500c39a0841bc143245a8
diagnostics,logs/diagnostics/address-mixtures-mid-actions-20261002,logs/diagnostics/address-mixtures-mid-actions-20261002/bc_more/config.yaml,16686,eee3c6a1af19b36bea3659ffc42b2b5a1e71c01adb4116a522e3aa1406104680
diagnostics,logs/diagnostics/address-mixtures-mid-actions-20261002,logs/diagnostics/address-mixtures-mid-actions-20261002/bc_more/result.json,114467,8f3b51ec451e8587ad91d519111c3e40dbe924c8e21d1a3e6eccaa6158f8cf59
diagnostics,logs/diagnostics/address-mixtures-mid-actions-20261002,logs/diagnostics/address-mixtures-mid-actions-20261002/episode_mid/config.yaml,13812,23d9d27d7f2d5f0b094b5fd43b7b55e90f576d46aa044743120b2cd892cf1e0d
diagnostics,logs/diagnostics/address-mixtures-mid-actions-20261002,logs/diagnostics/address-mixtures-mid-actions-20261002/episode_mid/result.json,139333,612ab49fd7ba540c5ab45886acbb99dcd123b481b53fdfaef6ea90d322e1439b
diagnostics,logs/diagnostics/address-mixtures-mid-actions-20261002,logs/diagnostics/address-mixtures-mid-actions-20261002/summary.json,1082133,38e3aee4f1bd325e8207f2dfa536007765b4e1442a601cb308ffe6e15dcaec50
diagnostics,logs/diagnostics/address-mixtures-preflight-20261002,logs/diagnostics/address-mixtures-preflight-20261002/summary.json,20455,d924f6f14ed16b46166ca90e0161cc55dd63f76fdc76f1a3239d342e621f408c
diagnostics,logs/diagnostics/address-narrow-clip-audit-20261002,logs/diagnostics/address-narrow-clip-audit-20261002/fixed-fit.json,1132,6a91b7ee66c33d3b44f67795f905eb3647c30afd824cf46e4bbc1c78eebb7bd1
diagnostics,logs/diagnostics/address-narrow-clip-audit-20261002,logs/diagnostics/address-narrow-clip-audit-20261002/full-god-evaluations.json,12231,59e868ee35c9657e2cc798514d88aa662c96b5cf70518c3858e91e0f2526cd10
diagnostics,logs/diagnostics/address-narrow-clip-audit-20261002,logs/diagnostics/address-narrow-clip-audit-20261002/summary.json,2268,38d5759600fa0eb3f1b06066731b57e708ac9dab57d2dffed5543b4f1feeeabc
diagnostics,logs/diagnostics/address-narrow-clip-curves-20261002,logs/diagnostics/address-narrow-clip-curves-20261002/sources.json,1062,056149545ddc16cd8765b5ea15e2b789428945f2bb79d8ae66fde26cd45ab067
diagnostics,logs/diagnostics/address-narrow-clip-curves-20261002,logs/diagnostics/address-narrow-clip-curves-20261002/update-metrics.csv,5979,0c7899ae1906f4f50f3e48a3dde4c53e51ae41075f379af4bdfadd29136be9ba
diagnostics,logs/diagnostics/address-narrow-clip-fixed-fit-20261002,logs/diagnostics/address-narrow-clip-fixed-fit-20261002/config.yaml,548,6db43c473dc693c8c940be540672d20b342bc272cbe8028a85d962c5282285e5
diagnostics,logs/diagnostics/address-narrow-clip-fixed-fit-20261002,logs/diagnostics/address-narrow-clip-fixed-fit-20261002/identity.json,22410,e39582deace2f227c46649bd8ced783b3a2887e97f3bae4e9a102c2b9f3428f9
diagnostics,logs/diagnostics/address-narrow-clip-fixed-fit-20261002,logs/diagnostics/address-narrow-clip-fixed-fit-20261002/result.json,23811,b5b8ea8609ffc1e99f5f0ab196a9a47d153511694ce4429e3cc28afb682056a7
diagnostics,logs/diagnostics/address-narrow-clip-preflight-20261002,logs/diagnostics/address-narrow-clip-preflight-20261002/actual-start.json,1593,5f293c7ca367567b0b9c2ae8c1de4120b2d86543ed5277256a02d152e7c2ba81
diagnostics,logs/diagnostics/address-narrow-clip-preflight-20261002,logs/diagnostics/address-narrow-clip-preflight-20261002/summary.json,8038,700b3d1708a507fc1a5afaa34141289102e3c70e407329fc7e905baea7c3f6b9
diagnostics,logs/diagnostics/address-online-teacher-audit-20261002,logs/diagnostics/address-online-teacher-audit-20261002/final-progress.json,43057,9fa1dec653cd57aea9beb8e33aff4af920e37a97bdb4656b05f87d2e3d7656a0
diagnostics,logs/diagnostics/address-online-teacher-audit-20261002,logs/diagnostics/address-online-teacher-audit-20261002/final.json,15738,e1276e1388b5287a9202b5e224c2c980f52eec954db72f5ef0792cf20ad0b7a3
diagnostics,logs/diagnostics/address-online-teacher-audit-20261002,logs/diagnostics/address-online-teacher-audit-20261002/games.json,1190,d06dabf0e2c8e9f17d9af95684a278a8c7b760cab1c327bdbdadc6b453516c54
diagnostics,logs/diagnostics/address-online-teacher-audit-20261002,logs/diagnostics/address-online-teacher-audit-20261002/start-progress.json,1661,b270983b3e14c1044a12f57cc7acc41fd74c69da168a77ca5c7d7f6640412157
diagnostics,logs/diagnostics/address-online-teacher-audit-20261002,logs/diagnostics/address-online-teacher-audit-20261002/start.json,12809,4caf8ff51326de08fd830ff767db7dbc388c3cad38c0c521a3b43d759d8f701d
diagnostics,logs/diagnostics/address-online-teacher-strong-audit-20261003,logs/diagnostics/address-online-teacher-strong-audit-20261003/final-progress.json,38448,0358ef02a57abcce1c5b5f53c2c9b8e150697cce53ca688d4039a8522af8ecbd
diagnostics,logs/diagnostics/address-online-teacher-strong-audit-20261003,logs/diagnostics/address-online-teacher-strong-audit-20261003/final.json,15850,8efba3a4cc8169ddecaa250650118bec022a2d9212d14bd7619bdf7b5424a67f
diagnostics,logs/diagnostics/address-online-teacher-strong-audit-20261003,logs/diagnostics/address-online-teacher-strong-audit-20261003/games.json,1197,b027ef3ff1aef7bf9f352aed01dedf6566e1c347b9404ec9229fc5a7c03a91b6
diagnostics,logs/diagnostics/address-online-teacher-strong-audit-20261003,logs/diagnostics/address-online-teacher-strong-audit-20261003/start-progress.json,1660,19b5bfadd593e20472dc1c07e4bfaea5487b7d6456c70551a35545b94317d83a
diagnostics,logs/diagnostics/address-online-teacher-strong-audit-20261003,logs/diagnostics/address-online-teacher-strong-audit-20261003/start.json,13120,6b350b08a4c50763ac08711741a10e6bb9f55da702902fa09fc8777f48bd68cc
diagnostics,logs/diagnostics/address-ppo-131072-20261002,logs/diagnostics/address-ppo-131072-20261002/full_god_evaluations.json,23065,1815b200eabb7fac29993d2a89e629fa181cbbd1f18ea50aa67a5d9ade7857dc
diagnostics,logs/diagnostics/address-ppo-131072-20261002,logs/diagnostics/address-ppo-131072-20261002/noise10-config.yaml,5366,9c5197219838c73cb188ef6610ef45e0358dace7ceb23bb12e994bc424672b96
diagnostics,logs/diagnostics/address-ppo-131072-20261002,logs/diagnostics/address-ppo-131072-20261002/noise10-identity.json,43881,453bb4c40f57b7357cd55b7663ab3b082101786223f274e4009930b375038686
diagnostics,logs/diagnostics/address-ppo-131072-20261002,logs/diagnostics/address-ppo-131072-20261002/noise10-progress.json,112890,6af831c9540d54c92cc95f97e03146783687be5173bc6d213b2fbe25dbd1c6ad
diagnostics,logs/diagnostics/address-ppo-131072-20261002,logs/diagnostics/address-ppo-131072-20261002/noise10-timing.json,55545,d734ebe00d675438202ddf3baeef23d95b91f57cf0758ad4c6f900a99fd7bc6f
diagnostics,logs/diagnostics/address-ppo-131072-20261002,logs/diagnostics/address-ppo-131072-20261002/noise90-config.yaml,5366,211f92c0b9b8045f52da1abac5cd49a17edc5b0bca824d7dcf6bf4b58ede8484
diagnostics,logs/diagnostics/address-ppo-131072-20261002,logs/diagnostics/address-ppo-131072-20261002/noise90-identity.json,43881,299ef4ef09e5c968e7df64727134a35cfdafd4857a76de44c42cd82cce873f9f
diagnostics,logs/diagnostics/address-ppo-131072-20261002,logs/diagnostics/address-ppo-131072-20261002/noise90-progress.json,93268,cb327e995c35540e844501a118b4ab1e953e35b05eaee86fb11a79a5572cff5a
diagnostics,logs/diagnostics/address-ppo-131072-20261002,logs/diagnostics/address-ppo-131072-20261002/noise90-timing.json,58882,b7c06dee0ab45bc9a326440640628d3d84cb7cdf1c88acde538faf64b36242df
diagnostics,logs/diagnostics/address-ppo-131072-20261002,logs/diagnostics/address-ppo-131072-20261002/summary.json,16854,51d5703a4528f71bfc70c8355c64407ae923e32086c85df80d01eab428c55828
diagnostics,logs/diagnostics/address-ppo-131072-retention-20261002,logs/diagnostics/address-ppo-131072-retention-20261002/audit.json,11054,a958aeac1ab47b8c4920e5ac50da4e861153b29a6f0772244c8658096dbf845d
diagnostics,logs/diagnostics/address-ppo-131072-retention-20261002,logs/diagnostics/address-ppo-131072-retention-20261002/comparison.json,11209,da4d29eda6f0f30a7959a62c2514759b1345269d00417510ae3f82c3ff217b4d
diagnostics,logs/diagnostics/address-ppo-131072-retention-20261002,logs/diagnostics/address-ppo-131072-retention-20261002/config.yaml,841,df6edadd05b2bf3d7a72dfe9a1a5534096579877129da30b9ba53d5fb6f27dc3
diagnostics,logs/diagnostics/address-ppo-131072-retention-20261002,logs/diagnostics/address-ppo-131072-retention-20261002/identity.json,20396,9b37b7d25a9fc64ec4c48d5bd6fbcf6c1f3fc1ada7740b7ff0b1f159983ecbad
diagnostics,logs/diagnostics/address-ppo-131072-retention-20261002,logs/diagnostics/address-ppo-131072-retention-20261002/result.json,51180,faac742a0a2223553474153595cc2f6ba1a12e27c9993b753c0d53cca522f6c4
diagnostics,logs/diagnostics/address-ppo-65536-20261002,logs/diagnostics/address-ppo-65536-20261002/full_god_and_frozen_noise.json,49411,cdb318ed7862d4bd9ecd426499d1b3b0fea27130257b7a703ef18506b0382d58
diagnostics,logs/diagnostics/address-ppo-65536-20261002,logs/diagnostics/address-ppo-65536-20261002/noise10-config.yaml,5366,9c5197219838c73cb188ef6610ef45e0358dace7ceb23bb12e994bc424672b96
diagnostics,logs/diagnostics/address-ppo-65536-20261002,logs/diagnostics/address-ppo-65536-20261002/noise10-identity.json,43881,453bb4c40f57b7357cd55b7663ab3b082101786223f274e4009930b375038686
diagnostics,logs/diagnostics/address-ppo-65536-20261002,logs/diagnostics/address-ppo-65536-20261002/noise10-progress.json,61424,b9eef3fc66d430f748ecce2a3b771f9f4a262073ee0e5d2d70a36961682aa5a4
diagnostics,logs/diagnostics/address-ppo-65536-20261002,logs/diagnostics/address-ppo-65536-20261002/noise10-timing.json,33305,309cd1334c59e2b094bb91bfab5fea617a4df71e62b1a03e911866a7b1bae269
diagnostics,logs/diagnostics/address-ppo-65536-20261002,logs/diagnostics/address-ppo-65536-20261002/noise90-config.yaml,5366,211f92c0b9b8045f52da1abac5cd49a17edc5b0bca824d7dcf6bf4b58ede8484
diagnostics,logs/diagnostics/address-ppo-65536-20261002,logs/diagnostics/address-ppo-65536-20261002/noise90-identity.json,43881,299ef4ef09e5c968e7df64727134a35cfdafd4857a76de44c42cd82cce873f9f
diagnostics,logs/diagnostics/address-ppo-65536-20261002,logs/diagnostics/address-ppo-65536-20261002/noise90-progress.json,54579,4bc58ecc6d3d8b405d26addc76682d487dde0ce760f2dda4ea17ba911eca1e57
diagnostics,logs/diagnostics/address-ppo-65536-20261002,logs/diagnostics/address-ppo-65536-20261002/noise90-timing.json,35458,1a73571b4dcaa0702b53b4a5d99d526f0548b33bf8da2a68400469d19967faa4
diagnostics,logs/diagnostics/address-ppo-65536-20261002,logs/diagnostics/address-ppo-65536-20261002/summary.json,16242,fa69754e640a0deb799f63bc0ef86bda8cb8a08315bd304d74a88985b33bab86
diagnostics,logs/diagnostics/address-ppo-65536-actions-20261002,logs/diagnostics/address-ppo-65536-actions-20261002/initial/config.yaml,16627,d6b299dd8729960276810735d883aff6eee26c67c97a8ad9e6d6271b50a6983f
diagnostics,logs/diagnostics/address-ppo-65536-actions-20261002,logs/diagnostics/address-ppo-65536-actions-20261002/initial/result.json,57744,1505d760efaf2078f58b108cbf4311a8ae58f0c5c71500c39a0841bc143245a8
diagnostics,logs/diagnostics/address-ppo-65536-actions-20261002,logs/diagnostics/address-ppo-65536-actions-20261002/noise10_65k/config.yaml,13832,da793833c1fef1a1865890cdd0e90b44540eb4301f4531ab0222a38f3e21d363
diagnostics,logs/diagnostics/address-ppo-65536-actions-20261002,logs/diagnostics/address-ppo-65536-actions-20261002/noise10_65k/result.json,56526,c63082c2f0ec13919cae2b95eaed90608ca78a141a95f654a7309338d8e6494e
diagnostics,logs/diagnostics/address-ppo-65536-actions-20261002,logs/diagnostics/address-ppo-65536-actions-20261002/noise90_65k/config.yaml,13832,e26872a79bc78f752a13be272726704d0c0c5a9dd39029a1e1ee1cd5ced4787f
diagnostics,logs/diagnostics/address-ppo-65536-actions-20261002,logs/diagnostics/address-ppo-65536-actions-20261002/noise90_65k/result.json,53902,97c197225a5d5d6554bec195c00f969af6d7a52b43a0f431f275b0d57bced885
diagnostics,logs/diagnostics/address-ppo-65536-actions-20261002,logs/diagnostics/address-ppo-65536-actions-20261002/summary.json,309927,2695a0a349454c0badf095a8343f0d702306c110e347a8c237205a7bbde43030
diagnostics,logs/diagnostics/address-ppo-65536-retention-20261002,logs/diagnostics/address-ppo-65536-retention-20261002/audit.json,10964,a7867b3ca3818dc7f41e941d33ff2c38f9a835ae6276a74440b1b8e18965d2b1
diagnostics,logs/diagnostics/address-ppo-65536-retention-20261002,logs/diagnostics/address-ppo-65536-retention-20261002/comparison.json,7946,d4d94f41e71228b2f7a2c3aa9c23a8ed7d169e26801203ebcd6dfe99bd7e7b99
diagnostics,logs/diagnostics/address-ppo-65536-retention-20261002,logs/diagnostics/address-ppo-65536-retention-20261002/config.yaml,836,c84c0e463ffa58a26d07af9f095b4ac0f6a34f3740a7401defaa8187ec080d63
diagnostics,logs/diagnostics/address-ppo-65536-retention-20261002,logs/diagnostics/address-ppo-65536-retention-20261002/identity.json,20396,9b37b7d25a9fc64ec4c48d5bd6fbcf6c1f3fc1ada7740b7ff0b1f159983ecbad
diagnostics,logs/diagnostics/address-ppo-65536-retention-20261002,logs/diagnostics/address-ppo-65536-retention-20261002/result.json,51070,44c04681d0a2719d0bb1db3e7980d342583d7d1bddf2d99e01f08b2a92d0ac31
diagnostics,logs/diagnostics/address-ppo-early-curves-20261002,logs/diagnostics/address-ppo-early-curves-20261002/audit.json,2254,38a4f9f567b6ead1e091e7d8f2310862650fe671bfdb2bb085957700929709e6
diagnostics,logs/diagnostics/address-ppo-early-curves-20261002,logs/diagnostics/address-ppo-early-curves-20261002/combat_series.json,20137,97ac4282bd38574b20f8fd5b2bde417905d30357400b1b5ac6b9bf5b3604d184
diagnostics,logs/diagnostics/address-ppo-early-curves-20261002,logs/diagnostics/address-ppo-early-curves-20261002/curriculum_series.json,11134,98cd79f15927655b3f296df3139ee5a6fb86c89f632c8f9909f728df8a9cba33
diagnostics,logs/diagnostics/address-ppo-early-curves-20261002,logs/diagnostics/address-ppo-early-curves-20261002/noise10/config.yaml,5366,9c5197219838c73cb188ef6610ef45e0358dace7ceb23bb12e994bc424672b96
diagnostics,logs/diagnostics/address-ppo-early-curves-20261002,logs/diagnostics/address-ppo-early-curves-20261002/noise10/progress.csv,23473,22ab03d4acca5afebfd92e0dde3049d813ca42e341a168f38ee0acfcb8f1a76b
diagnostics,logs/diagnostics/address-ppo-early-curves-20261002,logs/diagnostics/address-ppo-early-curves-20261002/noise10/progress.json,57649,fc579a5c096248760400e4766ac70dafde2c46fd60bfc03eed2007a23f6f886d
diagnostics,logs/diagnostics/address-ppo-early-curves-20261002,logs/diagnostics/address-ppo-early-curves-20261002/noise10/timing.json,31176,aea504249a46f686bb6aa6ee27fc255798fe896017ff3ddba416292c1091ed4b
diagnostics,logs/diagnostics/address-ppo-early-curves-20261002,logs/diagnostics/address-ppo-early-curves-20261002/noise90/config.yaml,5366,211f92c0b9b8045f52da1abac5cd49a17edc5b0bca824d7dcf6bf4b58ede8484
diagnostics,logs/diagnostics/address-ppo-early-curves-20261002,logs/diagnostics/address-ppo-early-curves-20261002/noise90/progress.csv,23715,7870321bc94046c7c68f88d8cd7e20f98c5a2ad4fc10c01d52ee645a945a094c
diagnostics,logs/diagnostics/address-ppo-early-curves-20261002,logs/diagnostics/address-ppo-early-curves-20261002/noise90/progress.json,54579,873514312f318b0ee89ca2b19d1fce631f8e41fa25c2d0daa8aa5dca44051bd5
diagnostics,logs/diagnostics/address-ppo-early-curves-20261002,logs/diagnostics/address-ppo-early-curves-20261002/noise90/timing.json,32851,e2a47133ccec199d12b833484e0e86427c329d20277dd352aac1f5fedfd62c38
diagnostics,logs/diagnostics/address-ppo-early-curves-20261002,logs/diagnostics/address-ppo-early-curves-20261002/summary.json,16725,ccad8bda9773fc0e8e0711a52a29950fa09bdd7a94c71706ed6d17179213273c
diagnostics,logs/diagnostics/address-ppo-feedback-curves-20261002,logs/diagnostics/address-ppo-feedback-curves-20261002/audit.json,2215,402f451c6f73579d2da41d541d59a0f3e67ad21d0837d3421123365c00a4efcf
diagnostics,logs/diagnostics/address-ppo-feedback-curves-20261002,logs/diagnostics/address-ppo-feedback-curves-20261002/combat_series.json,44596,6087a5e8a02c85c01b528b6e961b208a5a0cf7aa0c96a3f87e2c5339ff9141d7
diagnostics,logs/diagnostics/address-ppo-feedback-curves-20261002,logs/diagnostics/address-ppo-feedback-curves-20261002/curriculum_series.json,23243,736115b80dac5401bb30cb807e4554d79fa1ee6027cbd18ad7f516f93536e190
diagnostics,logs/diagnostics/address-ppo-feedback-curves-20261002,logs/diagnostics/address-ppo-feedback-curves-20261002/noise10/config.yaml,5366,9c5197219838c73cb188ef6610ef45e0358dace7ceb23bb12e994bc424672b96
diagnostics,logs/diagnostics/address-ppo-feedback-curves-20261002,logs/diagnostics/address-ppo-feedback-curves-20261002/noise10/progress.csv,48851,f3fef5195422e718feb12b9a731d1712026b429f665b0f83df7e67ade34d3824
diagnostics,logs/diagnostics/address-ppo-feedback-curves-20261002,logs/diagnostics/address-ppo-feedback-curves-20261002/noise10/progress.json,123848,596fa4a3616743ff92d064fefda107a14583f3ca688da82e8332131295bc5667
diagnostics,logs/diagnostics/address-ppo-feedback-curves-20261002,logs/diagnostics/address-ppo-feedback-curves-20261002/noise10/timing.json,62334,09b10eaf2fb7bd1f7acea217a5b33087f72f9dbc9a60e407e083fd186c2105b9
diagnostics,logs/diagnostics/address-ppo-feedback-curves-20261002,logs/diagnostics/address-ppo-feedback-curves-20261002/noise90/config.yaml,5366,211f92c0b9b8045f52da1abac5cd49a17edc5b0bca824d7dcf6bf4b58ede8484
diagnostics,logs/diagnostics/address-ppo-feedback-curves-20261002,logs/diagnostics/address-ppo-feedback-curves-20261002/noise90/progress.csv,50114,3f0199bc59742051305bd94f7adcdb6a4a390269e66d56d796650845f94ecde8
diagnostics,logs/diagnostics/address-ppo-feedback-curves-20261002,logs/diagnostics/address-ppo-feedback-curves-20261002/noise90/progress.json,103789,648dd3a90d133afdce2b77b70f87080cde67e69a60a6ff101176b5d254115667
diagnostics,logs/diagnostics/address-ppo-feedback-curves-20261002,logs/diagnostics/address-ppo-feedback-curves-20261002/noise90/timing.json,65684,fb814d9008d6f666fe6593ff3f54bbbaaa85dd5f711dcace7c957c351be0aa46
diagnostics,logs/diagnostics/address-ppo-feedback-curves-20261002,logs/diagnostics/address-ppo-feedback-curves-20261002/summary.json,16970,b22f2159b04a0840a20b132165ef6ad604a522e9490b1b01215683c152f23378
diagnostics,logs/diagnostics/address-ppo-final-curves-20261002,logs/diagnostics/address-ppo-final-curves-20261002/audit.json,2313,6bb7132d54afe5ff4907bd7e0d10c9d9e3b125c7731090c92c74c74fd5b1988e
diagnostics,logs/diagnostics/address-ppo-final-curves-20261002,logs/diagnostics/address-ppo-final-curves-20261002/combat_series.json,80462,e2a207244af8e85727ea2ab8b5f66129f0b8ef6251fad8adc9345b132ff30ca8
diagnostics,logs/diagnostics/address-ppo-final-curves-20261002,logs/diagnostics/address-ppo-final-curves-20261002/curriculum_series.json,41135,3ea91d755628526385219a88fd821e36894af394ed82570e00ea4ed0115dd0ea
diagnostics,logs/diagnostics/address-ppo-final-curves-20261002,logs/diagnostics/address-ppo-final-curves-20261002/noise10/config.yaml,5366,9c5197219838c73cb188ef6610ef45e0358dace7ceb23bb12e994bc424672b96
diagnostics,logs/diagnostics/address-ppo-final-curves-20261002,logs/diagnostics/address-ppo-final-curves-20261002/noise10/progress.csv,86970,b223115eefee1f8293dc7e11b5c5420bdd5080723e342fc3b3958236655d3707
diagnostics,logs/diagnostics/address-ppo-final-curves-20261002,logs/diagnostics/address-ppo-final-curves-20261002/noise10/progress.json,210524,99967341ff294c96ffb747855e18c3e15523ff7c6938f2c2961abb43a4797fb4
diagnostics,logs/diagnostics/address-ppo-final-curves-20261002,logs/diagnostics/address-ppo-final-curves-20261002/noise10/timing.json,109515,5c74a2d10d0380f642f8e8683a2e0c9316248221b4a7bb566ce30af23433e850
diagnostics,logs/diagnostics/address-ppo-final-curves-20261002,logs/diagnostics/address-ppo-final-curves-20261002/noise90/config.yaml,5366,211f92c0b9b8045f52da1abac5cd49a17edc5b0bca824d7dcf6bf4b58ede8484
diagnostics,logs/diagnostics/address-ppo-final-curves-20261002,logs/diagnostics/address-ppo-final-curves-20261002/noise90/progress.csv,85581,2581b9c74cbc0beb71f2587413e60606814fca2885497da60fcb4bcebd2c5a8c
diagnostics,logs/diagnostics/address-ppo-final-curves-20261002,logs/diagnostics/address-ppo-final-curves-20261002/noise90/progress.json,180952,b9b0e80e0de4e998d3784d2599368c3670ac476faf90c66e53cbe438b3979df1
diagnostics,logs/diagnostics/address-ppo-final-curves-20261002,logs/diagnostics/address-ppo-final-curves-20261002/noise90/timing.json,109455,e3fb575586017c1fa9b28cf5e07a5345855c124df3a664938fc08c1d828168c1
diagnostics,logs/diagnostics/address-ppo-final-curves-20261002,logs/diagnostics/address-ppo-final-curves-20261002/summary.json,17117,bbf233f224e754a7ac17fa7869abb58822ba6e6529ea6377136651adf646ca6e
diagnostics,logs/diagnostics/address-ppo-final-retention-20261002,logs/diagnostics/address-ppo-final-retention-20261002/audit.json,11051,7dff97838a8e15c80465a671f5b7aa4b7638cad5a8df9d11c94854fa733d8352
diagnostics,logs/diagnostics/address-ppo-final-retention-20261002,logs/diagnostics/address-ppo-final-retention-20261002/comparison.json,349,ce8bf8d8e0cf55bbbd8743a156eadefcd771d5df7647787b5dc017c2147b2ada
diagnostics,logs/diagnostics/address-ppo-final-retention-20261002,logs/diagnostics/address-ppo-final-retention-20261002/config.yaml,788,785dd8852d1f9382b513c85fc613c6b6874cdcc5e60dbbdf36040b8dc96177fc
diagnostics,logs/diagnostics/address-ppo-final-retention-20261002,logs/diagnostics/address-ppo-final-retention-20261002/identity.json,20396,9b37b7d25a9fc64ec4c48d5bd6fbcf6c1f3fc1ada7740b7ff0b1f159983ecbad
diagnostics,logs/diagnostics/address-ppo-final-retention-20261002,logs/diagnostics/address-ppo-final-retention-20261002/result.json,51075,a41a4e0dd9b80bacc2fc7928398aa4300feab747bdd9b5990d812de6c430b8c2
diagnostics,logs/diagnostics/address-ppo-final-training-20261002,logs/diagnostics/address-ppo-final-training-20261002/full_god_evaluations.json,23102,b10f24a492fb0366f809831c7e2dc53c7056e456ed6c6ca3c84e8bbc27490898
diagnostics,logs/diagnostics/address-ppo-final-training-20261002,logs/diagnostics/address-ppo-final-training-20261002/summary.json,21717,edf8eb14f279ec1c71d06ef19997a80a3eda67773846e84165c3f52d4587e170
diagnostics,logs/diagnostics/address-ppo-first-retention-20261002,logs/diagnostics/address-ppo-first-retention-20261002/audit.json,10955,ab9c0444d6ab12e42e87d30d76d190f0b55ab1cace28b952b0e9b50f40677bd9
diagnostics,logs/diagnostics/address-ppo-first-retention-20261002,logs/diagnostics/address-ppo-first-retention-20261002/comparison.json,4763,ff960671ef3ff8eeb86f3717b6ed5a25b72d216015344bfb1b29422270c7911f
diagnostics,logs/diagnostics/address-ppo-first-retention-20261002,logs/diagnostics/address-ppo-first-retention-20261002/config.yaml,838,e9d0b9ab4948f3c641f160792d462f44ad14c24f76c54e89fb4ca49cac010cf8
diagnostics,logs/diagnostics/address-ppo-first-retention-20261002,logs/diagnostics/address-ppo-first-retention-20261002/identity.json,20396,d056ac7e55d4de0250b421093cd02c7ec9a3150191936441ebed33d2da8bf552
diagnostics,logs/diagnostics/address-ppo-first-retention-20261002,logs/diagnostics/address-ppo-first-retention-20261002/result.json,50945,ad4bdf9b9c37b027563e2aae560ede9eeeedb1724f69634b0b319d003b5190bb
diagnostics,logs/diagnostics/address-ppo-first-update-20261002,logs/diagnostics/address-ppo-first-update-20261002/summary.json,13037,936a46158976af8c200e5c19e923cb7b40614114404bb4dc82f07a9766089ee0
diagnostics,logs/diagnostics/address-ppo-preflight-20261002,logs/diagnostics/address-ppo-preflight-20261002/noise10.yaml,5617,693d0cc458ec77b531608b9eef218006ae32a29d537bffb46e155891c0f314b0
diagnostics,logs/diagnostics/address-ppo-preflight-20261002,logs/diagnostics/address-ppo-preflight-20261002/noise90.yaml,5617,a38541be23778faf8b602b72b7e5a8cefbf2f471b3df32fab3d5aece7480cbbf
diagnostics,logs/diagnostics/address-ppo-preflight-20261002,logs/diagnostics/address-ppo-preflight-20261002/summary.json,17498,1c5a447c5abb0599eff5af290de356d685981d7f87725d5da355ec3d5bd83423
diagnostics,logs/diagnostics/address-recovery-baseline-windows-20261002,logs/diagnostics/address-recovery-baseline-windows-20261002/config.yaml,459,4c37e719080b23b1ab5dffe93c2710cf7635b3ba638e0aecc1433ca6dbf2a82c
diagnostics,logs/diagnostics/address-recovery-baseline-windows-20261002,logs/diagnostics/address-recovery-baseline-windows-20261002/result.json,25582,78669be6f5b047445382df67ecd2942b42b3cc9b95afdd8e5146947b9a1b2896
diagnostics,logs/diagnostics/address-recovery-collection-audit-20261002,logs/diagnostics/address-recovery-collection-audit-20261002/summary.json,5001,b755faae9019638bcd0f7b9f832c100a1917642e7535d8f6e20b643a4167acee
diagnostics,logs/diagnostics/address-recovery-collection-preflight-20261002,logs/diagnostics/address-recovery-collection-preflight-20261002/actual-start.json,609,4ffb52174d65d056c4147c2ca0002d793cf8a0e279b58eda04c7ecbae0b4f455
diagnostics,logs/diagnostics/address-recovery-collection-preflight-20261002,logs/diagnostics/address-recovery-collection-preflight-20261002/first-shards.json,3652,269e7fc534ed0eb9d2f24902e32eb71cf5cb79a303584d6924b43eac7be127b5
diagnostics,logs/diagnostics/address-recovery-collection-preflight-20261002,logs/diagnostics/address-recovery-collection-preflight-20261002/summary.json,24959,d4c33ff658c5d7712109825f3763f6843d4c499a25f77a9a8c7b66af21f4c4a5
diagnostics,logs/diagnostics/address-recovery-fit-audit-20261002,logs/diagnostics/address-recovery-fit-audit-20261002/summary.json,15719,412ac218255d4fafe4fa0066510159417df50a27f671493e86e510b3ced67a3e
diagnostics,logs/diagnostics/address-recovery-fixed-fit-20261002,logs/diagnostics/address-recovery-fixed-fit-20261002/config.yaml,542,7466bccb7c5906f946114da217df0faae50098326f9f8ab6ca6b6666ddc2322d
diagnostics,logs/diagnostics/address-recovery-fixed-fit-20261002,logs/diagnostics/address-recovery-fixed-fit-20261002/identity.json,23746,ee2e7a9de5c5460d547735089e3196be4ca125a327b52948762f9d3b900ca456
diagnostics,logs/diagnostics/address-recovery-fixed-fit-20261002,logs/diagnostics/address-recovery-fixed-fit-20261002/result.json,25023,fef2bb399fcabd2e5ed08f9ea7c17a366dd1e0e831d505971c17e4dc877df48f
diagnostics,logs/diagnostics/address-recovery-pretraining-audit-20261002,logs/diagnostics/address-recovery-pretraining-audit-20261002/games.json,48965,141a37576b901886871435305883c196594b25332122741e75c45e8a7910a47d
diagnostics,logs/diagnostics/address-recovery-pretraining-audit-20261002,logs/diagnostics/address-recovery-pretraining-audit-20261002/summary.json,8175,a2d3bc48893416fa03577199a4364c01c55bc91f057157aaec552adfba495ea8
diagnostics,logs/diagnostics/address-recovery-pretraining-preflight-20261002,logs/diagnostics/address-recovery-pretraining-preflight-20261002/actual-start.json,3849,5c9901212214f49a5954a6b5fe7056adeab47ade5f01449f54aa63fdb4729c3b
diagnostics,logs/diagnostics/address-recovery-pretraining-preflight-20261002,logs/diagnostics/address-recovery-pretraining-preflight-20261002/early-progress.json,8704,99c47f1fc6da1daef48691c2a6aa8497083ac83d14a2ff4fec26ad1c9ce9c40c
diagnostics,logs/diagnostics/address-recovery-pretraining-preflight-20261002,logs/diagnostics/address-recovery-pretraining-preflight-20261002/summary.json,15777,b3a636432bcec409180d823d07776fd4b0cd8a7616d3831bd32945bc15731d67
diagnostics,logs/diagnostics/address-recovery-trained-windows-20261002,logs/diagnostics/address-recovery-trained-windows-20261002/config.yaml,451,46a59124c6d79776b7b9b62a7023fb91d1e7c7edfdf02bbe7762e77c87dbd375
diagnostics,logs/diagnostics/address-recovery-trained-windows-20261002,logs/diagnostics/address-recovery-trained-windows-20261002/result.json,25576,6292901b73687aad5477c822a58f79f877e9a1d66ba80634bfdd4caa8f70397c
diagnostics,logs/diagnostics/address-rule-reference-audit-20261002,logs/diagnostics/address-rule-reference-audit-20261002/summary.json,53597,a5ef623ce42dd1d6d7f689847e61f85565f6ecd5d0e095693dae019eef59ac48
diagnostics,logs/diagnostics/address-sensitivity-20261002,logs/diagnostics/address-sensitivity-20261002/summary.json,159302,0eea6d17bedf6053a26688ae0dc0ea60b7757de1cfa9f80f8b23527fc5ea0f0c
diagnostics,logs/diagnostics/address-slow-feedback-audit-20261003,logs/diagnostics/address-slow-feedback-audit-20261003/final-progress.json,208314,f4189da7f6744c3af0f371083694914297cb305bb18c22c3ee69290ea59a3344
diagnostics,logs/diagnostics/address-slow-feedback-audit-20261003,logs/diagnostics/address-slow-feedback-audit-20261003/final.json,3307,9a7dd86b1ed519b33caeb956c1f2daa59ff479a6e35083f7662cd1f27a635029
diagnostics,logs/diagnostics/address-slow-feedback-audit-20261003,logs/diagnostics/address-slow-feedback-audit-20261003/final_games.json,1667,e8ff0ba57c6015e1aac05996978d4ae5e2de746eef560a8a99e093f590b4f96e
diagnostics,logs/diagnostics/address-slow-feedback-audit-20261003,logs/diagnostics/address-slow-feedback-audit-20261003/first-feedback-progress.json,91958,7c2203ba5304b0b71b056eba0da3cd96e8576c4e3521a7fa580d085eb2d241cd
diagnostics,logs/diagnostics/address-slow-feedback-audit-20261003,logs/diagnostics/address-slow-feedback-audit-20261003/first-feedback.json,1247,123b7abff2660bae55a140fdbabb243f9acd803bf1a48a1c5e605cf69717ecdc
diagnostics,logs/diagnostics/address-slow-feedback-audit-20261003,logs/diagnostics/address-slow-feedback-audit-20261003/mid-progress.json,73110,a9c7c88d036078eec74af661a94c5e16650b3ca1d6731315e900311384749ef0
diagnostics,logs/diagnostics/address-slow-feedback-audit-20261003,logs/diagnostics/address-slow-feedback-audit-20261003/mid.json,2446,0e85955544c432214b3969cdcb5e8d0b6ce14787adab47de509b4d4366b5a88c
diagnostics,logs/diagnostics/address-slow-feedback-audit-20261003,logs/diagnostics/address-slow-feedback-audit-20261003/prefix-equivalence.json,603,0461bd95f59412f3a5734b34af8cbf409d15468af6d23da4f3fc0183024ee746
diagnostics,logs/diagnostics/address-slow-feedback-audit-20261003,logs/diagnostics/address-slow-feedback-audit-20261003/second-feedback-progress.json,122936,276699a955fbfecfa58d02b2ece34cfef8821440d55b2b236b3d6baf7661027f
diagnostics,logs/diagnostics/address-slow-feedback-audit-20261003,logs/diagnostics/address-slow-feedback-audit-20261003/second-feedback.json,5549,59a98b1e3f5af9e477e8c2eb470498979095379438619467a968db7398eca1bb
diagnostics,logs/diagnostics/address-slow-feedback-audit-20261003,logs/diagnostics/address-slow-feedback-audit-20261003/start-progress.json,1660,5dcfa3d361ef62f15950ef1637b45530e8e70e2d3d51ff5a95b08dc809a58938
diagnostics,logs/diagnostics/address-slow-feedback-audit-20261003,logs/diagnostics/address-slow-feedback-audit-20261003/start.json,1787,73fb9fda75047d6afa9fcb07a4c6703d0ac5d267e6eda4f054602cfac4f70cdd
diagnostics,logs/diagnostics/address-slow-feedback-preflight-20261003,logs/diagnostics/address-slow-feedback-preflight-20261003/summary.json,29007,bb5792b3a0b85e33100b098c0006ce512940ede25f7c8895fe45e1a39961134e
diagnostics,logs/diagnostics/address-small-step-audit-20261002,logs/diagnostics/address-small-step-audit-20261002/combined-validation.json,2975,e1d70fb558c48301e3f4106aed246340dd4e4aea247841be56701fa42949c306
diagnostics,logs/diagnostics/address-small-step-audit-20261002,logs/diagnostics/address-small-step-audit-20261002/expanded-god-evaluations.json,35670,388c956ac06f89b093a7e19fd855ac4566c4091a5cb464a80287746512c8841c
diagnostics,logs/diagnostics/address-small-step-audit-20261002,logs/diagnostics/address-small-step-audit-20261002/fixed-fit.json,1134,386816cb4d8522caaa962b866302df5bd29777119b4e66f92e99e9a3cb445fcf
diagnostics,logs/diagnostics/address-small-step-audit-20261002,logs/diagnostics/address-small-step-audit-20261002/full-god-evaluations.json,14073,fca581ea101e3e4e1a0618f216ed81bd12c5eb306e565ffa3e87663bdaaf313f
diagnostics,logs/diagnostics/address-small-step-audit-20261002,logs/diagnostics/address-small-step-audit-20261002/summary.json,2238,096a8b86589819f9c4614f32ad58ea857c5b74bdcec32840ab2d906e73acafe5
diagnostics,logs/diagnostics/address-small-step-curves-20261002,logs/diagnostics/address-small-step-curves-20261002/sources.json,1059,469afc2de1b07dc2228376131cfd05608f623d8b6f81fd8f7d04c00f94496079
diagnostics,logs/diagnostics/address-small-step-curves-20261002,logs/diagnostics/address-small-step-curves-20261002/update-metrics.csv,6028,90f76259dcedcdd5099def2ba4e312b8122e4652b8c71e9259c1598828761cd5
diagnostics,logs/diagnostics/address-small-step-fixed-fit-20261002,logs/diagnostics/address-small-step-fixed-fit-20261002/config.yaml,544,aace6c4527a344d43ba10854d945d44d0e84d4a80db3fea9e96ebb8a3fac54d8
diagnostics,logs/diagnostics/address-small-step-fixed-fit-20261002,logs/diagnostics/address-small-step-fixed-fit-20261002/identity.json,22300,624b47ec01c623991fce090a937c774701ed40f1e13e9f06ff28fa4c191b406d
diagnostics,logs/diagnostics/address-small-step-fixed-fit-20261002,logs/diagnostics/address-small-step-fixed-fit-20261002/result.json,23741,93c4decaf490c6de1c4514434b787e2030fa9c18a48e028efa1909ba089ee1d8
diagnostics,logs/diagnostics/address-small-step-preflight-20261002,logs/diagnostics/address-small-step-preflight-20261002/summary.json,8006,3cc489d667164fe2951d68805350fad6b0915444bf7c8981ac824d08e7233fbc
diagnostics,logs/diagnostics/address-split-calibrated-audit-20261002,logs/diagnostics/address-split-calibrated-audit-20261002/fixed-fit.json,1127,fe5717784a40627c244a7528cf1040780ba12ea6552e133f64ac71d0196ea2c0
diagnostics,logs/diagnostics/address-split-calibrated-audit-20261002,logs/diagnostics/address-split-calibrated-audit-20261002/full-god-evaluations.json,12727,1169bb83d53bc77190358d11488ace43a6d2411db2ae926f8622820bceec2a6a
diagnostics,logs/diagnostics/address-split-calibrated-audit-20261002,logs/diagnostics/address-split-calibrated-audit-20261002/summary.json,2242,9e0c8720cf28b333011690ceadd8713060c44a561f614bcf62ecb6310ecb3f66
diagnostics,logs/diagnostics/address-split-calibrated-fixed-fit-20261002,logs/diagnostics/address-split-calibrated-fixed-fit-20261002/config.yaml,568,a5b9f12da5b6b938573d1f38277aeef8d3e460f2f56e11ae3ad5ca60008514ae
diagnostics,logs/diagnostics/address-split-calibrated-fixed-fit-20261002,logs/diagnostics/address-split-calibrated-fixed-fit-20261002/identity.json,23059,1008f687521280e5144be82035e04699c4055df17eae26f313c7e81a29204eee
diagnostics,logs/diagnostics/address-split-calibrated-fixed-fit-20261002,logs/diagnostics/address-split-calibrated-fixed-fit-20261002/result.json,23707,8e3178936e481b6962fa09d19876e89cde747c844292c92459b4170c2f3f0a79
diagnostics,logs/diagnostics/address-split-calibrated-preflight-20261002,logs/diagnostics/address-split-calibrated-preflight-20261002/actor-adapter.json,4181,89d71dad8fe02787fc65a9c995f50e3b78ff5318f9463b7c8f183bf6c0c54d71
diagnostics,logs/diagnostics/address-split-calibrated-preflight-20261002,logs/diagnostics/address-split-calibrated-preflight-20261002/actual-start.json,1598,d20582e478940800d08d73e7bf04a660927d2dae989fab5efcfbacfd6e7d4cf3
diagnostics,logs/diagnostics/address-split-calibrated-preflight-20261002,logs/diagnostics/address-split-calibrated-preflight-20261002/conversion-audit.json,768,505b7ee85ee6209d214c53e5a02c7955cf0405eb960254e4e54db0969421d22f
diagnostics,logs/diagnostics/address-split-calibrated-preflight-20261002,logs/diagnostics/address-split-calibrated-preflight-20261002/summary.json,9978,a8581eda9bc4f56d82ed8016491b8c3e4a4056b2785acec88346699e9cb89c02
diagnostics,logs/diagnostics/address-teacher-control-audit-20261002,logs/diagnostics/address-teacher-control-audit-20261002/final-progress.json,37984,a397389a64ddc6d37456dbc7b02ba1f2261a4d7ce126cdfdfe490902e9239363
diagnostics,logs/diagnostics/address-teacher-control-audit-20261002,logs/diagnostics/address-teacher-control-audit-20261002/final.json,3291,903df634a13472df9dec73d6beefb6eabe5c5c3ef234c9553d76fd270951fa8e
diagnostics,logs/diagnostics/address-teacher-control-audit-20261002,logs/diagnostics/address-teacher-control-audit-20261002/games.json,1197,316682e0085005ac319485fb77d6e817b2659ce23418d80abbc5810312072dbd
diagnostics,logs/diagnostics/address-teacher-control-audit-20261002,logs/diagnostics/address-teacher-control-audit-20261002/start-progress.json,1660,d6d64790f9d1a46fe6e61db38886404491f61cbbe4bef94bfd0983e19ebb49e7
diagnostics,logs/diagnostics/address-teacher-control-audit-20261002,logs/diagnostics/address-teacher-control-audit-20261002/start.json,1580,b0d1f2f4749d205f3a90da5e1bc49c4900b3bcad1f1315622cd8859fc93cfddd
diagnostics,logs/diagnostics/address-teacher-expansion-complete-20261002,logs/diagnostics/address-teacher-expansion-complete-20261002/summary.json,5901,fc21b9c582bc404f4eefdf318cbbe5726a3747b9a1afb3f4c5ef8fa5dfc57cc8
diagnostics,logs/diagnostics/address-teacher-expansion-plan-20261002,logs/diagnostics/address-teacher-expansion-plan-20261002/config.yaml,9731,3fe40d9962f1eefb6972207e745408ebe355d39d12fcd2024031fa94089d481d
diagnostics,logs/diagnostics/address-teacher-expansion-plan-20261002,logs/diagnostics/address-teacher-expansion-plan-20261002/identity.json,45041,edeedb2f55daae5eff9f874dd7ca0b613f7a0819910bdcc6e8e872eac49b3ce6
diagnostics,logs/diagnostics/address-teacher-expansion-plan-20261002,logs/diagnostics/address-teacher-expansion-plan-20261002/plan.json,16321,4a696171d574ab8a9c240e60e1eb665d901c77b3beab70b17666765960060d07
diagnostics,logs/diagnostics/address-teacher-expansion-plan-20261002,logs/diagnostics/address-teacher-expansion-plan-20261002/summary.json,1053,e1cd7bd6aba2bee04544d182010cba8f1cf79f132781ca5d6be78df0e92562d4
diagnostics,logs/diagnostics/address-teacher-replay-audit-20261003,logs/diagnostics/address-teacher-replay-audit-20261003/final-progress.json,38177,04ab852119a38543c30cc584667c50df5def826aa070dcd5dfd34ead5d04129f
diagnostics,logs/diagnostics/address-teacher-replay-audit-20261003,logs/diagnostics/address-teacher-replay-audit-20261003/final.json,20159,dbe8b6f0cc5a7743a3a455686776e99cfcc65637322cb5819c51551b5898e9bd
diagnostics,logs/diagnostics/address-teacher-replay-audit-20261003,logs/diagnostics/address-teacher-replay-audit-20261003/games.json,1200,c45a7a8cf9b893d04ca553a1554188a5b5c9fb909a42c2a98e5b77c363f1a49a
diagnostics,logs/diagnostics/address-teacher-replay-audit-20261003,logs/diagnostics/address-teacher-replay-audit-20261003/start-progress.json,1660,19b5bfadd593e20472dc1c07e4bfaea5487b7d6456c70551a35545b94317d83a
diagnostics,logs/diagnostics/address-teacher-replay-audit-20261003,logs/diagnostics/address-teacher-replay-audit-20261003/start.json,17246,bb181d83b0ab699100a08bda8cb8105b01f0918880e2c1be0ef3fc71a21bc555
diagnostics,logs/diagnostics/address-teacher-replay-retention-20261003,logs/diagnostics/address-teacher-replay-retention-20261003/audit.json,5859,954a0850ec9715211c2dbf8272a84f478517bf6f7d8c2eb60b0e98b57e8aaec0
diagnostics,logs/diagnostics/address-teacher-replay-retention-20261003,logs/diagnostics/address-teacher-replay-retention-20261003/config.yaml,545,67f8cc02a8b380d5187eb32c7f4de6d9e3da638860d4e41fa6c41efb46a72402
diagnostics,logs/diagnostics/address-teacher-replay-retention-20261003,logs/diagnostics/address-teacher-replay-retention-20261003/identity.json,24061,a2354600739da15c21bc3f0aedf6ad993c1539db73cdbb3452242b47ae994526
diagnostics,logs/diagnostics/address-teacher-replay-retention-20261003,logs/diagnostics/address-teacher-replay-retention-20261003/partition-review.json,25553,fd676e26469d28f2000240f0160a22439b29ae0a15d1bb3b9614c3f42dd284d4
diagnostics,logs/diagnostics/address-teacher-replay-retention-20261003,logs/diagnostics/address-teacher-replay-retention-20261003/result.json,23763,b231f3c2e9f2f7a77a3b47831f586b15457688bf3a8bd7c5d490a974975a74b1
diagnostics,logs/diagnostics/address-teacher-retention-20261003,logs/diagnostics/address-teacher-retention-20261003/audit.json,15824,fcae19328621893d406446f6bd968c53a8aa0bfa9d57266094aef48676692b2c
diagnostics,logs/diagnostics/address-teacher-retention-20261003,logs/diagnostics/address-teacher-retention-20261003/config.yaml,904,1bb910b3343921be469b2acfedb364205e7b29a2043b962ca0f1672042f3cd14
diagnostics,logs/diagnostics/address-teacher-retention-20261003,logs/diagnostics/address-teacher-retention-20261003/identity.json,23953,48828d9ac899f940dfa27dc0b84f5405ce30162960548006dec74f01474d5301
diagnostics,logs/diagnostics/address-teacher-retention-20261003,logs/diagnostics/address-teacher-retention-20261003/partition-review.json,1095,533811751c02dc6cc9855926d0403fe8a819ebc2c714615068bd67305608b700
diagnostics,logs/diagnostics/address-teacher-retention-20261003,logs/diagnostics/address-teacher-retention-20261003/result.json,71178,6c6dd0718ae08fd09dc6b9a969db5263cf3b80d25f23f1204810d00431ba3b60
diagnostics,logs/diagnostics/address-teacher-strong-retention-20261003,logs/diagnostics/address-teacher-strong-retention-20261003/audit.json,5844,b310c409a5d1d63747b706db88eab13434b8658bdff2ba166f8c70249e6a45c5
diagnostics,logs/diagnostics/address-teacher-strong-retention-20261003,logs/diagnostics/address-teacher-strong-retention-20261003/config.yaml,560,22865f624456699a7e966111289fb1eebe0a6af45ff98c3f793068b616e9a256
diagnostics,logs/diagnostics/address-teacher-strong-retention-20261003,logs/diagnostics/address-teacher-strong-retention-20261003/identity.json,23953,48828d9ac899f940dfa27dc0b84f5405ce30162960548006dec74f01474d5301
diagnostics,logs/diagnostics/address-teacher-strong-retention-20261003,logs/diagnostics/address-teacher-strong-retention-20261003/partition-review.json,761,f528129d86196249662ba1cc9265da8180423d91e0ac8036425dac2fea292de4
diagnostics,logs/diagnostics/address-teacher-strong-retention-20261003,logs/diagnostics/address-teacher-strong-retention-20261003/result.json,23840,94c9276e64729f85c2eda3591138501a9cd6cc438c4804714a0323175f228478
diagnostics,logs/diagnostics/address-warmup-audit-20261002,logs/diagnostics/address-warmup-audit-20261002/full-god-evaluations.json,18725,544c14f0651451abf98493770d3c5167be4daf266946ec408dbe7f25280991a0
diagnostics,logs/diagnostics/address-warmup-audit-20261002,logs/diagnostics/address-warmup-audit-20261002/summary.json,4588,87a261a7a7a2010cac7cf4c9e5ed55c01d0472b987afde26f461073062dd8e25
diagnostics,logs/diagnostics/address-warmup-curves-20261002,logs/diagnostics/address-warmup-curves-20261002/audit.json,704,39ab5f2c9b148a93692576163eda64d3c3d7b3fd50c0aecffcb513063e1f905c
diagnostics,logs/diagnostics/address-warmup-curves-20261002,logs/diagnostics/address-warmup-curves-20261002/combat_series.json,30562,d37d212d618bff15ffb087802c5b14991b4d53f7296aee966086cd6b86f037cc
diagnostics,logs/diagnostics/address-warmup-curves-20261002,logs/diagnostics/address-warmup-curves-20261002/curriculum_series.json,16125,a7140cba59626421c3427631b90da794c4b20614228e5277d44fc87a853662ea
diagnostics,logs/diagnostics/address-warmup-curves-20261002,logs/diagnostics/address-warmup-curves-20261002/summary.json,16894,46821e3cc351b79d17c3afc31bcc5cf3fe8feb34f10c2b4bf50d69b4c444c0b9
diagnostics,logs/diagnostics/address-warmup-curves-20261002,logs/diagnostics/address-warmup-curves-20261002/training_updates.json,120079,2a76687ddcb446ddecf1051678f99d26b0c5421de0dadd47bc4b44034ce013e5
diagnostics,logs/diagnostics/address-warmup-curves-20261002,logs/diagnostics/address-warmup-curves-20261002/warmup20/config.yaml,5146,42d4b6be161a285fe396e9c3be6c088ee4c0f106c7156485c8d8aa5f355d782c
diagnostics,logs/diagnostics/address-warmup-curves-20261002,logs/diagnostics/address-warmup-curves-20261002/warmup20/progress.csv,29963,adea8ed5db2d7588628e181819ea9a319e3a088e5403815f3db5d5b5169b3b4c
diagnostics,logs/diagnostics/address-warmup-curves-20261002,logs/diagnostics/address-warmup-curves-20261002/warmup20/progress.json,83623,e9bd4faab219a96d19a8da5f2e885871606df633dca892686cfa142440e5bcac
diagnostics,logs/diagnostics/address-warmup-curves-20261002,logs/diagnostics/address-warmup-curves-20261002/warmup20/timing.json,24081,3015f35ed8a1b1fe43351d04fc2514cf69dceee803ec4d8af49270d55c65a591
diagnostics,logs/diagnostics/address-warmup-curves-20261002,logs/diagnostics/address-warmup-curves-20261002/warmup4/config.yaml,5143,3c8f884a81114955251c1dcda1b4d27885a890cb64d8892d29e6776d999043a9
diagnostics,logs/diagnostics/address-warmup-curves-20261002,logs/diagnostics/address-warmup-curves-20261002/warmup4/progress.csv,32706,c4c79f5986614af79b2a25c1721293b82e26f2e80da2ae3499947478ec38a9a4
diagnostics,logs/diagnostics/address-warmup-curves-20261002,logs/diagnostics/address-warmup-curves-20261002/warmup4/progress.json,64875,b7336960154b68ef0547177a27dd66dfc6edd84e6215e433289deb018600ee06
diagnostics,logs/diagnostics/address-warmup-curves-20261002,logs/diagnostics/address-warmup-curves-20261002/warmup4/timing.json,24073,aba0bcb2b50f95b54fab304faff81e29f6c4f11662d71583bbbb9a98e2be5234
diagnostics,logs/diagnostics/address-warmup-feedback-20261002,logs/diagnostics/address-warmup-feedback-20261002/control-progress.json,36054,fd465a6cb57bdadbc069bca82d02b5e2d62ad939e9ce3b58231bc6795a80bbeb
diagnostics,logs/diagnostics/address-warmup-feedback-20261002,logs/diagnostics/address-warmup-feedback-20261002/early-progress.json,33367,b53acfea47493fde6559a4931f412ec3f0b2367d69e5c08f0c351c114f054506
diagnostics,logs/diagnostics/address-warmup-feedback-20261002,logs/diagnostics/address-warmup-feedback-20261002/first-win-progress.json,48878,17516fd3eb50b11c789414e3c17795873e129116ef3e0ff1a221b51b4e25cf24
diagnostics,logs/diagnostics/address-warmup-feedback-20261002,logs/diagnostics/address-warmup-feedback-20261002/first-win.json,4074,0909a8aeb2317a408f0e00d054c61d93070f2222d1e1cc1f8bcc9d46f26ef012
diagnostics,logs/diagnostics/address-warmup-feedback-20261002,logs/diagnostics/address-warmup-feedback-20261002/summary.json,2574,55331caf4807585b7605ed292237aa143fefa5a07221e3b27e2e3b298146f848
diagnostics,logs/diagnostics/address-warmup-preflight-20261002,logs/diagnostics/address-warmup-preflight-20261002/actual-start.json,3055,3438339ef45fd486877ec56ef77db38af552b6e7692d90f9f85a9f99e2da4236
diagnostics,logs/diagnostics/address-warmup-preflight-20261002,logs/diagnostics/address-warmup-preflight-20261002/prefix-16384.json,837,c2d976c2773c69e5de7f151b1d9eb276899144def6a3698fc29d79ff1ce2b780
diagnostics,logs/diagnostics/address-warmup-preflight-20261002,logs/diagnostics/address-warmup-preflight-20261002/summary.json,31326,b2a8f1fb13f1b4aaf140910de9e4a013f256d6cd785d26cb4f7b696c39500cc9
diagnostics,logs/diagnostics/balanced-budget-audit-20261003,logs/diagnostics/balanced-budget-audit-20261003/final-progress.json,852022,702a1c1396ab0ac5cd5ea72d01a0adf4e587fa3e0039495f779be92bc26a30e0
diagnostics,logs/diagnostics/balanced-budget-audit-20261003,logs/diagnostics/balanced-budget-audit-20261003/final.json,47375,e7584047d8960ca887bda6af4e06ebcbd7cfe428248c38848516057ac7d10d3f
diagnostics,logs/diagnostics/balanced-budget-audit-20261003,logs/diagnostics/balanced-budget-audit-20261003/final_games.json,1197,22872bd01e2b14a92b68cf6584634d9179943af665fe6d9213a722c2c85943d6
diagnostics,logs/diagnostics/balanced-budget-audit-20261003,logs/diagnostics/balanced-budget-audit-20261003/half-progress.json,437604,6363ccb17bbf7f783df1dabff3a289c77834901d09b1ced81ecbfdc3f241bdd1
diagnostics,logs/diagnostics/balanced-budget-audit-20261003,logs/diagnostics/balanced-budget-audit-20261003/half.json,25697,8e91d27befd438d4466037fa6879af542499e2d023d992e779cad73cf4ea92d0
diagnostics,logs/diagnostics/balanced-budget-audit-20261003,logs/diagnostics/balanced-budget-audit-20261003/half_games.json,1204,7bf41dd1a80379f85f8826e816a80e6be383937fe8c8f652bc5f809e2da8ad6f
diagnostics,logs/diagnostics/balanced-budget-audit-20261003,logs/diagnostics/balanced-budget-audit-20261003/quarter-progress.json,204846,0c226481fd730fd6b008c9a6e588b1efc7c8e6f2857763ea5b9bd36393669eb2
diagnostics,logs/diagnostics/balanced-budget-audit-20261003,logs/diagnostics/balanced-budget-audit-20261003/quarter.json,12795,136835e427f83b8890949ccd7443e60875d0e09049a28f82bf75fe1d223573be
diagnostics,logs/diagnostics/balanced-budget-audit-20261003,logs/diagnostics/balanced-budget-audit-20261003/quarter_games.json,1200,a80f0fe9d48e32e21816d7dae9cb1f06672f67cb4ad93362f04fd7ec27379462
diagnostics,logs/diagnostics/balanced-budget-audit-20261003,logs/diagnostics/balanced-budget-audit-20261003/start-progress.json,1660,244c846a1682ba3c12c028f74f22ad0ddbbdabcf3c222fe471225eda7883a82d
diagnostics,logs/diagnostics/balanced-budget-audit-20261003,logs/diagnostics/balanced-budget-audit-20261003/start.json,1737,1c31bc3502b9aedd97c8117278c4f047cd0fd0fe540303b04e4f8ea281e11406
diagnostics,logs/diagnostics/balanced-budget-audit-20261003,logs/diagnostics/balanced-budget-audit-20261003/three_quarter-progress.json,646583,2d11cffe74dff88f599c3614301b1a6179cef5a2ccf0ee475aca53075901f488
diagnostics,logs/diagnostics/balanced-budget-audit-20261003,logs/diagnostics/balanced-budget-audit-20261003/three_quarter.json,36461,090fa36689c3b3974e0ed3de4debe155417b2cff38721472c2426775cb72fde2
diagnostics,logs/diagnostics/balanced-budget-audit-20261003,logs/diagnostics/balanced-budget-audit-20261003/three_quarter_games.json,1204,09c190ff07f3d6e995150e491c91cb1de2e0aee0aef93fb2a3a0f917b614f6dd
diagnostics,logs/diagnostics/balanced-budget-preflight-20261003,logs/diagnostics/balanced-budget-preflight-20261003/summary.json,9284,fb5c299afdde756d7645cf473b11cf6374ad65968d7363df94fd665bc213fbd7
diagnostics,logs/diagnostics/balanced-final-input-metrics-audit-20261003,logs/diagnostics/balanced-final-input-metrics-audit-20261003/summary.json,5375,bf903e54ee3a191bcd763291c137be97166e22e6fa1f9809d6fc207caa14b01d
diagnostics,logs/diagnostics/balanced-quarter-curves-20261003,logs/diagnostics/balanced-quarter-curves-20261003/audit.json,924,dc177645d453ed2fffed7826d09cf76648dbdabca28823f4825c5ab640c98a8d
diagnostics,logs/diagnostics/balanced-quarter-curves-20261003,logs/diagnostics/balanced-quarter-curves-20261003/balanced/config.yaml,5260,e4ab0ffe23df58a6633e51bfb805e931eefa735bd1147b51e9e39b78595ecdb6
diagnostics,logs/diagnostics/balanced-quarter-curves-20261003,logs/diagnostics/balanced-quarter-curves-20261003/balanced/episode-series.csv,3884,751f8b005a894ff58e46fdd55b9de1b3b0f2e9654aaeba8e12096a2bd949b60b
diagnostics,logs/diagnostics/balanced-quarter-curves-20261003,logs/diagnostics/balanced-quarter-curves-20261003/balanced/progress.csv,47948,8e4dfaab3d17ad701964d2b84b008af29991a28e7360644a89a1d5c46e586c7e
diagnostics,logs/diagnostics/balanced-quarter-curves-20261003,logs/diagnostics/balanced-quarter-curves-20261003/balanced/progress.json,204846,0c226481fd730fd6b008c9a6e588b1efc7c8e6f2857763ea5b9bd36393669eb2
diagnostics,logs/diagnostics/balanced-quarter-curves-20261003,logs/diagnostics/balanced-quarter-curves-20261003/balanced/timing.json,31528,bd7ea5492828521de2eda41057f805f5b9f93368745bab042ba02ef72ae1a94a
diagnostics,logs/diagnostics/balanced-quarter-curves-20261003,logs/diagnostics/balanced-quarter-curves-20261003/random/config.yaml,5206,6cfa59e375fe1f69349b7e8e2eff08a721c867d74a3fbb958c075db0bb783e64
diagnostics,logs/diagnostics/balanced-quarter-curves-20261003,logs/diagnostics/balanced-quarter-curves-20261003/random/episode-series.csv,4251,1a03c5a16c717c3e7ddd3d31b429c2a3ebf5d04b8c7ece6779ab73c5e9260c9c
diagnostics,logs/diagnostics/balanced-quarter-curves-20261003,logs/diagnostics/balanced-quarter-curves-20261003/random/progress.csv,35229,4bc430faf444e2ea65d72b20a88195ee2d1180024d4c2faed338afb9d605b25a
diagnostics,logs/diagnostics/balanced-quarter-curves-20261003,logs/diagnostics/balanced-quarter-curves-20261003/random/progress.json,208314,f4189da7f6744c3af0f371083694914297cb305bb18c22c3ee69290ea59a3344
diagnostics,logs/diagnostics/balanced-quarter-curves-20261003,logs/diagnostics/balanced-quarter-curves-20261003/random/timing.json,24249,07463dd23b9dfb8ab96bc7bc8e73ac8f867ceacfadb41cf8375facadcdc249f4
diagnostics,logs/diagnostics/balanced-quarter-curves-20261003,logs/diagnostics/balanced-quarter-curves-20261003/series.json,209107,6cdd79f04ee06d370123748af81e2d711c715138af372d95f255c5e563bbb7d6
diagnostics,logs/diagnostics/balanced-quarter-curves-20261003,logs/diagnostics/balanced-quarter-curves-20261003/summary.json,2154,f330f7c9c0e6ce3fe78928c84d89bde511cfdb0b777c38074d4721b4168a2cae
diagnostics,logs/diagnostics/bc-block-noise-audit-20261003,logs/diagnostics/bc-block-noise-audit-20261003/games.json,13288,7b2fc0dcffead7158e91494f2e7f1260fd5326b4751238609c34b69a6a4667ba
diagnostics,logs/diagnostics/bc-block-noise-input-audit-20261003,logs/diagnostics/bc-block-noise-input-audit-20261003/summary.json,5169,ab9d5a73d899954535b583a757d269d26ed1eba6230e6a6aa10f5efb6eb0ba7d
diagnostics,logs/diagnostics/bc-block-noise-input-audit-20261003-hydra,logs/diagnostics/bc-block-noise-input-audit-20261003-hydra/.hydra/config.yaml,195,93588461bc9212c4252f0ec9b0f33f060970278442237bf285183ecd260c130d
diagnostics,logs/diagnostics/bc-block-noise-input-audit-20261003-hydra,logs/diagnostics/bc-block-noise-input-audit-20261003-hydra/.hydra/hydra.yaml,3777,070c633a1645767010db8a157f5d9af1221e6a936805b526b1883ab1dd830eab
diagnostics,logs/diagnostics/bc-block-noise-input-audit-20261003-hydra,logs/diagnostics/bc-block-noise-input-audit-20261003-hydra/.hydra/overrides.yaml,188,7d042fe31f3df0bb53e8a09061977ae581427aeceb15bd4d33eb4e6c9292867c
diagnostics,logs/diagnostics/bc-block-noise-preflight-20261003,logs/diagnostics/bc-block-noise-preflight-20261003/summary.json,28087,13bfb340f84d6bd404a3b857f3e04aa83f90b3e834a3586a3e9e14da917a1f1c
diagnostics,logs/diagnostics/bc-block16-noise500-20261003,logs/diagnostics/bc-block16-noise500-20261003/config.yaml,15152,952abc6058e6a1c3a8e9015d8a1f329c61d38b76195adebb0ec7153172a62a27
diagnostics,logs/diagnostics/bc-block16-noise500-20261003,logs/diagnostics/bc-block16-noise500-20261003/controller_calls.json,2464,430909c30a491a549712344add03dbf531609b87abac2f6059256b42ca9baca4
diagnostics,logs/diagnostics/bc-block16-noise500-20261003,logs/diagnostics/bc-block16-noise500-20261003/plan.json,12796,481d2532c6ad548ea0ffad9538d68e3992c5de68d7564738ce8ab3a5ea9869bf
diagnostics,logs/diagnostics/bc-block16-noise500-20261003,logs/diagnostics/bc-block16-noise500-20261003/progress.json,591892,97a620abfb78eae7f20cdc336e2ef81c9518eea7d07d5937beeeb235bf179de4
diagnostics,logs/diagnostics/bc-block16-noise500-20261003,logs/diagnostics/bc-block16-noise500-20261003/replays/95e52af6d16c46c9b84025baf2aefe59/episode-00000001-slot-7.json,200,354d726c36c43b48288ccb6147ae41fd8e4efcbf5cae165c3a2d2453273b11b9
diagnostics,logs/diagnostics/bc-block16-noise500-20261003,logs/diagnostics/bc-block16-noise500-20261003/replays/95e52af6d16c46c9b84025baf2aefe59/episode-00000002-slot-5.json,200,2ba443f368526480c325a20c846378dec4cec5b691a2dfcf0daa55bbc1012387
diagnostics,logs/diagnostics/bc-block16-noise500-20261003,logs/diagnostics/bc-block16-noise500-20261003/replays/95e52af6d16c46c9b84025baf2aefe59/episode-00000003-slot-6.json,200,06ec3f89119fb55616fbe198d82f069e3cefae11f952b6694e2df51c1fc6b314
diagnostics,logs/diagnostics/bc-block16-noise500-20261003,logs/diagnostics/bc-block16-noise500-20261003/replays/95e52af6d16c46c9b84025baf2aefe59/episode-00000004-slot-4.json,200,2200cb7841bead887b46fe6db05a00c5129b5946d93e63b4fe8d4151c06484da
diagnostics,logs/diagnostics/bc-block16-noise500-20261003,logs/diagnostics/bc-block16-noise500-20261003/replays/95e52af6d16c46c9b84025baf2aefe59/episode-00000005-slot-2.json,199,996f9fa4e90511e35f16b205b672be5ff13ac2759d4a0162375d36ca6e116942
diagnostics,logs/diagnostics/bc-block16-noise500-20261003,logs/diagnostics/bc-block16-noise500-20261003/replays/95e52af6d16c46c9b84025baf2aefe59/episode-00000006-slot-1.json,199,ed2a84a68c768aee6de37f28141eb905c5e68c178264253c5cf10d72bee46719
diagnostics,logs/diagnostics/bc-block16-noise500-20261003,logs/diagnostics/bc-block16-noise500-20261003/replays/95e52af6d16c46c9b84025baf2aefe59/episode-00000007-slot-0.json,199,e19874f4fbb5833b7ea3e024aad4fad5ddc51fdf27de34b10aec368fc679da6c
diagnostics,logs/diagnostics/bc-block16-noise500-20261003,logs/diagnostics/bc-block16-noise500-20261003/replays/95e52af6d16c46c9b84025baf2aefe59/episode-00000008-slot-3.json,204,c84c0c2db8c680ce40899b681fb550336606c31e69ebdf77f644437c7ab4a7e7
diagnostics,logs/diagnostics/bc-block16-noise500-20261003,logs/diagnostics/bc-block16-noise500-20261003/replays/95e52af6d16c46c9b84025baf2aefe59/episode-00000009-slot-5.json,200,e58d41970f745871fb510a409f726ed8e85f4eb0d43f60f1bc68a77ccd6bb561
diagnostics,logs/diagnostics/bc-block16-noise500-20261003,logs/diagnostics/bc-block16-noise500-20261003/replays/95e52af6d16c46c9b84025baf2aefe59/episode-00000010-slot-6.json,200,885a28316e902bdb4ccf116970b678742b9c55681b087790cbcca9e7769f8c01
diagnostics,logs/diagnostics/bc-block16-noise500-20261003,logs/diagnostics/bc-block16-noise500-20261003/replays/95e52af6d16c46c9b84025baf2aefe59/episode-00000011-slot-0.json,199,0742791f1514b72a7e30528fd4a878a2d1ada7ccf3cc8a6e11909950ab29acc6
diagnostics,logs/diagnostics/bc-block16-noise500-20261003,logs/diagnostics/bc-block16-noise500-20261003/replays/95e52af6d16c46c9b84025baf2aefe59/episode-00000012-slot-2.json,199,d81d2131e356339ae2d21d13bc2c8a24c6898429ce139b4a3a85f464d5f8e4cd
diagnostics,logs/diagnostics/bc-block16-noise500-20261003,logs/diagnostics/bc-block16-noise500-20261003/replays/95e52af6d16c46c9b84025baf2aefe59/episode-00000013-slot-4.json,200,8af50d2f9b5fe0ec246c6b1dd879534191f2cd13049f44c36d754bc4b164af22
diagnostics,logs/diagnostics/bc-block16-noise500-20261003,logs/diagnostics/bc-block16-noise500-20261003/replays/95e52af6d16c46c9b84025baf2aefe59/episode-00000014-slot-3.json,200,c6158f1544838a81180910e1352ae429196160a2b4a18636f5f44a3b13255868
diagnostics,logs/diagnostics/bc-block16-noise500-20261003,logs/diagnostics/bc-block16-noise500-20261003/replays/95e52af6d16c46c9b84025baf2aefe59/episode-00000015-slot-1.json,203,1eed262b5e7fb2a8651b0b82e97ae606fac998112d1f41c3f2d50dc007507edc
diagnostics,logs/diagnostics/bc-block16-noise500-20261003,logs/diagnostics/bc-block16-noise500-20261003/replays/95e52af6d16c46c9b84025baf2aefe59/episode-00000016-slot-7.json,204,0acca43aba00fcec007c477293862009c3fe752a19b3ad63bf7c51552a9ced7d
diagnostics,logs/diagnostics/bc-block16-noise500-20261003,logs/diagnostics/bc-block16-noise500-20261003/result.json,676708,eaa67e36bb92ed3d5aab65d8bbb3aa4189a858a580255ba57799cd22340b6e38
diagnostics,logs/diagnostics/block-feedback-audit-20261003,logs/diagnostics/block-feedback-audit-20261003/final-progress.json,3447227,41d33cd63860a26ae31b7a0ef6275ca7e51e845b9201f4ebe924207fcfe8447f
diagnostics,logs/diagnostics/block-feedback-audit-20261003,logs/diagnostics/block-feedback-audit-20261003/final.json,43493,3996667c401a6faab24e271aa7598f01b57ebe7c1c32d171c2136124d3ce59bd
diagnostics,logs/diagnostics/block-feedback-audit-20261003,logs/diagnostics/block-feedback-audit-20261003/final_games.json,1312,fd9b9bcbc06f5f1929e4303678d113b116494ad8da50449e84d1ab77976b04df
diagnostics,logs/diagnostics/block-feedback-audit-20261003,logs/diagnostics/block-feedback-audit-20261003/half-progress.json,1728329,02d86abbc33ff9a4f9212b77a2b63967af0e22ee8a1e90498aa348356b6d8085
diagnostics,logs/diagnostics/block-feedback-audit-20261003,logs/diagnostics/block-feedback-audit-20261003/half.json,22919,f603a4cbb6e61032a04460ab344f0fd2009772ba339155ed41a16e9175223530
diagnostics,logs/diagnostics/block-feedback-audit-20261003,logs/diagnostics/block-feedback-audit-20261003/half_games.json,1280,7777bea778aef205d93ab5b92e7d5bc25e9df24eb3fef0205cf7fb1e16876a3b
diagnostics,logs/diagnostics/block-feedback-audit-20261003,logs/diagnostics/block-feedback-audit-20261003/quarter-progress.json,883191,533c786709a76fe064ad7f1774837a15db8eb9905b2caab64ef3f6eee72bee29
diagnostics,logs/diagnostics/block-feedback-audit-20261003,logs/diagnostics/block-feedback-audit-20261003/quarter.json,13008,59494e6026e4aa0c5c0aae7dcb998f01290ee4d951d2e56b99f04eb99cd3161d
diagnostics,logs/diagnostics/block-feedback-audit-20261003,logs/diagnostics/block-feedback-audit-20261003/quarter_games.json,1276,953276f31f53ca718832f6fdc771dd009db53301dc058ec7076b6b1484db203d
diagnostics,logs/diagnostics/block-feedback-audit-20261003,logs/diagnostics/block-feedback-audit-20261003/start-progress.json,1928,7971b2dc18bf756349cdbcaed99b61f380af4ac5fc816e7d99a2299aa4ce035f
diagnostics,logs/diagnostics/block-feedback-audit-20261003,logs/diagnostics/block-feedback-audit-20261003/start.json,1715,f744e9ae0d0d4bc206d1c1bc0c4de236b4d754f5201135bcd82919a024d77a59
diagnostics,logs/diagnostics/block-feedback-audit-20261003,logs/diagnostics/block-feedback-audit-20261003/three_quarter-progress.json,2604935,b61451745e183ff669cdc2d1d1d0dc873ec08f7401e9a97f159c9e4180ebf4cb
diagnostics,logs/diagnostics/block-feedback-audit-20261003,logs/diagnostics/block-feedback-audit-20261003/three_quarter.json,33179,e959f2c29de1e2774901ddae5e74d45d5dc5a04b9316dd2408ec7e8ca4f80bc4
diagnostics,logs/diagnostics/block-feedback-audit-20261003,logs/diagnostics/block-feedback-audit-20261003/three_quarter_games.json,1286,57ec8986b17385fe0967bfe34c1e4d7dffed68cf901bb95a4401146809239947
diagnostics,logs/diagnostics/block-feedback-complete-curves-20261003,logs/diagnostics/block-feedback-complete-curves-20261003/audit.json,533,1b02c7eb37fbf45b351ff0f6635889e807e8d4c89172bba6256132f7c136a99a
diagnostics,logs/diagnostics/block-feedback-complete-curves-20261003,logs/diagnostics/block-feedback-complete-curves-20261003/evaluations.csv,410,2f35cc292be31fbaff460443c0d8a83c09339191eb7216e3eed0b4153b22a566
diagnostics,logs/diagnostics/block-feedback-complete-curves-20261003,logs/diagnostics/block-feedback-complete-curves-20261003/events.csv,14133,72497bbf50ccf5185a3e1e15ccf1680eaeb2900be5807253a6173846d8059fa2
diagnostics,logs/diagnostics/block-feedback-complete-curves-20261003,logs/diagnostics/block-feedback-complete-curves-20261003/summary.json,4176,6e7c11d8ab53b8a75581618817aaac64d483046defadaa29f39bccfdcecea5c5
diagnostics,logs/diagnostics/block-feedback-complete-curves-20261003-v2,logs/diagnostics/block-feedback-complete-curves-20261003-v2/audit.json,533,5d73dbeb1206dcf46bdd5c380a8e670a2f288ff6266c3ec8c9c6405bd0489077
diagnostics,logs/diagnostics/block-feedback-complete-curves-20261003-v2,logs/diagnostics/block-feedback-complete-curves-20261003-v2/evaluations.csv,410,2f35cc292be31fbaff460443c0d8a83c09339191eb7216e3eed0b4153b22a566
diagnostics,logs/diagnostics/block-feedback-complete-curves-20261003-v2,logs/diagnostics/block-feedback-complete-curves-20261003-v2/events.csv,14133,72497bbf50ccf5185a3e1e15ccf1680eaeb2900be5807253a6173846d8059fa2
diagnostics,logs/diagnostics/block-feedback-complete-curves-20261003-v2,logs/diagnostics/block-feedback-complete-curves-20261003-v2/summary.json,4176,3f50ba2ef70298c9d65eba6418a759e2ddefc40093dd3289cfa1d783887c8a76
diagnostics,logs/diagnostics/block-feedback-complete-curves-20261003-v2,logs/diagnostics/block-feedback-complete-curves-20261003-v2/visual-qa.json,798,e23453af113f9248735ff13b19662389249e2c3d8027807730117517eb91c820
diagnostics,logs/diagnostics/block-feedback-final-input-metrics-audit-20261003,logs/diagnostics/block-feedback-final-input-metrics-audit-20261003/summary.json,5357,ebc1d7a7716bace4cb7c25483a630f3b69ea304c2b8119fb99ffbf341bcfd9cc
diagnostics,logs/diagnostics/block-feedback-final-input-metrics-audit-20261003-hydra,logs/diagnostics/block-feedback-final-input-metrics-audit-20261003-hydra/.hydra/config.yaml,225,0396ea39ab7da90a9ba2b63e26bd62fa6503befed23e16959480169c91f13ca0
diagnostics,logs/diagnostics/block-feedback-final-input-metrics-audit-20261003-hydra,logs/diagnostics/block-feedback-final-input-metrics-audit-20261003-hydra/.hydra/hydra.yaml,3851,0abb502ea6f586f551a6e51ad528ed6666d8237e193358603274304c5f4d3eda
diagnostics,logs/diagnostics/block-feedback-final-input-metrics-audit-20261003-hydra,logs/diagnostics/block-feedback-final-input-metrics-audit-20261003-hydra/.hydra/overrides.yaml,218,d789bd2b1e37bda407538f874d5ee8e0569d0e375f1092518202bfe44370c9c5
diagnostics,logs/diagnostics/block-feedback-half-input-metrics-audit-20261003,logs/diagnostics/block-feedback-half-input-metrics-audit-20261003/summary.json,5342,ac8d86b57b59678ee080199a7d7b63e2920617aa03b74588e56a40e71894b874
diagnostics,logs/diagnostics/block-feedback-half-input-metrics-audit-20261003-hydra,logs/diagnostics/block-feedback-half-input-metrics-audit-20261003-hydra/.hydra/config.yaml,222,e29b3bec3e257d9df92f462fb9260a5ed1a14e57963843d7af4accdf69b227ac
diagnostics,logs/diagnostics/block-feedback-half-input-metrics-audit-20261003-hydra,logs/diagnostics/block-feedback-half-input-metrics-audit-20261003-hydra/.hydra/hydra.yaml,3844,4e5bf62a20c2cd3ad5739b3f7dac8d172979171dc0ad68155527f98a312e8db6
diagnostics,logs/diagnostics/block-feedback-half-input-metrics-audit-20261003-hydra,logs/diagnostics/block-feedback-half-input-metrics-audit-20261003-hydra/.hydra/overrides.yaml,215,13b24bb3d0973448749c13fb4975680fe8c8d4d56c3ee2ba08585a81ce36dfcf
diagnostics,logs/diagnostics/block-feedback-preflight-20261003,logs/diagnostics/block-feedback-preflight-20261003/summary.json,9323,337b155976e46e4779372ae738b4cd53469f6b32f4f7792a7ab26cac95d74e7a
diagnostics,logs/diagnostics/block-feedback-quarter-input-metrics-audit-20261003,logs/diagnostics/block-feedback-quarter-input-metrics-audit-20261003/summary.json,5400,a3dc89eb07ebc51e8d0ba90d74beba695e6696d6ecafce13d7373c367e23856f
diagnostics,logs/diagnostics/block-feedback-quarter-input-metrics-audit-20261003-hydra,logs/diagnostics/block-feedback-quarter-input-metrics-audit-20261003-hydra/.hydra/config.yaml,231,27b02d61896a0c76930acf096fea515348cae3b9e099e6944a4460c0d9d99d3d
diagnostics,logs/diagnostics/block-feedback-quarter-input-metrics-audit-20261003-hydra,logs/diagnostics/block-feedback-quarter-input-metrics-audit-20261003-hydra/.hydra/hydra.yaml,3865,5e236dd2d0e7f0cbb0d42caec70f5d05c5f5113f7eeb0b2305bf7f690c742272
diagnostics,logs/diagnostics/block-feedback-quarter-input-metrics-audit-20261003-hydra,logs/diagnostics/block-feedback-quarter-input-metrics-audit-20261003-hydra/.hydra/overrides.yaml,224,458397a61b7aa903915e56e5787b95fe8f8dd96d96878526b742f9ec0164e7fd
diagnostics,logs/diagnostics/block-feedback-three_quarter-input-metrics-audit-20261003,logs/diagnostics/block-feedback-three_quarter-input-metrics-audit-20261003/summary.json,5514,d702f85228d7ecee5c008d8feb998a5e27d60de398dffb14d6064377bdd0ab44
diagnostics,logs/diagnostics/block-feedback-three_quarter-input-metrics-audit-20261003-hydra,logs/diagnostics/block-feedback-three_quarter-input-metrics-audit-20261003-hydra/.hydra/config.yaml,249,e64aa1bade53899475772119f50e8cc467ba3e4d5e1e8da90430ef7d333ef9ca
diagnostics,logs/diagnostics/block-feedback-three_quarter-input-metrics-audit-20261003-hydra,logs/diagnostics/block-feedback-three_quarter-input-metrics-audit-20261003-hydra/.hydra/hydra.yaml,3907,cc255c4909595743674df021938434f69001fe59027091282e8452dac94964d4
diagnostics,logs/diagnostics/block-feedback-three_quarter-input-metrics-audit-20261003-hydra,logs/diagnostics/block-feedback-three_quarter-input-metrics-audit-20261003-hydra/.hydra/overrides.yaml,242,0c156982220a8638979f41b488ddde43b3d798c8eba614e51eea575b21206526
diagnostics,logs/diagnostics/block-final-block16-noise250-20261003,logs/diagnostics/block-final-block16-noise250-20261003/config.yaml,12178,3049be74e5bf7c4979c504786f2de54378ab6a5ff159825c7c49c2ef75b4862b
diagnostics,logs/diagnostics/block-final-block16-noise250-20261003,logs/diagnostics/block-final-block16-noise250-20261003/controller_calls.json,2480,13a34e3b9b9b4706a8e6b110ba5811bd6117d99aa0ec9dbcf840f3cb8962876f
diagnostics,logs/diagnostics/block-final-block16-noise250-20261003,logs/diagnostics/block-final-block16-noise250-20261003/plan.json,12796,e675951841aa613959c6bcfd5917bb990f92ae72e7493a69c123f5e959bc2213
diagnostics,logs/diagnostics/block-final-block16-noise250-20261003,logs/diagnostics/block-final-block16-noise250-20261003/progress.json,532207,dcc6227b8a595a8b5694fb60efaea881abee1a34d944f9cc3ebb6b7a91b013e0
diagnostics,logs/diagnostics/block-final-block16-noise250-20261003,logs/diagnostics/block-final-block16-noise250-20261003/replays/f93ad6fb320b40c384dab8e6475754e5/episode-00000001-slot-1.json,199,9e181768d66cc1018af5e01f1cf1a5a4244191a217739930d2a55550b19a33ad
diagnostics,logs/diagnostics/block-final-block16-noise250-20261003,logs/diagnostics/block-final-block16-noise250-20261003/replays/f93ad6fb320b40c384dab8e6475754e5/episode-00000002-slot-0.json,199,1d551ca54693664af6b47f5180cc057d9a30e4ad3a770896131398843d324462
