kind,run,path,bytes,sha256
training,logs/training/br-address-slow-feedback-budget-20261003,logs/training/br-address-slow-feedback-budget-20261003/replays/55266d1b1eea40078b7c86d43f4e6aa5/episode-00000007-slot-6.json,194,a78351f07841790b1edd94065d873ed99863a5750857ce26bb7d832979a6290a
training,logs/training/br-address-slow-feedback-budget-20261003,logs/training/br-address-slow-feedback-budget-20261003/replays/55266d1b1eea40078b7c86d43f4e6aa5/episode-00000008-slot-5.json,194,11cc50b00d961ddcb299268501c35694ed9161e57ff5a4cc7675506a19e78c7b
training,logs/training/br-address-slow-feedback-budget-20261003,logs/training/br-address-slow-feedback-budget-20261003/replays/55266d1b1eea40078b7c86d43f4e6aa5/episode-00000009-slot-4.json,200,d33f969856457550c739e161f8e9a6a940a3aec3ab1d27b7302eededd5597755
training,logs/training/br-address-slow-feedback-budget-20261003,logs/training/br-address-slow-feedback-budget-20261003/replays/55266d1b1eea40078b7c86d43f4e6aa5/episode-00000010-slot-3.json,200,ef6538f262a1bc3922552d1f6479f271dab93a319e99ac350b70d06acb004596
training,logs/training/br-address-slow-feedback-budget-20261003,logs/training/br-address-slow-feedback-budget-20261003/replays/55266d1b1eea40078b7c86d43f4e6aa5/episode-00000011-slot-6.json,200,2d731f7fe1cb5d185f79381e5367a57071e89e0ac3f2a3112870fa7309298ced
training,logs/training/br-address-slow-feedback-budget-20261003,logs/training/br-address-slow-feedback-budget-20261003/replays/55266d1b1eea40078b7c86d43f4e6aa5/episode-00000012-slot-5.json,200,3747cdefd83fe11110261c11f8625fddcd2f9e74ae8c768f7ce7b50481b3f542
training,logs/training/br-address-slow-feedback-budget-20261003,logs/training/br-address-slow-feedback-budget-20261003/replays/55266d1b1eea40078b7c86d43f4e6aa5/episode-00000013-slot-1.json,199,8004ed4cdabc4c3b8182ee587215328da5f5ff782d4de28966d75e706f97f6b6
training,logs/training/br-address-slow-feedback-budget-20261003,logs/training/br-address-slow-feedback-budget-20261003/replays/55266d1b1eea40078b7c86d43f4e6aa5/episode-00000014-slot-2.json,200,489feb115ff156932860f182170066d4873efb77ba7cfb5c308c70b8ffbb5863
training,logs/training/br-address-slow-feedback-budget-20261003,logs/training/br-address-slow-feedback-budget-20261003/replays/55266d1b1eea40078b7c86d43f4e6aa5/episode-00000015-slot-4.json,199,c02249cbb0c69fb6318e344170ba0fdac045141adefebe1e923a09d40d94a01d
training,logs/training/br-address-slow-feedback-budget-20261003,logs/training/br-address-slow-feedback-budget-20261003/replays/55266d1b1eea40078b7c86d43f4e6aa5/episode-00000016-slot-0.json,200,5e9a63637dce5cf6954fff627a4ed3fcfce1a0cc2fa885c516b4f6e8762e8ae9
training,logs/training/br-address-slow-feedback-budget-20261003,logs/training/br-address-slow-feedback-budget-20261003/replays/55266d1b1eea40078b7c86d43f4e6aa5/episode-00000017-slot-7.json,200,aa0be13cdd05802352a53734e951fb06b23bdf80067c2b33740628dce2e1e85b
training,logs/training/br-address-slow-feedback-budget-20261003,logs/training/br-address-slow-feedback-budget-20261003/replays/55266d1b1eea40078b7c86d43f4e6aa5/episode-00000018-slot-3.json,200,020cf07557a4178869bbc7acd037bd86a98971df353e9c341d06623f5e57aed0
training,logs/training/br-address-slow-feedback-budget-20261003,logs/training/br-address-slow-feedback-budget-20261003/replays/55266d1b1eea40078b7c86d43f4e6aa5/episode-00000019-slot-6.json,200,39459b3a823f36b63aa6b2db43c324e2cd02a5292130debb4967122bb8054c34
training,logs/training/br-address-slow-feedback-budget-20261003,logs/training/br-address-slow-feedback-budget-20261003/replays/55266d1b1eea40078b7c86d43f4e6aa5/episode-00000020-slot-1.json,200,ae56a59478c9ea2008e2c11146cf15df8da68da7d38ead498a4ea247d39ae0b2
training,logs/training/br-address-slow-feedback-budget-20261003,logs/training/br-address-slow-feedback-budget-20261003/replays/55266d1b1eea40078b7c86d43f4e6aa5/episode-00000021-slot-0.json,200,246b05d1cbe248a20f99693509a76cfb6b979aee05a290532f81298582b5dd66
training,logs/training/br-address-slow-feedback-budget-20261003,logs/training/br-address-slow-feedback-budget-20261003/replays/55266d1b1eea40078b7c86d43f4e6aa5/episode-00000022-slot-7.json,200,1636447d347da089e4461f3266e088f4d1fb811efd9bb74addc1cff20efeaba9
training,logs/training/br-address-slow-feedback-budget-20261003,logs/training/br-address-slow-feedback-budget-20261003/replays/55266d1b1eea40078b7c86d43f4e6aa5/episode-00000023-slot-2.json,200,d347e5c5337893588d108c4881c34c65ef384f3644921e78c166d22da526f764
training,logs/training/br-address-slow-feedback-budget-20261003,logs/training/br-address-slow-feedback-budget-20261003/replays/55266d1b1eea40078b7c86d43f4e6aa5/episode-00000024-slot-4.json,199,bea1497e6d97f978f1b10fbf90ce909d980e3137999fd4e09f2072e6ed3b3bd2
training,logs/training/br-address-slow-feedback-budget-20261003,logs/training/br-address-slow-feedback-budget-20261003/replays/55266d1b1eea40078b7c86d43f4e6aa5/episode-00000025-slot-5.json,200,9d480c7c5487b8055c32d4c7550e67f7d4df4a1b68f3b4a438ba26cd4a9135b0
training,logs/training/br-address-slow-feedback-budget-20261003,logs/training/br-address-slow-feedback-budget-20261003/replays/55266d1b1eea40078b7c86d43f4e6aa5/episode-00000026-slot-1.json,200,789fe2c1331984d22295413a896eec702bca645bdb65d8551dbb77f7e1d2bf17
training,logs/training/br-address-slow-feedback-budget-20261003,logs/training/br-address-slow-feedback-budget-20261003/replays/55266d1b1eea40078b7c86d43f4e6aa5/episode-00000027-slot-3.json,200,c4379158128f5b26508c37efde26b4486c7375950f99dfca2278626ce0f139fe
training,logs/training/br-address-slow-feedback-budget-20261003,logs/training/br-address-slow-feedback-budget-20261003/replays/55266d1b1eea40078b7c86d43f4e6aa5/episode-00000028-slot-4.json,199,1d8753bbf3aede50ce5fd5d21e00fd1e0a36ac0468143472cc73ef8d93dcbd86
training,logs/training/br-address-slow-feedback-budget-20261003,logs/training/br-address-slow-feedback-budget-20261003/replays/55266d1b1eea40078b7c86d43f4e6aa5/episode-00000029-slot-0.json,200,7833bb91d07b3fdeb1f17d9bc09f610c26b39816818aff020cca14472e89bd7a
training,logs/training/br-address-slow-feedback-budget-20261003,logs/training/br-address-slow-feedback-budget-20261003/replays/55266d1b1eea40078b7c86d43f4e6aa5/episode-00000030-slot-5.json,200,af2b78499bf4453a429a3efd22240bdf5e6a8491f112da2da069efe9eff992db
training,logs/training/br-address-slow-feedback-budget-20261003,logs/training/br-address-slow-feedback-budget-20261003/replays/55266d1b1eea40078b7c86d43f4e6aa5/episode-00000031-slot-6.json,204,e2db31ac09753af90f3f257df5949229185e361c3be23b89da1484ab811ebc31
training,logs/training/br-address-slow-feedback-budget-20261003,logs/training/br-address-slow-feedback-budget-20261003/replays/55266d1b1eea40078b7c86d43f4e6aa5/episode-00000032-slot-2.json,200,2556e99ec5c7eec9dc6a9416402c317af90285d579e315d531cdafea024844d8
training,logs/training/br-address-slow-feedback-budget-20261003,logs/training/br-address-slow-feedback-budget-20261003/replays/55266d1b1eea40078b7c86d43f4e6aa5/episode-00000033-slot-7.json,203,ebebc4265ade2ecbf43e74065ecb3a3e0dd6cd8a6583088f4abc6d9d4b239d31
training,logs/training/br-address-slow-feedback-budget-20261003,logs/training/br-address-slow-feedback-budget-20261003/replays/55266d1b1eea40078b7c86d43f4e6aa5/episode-00000034-slot-3.json,200,1475e2b5d1c212e032530f1e3dd3da96842bcf9cc9f299c66459fa0c66bcf5d0
training,logs/training/br-address-slow-feedback-budget-20261003,logs/training/br-address-slow-feedback-budget-20261003/replays/55266d1b1eea40078b7c86d43f4e6aa5/episode-00000035-slot-4.json,199,62e89ce3e7b4f40b555e8a808c805a44b1cb5b136a9939951b54c7f017ef4b39
training,logs/training/br-address-slow-feedback-budget-20261003,logs/training/br-address-slow-feedback-budget-20261003/replays/55266d1b1eea40078b7c86d43f4e6aa5/episode-00000036-slot-1.json,199,636983ba85eaea54022225186a8595556758141897e7931212c6192cc050a6db
training,logs/training/br-address-slow-feedback-budget-20261003,logs/training/br-address-slow-feedback-budget-20261003/replays/55266d1b1eea40078b7c86d43f4e6aa5/episode-00000037-slot-0.json,200,44ffa0b43d9485d75b267b4e7dc2a2e35bf6731f767373d20fb4b4485684bec2
training,logs/training/br-address-slow-feedback-budget-20261003,logs/training/br-address-slow-feedback-budget-20261003/replays/55266d1b1eea40078b7c86d43f4e6aa5/episode-00000038-slot-5.json,199,26710e79a9ffb039750c88397ddaa5e78f071a34871641307fa08fbf4b28df82
training,logs/training/br-address-slow-feedback-budget-20261003,logs/training/br-address-slow-feedback-budget-20261003/replays/55266d1b1eea40078b7c86d43f4e6aa5/episode-00000039-slot-1.json,200,808edce430ad469c89bc4d6de31663f79ab82bd0d0213f7a07ff34b2120e47ef
training,logs/training/br-address-slow-feedback-budget-20261003,logs/training/br-address-slow-feedback-budget-20261003/replays/55266d1b1eea40078b7c86d43f4e6aa5/episode-00000040-slot-6.json,200,6433d967a72d739057dac4ef8eb8bd8ed51f8d166f8fe3c09342346f2f0c4f40
training,logs/training/br-address-slow-feedback-budget-20261003,logs/training/br-address-slow-feedback-budget-20261003/replays/55266d1b1eea40078b7c86d43f4e6aa5/episode-00000041-slot-2.json,200,ea1b8c25bba6869f287eb793fdc0a56cb43b9deae912a7be159df06c9cbb313a
training,logs/training/br-address-slow-feedback-budget-20261003,logs/training/br-address-slow-feedback-budget-20261003/replays/55266d1b1eea40078b7c86d43f4e6aa5/episode-00000042-slot-7.json,200,af1369c3abb0f309a8ea22cc53df60a9132bc2aa6948cd6a81ee46eaf89d9f92
training,logs/training/br-address-slow-feedback-budget-20261003,logs/training/br-address-slow-feedback-budget-20261003/replays/55266d1b1eea40078b7c86d43f4e6aa5/episode-00000043-slot-3.json,199,c5ed7711eed99cea57135f59fb1eaf9d4b011ce11c9eaddb607a166e4c078fc6
training,logs/training/br-address-slow-feedback-budget-20261003,logs/training/br-address-slow-feedback-budget-20261003/replays/55266d1b1eea40078b7c86d43f4e6aa5/episode-00000044-slot-4.json,200,19706427775bfff57ce098b7c28581d05e458d63bb397033fb2b9c06c72f7bfb
training,logs/training/br-address-slow-feedback-budget-20261003,logs/training/br-address-slow-feedback-budget-20261003/replays/55266d1b1eea40078b7c86d43f4e6aa5/episode-00000045-slot-5.json,199,1bd0a59fa4a87bb91785f5a724efce67da4b703fa9629d1bbffb268416806b61
training,logs/training/br-address-slow-feedback-budget-20261003,logs/training/br-address-slow-feedback-budget-20261003/replays/55266d1b1eea40078b7c86d43f4e6aa5/episode-00000046-slot-1.json,200,30345c879bc7383287b2a22b9e7c2d4e6628bddaa4ff053b7d735fc94f37e746
training,logs/training/br-address-slow-feedback-budget-20261003,logs/training/br-address-slow-feedback-budget-20261003/replays/55266d1b1eea40078b7c86d43f4e6aa5/episode-00000047-slot-2.json,200,714a5f5c5d377477bd7c8004ce4bfae89f460f8fc0555e6ffa951d79a4d231e9
training,logs/training/br-address-slow-feedback-budget-20261003,logs/training/br-address-slow-feedback-budget-20261003/replays/55266d1b1eea40078b7c86d43f4e6aa5/episode-00000048-slot-0.json,204,f31182177697f41168b0b1cf96aacdf4d2985cf0c071015eec1b58ae8a1079b6
training,logs/training/br-address-slow-feedback-budget-20261003,logs/training/br-address-slow-feedback-budget-20261003/replays/55266d1b1eea40078b7c86d43f4e6aa5/episode-00000049-slot-7.json,200,42aaa5130caa63ddb68f312d941f7e7badb50a9150c00fe7131e16640e39b40c
training,logs/training/br-address-slow-feedback-budget-20261003,logs/training/br-address-slow-feedback-budget-20261003/replays/55266d1b1eea40078b7c86d43f4e6aa5/episode-00000050-slot-6.json,200,2e7f30513943eee0f3a7c9c49d419e321225ca7795168fa0c323c5f68992c086
training,logs/training/br-address-slow-feedback-budget-20261003,logs/training/br-address-slow-feedback-budget-20261003/replays/55266d1b1eea40078b7c86d43f4e6aa5/episode-00000051-slot-3.json,204,63424f195784469d750e5e110d0113fba8906cd3c3404c804d51d6b241dc9037
training,logs/training/br-address-slow-feedback-budget-20261003,logs/training/br-address-slow-feedback-budget-20261003/replays/55266d1b1eea40078b7c86d43f4e6aa5/episode-00000052-slot-4.json,204,bdbf68d1d50688ce017e104ef98dc1c96840dab0b7f562e17862a85f4aae2734
training,logs/training/br-address-slow-feedback-budget-20261003,logs/training/br-address-slow-feedback-budget-20261003/replays/55266d1b1eea40078b7c86d43f4e6aa5/episode-00000053-slot-5.json,200,c5c66d4496f3c23d1bfaef16811b9b4e5c11d7fd5c89e032651612b3c944a8c7
training,logs/training/br-address-slow-feedback-budget-20261003,logs/training/br-address-slow-feedback-budget-20261003/replays/55266d1b1eea40078b7c86d43f4e6aa5/episode-00000054-slot-2.json,200,02ab3db19508401aa39e09648d704b09ac5d1f1e889ff0c4a37809c8670b2eb8
training,logs/training/br-address-slow-feedback-budget-20261003,logs/training/br-address-slow-feedback-budget-20261003/replays/55266d1b1eea40078b7c86d43f4e6aa5/episode-00000055-slot-6.json,199,6edcd5f36e3c7812c1a68933d3a962803135860ac0dd5894ff3d2c6025419055
training,logs/training/br-address-slow-feedback-budget-20261003,logs/training/br-address-slow-feedback-budget-20261003/replays/55266d1b1eea40078b7c86d43f4e6aa5/episode-00000056-slot-1.json,199,2bd9e3d049339b3bfec096035b8470e42ac1fe76b43a2433a7ace0a1b1c8c66c
training,logs/training/br-address-slow-feedback-budget-20261003,logs/training/br-address-slow-feedback-budget-20261003/replays/55266d1b1eea40078b7c86d43f4e6aa5/episode-00000057-slot-7.json,200,20e2edc06100beeec788cb47d9582dacec239c1c2b7f9d575d3c52a5c7dee5a9
training,logs/training/br-address-slow-feedback-budget-20261003,logs/training/br-address-slow-feedback-budget-20261003/replays/55266d1b1eea40078b7c86d43f4e6aa5/episode-00000058-slot-0.json,200,0e28e8227d2b8d412c8ccb58ed8d80c0c504f77d7dbeea11beffc335aa407b47
training,logs/training/br-address-slow-feedback-budget-20261003,logs/training/br-address-slow-feedback-budget-20261003/replays/55266d1b1eea40078b7c86d43f4e6aa5/episode-00000059-slot-3.json,199,90e869e11cca80197772eb0ef23c8233857e2559167ebc6aa48d82dc9fd55bba
training,logs/training/br-address-slow-feedback-budget-20261003,logs/training/br-address-slow-feedback-budget-20261003/replays/55266d1b1eea40078b7c86d43f4e6aa5/episode-00000060-slot-4.json,199,e08996c82973bdbf4dcca67537bba7cca294fd7314c3cdd420dba06fea4bcce3
training,logs/training/br-address-slow-feedback-budget-20261003,logs/training/br-address-slow-feedback-budget-20261003/replays/55266d1b1eea40078b7c86d43f4e6aa5/episode-00000061-slot-2.json,200,de6ec600a5f883dd7d4bd2fa58a5c7d59f3266b5c80ef1c4e1c982dfbe41e4ff
training,logs/training/br-address-slow-feedback-budget-20261003,logs/training/br-address-slow-feedback-budget-20261003/replays/55266d1b1eea40078b7c86d43f4e6aa5/episode-00000062-slot-5.json,198,61177b9eb3eb30cd1aacce50c67a519021236621139217522242baf52efb9089
training,logs/training/br-address-slow-feedback-budget-20261003,logs/training/br-address-slow-feedback-budget-20261003/replays/55266d1b1eea40078b7c86d43f4e6aa5/episode-00000063-slot-7.json,200,729d7eb74066ed9297ae38a279d5789d11aff7f885bf968703ec7660e17866fe
training,logs/training/br-address-slow-feedback-budget-20261003,logs/training/br-address-slow-feedback-budget-20261003/replays/55266d1b1eea40078b7c86d43f4e6aa5/episode-00000064-slot-1.json,200,cc2c566916181526049603c62e6137c002b06315ee5a60791a52235cf69d2967
training,logs/training/br-address-slow-feedback-budget-20261003,logs/training/br-address-slow-feedback-budget-20261003/replays/55266d1b1eea40078b7c86d43f4e6aa5/episode-00000065-slot-6.json,199,005b07c4a95738ac9adb1fd03a89dde80e0d0aa138b2f40784dd7666819c3b4c
training,logs/training/br-address-slow-feedback-budget-20261003,logs/training/br-address-slow-feedback-budget-20261003/replays/55266d1b1eea40078b7c86d43f4e6aa5/episode-00000066-slot-3.json,200,05e389d9421efb354ec2cdc880c9548fe30d9ca352a359d2a852a39e8f197b3b
training,logs/training/br-address-slow-feedback-budget-20261003,logs/training/br-address-slow-feedback-budget-20261003/replays/55266d1b1eea40078b7c86d43f4e6aa5/episode-00000067-slot-4.json,200,fa726ed3b5fe8ef0ae7aaec59add4a5ae502dd1138ad4f7f65f6158dce80341e
training,logs/training/br-address-slow-feedback-budget-20261003,logs/training/br-address-slow-feedback-budget-20261003/replays/55266d1b1eea40078b7c86d43f4e6aa5/episode-00000068-slot-0.json,200,577d131ec9746e868c587324e0e37d83a1bf96652d09db7315ff2f81dd74bc31
training,logs/training/br-address-slow-feedback-budget-20261003,logs/training/br-address-slow-feedback-budget-20261003/replays/55266d1b1eea40078b7c86d43f4e6aa5/episode-00000069-slot-2.json,200,725dab000fe66aa1021eddaa0fab53c922a0363b66cce056f47f0a4263fb9d94
training,logs/training/br-address-slow-feedback-budget-20261003,logs/training/br-address-slow-feedback-budget-20261003/replays/55266d1b1eea40078b7c86d43f4e6aa5/episode-00000070-slot-7.json,200,398b2df17694c7588bde9f136d825e8c96b8414232ab4dca1b578edf147108a7
training,logs/training/br-address-slow-feedback-budget-20261003,logs/training/br-address-slow-feedback-budget-20261003/replays/55266d1b1eea40078b7c86d43f4e6aa5/episode-00000071-slot-5.json,200,a7e34b00986cd6151461ca2af87a12f22cb0198e4e5f5aab3a691d6aa81c3d33
training,logs/training/br-address-slow-feedback-budget-20261003,logs/training/br-address-slow-feedback-budget-20261003/replays/55266d1b1eea40078b7c86d43f4e6aa5/episode-00000072-slot-1.json,200,d2d8eb443d529f1aeb47e23c22f99c7bec7e5fdf5ea5a81b826ceb082edd0309
training,logs/training/br-address-slow-feedback-budget-20261003,logs/training/br-address-slow-feedback-budget-20261003/replays/55266d1b1eea40078b7c86d43f4e6aa5/episode-00000073-slot-6.json,199,887f6a24261d222e4a3e68352654333fcc09965cc9464e4ed5100601f752f672
training,logs/training/br-address-slow-feedback-budget-20261003,logs/training/br-address-slow-feedback-budget-20261003/replays/55266d1b1eea40078b7c86d43f4e6aa5/episode-00000074-slot-3.json,200,56cb7c573655b42374f2bf041442bca94452d6caa1a78cc6ae8a8f04e9f22512
training,logs/training/br-address-slow-feedback-budget-20261003,logs/training/br-address-slow-feedback-budget-20261003/replays/55266d1b1eea40078b7c86d43f4e6aa5/episode-00000075-slot-4.json,200,39a6d5f0da43f9de68d87272970262a3c0dfb3fafad882f03f484f7d801eeda5
training,logs/training/br-address-slow-feedback-budget-20261003,logs/training/br-address-slow-feedback-budget-20261003/replays/55266d1b1eea40078b7c86d43f4e6aa5/episode-00000076-slot-0.json,200,dae27ac4900c1d64d230df8e532c091ed0c4353a07f9415f7d3ee452f73cccb4
training,logs/training/br-address-slow-feedback-budget-20261003,logs/training/br-address-slow-feedback-budget-20261003/replays/55266d1b1eea40078b7c86d43f4e6aa5/episode-00000077-slot-7.json,200,01e73fcdc83f4d1a44dc333bbca8bc3de53987bae06e81b862fbc3740656df02
training,logs/training/br-address-slow-feedback-budget-20261003,logs/training/br-address-slow-feedback-budget-20261003/replays/55266d1b1eea40078b7c86d43f4e6aa5/episode-00000078-slot-1.json,200,6bcdc5838db9196b8fa15328836eeb851bdab28ff65f92cc77c2244875135885
training,logs/training/br-address-slow-feedback-budget-20261003,logs/training/br-address-slow-feedback-budget-20261003/replays/55266d1b1eea40078b7c86d43f4e6aa5/episode-00000079-slot-2.json,199,d17970a866ecbaedbf18ada528fae985217d47ece5f3228371cc52c3e617cc3b
training,logs/training/br-address-slow-feedback-budget-20261003,logs/training/br-address-slow-feedback-budget-20261003/replays/55266d1b1eea40078b7c86d43f4e6aa5/episode-00000080-slot-5.json,200,d75ab75121ed0ad29508e4dc11a276ba8cd368c8fbb5ad850995231bf974aa46
training,logs/training/br-address-slow-feedback-budget-20261003,logs/training/br-address-slow-feedback-budget-20261003/replays/55266d1b1eea40078b7c86d43f4e6aa5/episode-00000081-slot-3.json,199,d8b8f92172565fc98eb597343975cc1a2c50e5d6dcdf69ce07a668b29aece4ac
training,logs/training/br-address-slow-feedback-budget-20261003,logs/training/br-address-slow-feedback-budget-20261003/replays/55266d1b1eea40078b7c86d43f4e6aa5/episode-00000082-slot-4.json,199,08d57d280463d63618fb0c8710a0f30e45736abbb468ec94235055d52e9e6881
training,logs/training/br-address-slow-feedback-budget-20261003,logs/training/br-address-slow-feedback-budget-20261003/replays/55266d1b1eea40078b7c86d43f4e6aa5/episode-00000083-slot-6.json,198,17066be4b8f0c99c045a0c5457509d359cbdf9650f4d06a64594490f6f608a42
training,logs/training/br-address-slow-feedback-budget-20261003,logs/training/br-address-slow-feedback-budget-20261003/replays/55266d1b1eea40078b7c86d43f4e6aa5/episode-00000084-slot-0.json,200,18df3e33ac254edc1bd82be28763691b886be4961f71cdb65f57e0365dd8649f
training,logs/training/br-address-slow-feedback-budget-20261003,logs/training/br-address-slow-feedback-budget-20261003/replays/55266d1b1eea40078b7c86d43f4e6aa5/episode-00000085-slot-7.json,200,7d947c9d80bf69d78a468326080ce0a2ccb16b254219b461b0115a5bbad46d91
training,logs/training/br-address-slow-feedback-budget-20261003,logs/training/br-address-slow-feedback-budget-20261003/replays/55266d1b1eea40078b7c86d43f4e6aa5/episode-00000086-slot-5.json,200,86ef454f95a3dc9a1d89cee6be4a8aefa7e80a0fac80e1b3e6eae2afbd8bc3cc
training,logs/training/br-address-slow-feedback-budget-20261003,logs/training/br-address-slow-feedback-budget-20261003/replays/55266d1b1eea40078b7c86d43f4e6aa5/episode-00000087-slot-1.json,200,9dc0285ef58788e2844692d336304870362afebb90255f1e371ebe0e0196758c
training,logs/training/br-address-slow-feedback-budget-20261003,logs/training/br-address-slow-feedback-budget-20261003/replays/55266d1b1eea40078b7c86d43f4e6aa5/episode-00000088-slot-0.json,200,f70407a943fb63933e68794a91f9acc136255670cf863838268a02a0e7047d29
training,logs/training/br-address-slow-feedback-budget-20261003,logs/training/br-address-slow-feedback-budget-20261003/replays/55266d1b1eea40078b7c86d43f4e6aa5/episode-00000089-slot-3.json,200,6e34d6429a922732e82df2db510b27b50efaa454cda96564894ef79df40461c3
training,logs/training/br-address-slow-feedback-budget-20261003,logs/training/br-address-slow-feedback-budget-20261003/replays/55266d1b1eea40078b7c86d43f4e6aa5/episode-00000090-slot-2.json,199,fa63734dc63318f7daa11c311de099ac971c772e0e5f0217c81383f4bab59c8d
training,logs/training/br-address-slow-feedback-budget-20261003,logs/training/br-address-slow-feedback-budget-20261003/replays/55266d1b1eea40078b7c86d43f4e6aa5/episode-00000091-slot-1.json,200,d1e8d109108a8182ed903bb6d86e263c236e6bfe942229aba7852b2d84c2b2ce
training,logs/training/br-address-slow-feedback-budget-20261003,logs/training/br-address-slow-feedback-budget-20261003/replays/55266d1b1eea40078b7c86d43f4e6aa5/episode-00000092-slot-6.json,200,d0003a7cd946984f80dc794bbd273488b72501442694ebb28f1462cca67cfe1e
training,logs/training/br-address-slow-feedback-budget-20261003,logs/training/br-address-slow-feedback-budget-20261003/replays/55266d1b1eea40078b7c86d43f4e6aa5/episode-00000093-slot-4.json,200,9ba5d14f56c002a8f13b6f9e5181c33fc44b2ecb7358a8d3d4bcb7b6116822cf
training,logs/training/br-address-slow-feedback-budget-20261003,logs/training/br-address-slow-feedback-budget-20261003/replays/55266d1b1eea40078b7c86d43f4e6aa5/episode-00000094-slot-5.json,199,fe71b937143f8755d256e1a2e7802cbcd21c0e9d51392cae6535d9822a700874
training,logs/training/br-address-slow-feedback-budget-20261003,logs/training/br-address-slow-feedback-budget-20261003/replays/55266d1b1eea40078b7c86d43f4e6aa5/episode-00000095-slot-7.json,200,a58d0d5fabe56d61e35c66c47ffca32e60dc1a275623631d56803e497c433d11
training,logs/training/br-address-slow-feedback-budget-20261003,logs/training/br-address-slow-feedback-budget-20261003/replays/55266d1b1eea40078b7c86d43f4e6aa5/episode-00000096-slot-0.json,200,856b4e0646550fb275170aa13bfbffd755223f915d59dea537c026a8240da04e
training,logs/training/br-address-slow-feedback-budget-20261003,logs/training/br-address-slow-feedback-budget-20261003/replays/55266d1b1eea40078b7c86d43f4e6aa5/episode-00000097-slot-6.json,199,4c97e15bb22d7a8d569636a5404a1d7205dc45fa75b4117b6b87f3ecb3acec9b
training,logs/training/br-address-slow-feedback-budget-20261003,logs/training/br-address-slow-feedback-budget-20261003/replays/55266d1b1eea40078b7c86d43f4e6aa5/episode-00000098-slot-3.json,200,d18c7e1f14abda9a9c9cb565acb881c7613a96a537cd954c099fc5071f984fe7
training,logs/training/br-address-slow-feedback-budget-20261003,logs/training/br-address-slow-feedback-budget-20261003/replays/55266d1b1eea40078b7c86d43f4e6aa5/episode-00000099-slot-2.json,200,02eb095e9bf726d57da51a8acad80b0ef23d4835b8e96569869a9a9407e59014
training,logs/training/br-address-slow-feedback-budget-20261003,logs/training/br-address-slow-feedback-budget-20261003/replays/55266d1b1eea40078b7c86d43f4e6aa5/episode-00000100-slot-1.json,198,80df0cb3cd57f20154d436e8b90917159dd8bd51dfbb029bf26fd6ca1c3d624d
training,logs/training/br-address-slow-feedback-budget-20261003,logs/training/br-address-slow-feedback-budget-20261003/replays/55266d1b1eea40078b7c86d43f4e6aa5/episode-00000101-slot-4.json,200,5006b152910154add85b3754e2103032ad5ab038a1d80632ad659ee0e4f276e0
training,logs/training/br-address-slow-feedback-budget-20261003,logs/training/br-address-slow-feedback-budget-20261003/replays/55266d1b1eea40078b7c86d43f4e6aa5/episode-00000102-slot-7.json,200,58de457c80dd94cec01b647661222bcccfebde7f4c69f82f43d95ebde3e54a2c
training,logs/training/br-address-slow-feedback-budget-20261003,logs/training/br-address-slow-feedback-budget-20261003/replays/55266d1b1eea40078b7c86d43f4e6aa5/episode-00000103-slot-5.json,200,8168c2ebd59dac82d96fe8ce77044f172e0923f4704bcc04dbec39fd1cbd3a02
training,logs/training/br-address-slow-feedback-budget-20261003,logs/training/br-address-slow-feedback-budget-20261003/replays/55266d1b1eea40078b7c86d43f4e6aa5/episode-00000104-slot-2.json,198,52a951a25581af65b7956e180e44ace04448bd9e0cea96336d3d03f77e7a5963
training,logs/training/br-address-slow-feedback-budget-20261003,logs/training/br-address-slow-feedback-budget-20261003/replays/55266d1b1eea40078b7c86d43f4e6aa5/episode-00000105-slot-0.json,200,86767b9c6c2aee7844a5e86185de84e09a94659b6e675b46014ab57320ba0850
training,logs/training/br-address-slow-feedback-budget-20261003,logs/training/br-address-slow-feedback-budget-20261003/replays/55266d1b1eea40078b7c86d43f4e6aa5/episode-00000106-slot-6.json,199,73d56bdb42b6a4f72fd3aaaddb05d985fbc7f48558e059fcf246bfebc17dca0c
training,logs/training/br-address-slow-feedback-budget-20261003,logs/training/br-address-slow-feedback-budget-20261003/replays/55266d1b1eea40078b7c86d43f4e6aa5/episode-00000107-slot-3.json,200,5da2b43148a34dcd5ccec45fe533d46d44bfa6fd40f4507ec34244006323aef2
training,logs/training/br-address-slow-feedback-budget-20261003,logs/training/br-address-slow-feedback-budget-20261003/replays/55266d1b1eea40078b7c86d43f4e6aa5/episode-00000108-slot-4.json,200,63837aa8b123cc07a3b713f83f810a439a7f452a0af18795f85b745cceda8164
training,logs/training/br-address-slow-feedback-budget-20261003,logs/training/br-address-slow-feedback-budget-20261003/replays/55266d1b1eea40078b7c86d43f4e6aa5/episode-00000109-slot-1.json,200,f136c774d8d5c2dc49202497e42b7284d1f51b6fa354e2b53251f42b21ca4600
training,logs/training/br-address-slow-feedback-budget-20261003,logs/training/br-address-slow-feedback-budget-20261003/replays/55266d1b1eea40078b7c86d43f4e6aa5/episode-00000110-slot-5.json,200,f653fad462c984a60bc2d6c58006f3587a196c04ed4fd113669622ed3e40bf0e
training,logs/training/br-address-slow-feedback-budget-20261003,logs/training/br-address-slow-feedback-budget-20261003/replays/55266d1b1eea40078b7c86d43f4e6aa5/episode-00000111-slot-3.json,200,0a8999b11abc6929626c8396e8e4a231317bb4a6763c3c99f4af0f8eae7e0141
training,logs/training/br-address-slow-feedback-budget-20261003,logs/training/br-address-slow-feedback-budget-20261003/replays/55266d1b1eea40078b7c86d43f4e6aa5/episode-00000112-slot-7.json,200,0420d54fbabd3d006c9f609888eb5e607be11d3c3b9b3513d6bb791879bbab54
training,logs/training/br-address-slow-feedback-budget-20261003,logs/training/br-address-slow-feedback-budget-20261003/replays/55266d1b1eea40078b7c86d43f4e6aa5/episode-00000113-slot-0.json,199,ee9bb003f62906176a484e83448eb0ca0bb8e623a78a02f74563f8a8912c801c
training,logs/training/br-address-slow-feedback-budget-20261003,logs/training/br-address-slow-feedback-budget-20261003/replays/55266d1b1eea40078b7c86d43f4e6aa5/episode-00000114-slot-2.json,200,1154589e780c55911549be4821de8fcd2cefd63fb9eaa2cf0442b44a9ee47a62
training,logs/training/br-address-slow-feedback-budget-20261003,logs/training/br-address-slow-feedback-budget-20261003/replays/55266d1b1eea40078b7c86d43f4e6aa5/episode-00000115-slot-6.json,199,b490e56ed00061c55f211878a7fd4a299eee890a8bd60f590fe75813b3257c74
training,logs/training/br-address-slow-feedback-budget-20261003,logs/training/br-address-slow-feedback-budget-20261003/replays/55266d1b1eea40078b7c86d43f4e6aa5/episode-00000116-slot-1.json,200,f6a85386efce732e11f06586e028beff711283c4266234cd3cd8f85e9b66137c
training,logs/training/br-address-slow-feedback-budget-20261003,logs/training/br-address-slow-feedback-budget-20261003/replays/55266d1b1eea40078b7c86d43f4e6aa5/episode-00000117-slot-7.json,200,e3cdbeba1af1bee48e373efedac4ffb0eb113e5d36176892be2a7358ef417ff6
training,logs/training/br-address-slow-feedback-budget-20261003,logs/training/br-address-slow-feedback-budget-20261003/replays/55266d1b1eea40078b7c86d43f4e6aa5/episode-00000118-slot-0.json,200,63eed1b92497bb77854e409b5c88ee40521f5025b1b5f5b4a8b9bf8093f246e0
training,logs/training/br-address-slow-feedback-budget-20261003,logs/training/br-address-slow-feedback-budget-20261003/replays/55266d1b1eea40078b7c86d43f4e6aa5/episode-00000119-slot-4.json,200,5f7001eae346ee44dc34ca2e615d610a9c4fffba2fade86b8e14eb9c3690f0f8
training,logs/training/br-address-slow-feedback-budget-20261003,logs/training/br-address-slow-feedback-budget-20261003/replays/55266d1b1eea40078b7c86d43f4e6aa5/episode-00000120-slot-3.json,200,e9c62e6c35a8fa6a1db91e90031cdbf62b8f5345a31d5a627b36b823fb62a559
training,logs/training/br-address-slow-feedback-budget-20261003,logs/training/br-address-slow-feedback-budget-20261003/replays/55266d1b1eea40078b7c86d43f4e6aa5/episode-00000121-slot-5.json,199,ef20490d1ca50138497dd042aa5d2215ea59c707d960d4b5058bd4a412c7eed9
training,logs/training/br-address-slow-feedback-budget-20261003,logs/training/br-address-slow-feedback-budget-20261003/replays/55266d1b1eea40078b7c86d43f4e6aa5/episode-00000122-slot-2.json,200,933db57103e25e4865bdee4e96b4faa5fa3526fc5a64f4443d86d3170f8f5376
training,logs/training/br-address-slow-feedback-budget-20261003,logs/training/br-address-slow-feedback-budget-20261003/replays/55266d1b1eea40078b7c86d43f4e6aa5/episode-00000123-slot-7.json,200,9244ac2ba87d3191bffdc5cbfc8a27ede3b7aafda1ac0b983532bcb4f0dd116f
training,logs/training/br-address-slow-feedback-budget-20261003,logs/training/br-address-slow-feedback-budget-20261003/replays/55266d1b1eea40078b7c86d43f4e6aa5/episode-00000124-slot-1.json,200,dedc67214bbcfebf0dee2f179357cb3eacf01abb3534884490b4d85ca67a9f61
training,logs/training/br-address-slow-feedback-budget-20261003,logs/training/br-address-slow-feedback-budget-20261003/replays/55266d1b1eea40078b7c86d43f4e6aa5/episode-00000125-slot-6.json,200,53df50e9074059154130debb8302b66583a6a625160d885c320f51d015b8ac74
training,logs/training/br-address-slow-feedback-budget-20261003,logs/training/br-address-slow-feedback-budget-20261003/replays/55266d1b1eea40078b7c86d43f4e6aa5/episode-00000126-slot-0.json,199,3890ff570c9c26d34adff5e139e12dc4ebedb0215c69400de5ac8612fea7ec8f
training,logs/training/br-address-slow-feedback-budget-20261003,logs/training/br-address-slow-feedback-budget-20261003/replays/55266d1b1eea40078b7c86d43f4e6aa5/episode-00000127-slot-4.json,199,13b43bea97f28126690011715e716acba95f2719b2b8059ac310a41982b9cfcf
training,logs/training/br-address-slow-feedback-budget-20261003,logs/training/br-address-slow-feedback-budget-20261003/replays/55266d1b1eea40078b7c86d43f4e6aa5/episode-00000128-slot-5.json,200,72b4eec711c6ec149b46160ff84a0dc979d76051abb3590627332c4cdf937f06
training,logs/training/br-address-slow-feedback-budget-20261003,logs/training/br-address-slow-feedback-budget-20261003/replays/55266d1b1eea40078b7c86d43f4e6aa5/episode-00000129-slot-3.json,200,4f6fe6c788eb28ccd13b8cd3afaa7ab25238e06dfeb84ed27dd180b3b34d3375
training,logs/training/br-address-slow-feedback-budget-20261003,logs/training/br-address-slow-feedback-budget-20261003/replays/55266d1b1eea40078b7c86d43f4e6aa5/episode-00000130-slot-0.json,200,bd719cf36899b6c80aa4fa24938e8508d2c6cdf444659c9d3e228454a7baf906
training,logs/training/br-address-slow-feedback-budget-20261003,logs/training/br-address-slow-feedback-budget-20261003/replays/55266d1b1eea40078b7c86d43f4e6aa5/episode-00000131-slot-2.json,200,400e5f9d00880b5b0358fc52fb97dbb97626904b1f38fc04ee4efaf1f1b1a062
training,logs/training/br-address-slow-feedback-budget-20261003,logs/training/br-address-slow-feedback-budget-20261003/replays/55266d1b1eea40078b7c86d43f4e6aa5/episode-00000132-slot-6.json,200,e90990e4a04679432c5c48ecd4ee5255b8cecb5755cacc025a32d53eef5241ad
training,logs/training/br-address-slow-feedback-budget-20261003,logs/training/br-address-slow-feedback-budget-20261003/replays/55266d1b1eea40078b7c86d43f4e6aa5/episode-00000133-slot-7.json,200,8029ba09690ef5ad1e338dc1d096cce5b6cc16aebcd116cd7951d1a6e5c16232
training,logs/training/br-address-slow-feedback-budget-20261003,logs/training/br-address-slow-feedback-budget-20261003/replays/55266d1b1eea40078b7c86d43f4e6aa5/episode-00000134-slot-1.json,200,bf11d9ddf47705af35e4fecf95936cce19959e0ece1900a1087736fc0609379a
training,logs/training/br-address-slow-feedback-budget-20261003,logs/training/br-address-slow-feedback-budget-20261003/replays/55266d1b1eea40078b7c86d43f4e6aa5/episode-00000135-slot-5.json,200,46352009a6474c052ecb4dc2a8d4465129f9615abf67ffc0189d412f2f8423bd
training,logs/training/br-address-slow-feedback-budget-20261003,logs/training/br-address-slow-feedback-budget-20261003/replays/55266d1b1eea40078b7c86d43f4e6aa5/episode-00000136-slot-4.json,200,170f68bfcd02fea3b5ceb6ee364fb3372596af147cc4aad16d5e920105b2c2f6
training,logs/training/br-address-slow-feedback-budget-20261003,logs/training/br-address-slow-feedback-budget-20261003/replays/55266d1b1eea40078b7c86d43f4e6aa5/episode-00000137-slot-3.json,199,8690790a98fd7465ad9dd00761b26738256e35268a3a84717b3c3c3c4d690da3
training,logs/training/br-address-slow-feedback-budget-20261003,logs/training/br-address-slow-feedback-budget-20261003/replays/55266d1b1eea40078b7c86d43f4e6aa5/episode-00000138-slot-0.json,199,5666492678782553379a80ef5bc6ffa0dfcea4e46783d2b9f0c0863cdcbf3569
training,logs/training/br-address-slow-feedback-budget-20261003,logs/training/br-address-slow-feedback-budget-20261003/replays/55266d1b1eea40078b7c86d43f4e6aa5/episode-00000139-slot-6.json,200,8f9f6adccf932a79f42ec82668d512b3d0106301b54d376ec8bf2ad93455bf75
training,logs/training/br-address-slow-feedback-budget-20261003,logs/training/br-address-slow-feedback-budget-20261003/replays/55266d1b1eea40078b7c86d43f4e6aa5/episode-00000140-slot-7.json,200,e104364692ab945ead49ff9c80f5390e14490919cac58a8be89f90a08a7db225
training,logs/training/br-address-slow-feedback-budget-20261003,logs/training/br-address-slow-feedback-budget-20261003/replays/55266d1b1eea40078b7c86d43f4e6aa5/episode-00000141-slot-5.json,200,cfe620f562204d2f4e68a989add649bd229f5053341678abc55b4ce7339dfde6
training,logs/training/br-address-slow-feedback-budget-20261003,logs/training/br-address-slow-feedback-budget-20261003/replays/55266d1b1eea40078b7c86d43f4e6aa5/episode-00000142-slot-2.json,200,dd1b4dc9cffe67f2e4ec9f0f5124732ccf5235f2ca1d2174eb0139040d2c5272
training,logs/training/br-address-slow-feedback-budget-20261003,logs/training/br-address-slow-feedback-budget-20261003/replays/55266d1b1eea40078b7c86d43f4e6aa5/episode-00000143-slot-1.json,200,2950c0c4cfffde78e056eb75740d1ef994f31bf6a6019c24187de968a6b972a4
training,logs/training/br-address-slow-feedback-budget-20261003,logs/training/br-address-slow-feedback-budget-20261003/replays/55266d1b1eea40078b7c86d43f4e6aa5/episode-00000144-slot-3.json,200,7de906bf492b0c50a8cfecc5171265808eae573a38063d15328fd5cd55082e20
training,logs/training/br-address-slow-feedback-budget-20261003,logs/training/br-address-slow-feedback-budget-20261003/replays/55266d1b1eea40078b7c86d43f4e6aa5/episode-00000145-slot-0.json,200,7cab7f0c1e1e3a4c158dbaa391cf512906bb13a4005ad52790114eda555bcdb0
training,logs/training/br-address-slow-feedback-budget-20261003,logs/training/br-address-slow-feedback-budget-20261003/replays/55266d1b1eea40078b7c86d43f4e6aa5/episode-00000146-slot-4.json,199,002c4d4c163e22605b7a052b12dca5ed5607a973756f76c32a2011d3786ce9e4
training,logs/training/br-address-slow-feedback-budget-20261003,logs/training/br-address-slow-feedback-budget-20261003/replays/55266d1b1eea40078b7c86d43f4e6aa5/episode-00000147-slot-6.json,200,b752443e4b51404011cd14916ff0bd17a9bf49a30942ca1c4306dcf2994e98ac
training,logs/training/br-address-slow-feedback-budget-20261003,logs/training/br-address-slow-feedback-budget-20261003/replays/55266d1b1eea40078b7c86d43f4e6aa5/episode-00000148-slot-5.json,200,df011a3d0a472150ce9c2e6a191ec405b767f214543cb83a48adc9a22ef817f3
training,logs/training/br-address-slow-feedback-budget-20261003,logs/training/br-address-slow-feedback-budget-20261003/replays/55266d1b1eea40078b7c86d43f4e6aa5/episode-00000149-slot-7.json,200,f99c2ea5ece37b56e52da6d094f2f1f689c400cbdd84a98546fcd805fefc530d
training,logs/training/br-address-slow-feedback-budget-20261003,logs/training/br-address-slow-feedback-budget-20261003/replays/55266d1b1eea40078b7c86d43f4e6aa5/episode-00000150-slot-3.json,200,d1b3db41e3dd39277c1cbf4192625ea67813bea8553ac2c749b0919c6daf3071
training,logs/training/br-address-slow-feedback-budget-20261003,logs/training/br-address-slow-feedback-budget-20261003/replays/55266d1b1eea40078b7c86d43f4e6aa5/episode-00000151-slot-1.json,200,d184e47cd72cc9728bc5b5c95329a806d4bd2356b0041bad7d4450ad79dea0aa
training,logs/training/br-address-slow-feedback-budget-20261003,logs/training/br-address-slow-feedback-budget-20261003/replays/55266d1b1eea40078b7c86d43f4e6aa5/episode-00000152-slot-2.json,199,a2fad528bbbf92414de93caf674dfe14749123ca5ad61a01376a53f25d409d1f
training,logs/training/br-address-slow-feedback-budget-20261003,logs/training/br-address-slow-feedback-budget-20261003/replays/55266d1b1eea40078b7c86d43f4e6aa5/episode-00000153-slot-0.json,200,05c7489998aa8ff4c94ccbcd1194a53c4ed3f12e1f23168a3ea3121c45ac65d8
training,logs/training/br-address-slow-feedback-budget-20261003,logs/training/br-address-slow-feedback-budget-20261003/replays/55266d1b1eea40078b7c86d43f4e6aa5/episode-00000154-slot-5.json,200,4397af06590959d00e3fa71f2f1aa8e247e622190aeddde6af6603b98971eedd
training,logs/training/br-address-slow-feedback-budget-20261003,logs/training/br-address-slow-feedback-budget-20261003/replays/55266d1b1eea40078b7c86d43f4e6aa5/episode-00000155-slot-7.json,200,23892edb40148f87dc60904b0a0f2cb5c55e051dddda59ef3238e87660430c42
training,logs/training/br-address-slow-feedback-budget-20261003,logs/training/br-address-slow-feedback-budget-20261003/replays/55266d1b1eea40078b7c86d43f4e6aa5/episode-00000156-slot-6.json,200,a1ee8c218d566c552e2eb18ab285c5111611f3b6eb701dc327bb346bb6b4d6c1
training,logs/training/br-address-slow-feedback-budget-20261003,logs/training/br-address-slow-feedback-budget-20261003/replays/55266d1b1eea40078b7c86d43f4e6aa5/episode-00000157-slot-3.json,200,1d0d5e72e3259dedc1df695441869e2b3004b786ba411bf9eb30c4d439a5ee46
training,logs/training/br-address-slow-feedback-budget-20261003,logs/training/br-address-slow-feedback-budget-20261003/replays/55266d1b1eea40078b7c86d43f4e6aa5/episode-00000158-slot-1.json,200,6644b7634c4edd3755a0a6c28b6d6f2c5b3f6234824fde63715991591a569df5
training,logs/training/br-address-slow-feedback-budget-20261003,logs/training/br-address-slow-feedback-budget-20261003/replays/55266d1b1eea40078b7c86d43f4e6aa5/episode-00000159-slot-4.json,199,667f6eb9e39ef6501f8bfe40a2006c241ea3de460d680475d70555c6e08d0ab6
training,logs/training/br-address-slow-feedback-budget-20261003,logs/training/br-address-slow-feedback-budget-20261003/replays/55266d1b1eea40078b7c86d43f4e6aa5/episode-00000160-slot-2.json,200,dfb0015224de2487a343a67ca74dd4a65e85ff6c161bbdf99a8734e68c072fe7
training,logs/training/br-address-slow-feedback-budget-20261003,logs/training/br-address-slow-feedback-budget-20261003/replays/55266d1b1eea40078b7c86d43f4e6aa5/episode-00000161-slot-0.json,200,e8c5a6376ea7e112ffed946ec573201e34ed0d60c4991f3669ef0098dd900e06
training,logs/training/br-address-slow-feedback-budget-20261003,logs/training/br-address-slow-feedback-budget-20261003/replays/55266d1b1eea40078b7c86d43f4e6aa5/episode-00000162-slot-7.json,200,02155e81d75b50478598f593f8bbc28f9d34298929aaf1ccd40ba845d365172e
training,logs/training/br-address-slow-feedback-budget-20261003,logs/training/br-address-slow-feedback-budget-20261003/replays/55266d1b1eea40078b7c86d43f4e6aa5/episode-00000163-slot-5.json,200,334237f01ae85d54ad64bfb28ea8ca1ee7690b1fde6cdc767890181348bea846
training,logs/training/br-address-slow-feedback-budget-20261003,logs/training/br-address-slow-feedback-budget-20261003/replays/55266d1b1eea40078b7c86d43f4e6aa5/episode-00000164-slot-1.json,200,962a0d1ce2c381c1adb69caba7ab73ae44efdc42c27d5ef5332379277b151bcb
training,logs/training/br-address-slow-feedback-budget-20261003,logs/training/br-address-slow-feedback-budget-20261003/replays/55266d1b1eea40078b7c86d43f4e6aa5/episode-00000165-slot-0.json,199,b8814fa001d8eb575b8fa01fc1d1e33e3c8f75c54e47e096c4d66bc903679cb3
training,logs/training/br-address-slow-feedback-budget-20261003,logs/training/br-address-slow-feedback-budget-20261003/replays/55266d1b1eea40078b7c86d43f4e6aa5/episode-00000166-slot-1.json,197,294c926ee78111dcd1d4aea788a26dcae7f9263d450cd752df93d1a94d2fc3cc
training,logs/training/br-address-slow-feedback-budget-20261003,logs/training/br-address-slow-feedback-budget-20261003/replays/55266d1b1eea40078b7c86d43f4e6aa5/episode-00000167-slot-2.json,198,f9d871afc7b1dcefa85438487651688adb0fea5661ad4709f78ce5daaf0902cf
training,logs/training/br-address-slow-feedback-budget-20261003,logs/training/br-address-slow-feedback-budget-20261003/replays/55266d1b1eea40078b7c86d43f4e6aa5/episode-00000168-slot-3.json,198,635684e36a7e39ee78520cfb03892692606bbbab21d5fa27aff09cfb3920e121
training,logs/training/br-address-slow-feedback-budget-20261003,logs/training/br-address-slow-feedback-budget-20261003/replays/55266d1b1eea40078b7c86d43f4e6aa5/episode-00000169-slot-4.json,199,f5358060cb8341a131488801ac6ae26b0f2cbe0982ffe3a71628937017be49ce
training,logs/training/br-address-slow-feedback-budget-20261003,logs/training/br-address-slow-feedback-budget-20261003/replays/55266d1b1eea40078b7c86d43f4e6aa5/episode-00000170-slot-5.json,199,65151eb77f595f2d585497559a6b0a06fe5f06021ade2604f9f244f55e33aaef
training,logs/training/br-address-slow-feedback-budget-20261003,logs/training/br-address-slow-feedback-budget-20261003/replays/55266d1b1eea40078b7c86d43f4e6aa5/episode-00000171-slot-6.json,198,3f833d7b1db3d6d891bb9cb740f46867ec830dcf84385a692e149c385895c7e8
training,logs/training/br-address-slow-feedback-budget-20261003,logs/training/br-address-slow-feedback-budget-20261003/replays/55266d1b1eea40078b7c86d43f4e6aa5/episode-00000172-slot-7.json,199,21f205d6883f26064a284f3c19dbad7d8831952cf9017e2832a1dac7b300115b
training,logs/training/br-address-slow-feedback-budget-20261003,logs/training/br-address-slow-feedback-budget-20261003/result.json,2020,556e4350051801609d905d87e280e6c7d3363598dfbc259ae000abeb4f766e76
training,logs/training/br-address-slow-feedback-budget-20261003,logs/training/br-address-slow-feedback-budget-20261003/scalars/progress.csv,112090,56973beb958c58a3aa8d23cb1a6603665d044addfe69843e8b172a7a99941973
training,logs/training/br-address-slow-feedback-budget-20261003,logs/training/br-address-slow-feedback-budget-20261003/timing.json,71530,3cc64c0d55e2fcd6e1182d4359c88dbe40261195945a651f14c7f86314a10ffd
training,logs/training/br-address-slow-feedback-second-budget-20261003,logs/training/br-address-slow-feedback-second-budget-20261003/checkpoints/ppo_1310720_steps.curriculum.json,928,23ee6c5bca13d676775d6d5c9f21793d7a1351f993a479d1d8f27016e06be8b4
training,logs/training/br-address-slow-feedback-second-budget-20261003,logs/training/br-address-slow-feedback-second-budget-20261003/checkpoints/ppo_1572864_steps.curriculum.json,944,87017bb9895031c529c47c735e3eb772b74fc0ad501f993767b465d58259c4d2
training,logs/training/br-address-slow-feedback-second-budget-20261003,logs/training/br-address-slow-feedback-second-budget-20261003/checkpoints/ppo_1835008_steps.curriculum.json,945,8aa71f620956fd6c281418ef6f1f89678227260e87a4ce2c916fc92dae306427
training,logs/training/br-address-slow-feedback-second-budget-20261003,logs/training/br-address-slow-feedback-second-budget-20261003/checkpoints/ppo_2097152_steps.curriculum.json,944,a3491a85d1dc504ecb766a27fc3e8e53495fb8fce8049d344b841282393f317e
training,logs/training/br-address-slow-feedback-second-budget-20261003,logs/training/br-address-slow-feedback-second-budget-20261003/checkpoints/updated_1050624_steps.curriculum.json,943,cb6dd08a5c7b42f3e2c58f6ec72fea3e64e029df9a2051e23c0d40d909f4ca42
training,logs/training/br-address-slow-feedback-second-budget-20261003,logs/training/br-address-slow-feedback-second-budget-20261003/checkpoints/updated_1310720_steps.curriculum.json,928,981eb5be71936b7880358d2e47276b1097fd47ca973d108ba007d9a4dc14fc1c
training,logs/training/br-address-slow-feedback-second-budget-20261003,logs/training/br-address-slow-feedback-second-budget-20261003/checkpoints/updated_1572864_steps.curriculum.json,944,2e1463b84f04da1709b929694dd3fa8ffaab4b3500d145655e3d3c46390a7f0b
training,logs/training/br-address-slow-feedback-second-budget-20261003,logs/training/br-address-slow-feedback-second-budget-20261003/checkpoints/updated_1835008_steps.curriculum.json,945,d7002319ae417ee30f369b850549127dd69da449bc99c342f5cceb3355693694
training,logs/training/br-address-slow-feedback-second-budget-20261003,logs/training/br-address-slow-feedback-second-budget-20261003/checkpoints/updated_2097152_steps.curriculum.json,944,a45407b6f6858dec2857348e58516f6c0839191b9df482c43b770419e0156155
training,logs/training/br-address-slow-feedback-second-budget-20261003,logs/training/br-address-slow-feedback-second-budget-20261003/config.yaml,5262,fde489319c88052e3122e9237d4e4fd0a731bcf5a7524f2822f8f0e3d0b6873e
training,logs/training/br-address-slow-feedback-second-budget-20261003,logs/training/br-address-slow-feedback-second-budget-20261003/final.curriculum.json,944,e8bb1e6399df0b7af532201d3b2fa2a2423401f24dbe513e9f952159304d658f
training,logs/training/br-address-slow-feedback-second-budget-20261003,logs/training/br-address-slow-feedback-second-budget-20261003/identity.json,52546,2a5d369cdafb722b22692b883137a895d176226458978cb6833adf73919bcc30
training,logs/training/br-address-slow-feedback-second-budget-20261003,logs/training/br-address-slow-feedback-second-budget-20261003/progress.json,798320,03edd62d72fac123baa6448d0c1e21571916b8714e6658872cd9d54fe8517091
training,logs/training/br-address-slow-feedback-second-budget-20261003,logs/training/br-address-slow-feedback-second-budget-20261003/replays/5fa108e5773e4296b6353808dbee6bde/episode-00000001-slot-7.json,194,ba263bec32ab5cbf8de6ac8443563f5f5bd66c44248dab07cc8a59dc1996982a
training,logs/training/br-address-slow-feedback-second-budget-20261003,logs/training/br-address-slow-feedback-second-budget-20261003/replays/5fa108e5773e4296b6353808dbee6bde/episode-00000002-slot-4.json,194,baea4a63846dd0958c0baf97d2bd40eca4877c74066908196857eecb6b71cce9
training,logs/training/br-address-slow-feedback-second-budget-20261003,logs/training/br-address-slow-feedback-second-budget-20261003/replays/5fa108e5773e4296b6353808dbee6bde/episode-00000003-slot-5.json,194,19d6c46de9d3a974898fdefd3c6ead9ac3da5148b286d7f8ef325c474b239f08
training,logs/training/br-address-slow-feedback-second-budget-20261003,logs/training/br-address-slow-feedback-second-budget-20261003/replays/5fa108e5773e4296b6353808dbee6bde/episode-00000004-slot-2.json,194,118dfdaeb80e3b3831092c617755e29bc4bda312625f34082020ba92d240eddf
training,logs/training/br-address-slow-feedback-second-budget-20261003,logs/training/br-address-slow-feedback-second-budget-20261003/replays/5fa108e5773e4296b6353808dbee6bde/episode-00000005-slot-1.json,194,5bdec422222637b7e6f857b6fb99a7f15788d340dab7c27872e726b09ddf1c56
training,logs/training/br-address-slow-feedback-second-budget-20261003,logs/training/br-address-slow-feedback-second-budget-20261003/replays/5fa108e5773e4296b6353808dbee6bde/episode-00000006-slot-6.json,194,e9500367750ae870e1e499626c421749c02ffe5e30358dfad8f036eb503f5534
training,logs/training/br-address-slow-feedback-second-budget-20261003,logs/training/br-address-slow-feedback-second-budget-20261003/replays/5fa108e5773e4296b6353808dbee6bde/episode-00000007-slot-0.json,194,bebd81bbb7753e16b862f6b8fb18c9f257f98adbd7cbcda35ce55cf54682ac5f
training,logs/training/br-address-slow-feedback-second-budget-20261003,logs/training/br-address-slow-feedback-second-budget-20261003/replays/5fa108e5773e4296b6353808dbee6bde/episode-00000008-slot-3.json,194,1b8b4449b2c5d38a44ed5ad76d7f9eb00b62e6add3afd67967fbdc1a90d09177
training,logs/training/br-address-slow-feedback-second-budget-20261003,logs/training/br-address-slow-feedback-second-budget-20261003/replays/5fa108e5773e4296b6353808dbee6bde/episode-00000009-slot-4.json,200,1fd48697528c179b7b0be921c7cf6aa70212ba88630c2de2e9d7cb776efdd35e
training,logs/training/br-address-slow-feedback-second-budget-20261003,logs/training/br-address-slow-feedback-second-budget-20261003/replays/5fa108e5773e4296b6353808dbee6bde/episode-00000010-slot-7.json,200,89f39968419a348593c285d9a56e1f304fe71c4afcb37cc77c8b35c159a1a186
training,logs/training/br-address-slow-feedback-second-budget-20261003,logs/training/br-address-slow-feedback-second-budget-20261003/replays/5fa108e5773e4296b6353808dbee6bde/episode-00000011-slot-2.json,200,b77e53d903830231767200db7d2bec6fdab07eb012cef8214c932a5723ec905a
training,logs/training/br-address-slow-feedback-second-budget-20261003,logs/training/br-address-slow-feedback-second-budget-20261003/replays/5fa108e5773e4296b6353808dbee6bde/episode-00000012-slot-5.json,200,02334a30681bfc7e2bf9cc9cfe71c9dc99b743b3cd829fbd7d9fd4edcf4f9e71
training,logs/training/br-address-slow-feedback-second-budget-20261003,logs/training/br-address-slow-feedback-second-budget-20261003/replays/5fa108e5773e4296b6353808dbee6bde/episode-00000013-slot-3.json,200,18c84de2ee2d4db17288b930934997f6d5d37ea7af2defae409935d689faba7b
training,logs/training/br-address-slow-feedback-second-budget-20261003,logs/training/br-address-slow-feedback-second-budget-20261003/replays/5fa108e5773e4296b6353808dbee6bde/episode-00000014-slot-0.json,200,484920a151686441fc54180a6db7de9616876082ecd5dc34566dc47e9f9749cb
training,logs/training/br-address-slow-feedback-second-budget-20261003,logs/training/br-address-slow-feedback-second-budget-20261003/replays/5fa108e5773e4296b6353808dbee6bde/episode-00000015-slot-1.json,199,c1e148424f3cd123942d50e7ab66194b885a8d0d46374deed48cb82103d56bc9
training,logs/training/br-address-slow-feedback-second-budget-20261003,logs/training/br-address-slow-feedback-second-budget-20261003/replays/5fa108e5773e4296b6353808dbee6bde/episode-00000016-slot-6.json,200,0e75e90de6377db4702e84526be7b9ad92d37a67c47525ad65a6be5cafee8f50
training,logs/training/br-address-slow-feedback-second-budget-20261003,logs/training/br-address-slow-feedback-second-budget-20261003/replays/5fa108e5773e4296b6353808dbee6bde/episode-00000017-slot-7.json,200,91977d1366a0b0c65c53da919a256b0e377029272a6b6a753aefd878f5be6853
training,logs/training/br-address-slow-feedback-second-budget-20261003,logs/training/br-address-slow-feedback-second-budget-20261003/replays/5fa108e5773e4296b6353808dbee6bde/episode-00000018-slot-4.json,199,6ccdc08148b41cdc453a8dadbf17f3f3db37cf88172104778e05c9e37929a20f
training,logs/training/br-address-slow-feedback-second-budget-20261003,logs/training/br-address-slow-feedback-second-budget-20261003/replays/5fa108e5773e4296b6353808dbee6bde/episode-00000019-slot-7.json,200,fb914288165ba610f499b6db9007e8627d8a01d76797ba12a8cd163735438101
training,logs/training/br-address-slow-feedback-second-budget-20261003,logs/training/br-address-slow-feedback-second-budget-20261003/replays/5fa108e5773e4296b6353808dbee6bde/episode-00000020-slot-1.json,199,506e3b4cf80d153602452c1502c05dfd68d3f333e329df6764770d3252c69fba
training,logs/training/br-address-slow-feedback-second-budget-20261003,logs/training/br-address-slow-feedback-second-budget-20261003/replays/5fa108e5773e4296b6353808dbee6bde/episode-00000021-slot-2.json,200,72de17c670570b04c567c2c7efb9733a24292030dd9380ede99e7c33ec7b879a
training,logs/training/br-address-slow-feedback-second-budget-20261003,logs/training/br-address-slow-feedback-second-budget-20261003/replays/5fa108e5773e4296b6353808dbee6bde/episode-00000022-slot-6.json,200,ca9a02f7585d2450f3e62831a29897dfed7f59fb8d2d0386e9322dfd1ff500a2
training,logs/training/br-address-slow-feedback-second-budget-20261003,logs/training/br-address-slow-feedback-second-budget-20261003/replays/5fa108e5773e4296b6353808dbee6bde/episode-00000023-slot-0.json,200,93125973471f6459eac9e181c55cea094032d2b10fe52779d15a9a476a383371
training,logs/training/br-address-slow-feedback-second-budget-20261003,logs/training/br-address-slow-feedback-second-budget-20261003/replays/5fa108e5773e4296b6353808dbee6bde/episode-00000024-slot-3.json,200,22e57062b796adca922961375c1463b378c70a7ec855efcbadbfd56bb66f9817
training,logs/training/br-address-slow-feedback-second-budget-20261003,logs/training/br-address-slow-feedback-second-budget-20261003/replays/5fa108e5773e4296b6353808dbee6bde/episode-00000025-slot-5.json,200,1e1ca9e62f16d4deee5a7d2da7b065bd9fa71b206e5c8fd495290293763f2aaa
training,logs/training/br-address-slow-feedback-second-budget-20261003,logs/training/br-address-slow-feedback-second-budget-20261003/replays/5fa108e5773e4296b6353808dbee6bde/episode-00000026-slot-4.json,200,2af86f7ffcb798962d92979ca7451ede97fd5d52a1e25a4d1e437d2347f63b66
training,logs/training/br-address-slow-feedback-second-budget-20261003,logs/training/br-address-slow-feedback-second-budget-20261003/replays/5fa108e5773e4296b6353808dbee6bde/episode-00000027-slot-3.json,199,0a347aded099f0b7852089e7f6bb93b03926e6c3da878bb24581b997993646a9
training,logs/training/br-address-slow-feedback-second-budget-20261003,logs/training/br-address-slow-feedback-second-budget-20261003/replays/5fa108e5773e4296b6353808dbee6bde/episode-00000028-slot-7.json,200,934274d5d628cfb3cc79439d821a1c1ffab27d8643f4aa527266d3aec8e1e524
training,logs/training/br-address-slow-feedback-second-budget-20261003,logs/training/br-address-slow-feedback-second-budget-20261003/replays/5fa108e5773e4296b6353808dbee6bde/episode-00000029-slot-0.json,200,5b5e4ea42cb1071135c7fa6514b1d839dcb1f56e55ed9df5104ddfef01ead1fd
training,logs/training/br-address-slow-feedback-second-budget-20261003,logs/training/br-address-slow-feedback-second-budget-20261003/replays/5fa108e5773e4296b6353808dbee6bde/episode-00000030-slot-2.json,200,2a9f1805048011fdd504bfad2341947a36dfff2f7c62abc677b49fe4a384a704
training,logs/training/br-address-slow-feedback-second-budget-20261003,logs/training/br-address-slow-feedback-second-budget-20261003/replays/5fa108e5773e4296b6353808dbee6bde/episode-00000031-slot-5.json,200,cd5bbf1791b01f2bfb0cec773bccc516d8394b0a7a72e2871df08926b711b53c
training,logs/training/br-address-slow-feedback-second-budget-20261003,logs/training/br-address-slow-feedback-second-budget-20261003/replays/5fa108e5773e4296b6353808dbee6bde/episode-00000032-slot-1.json,200,77e8b662beb4bab0b32f2b302839781e7b0187451dfb479671ebdcd905ce8676
training,logs/training/br-address-slow-feedback-second-budget-20261003,logs/training/br-address-slow-feedback-second-budget-20261003/replays/5fa108e5773e4296b6353808dbee6bde/episode-00000033-slot-6.json,199,e4b073a1ba3d5ad816065e31f171a78a61c72eb7db782b8fd5600e61e46cf197
training,logs/training/br-address-slow-feedback-second-budget-20261003,logs/training/br-address-slow-feedback-second-budget-20261003/replays/5fa108e5773e4296b6353808dbee6bde/episode-00000034-slot-1.json,200,24f263d7d1951b91d20db4dbbc155b5fa5c004ac1ab486f24ed36f380d65b4a2
training,logs/training/br-address-slow-feedback-second-budget-20261003,logs/training/br-address-slow-feedback-second-budget-20261003/replays/5fa108e5773e4296b6353808dbee6bde/episode-00000035-slot-3.json,200,16d598bb47a7f9049077d7cff07f8bf216fc5f898c57d4b25826592bbdd09aeb
training,logs/training/br-address-slow-feedback-second-budget-20261003,logs/training/br-address-slow-feedback-second-budget-20261003/replays/5fa108e5773e4296b6353808dbee6bde/episode-00000036-slot-4.json,199,2d5cf295cc9d4dd9470482e431cf6f443a373d2ec4f0ebf9c6b9e9bdfb9090f4
training,logs/training/br-address-slow-feedback-second-budget-20261003,logs/training/br-address-slow-feedback-second-budget-20261003/replays/5fa108e5773e4296b6353808dbee6bde/episode-00000037-slot-7.json,199,12f86463df5e9e8138157c9989a580505546f65f146921e6e697c380a23dedb9
training,logs/training/br-address-slow-feedback-second-budget-20261003,logs/training/br-address-slow-feedback-second-budget-20261003/replays/5fa108e5773e4296b6353808dbee6bde/episode-00000038-slot-2.json,199,d21b6b3fc188dec7c7982ea09f6f156a449141b12972da90d621a43b9e50e26f
training,logs/training/br-address-slow-feedback-second-budget-20261003,logs/training/br-address-slow-feedback-second-budget-20261003/replays/5fa108e5773e4296b6353808dbee6bde/episode-00000039-slot-0.json,200,f0ff373612856dfa650709f81c6ccbe9264b60f0f702394b388f25dc8e062160
training,logs/training/br-address-slow-feedback-second-budget-20261003,logs/training/br-address-slow-feedback-second-budget-20261003/replays/5fa108e5773e4296b6353808dbee6bde/episode-00000040-slot-5.json,200,b5cbfe42eab2b937fc2e699ab617279b55a75e46c2ca33369ff9d71a0fd1d66a
training,logs/training/br-address-slow-feedback-second-budget-20261003,logs/training/br-address-slow-feedback-second-budget-20261003/replays/5fa108e5773e4296b6353808dbee6bde/episode-00000041-slot-4.json,200,00a8aa75356341b6a2ceb91d1b5facb8945d155aabfd045f8db9836a041048d9
training,logs/training/br-address-slow-feedback-second-budget-20261003,logs/training/br-address-slow-feedback-second-budget-20261003/replays/5fa108e5773e4296b6353808dbee6bde/episode-00000042-slot-6.json,200,1b7423438eaba178c096739b7e240eaa09c422968747f52289b29225a321e780
training,logs/training/br-address-slow-feedback-second-budget-20261003,logs/training/br-address-slow-feedback-second-budget-20261003/replays/5fa108e5773e4296b6353808dbee6bde/episode-00000043-slot-3.json,200,57b5f8a6b850526c18f82357dfe32b2a968c26e0fb2ccfa037ca5b32cedfc61f
training,logs/training/br-address-slow-feedback-second-budget-20261003,logs/training/br-address-slow-feedback-second-budget-20261003/replays/5fa108e5773e4296b6353808dbee6bde/episode-00000044-slot-1.json,199,d9fb0a2f019edd5e7486dc163a479b4ac151e6c5a695256815fe9e29a0d77cc5
training,logs/training/br-address-slow-feedback-second-budget-20261003,logs/training/br-address-slow-feedback-second-budget-20261003/replays/5fa108e5773e4296b6353808dbee6bde/episode-00000045-slot-5.json,200,689285e5d21a9f6392fbcc641520c44ff196772745a98655b4bf0a9d5a5fb79e
training,logs/training/br-address-slow-feedback-second-budget-20261003,logs/training/br-address-slow-feedback-second-budget-20261003/replays/5fa108e5773e4296b6353808dbee6bde/episode-00000046-slot-2.json,199,2282546dcac0e5b4fc528a7c5309fe46e65ca847e84f204d47a42f169856e60e
training,logs/training/br-address-slow-feedback-second-budget-20261003,logs/training/br-address-slow-feedback-second-budget-20261003/replays/5fa108e5773e4296b6353808dbee6bde/episode-00000047-slot-0.json,200,2f1237dce6c7b70ae71c86c5045d9fc3f417b809f5b5fea82c7270a827dfbe60
training,logs/training/br-address-slow-feedback-second-budget-20261003,logs/training/br-address-slow-feedback-second-budget-20261003/replays/5fa108e5773e4296b6353808dbee6bde/episode-00000048-slot-3.json,200,ece9bc8d8d947e370d2cbc0be1dabf7bdc5575cc0b2bcc54bf8f4fa0a8d31658
training,logs/training/br-address-slow-feedback-second-budget-20261003,logs/training/br-address-slow-feedback-second-budget-20261003/replays/5fa108e5773e4296b6353808dbee6bde/episode-00000049-slot-7.json,204,c643556f5e02c778f85ffab1663eca13b5954ea78e2de4b9c0159af4287fd2f3
training,logs/training/br-address-slow-feedback-second-budget-20261003,logs/training/br-address-slow-feedback-second-budget-20261003/replays/5fa108e5773e4296b6353808dbee6bde/episode-00000050-slot-4.json,200,2ba2af02d1b2f54257a98c76998e43eb4943944b272eb3a09fa3322a05687715
training,logs/training/br-address-slow-feedback-second-budget-20261003,logs/training/br-address-slow-feedback-second-budget-20261003/replays/5fa108e5773e4296b6353808dbee6bde/episode-00000051-slot-6.json,200,04960924326bce415ffde7d34ae82a7293088ddb0370f56cbcb47d002d03beb2
training,logs/training/br-address-slow-feedback-second-budget-20261003,logs/training/br-address-slow-feedback-second-budget-20261003/replays/5fa108e5773e4296b6353808dbee6bde/episode-00000052-slot-0.json,200,6bfbd8db7c38fed4a5306e250fb13ba006e47892ce1dc8b76274532d9748d432
training,logs/training/br-address-slow-feedback-second-budget-20261003,logs/training/br-address-slow-feedback-second-budget-20261003/replays/5fa108e5773e4296b6353808dbee6bde/episode-00000053-slot-1.json,200,d2a9baf4b4112d1082ee78c8884232fd973551f3a56061bd7b4279f16d99ce91
training,logs/training/br-address-slow-feedback-second-budget-20261003,logs/training/br-address-slow-feedback-second-budget-20261003/replays/5fa108e5773e4296b6353808dbee6bde/episode-00000054-slot-4.json,199,7687bebbec2d28ba4b82613ac15f45605d97e96ac57d5d541a36c921d03abf63
training,logs/training/br-address-slow-feedback-second-budget-20261003,logs/training/br-address-slow-feedback-second-budget-20261003/replays/5fa108e5773e4296b6353808dbee6bde/episode-00000055-slot-2.json,199,88fb2ea65ae329d7ff024044cf883853825de9f837cd3823db3081ec311852e0
training,logs/training/br-address-slow-feedback-second-budget-20261003,logs/training/br-address-slow-feedback-second-budget-20261003/replays/5fa108e5773e4296b6353808dbee6bde/episode-00000056-slot-5.json,200,d3e315e21d76fe135ca4a0a0f25734cd46ced92e8688534741c026d78e8d8003
training,logs/training/br-address-slow-feedback-second-budget-20261003,logs/training/br-address-slow-feedback-second-budget-20261003/replays/5fa108e5773e4296b6353808dbee6bde/episode-00000057-slot-3.json,200,459e679b8d4a2a7e3a79fb111dfe616e1f289cb20e3cae523071eefdcdf82ef9
training,logs/training/br-address-slow-feedback-second-budget-20261003,logs/training/br-address-slow-feedback-second-budget-20261003/replays/5fa108e5773e4296b6353808dbee6bde/episode-00000058-slot-4.json,200,d061a53f322a01d5e930562f563f8283c72440df1d0806cb5d355591b9dee216
training,logs/training/br-address-slow-feedback-second-budget-20261003,logs/training/br-address-slow-feedback-second-budget-20261003/replays/5fa108e5773e4296b6353808dbee6bde/episode-00000059-slot-7.json,200,8b9792dda9904d7a1cdfe5298f8dceab019776da48794bafc76ec862a0259bcc
training,logs/training/br-address-slow-feedback-second-budget-20261003,logs/training/br-address-slow-feedback-second-budget-20261003/replays/5fa108e5773e4296b6353808dbee6bde/episode-00000060-slot-6.json,199,3281c0c69abce0409a893ebcd6ad6696212b1d0e044a5ffe1d21cd8decaacacc
training,logs/training/br-address-slow-feedback-second-budget-20261003,logs/training/br-address-slow-feedback-second-budget-20261003/replays/5fa108e5773e4296b6353808dbee6bde/episode-00000061-slot-0.json,199,40f43cbcbf7569b7575438e27f2e5607d32078da20bdf97aa8183b89bf2d8294
training,logs/training/br-address-slow-feedback-second-budget-20261003,logs/training/br-address-slow-feedback-second-budget-20261003/replays/5fa108e5773e4296b6353808dbee6bde/episode-00000062-slot-3.json,200,dbf44cfd40bb13bca52546e4219870d99ea44686dc1557255486a22f61fcc8c2
training,logs/training/br-address-slow-feedback-second-budget-20261003,logs/training/br-address-slow-feedback-second-budget-20261003/replays/5fa108e5773e4296b6353808dbee6bde/episode-00000063-slot-1.json,202,cc11bafad3e3ea52da9b05ef0eec6cbc343004e6ed24439fcadd4f850e10b7f6
training,logs/training/br-address-slow-feedback-second-budget-20261003,logs/training/br-address-slow-feedback-second-budget-20261003/replays/5fa108e5773e4296b6353808dbee6bde/episode-00000064-slot-5.json,200,89d5554b15bca7a916e712fe90af9f344d21a2f7d5e01f076833db36f6b1ad26
training,logs/training/br-address-slow-feedback-second-budget-20261003,logs/training/br-address-slow-feedback-second-budget-20261003/replays/5fa108e5773e4296b6353808dbee6bde/episode-00000065-slot-2.json,199,f382b300f7151af6bd4387e40ff0ffee66d8038646a6ed9bdc9088fca2c0b0cd
training,logs/training/br-address-slow-feedback-second-budget-20261003,logs/training/br-address-slow-feedback-second-budget-20261003/replays/5fa108e5773e4296b6353808dbee6bde/episode-00000066-slot-7.json,200,5acc3a4858b631c6a0051d7b4a6b121d805e01152403832d194bb97321f5e25f
training,logs/training/br-address-slow-feedback-second-budget-20261003,logs/training/br-address-slow-feedback-second-budget-20261003/replays/5fa108e5773e4296b6353808dbee6bde/episode-00000067-slot-4.json,200,098ed225077bd120f57b6e69b55f011c2e910ebaea836e0f095582089b7ff718
training,logs/training/br-address-slow-feedback-second-budget-20261003,logs/training/br-address-slow-feedback-second-budget-20261003/replays/5fa108e5773e4296b6353808dbee6bde/episode-00000068-slot-1.json,200,ab980e9cbbcb60177448da9caed3123477656bb57cfc84bc03dabac6cfe649a7
training,logs/training/br-address-slow-feedback-second-budget-20261003,logs/training/br-address-slow-feedback-second-budget-20261003/replays/5fa108e5773e4296b6353808dbee6bde/episode-00000069-slot-0.json,200,a79025e7861a30138b7c7d368744d65fadbb6bd4b4f3f6c27d7d26060d60399e
training,logs/training/br-address-slow-feedback-second-budget-20261003,logs/training/br-address-slow-feedback-second-budget-20261003/replays/5fa108e5773e4296b6353808dbee6bde/episode-00000070-slot-7.json,200,1be7b563672dd41645c663a22b4fb9e5c999b1bf94ad45cba1bab8ebed390e49
training,logs/training/br-address-slow-feedback-second-budget-20261003,logs/training/br-address-slow-feedback-second-budget-20261003/replays/5fa108e5773e4296b6353808dbee6bde/episode-00000071-slot-5.json,200,2d0bdefc74795aef40dcdbdd635634bda34b118516c7712b8798b8ad79ee0fe7
training,logs/training/br-address-slow-feedback-second-budget-20261003,logs/training/br-address-slow-feedback-second-budget-20261003/replays/5fa108e5773e4296b6353808dbee6bde/episode-00000072-slot-6.json,204,4e169f723f0befb8bbe62c7a8dc288ea4d4e307b88aa49a8bd9393c96cafa222
training,logs/training/br-address-slow-feedback-second-budget-20261003,logs/training/br-address-slow-feedback-second-budget-20261003/replays/5fa108e5773e4296b6353808dbee6bde/episode-00000073-slot-3.json,200,c8564901ded68e6beb002d766291342762130236eef96380c24c30b3f1a90b9f
training,logs/training/br-address-slow-feedback-second-budget-20261003,logs/training/br-address-slow-feedback-second-budget-20261003/replays/5fa108e5773e4296b6353808dbee6bde/episode-00000074-slot-2.json,199,96733c2cce7bd5a2c0df6782990266b5c70f02f9ae52ab0b4c55b0e0b354f37b
training,logs/training/br-address-slow-feedback-second-budget-20261003,logs/training/br-address-slow-feedback-second-budget-20261003/replays/5fa108e5773e4296b6353808dbee6bde/episode-00000075-slot-7.json,200,d311b711b6851f442a227f3597ae3345f2e7bef1dbf34c93711a779d870a84cf
training,logs/training/br-address-slow-feedback-second-budget-20261003,logs/training/br-address-slow-feedback-second-budget-20261003/replays/5fa108e5773e4296b6353808dbee6bde/episode-00000076-slot-0.json,199,072b264c8822fa0351586325562c0d5e99077678610abae9afec9b295538df2a
training,logs/training/br-address-slow-feedback-second-budget-20261003,logs/training/br-address-slow-feedback-second-budget-20261003/replays/5fa108e5773e4296b6353808dbee6bde/episode-00000077-slot-3.json,198,4f1e2aed5fbafd6be85ec57055481c5e437454b49877c58d6ed6ede56d44eb5e
training,logs/training/br-address-slow-feedback-second-budget-20261003,logs/training/br-address-slow-feedback-second-budget-20261003/replays/5fa108e5773e4296b6353808dbee6bde/episode-00000078-slot-1.json,200,9fd78d0423cb8405dd6fc7c0007f284231331ec32c5888e7473cc0a48e43436e
training,logs/training/br-address-slow-feedback-second-budget-20261003,logs/training/br-address-slow-feedback-second-budget-20261003/replays/5fa108e5773e4296b6353808dbee6bde/episode-00000079-slot-4.json,204,6426fb1e0ccf1219672614af7aafa189a0a75140f7de0fee8406a36d6ed0b562
training,logs/training/br-address-slow-feedback-second-budget-20261003,logs/training/br-address-slow-feedback-second-budget-20261003/replays/5fa108e5773e4296b6353808dbee6bde/episode-00000080-slot-7.json,199,fcb653d6082dd7193312da8fc0fd15e0de5c68af282edc3cd49459a9b605a61d
training,logs/training/br-address-slow-feedback-second-budget-20261003,logs/training/br-address-slow-feedback-second-budget-20261003/replays/5fa108e5773e4296b6353808dbee6bde/episode-00000081-slot-5.json,204,30dce0604caf374ac6ad357fe1d8736f89dcd97ac9daad5f41c0df2633b0be1f
training,logs/training/br-address-slow-feedback-second-budget-20261003,logs/training/br-address-slow-feedback-second-budget-20261003/replays/5fa108e5773e4296b6353808dbee6bde/episode-00000082-slot-6.json,200,c5ea9b300fd2ef6dc3bc252afb4bbea8029aded3f5cf8cfb92cd07c642fb3b09
training,logs/training/br-address-slow-feedback-second-budget-20261003,logs/training/br-address-slow-feedback-second-budget-20261003/replays/5fa108e5773e4296b6353808dbee6bde/episode-00000083-slot-1.json,200,f4a98655948903df9a24a1931487548b153d5e440c01287608ee9eed60ec1b1f
training,logs/training/br-address-slow-feedback-second-budget-20261003,logs/training/br-address-slow-feedback-second-budget-20261003/replays/5fa108e5773e4296b6353808dbee6bde/episode-00000084-slot-3.json,200,59b0a4b1b5f59c33cd93475e742a921091571aa48ea60baa07906e7b0e4424f6
training,logs/training/br-address-slow-feedback-second-budget-20261003,logs/training/br-address-slow-feedback-second-budget-20261003/replays/5fa108e5773e4296b6353808dbee6bde/episode-00000085-slot-2.json,199,b12dde2ad29a669f8fd6e6584e4aa6f662128f902adf9955e9241c0d2d0da7da
training,logs/training/br-address-slow-feedback-second-budget-20261003,logs/training/br-address-slow-feedback-second-budget-20261003/replays/5fa108e5773e4296b6353808dbee6bde/episode-00000086-slot-0.json,200,7773483975b7790ab7b50cdeb4d9bcdd5eb8c1653a699425e735699e3a3dc406
training,logs/training/br-address-slow-feedback-second-budget-20261003,logs/training/br-address-slow-feedback-second-budget-20261003/replays/5fa108e5773e4296b6353808dbee6bde/episode-00000087-slot-7.json,200,887eb7831d8612c87ce169d7c80887e915ab1da6b659f85427982738152902bc
training,logs/training/br-address-slow-feedback-second-budget-20261003,logs/training/br-address-slow-feedback-second-budget-20261003/replays/5fa108e5773e4296b6353808dbee6bde/episode-00000088-slot-1.json,200,3f4fa5149591f6c8dd54155fe82106d99845af1b7070ce70e70a87dd60614451
training,logs/training/br-address-slow-feedback-second-budget-20261003,logs/training/br-address-slow-feedback-second-budget-20261003/replays/5fa108e5773e4296b6353808dbee6bde/episode-00000089-slot-4.json,199,530a3e8fd0a95330d4520106c3de500006671ce0d79b2ed8b9d859905aa98595
training,logs/training/br-address-slow-feedback-second-budget-20261003,logs/training/br-address-slow-feedback-second-budget-20261003/replays/5fa108e5773e4296b6353808dbee6bde/episode-00000090-slot-6.json,200,d4f585f4c2fd30a4995633c18cd0303ca80f454eacba0f4d1037cf5120cab7b2
training,logs/training/br-address-slow-feedback-second-budget-20261003,logs/training/br-address-slow-feedback-second-budget-20261003/replays/5fa108e5773e4296b6353808dbee6bde/episode-00000091-slot-5.json,200,10005114e982acc7113f2cddf349dcac4e653987383e9b0d850c33bfc31e14ca
training,logs/training/br-address-slow-feedback-second-budget-20261003,logs/training/br-address-slow-feedback-second-budget-20261003/replays/5fa108e5773e4296b6353808dbee6bde/episode-00000092-slot-3.json,200,4f09fa1eec1bbaf2360d53f442c28fe732e5d967cc83118a9c2b5e17e0f47cc5
training,logs/training/br-address-slow-feedback-second-budget-20261003,logs/training/br-address-slow-feedback-second-budget-20261003/replays/5fa108e5773e4296b6353808dbee6bde/episode-00000093-slot-0.json,199,77d7790a623aced94127027afefb5ee1e247149e371ae3cdc10551c51b164834
training,logs/training/br-address-slow-feedback-second-budget-20261003,logs/training/br-address-slow-feedback-second-budget-20261003/replays/5fa108e5773e4296b6353808dbee6bde/episode-00000094-slot-2.json,200,614880f21079aa278e09e394a23412bd3f4dbfb65e87d18558fe98c1fad8687f
training,logs/training/br-address-slow-feedback-second-budget-20261003,logs/training/br-address-slow-feedback-second-budget-20261003/replays/5fa108e5773e4296b6353808dbee6bde/episode-00000095-slot-1.json,200,5719aa8621adbcba0594814cb376707cd5407e0d93b827210929c1df4df4a5f6
training,logs/training/br-address-slow-feedback-second-budget-20261003,logs/training/br-address-slow-feedback-second-budget-20261003/replays/5fa108e5773e4296b6353808dbee6bde/episode-00000096-slot-6.json,200,a6e4fdaef3fe1697901254f98e2c0961ab12e18747294576248f6f51bf19e197
training,logs/training/br-address-slow-feedback-second-budget-20261003,logs/training/br-address-slow-feedback-second-budget-20261003/replays/5fa108e5773e4296b6353808dbee6bde/episode-00000097-slot-3.json,199,4fc2cb63caeeeffd62266f23064544c13e2f9fbc351247bcf54952d074ac37c5
training,logs/training/br-address-slow-feedback-second-budget-20261003,logs/training/br-address-slow-feedback-second-budget-20261003/replays/5fa108e5773e4296b6353808dbee6bde/episode-00000098-slot-7.json,200,c8f286dff5a17865fbe179600d0f68e4952bc4703791448e285c082532ae28ff
training,logs/training/br-address-slow-feedback-second-budget-20261003,logs/training/br-address-slow-feedback-second-budget-20261003/replays/5fa108e5773e4296b6353808dbee6bde/episode-00000099-slot-5.json,198,6d353e2f881d054fccbca6cc628ee3fd2d2082b779648b59f70414baf4e44137
training,logs/training/br-address-slow-feedback-second-budget-20261003,logs/training/br-address-slow-feedback-second-budget-20261003/replays/5fa108e5773e4296b6353808dbee6bde/episode-00000100-slot-4.json,204,1214efa847c1c5bd603063424f7eb2818af91455a83a5ae25f124c11e8e27666
training,logs/training/br-address-slow-feedback-second-budget-20261003,logs/training/br-address-slow-feedback-second-budget-20261003/replays/5fa108e5773e4296b6353808dbee6bde/episode-00000101-slot-1.json,200,8204c614b8c5b7bd03f734c6543e0260915a7adadfef177f00f6b96eba05d417
training,logs/training/br-address-slow-feedback-second-budget-20261003,logs/training/br-address-slow-feedback-second-budget-20261003/replays/5fa108e5773e4296b6353808dbee6bde/episode-00000102-slot-2.json,200,87cd4ca5712aca0b5f791a8aa15b05e18c9ea463c4dfedefcec502eeae3c4c43
training,logs/training/br-address-slow-feedback-second-budget-20261003,logs/training/br-address-slow-feedback-second-budget-20261003/replays/5fa108e5773e4296b6353808dbee6bde/episode-00000103-slot-0.json,200,1fc85c6db0ff13511f7cee5efce9dcc314aa3065c21ddb5bb11d21f36d6a5a09
training,logs/training/br-address-slow-feedback-second-budget-20261003,logs/training/br-address-slow-feedback-second-budget-20261003/replays/5fa108e5773e4296b6353808dbee6bde/episode-00000104-slot-6.json,200,16bac21718768d1be978c025f9958e8e044ccd8c75d476a1f803f5203420adeb
training,logs/training/br-address-slow-feedback-second-budget-20261003,logs/training/br-address-slow-feedback-second-budget-20261003/replays/5fa108e5773e4296b6353808dbee6bde/episode-00000105-slot-4.json,200,e12f70941fa3cd57335b77b72bb88822c7276ba81fca861b253bcead49ec7669
training,logs/training/br-address-slow-feedback-second-budget-20261003,logs/training/br-address-slow-feedback-second-budget-20261003/replays/5fa108e5773e4296b6353808dbee6bde/episode-00000106-slot-7.json,200,591bb5d260718eda86840fa0688c4311502212801d900aa7cd15a0b2001bec04
training,logs/training/br-address-slow-feedback-second-budget-20261003,logs/training/br-address-slow-feedback-second-budget-20261003/replays/5fa108e5773e4296b6353808dbee6bde/episode-00000107-slot-2.json,200,c9a15021f776b8fa87264e1e2b3a56bfd1a4e0506c43f196a1019caaba6dcf01
training,logs/training/br-address-slow-feedback-second-budget-20261003,logs/training/br-address-slow-feedback-second-budget-20261003/replays/5fa108e5773e4296b6353808dbee6bde/episode-00000108-slot-3.json,199,1898d0e8ff5e4dafd9e1b417a7a8db33db7e5de6880a741744bc3e27afad4d6d
training,logs/training/br-address-slow-feedback-second-budget-20261003,logs/training/br-address-slow-feedback-second-budget-20261003/replays/5fa108e5773e4296b6353808dbee6bde/episode-00000109-slot-1.json,200,910e97427d5fef35905dfa64c7b43d31cbf2fff336f6aebf56fd7c9e48373696
training,logs/training/br-address-slow-feedback-second-budget-20261003,logs/training/br-address-slow-feedback-second-budget-20261003/replays/5fa108e5773e4296b6353808dbee6bde/episode-00000110-slot-5.json,198,e6620affcbebf55ed1a7cc9f308dc995b787c55f9de8e938cb62efc35682645d
training,logs/training/br-address-slow-feedback-second-budget-20261003,logs/training/br-address-slow-feedback-second-budget-20261003/replays/5fa108e5773e4296b6353808dbee6bde/episode-00000111-slot-0.json,200,5e46bdfa810895435fd00509ec6cef887b445b1183556496a9ca36739cfd3b94
training,logs/training/br-address-slow-feedback-second-budget-20261003,logs/training/br-address-slow-feedback-second-budget-20261003/replays/5fa108e5773e4296b6353808dbee6bde/episode-00000112-slot-7.json,199,52e2f643197db60ee7c7437d24a75737687b0b052793846545522ef5bcc0305b
training,logs/training/br-address-slow-feedback-second-budget-20261003,logs/training/br-address-slow-feedback-second-budget-20261003/replays/5fa108e5773e4296b6353808dbee6bde/episode-00000113-slot-1.json,200,c26f231b4693c6ab968a1c4ea2f273120927a5c391a4f40f3e376ed728e01d5f
training,logs/training/br-address-slow-feedback-second-budget-20261003,logs/training/br-address-slow-feedback-second-budget-20261003/replays/5fa108e5773e4296b6353808dbee6bde/episode-00000114-slot-6.json,200,498bc3013e9535c933ee63f70573281abad911f09632c8270a9c8590658a5b4f
training,logs/training/br-address-slow-feedback-second-budget-20261003,logs/training/br-address-slow-feedback-second-budget-20261003/replays/5fa108e5773e4296b6353808dbee6bde/episode-00000115-slot-5.json,199,f07f278a99efbc79e7a855e64e85b98a3d210de2117ab3dcbb9596e2babb94fb
training,logs/training/br-address-slow-feedback-second-budget-20261003,logs/training/br-address-slow-feedback-second-budget-20261003/replays/5fa108e5773e4296b6353808dbee6bde/episode-00000116-slot-3.json,200,5ed81d7f3aab5b1253d41698f0c677f1d3c90dd04a7c3f8c89441c5680117f7f
training,logs/training/br-address-slow-feedback-second-budget-20261003,logs/training/br-address-slow-feedback-second-budget-20261003/replays/5fa108e5773e4296b6353808dbee6bde/episode-00000117-slot-4.json,199,f3b480889ca941a6df606ef2c106f7f46dd2200262c4af3f92c338e0af05a149
training,logs/training/br-address-slow-feedback-second-budget-20261003,logs/training/br-address-slow-feedback-second-budget-20261003/replays/5fa108e5773e4296b6353808dbee6bde/episode-00000118-slot-7.json,200,655a072b30813bcf12d6e06645d2ae114d48042d44af808de43fcb1bc56a75aa
training,logs/training/br-address-slow-feedback-second-budget-20261003,logs/training/br-address-slow-feedback-second-budget-20261003/replays/5fa108e5773e4296b6353808dbee6bde/episode-00000119-slot-0.json,200,29f91c4e515fec03bcfe4f329868792b65d6b5e03496d2cd6e718d157be5790c
training,logs/training/br-address-slow-feedback-second-budget-20261003,logs/training/br-address-slow-feedback-second-budget-20261003/replays/5fa108e5773e4296b6353808dbee6bde/episode-00000120-slot-2.json,200,691edad7e1267669a81e5c7175cf9bcd090c662025d5ef169b133f4975e4cb4e
training,logs/training/br-address-slow-feedback-second-budget-20261003,logs/training/br-address-slow-feedback-second-budget-20261003/replays/5fa108e5773e4296b6353808dbee6bde/episode-00000121-slot-5.json,200,0efdfb76b15e7f1f8e541781886cc37ebc23af5227c3a5c18b6ef2c0a4645823
training,logs/training/br-address-slow-feedback-second-budget-20261003,logs/training/br-address-slow-feedback-second-budget-20261003/replays/5fa108e5773e4296b6353808dbee6bde/episode-00000122-slot-6.json,200,c64c9e5dbfba915c45fabd7a802d84cf17694f782ed056db3e04b94864fbb91f
training,logs/training/br-address-slow-feedback-second-budget-20261003,logs/training/br-address-slow-feedback-second-budget-20261003/replays/5fa108e5773e4296b6353808dbee6bde/episode-00000123-slot-1.json,200,2f1452b39533759058b0b01490b2627c59e6c72de49a6629fb496f6bb8df2f43
training,logs/training/br-address-slow-feedback-second-budget-20261003,logs/training/br-address-slow-feedback-second-budget-20261003/replays/5fa108e5773e4296b6353808dbee6bde/episode-00000124-slot-3.json,200,fcc340f15e2446559b80a8cd062aab610e38d1e0b50bccf912fabba1317fbfe1
training,logs/training/br-address-slow-feedback-second-budget-20261003,logs/training/br-address-slow-feedback-second-budget-20261003/replays/5fa108e5773e4296b6353808dbee6bde/episode-00000125-slot-4.json,200,6190714e67f334bd41b4c616ec2c46c62310a996771a06224161c130c8894829
training,logs/training/br-address-slow-feedback-second-budget-20261003,logs/training/br-address-slow-feedback-second-budget-20261003/replays/5fa108e5773e4296b6353808dbee6bde/episode-00000126-slot-0.json,199,f0a16b02b992d81979841b73c380ea55ac058241b0d4f537ab884e12a7ee1b81
training,logs/training/br-address-slow-feedback-second-budget-20261003,logs/training/br-address-slow-feedback-second-budget-20261003/replays/5fa108e5773e4296b6353808dbee6bde/episode-00000127-slot-7.json,199,25143d348903b8fe86ae7d86bd6c3aa5bacc2c3ec54af44aa4b558f2521085fd
training,logs/training/br-address-slow-feedback-second-budget-20261003,logs/training/br-address-slow-feedback-second-budget-20261003/replays/5fa108e5773e4296b6353808dbee6bde/episode-00000128-slot-2.json,200,e638223db0d7ffbe97a2e74dde985bd34914ae4daaab0d6a547818c3f993737f
training,logs/training/br-address-slow-feedback-second-budget-20261003,logs/training/br-address-slow-feedback-second-budget-20261003/replays/5fa108e5773e4296b6353808dbee6bde/episode-00000129-slot-3.json,200,16fa04b61b506c9790341882c38fb786a43b3ab516ae13d0b32faad60511239e
training,logs/training/br-address-slow-feedback-second-budget-20261003,logs/training/br-address-slow-feedback-second-budget-20261003/replays/5fa108e5773e4296b6353808dbee6bde/episode-00000130-slot-6.json,200,62be30a9e87e3c0395ab206aaac17b443ce096627fb38cce580845bdcd0968af
training,logs/training/br-address-slow-feedback-second-budget-20261003,logs/training/br-address-slow-feedback-second-budget-20261003/replays/5fa108e5773e4296b6353808dbee6bde/episode-00000131-slot-4.json,200,72556bd90b362d5601b97fc852c89023cf8949f1c2134aec3015f4af7666a2af
training,logs/training/br-address-slow-feedback-second-budget-20261003,logs/training/br-address-slow-feedback-second-budget-20261003/replays/5fa108e5773e4296b6353808dbee6bde/episode-00000132-slot-1.json,200,f560c5a5990c78cb09c2c6b75aabab1ddf466db06941658257cb011ec0612bd7
training,logs/training/br-address-slow-feedback-second-budget-20261003,logs/training/br-address-slow-feedback-second-budget-20261003/replays/5fa108e5773e4296b6353808dbee6bde/episode-00000133-slot-5.json,200,79f5359202cddd1be433f2122196827fed32317a0c00ef842927a986e5b6bdc6
training,logs/training/br-address-slow-feedback-second-budget-20261003,logs/training/br-address-slow-feedback-second-budget-20261003/replays/5fa108e5773e4296b6353808dbee6bde/episode-00000134-slot-7.json,200,5f77256545461b9a1f7e41aa3c0d9c17347f414715da7d74ec3ff2f98ba094e5
training,logs/training/br-address-slow-feedback-second-budget-20261003,logs/training/br-address-slow-feedback-second-budget-20261003/replays/5fa108e5773e4296b6353808dbee6bde/episode-00000135-slot-0.json,200,96829f1175b0792f5b646887e843ff032e6366fd79c36d6ab440f2d1cb8f36d3
training,logs/training/br-address-slow-feedback-second-budget-20261003,logs/training/br-address-slow-feedback-second-budget-20261003/replays/5fa108e5773e4296b6353808dbee6bde/episode-00000136-slot-2.json,200,494cb6fb4dd46ec10eb95452f05f426b5f8b02b255e5395096874087ceb23c34
training,logs/training/br-address-slow-feedback-second-budget-20261003,logs/training/br-address-slow-feedback-second-budget-20261003/replays/5fa108e5773e4296b6353808dbee6bde/episode-00000137-slot-6.json,199,9de29a902deffe2fcd6e2b0addeb4e66fe7577a26d565ca0d278a810750ddb18
training,logs/training/br-address-slow-feedback-second-budget-20261003,logs/training/br-address-slow-feedback-second-budget-20261003/replays/5fa108e5773e4296b6353808dbee6bde/episode-00000138-slot-4.json,200,714c6106a4d25ccc2a105ca54d8a7b8fef1baaa74399a67a1c0bdd315351d52c
training,logs/training/br-address-slow-feedback-second-budget-20261003,logs/training/br-address-slow-feedback-second-budget-20261003/replays/5fa108e5773e4296b6353808dbee6bde/episode-00000139-slot-3.json,199,02f96fd9c4478032968b4af7bc4555e5bafefefea2581f8fd1588528791e485c
training,logs/training/br-address-slow-feedback-second-budget-20261003,logs/training/br-address-slow-feedback-second-budget-20261003/replays/5fa108e5773e4296b6353808dbee6bde/episode-00000140-slot-1.json,200,13597820429b88d295c323021397e509cf5839678c918cfabeae3b0fd958b19a
training,logs/training/br-address-slow-feedback-second-budget-20261003,logs/training/br-address-slow-feedback-second-budget-20261003/replays/5fa108e5773e4296b6353808dbee6bde/episode-00000141-slot-7.json,200,66666d85e680a88d17deebb8ee0ec5f016d6599582616ecaad06a772dd855a04
training,logs/training/br-address-slow-feedback-second-budget-20261003,logs/training/br-address-slow-feedback-second-budget-20261003/replays/5fa108e5773e4296b6353808dbee6bde/episode-00000142-slot-5.json,200,9c1b7e6d934ca998fae1342179837d6b6aaf989c77f88a3bb28833fb106f564a
training,logs/training/br-address-slow-feedback-second-budget-20261003,logs/training/br-address-slow-feedback-second-budget-20261003/replays/5fa108e5773e4296b6353808dbee6bde/episode-00000143-slot-4.json,200,4b4353dcdd207b2aa3f2e9216c047416f2f73eb4e6a21bd3fa3f2ecfd22563f2
training,logs/training/br-address-slow-feedback-second-budget-20261003,logs/training/br-address-slow-feedback-second-budget-20261003/replays/5fa108e5773e4296b6353808dbee6bde/episode-00000144-slot-0.json,200,5575587cddb173dd5045b3d7aafdab3e0cf457c7edd6cab5db9ba19303216553
training,logs/training/br-address-slow-feedback-second-budget-20261003,logs/training/br-address-slow-feedback-second-budget-20261003/replays/5fa108e5773e4296b6353808dbee6bde/episode-00000145-slot-2.json,199,dc67ca8e81dbe1fa23b7926201544116666c390c1005f102b5d0f50ddaf18c77
training,logs/training/br-address-slow-feedback-second-budget-20261003,logs/training/br-address-slow-feedback-second-budget-20261003/replays/5fa108e5773e4296b6353808dbee6bde/episode-00000146-slot-6.json,200,2fbdf8161c7a9f74570b82824fefad021a8f2cdfb8b98b853d5a192209a2f5da
training,logs/training/br-address-slow-feedback-second-budget-20261003,logs/training/br-address-slow-feedback-second-budget-20261003/replays/5fa108e5773e4296b6353808dbee6bde/episode-00000147-slot-3.json,200,d876183df6fcc5a125697c4194331cce83e37c29e3397c8e3b44d4b74ecd9601
training,logs/training/br-address-slow-feedback-second-budget-20261003,logs/training/br-address-slow-feedback-second-budget-20261003/replays/5fa108e5773e4296b6353808dbee6bde/episode-00000148-slot-1.json,200,61480c86e1d661cbd98efaa4a736659822e8aa5b3ae864942b6890522e0f098f
training,logs/training/br-address-slow-feedback-second-budget-20261003,logs/training/br-address-slow-feedback-second-budget-20261003/replays/5fa108e5773e4296b6353808dbee6bde/episode-00000149-slot-2.json,200,0ce902550f4e90134c04c73c38616e007e3c87cf8d886f49cdc99aedc183ca83
training,logs/training/br-address-slow-feedback-second-budget-20261003,logs/training/br-address-slow-feedback-second-budget-20261003/replays/5fa108e5773e4296b6353808dbee6bde/episode-00000150-slot-7.json,200,4d037e9aa6379ea5cb87d6e32f0e8767fa80e3ca238bd360189f5c94cafe31f3
training,logs/training/br-address-slow-feedback-second-budget-20261003,logs/training/br-address-slow-feedback-second-budget-20261003/replays/5fa108e5773e4296b6353808dbee6bde/episode-00000151-slot-4.json,200,150b7e4465a2c33bae526f098644a26bb13c52adde42e00cb7c5931f506c0d2f
training,logs/training/br-address-slow-feedback-second-budget-20261003,logs/training/br-address-slow-feedback-second-budget-20261003/replays/5fa108e5773e4296b6353808dbee6bde/episode-00000152-slot-5.json,199,71446a542a11f08907f70e80c7275ec65b0093054760f3be9013d3695da73149
training,logs/training/br-address-slow-feedback-second-budget-20261003,logs/training/br-address-slow-feedback-second-budget-20261003/replays/5fa108e5773e4296b6353808dbee6bde/episode-00000153-slot-6.json,199,f7cbcb21dc333ab22e3535dc4184db5b5532a1ebd1db04e7e0999930db24e92a
training,logs/training/br-address-slow-feedback-second-budget-20261003,logs/training/br-address-slow-feedback-second-budget-20261003/replays/5fa108e5773e4296b6353808dbee6bde/episode-00000154-slot-2.json,200,db3443d3d7927d5900fdd2200db049af1a48e5c8d80a832f5d87cf04036e08b4
training,logs/training/br-address-slow-feedback-second-budget-20261003,logs/training/br-address-slow-feedback-second-budget-20261003/replays/5fa108e5773e4296b6353808dbee6bde/episode-00000155-slot-0.json,200,d04df4229946a940948452426ee4b3103c7f147971697c13d6618978d3bfc6db
training,logs/training/br-address-slow-feedback-second-budget-20261003,logs/training/br-address-slow-feedback-second-budget-20261003/replays/5fa108e5773e4296b6353808dbee6bde/episode-00000156-slot-3.json,200,eb0d7249a5f48c29994e6c9b40d01375bfd28f1eb9ad048d125fbaa141013a6d
training,logs/training/br-address-slow-feedback-second-budget-20261003,logs/training/br-address-slow-feedback-second-budget-20261003/replays/5fa108e5773e4296b6353808dbee6bde/episode-00000157-slot-1.json,200,84694e51d990459d392583f232eac0f06261474137f90cf046285cdf602e42c2
training,logs/training/br-address-slow-feedback-second-budget-20261003,logs/training/br-address-slow-feedback-second-budget-20261003/replays/5fa108e5773e4296b6353808dbee6bde/episode-00000158-slot-6.json,200,8814da777773ce73e02642baffc96ab69ecab38f4548526c0c1140b1be2e8c93
training,logs/training/br-address-slow-feedback-second-budget-20261003,logs/training/br-address-slow-feedback-second-budget-20261003/replays/5fa108e5773e4296b6353808dbee6bde/episode-00000159-slot-7.json,200,8a3ea7131ee522499660559378084f12090d39c37a4bf635713b42674f737bec
training,logs/training/br-address-slow-feedback-second-budget-20261003,logs/training/br-address-slow-feedback-second-budget-20261003/replays/5fa108e5773e4296b6353808dbee6bde/episode-00000160-slot-4.json,200,fce1fbbafb3185f6d51f1c7ebb1b32444bdabf052c811227c3457c34d91db934
training,logs/training/br-address-slow-feedback-second-budget-20261003,logs/training/br-address-slow-feedback-second-budget-20261003/replays/5fa108e5773e4296b6353808dbee6bde/episode-00000161-slot-0.json,200,e9b423efb41753e42c4d1e615fd447a40a4530a7f9bdedc1f8bdb0f64607f0ab
training,logs/training/br-address-slow-feedback-second-budget-20261003,logs/training/br-address-slow-feedback-second-budget-20261003/replays/5fa108e5773e4296b6353808dbee6bde/episode-00000162-slot-5.json,200,ab97ad78774bcd3f9a47d28b3aaeb1b917069eafe74b2961b1a53a6a5747dd15
training,logs/training/br-address-slow-feedback-second-budget-20261003,logs/training/br-address-slow-feedback-second-budget-20261003/replays/5fa108e5773e4296b6353808dbee6bde/episode-00000163-slot-2.json,200,fb17832e33cff8b7a16a3ace886c27cfb69bf05bc92d247d1e0c1ba17d6c194e
training,logs/training/br-address-slow-feedback-second-budget-20261003,logs/training/br-address-slow-feedback-second-budget-20261003/replays/5fa108e5773e4296b6353808dbee6bde/episode-00000164-slot-1.json,199,11e2cc4e59786795b7baa824a259e987c40d7bd3d8d6ee51cc3d357b08b4c0e0
training,logs/training/br-address-slow-feedback-second-budget-20261003,logs/training/br-address-slow-feedback-second-budget-20261003/replays/5fa108e5773e4296b6353808dbee6bde/episode-00000165-slot-6.json,200,7c73e6dadf7e2ef3ca51f54d0bc3805bbc7c7e3855d09de9b51097d07d3703df
training,logs/training/br-address-slow-feedback-second-budget-20261003,logs/training/br-address-slow-feedback-second-budget-20261003/replays/5fa108e5773e4296b6353808dbee6bde/episode-00000166-slot-3.json,199,5e24d7f4b5da10ecd6b09cf3d5c05991e1d09f26e750916508f3d343baa0d323
training,logs/training/br-address-slow-feedback-second-budget-20261003,logs/training/br-address-slow-feedback-second-budget-20261003/replays/5fa108e5773e4296b6353808dbee6bde/episode-00000167-slot-4.json,199,ab29a03768e2c7d23c8bf5c16388ce1ee63e16dce51c3c58bc7730006ba37d8e
training,logs/training/br-address-slow-feedback-second-budget-20261003,logs/training/br-address-slow-feedback-second-budget-20261003/replays/5fa108e5773e4296b6353808dbee6bde/episode-00000168-slot-7.json,200,a49bec3863cf5448cf3febf8ea9198bf86592311f4a19a0cdadcd08a2d679ea8
training,logs/training/br-address-slow-feedback-second-budget-20261003,logs/training/br-address-slow-feedback-second-budget-20261003/replays/5fa108e5773e4296b6353808dbee6bde/episode-00000169-slot-5.json,200,5ce994f5f57d50c6a21f1c56b617425a37594d35511aff04a983754884aa24a8
training,logs/training/br-address-slow-feedback-second-budget-20261003,logs/training/br-address-slow-feedback-second-budget-20261003/replays/5fa108e5773e4296b6353808dbee6bde/episode-00000170-slot-0.json,200,282d83167081c3da9dee0c90233e90cbb4481a88032eed8148c776c78779e5ab
training,logs/training/br-address-slow-feedback-second-budget-20261003,logs/training/br-address-slow-feedback-second-budget-20261003/replays/5fa108e5773e4296b6353808dbee6bde/episode-00000171-slot-2.json,200,ffc7bf70c53698ad92a0db6fce54eea86013d4c558b5a633ef025eda5a7d08d3
training,logs/training/br-address-slow-feedback-second-budget-20261003,logs/training/br-address-slow-feedback-second-budget-20261003/replays/5fa108e5773e4296b6353808dbee6bde/episode-00000172-slot-3.json,199,0777f8a9a5ae303dea7b30a5a283bdebb3471c8b14d1f3021ccd3163b47db995
training,logs/training/br-address-slow-feedback-second-budget-20261003,logs/training/br-address-slow-feedback-second-budget-20261003/replays/5fa108e5773e4296b6353808dbee6bde/episode-00000173-slot-1.json,199,a54c7ff04eb3b2d0dc5567cffe3ac11f9792bb91ac0caa9848f5936724a2c7ea
training,logs/training/br-address-slow-feedback-second-budget-20261003,logs/training/br-address-slow-feedback-second-budget-20261003/replays/5fa108e5773e4296b6353808dbee6bde/episode-00000174-slot-4.json,200,3a5dc079f609a87efd4320b098b5816f5386629d30ef7eb6285bbdea3981e57d
training,logs/training/br-address-slow-feedback-second-budget-20261003,logs/training/br-address-slow-feedback-second-budget-20261003/replays/5fa108e5773e4296b6353808dbee6bde/episode-00000175-slot-5.json,200,15b9059fe6964c5b3fdd3d16aac6c936c9d9bf0c9fb2d845047bb219d73ca04f
training,logs/training/br-address-slow-feedback-second-budget-20261003,logs/training/br-address-slow-feedback-second-budget-20261003/replays/5fa108e5773e4296b6353808dbee6bde/episode-00000176-slot-6.json,200,c78c27699d0dfdeaef31051cc2c4fe5a7e9fd441ff9cbc99c5c064e2abbfe930
training,logs/training/br-address-slow-feedback-second-budget-20261003,logs/training/br-address-slow-feedback-second-budget-20261003/replays/5fa108e5773e4296b6353808dbee6bde/episode-00000177-slot-7.json,199,45366435b739c25ba41059b4191a97691a626828ec952b1ce7bd7d5b3be2ec02
training,logs/training/br-address-slow-feedback-second-budget-20261003,logs/training/br-address-slow-feedback-second-budget-20261003/replays/5fa108e5773e4296b6353808dbee6bde/episode-00000178-slot-3.json,200,fab55116faf387667da053d5980a4d840f14fb711af9238faf8b3fafa20389b7
training,logs/training/br-address-slow-feedback-second-budget-20261003,logs/training/br-address-slow-feedback-second-budget-20261003/replays/5fa108e5773e4296b6353808dbee6bde/episode-00000179-slot-0.json,199,11bf2c4d5a4298bb78e3f2169c90a04759a1b2fe97af05f7987800a53af8b05b
training,logs/training/br-address-slow-feedback-second-budget-20261003,logs/training/br-address-slow-feedback-second-budget-20261003/replays/5fa108e5773e4296b6353808dbee6bde/episode-00000180-slot-2.json,200,79da977508201380e66973e041b3e463b84514cca10121df49556fae7c6441a7
training,logs/training/br-address-slow-feedback-second-budget-20261003,logs/training/br-address-slow-feedback-second-budget-20261003/replays/5fa108e5773e4296b6353808dbee6bde/episode-00000181-slot-4.json,199,b4063fa41b8c95bd06eab6c9ef3735f66f0c560e8c95a43cd929efb42d6c1388
training,logs/training/br-address-slow-feedback-second-budget-20261003,logs/training/br-address-slow-feedback-second-budget-20261003/replays/5fa108e5773e4296b6353808dbee6bde/episode-00000182-slot-1.json,200,bf82c59177c1007dfc62b1143415a079f3393e329b9e7aded4a30c9c39dd9a7a
training,logs/training/br-address-slow-feedback-second-budget-20261003,logs/training/br-address-slow-feedback-second-budget-20261003/replays/5fa108e5773e4296b6353808dbee6bde/episode-00000183-slot-5.json,200,9e39c3855f4f646e4e97a410e3d071fc260cecfe0c504c4a5b726bbd087d757d
training,logs/training/br-address-slow-feedback-second-budget-20261003,logs/training/br-address-slow-feedback-second-budget-20261003/replays/5fa108e5773e4296b6353808dbee6bde/episode-00000184-slot-6.json,200,554e7eeec967bef8ae1ddfa5454e00b4dcc9a137292fccc7a9f34930cd0ab146
training,logs/training/br-address-slow-feedback-second-budget-20261003,logs/training/br-address-slow-feedback-second-budget-20261003/replays/5fa108e5773e4296b6353808dbee6bde/episode-00000185-slot-3.json,199,1f398690511c2d08d6c418846f80c9e12628d93bc4ab5fe69dfe0a1a7bc0cc24
training,logs/training/br-address-slow-feedback-second-budget-20261003,logs/training/br-address-slow-feedback-second-budget-20261003/replays/5fa108e5773e4296b6353808dbee6bde/episode-00000186-slot-7.json,200,9dc04e03ccfc69585d886667effef7d53c2111d5cba647a1204e6a3b720ce042
training,logs/training/br-address-slow-feedback-second-budget-20261003,logs/training/br-address-slow-feedback-second-budget-20261003/replays/5fa108e5773e4296b6353808dbee6bde/episode-00000187-slot-0.json,200,fa13a783b774bc926c9ed962d595aac7edf62ff87b6cae76210ef338a50256a9
training,logs/training/br-address-slow-feedback-second-budget-20261003,logs/training/br-address-slow-feedback-second-budget-20261003/replays/5fa108e5773e4296b6353808dbee6bde/episode-00000188-slot-2.json,200,a60dfabf9c83cae57d47cef2ec6d97b69f475d288a87859529950e385fcebd07
training,logs/training/br-address-slow-feedback-second-budget-20261003,logs/training/br-address-slow-feedback-second-budget-20261003/replays/5fa108e5773e4296b6353808dbee6bde/episode-00000189-slot-1.json,200,18cfe1ed559820b3eff34fe214747f70db503211c161a03cf8311b0910bd02a3
training,logs/training/br-address-slow-feedback-second-budget-20261003,logs/training/br-address-slow-feedback-second-budget-20261003/replays/5fa108e5773e4296b6353808dbee6bde/episode-00000190-slot-4.json,200,a16d2f5d908d9668f4a39d849ac9e204daea99dbea89048f157fc2025603605d
training,logs/training/br-address-slow-feedback-second-budget-20261003,logs/training/br-address-slow-feedback-second-budget-20261003/replays/5fa108e5773e4296b6353808dbee6bde/episode-00000191-slot-5.json,200,a7fc93af1a3a0d1b68d679b95694b6cff035c642891d1328f8897323b53713e3
training,logs/training/br-address-slow-feedback-second-budget-20261003,logs/training/br-address-slow-feedback-second-budget-20261003/replays/5fa108e5773e4296b6353808dbee6bde/episode-00000192-slot-6.json,200,f64254583dbc471a5417ac34d5599813d787a02c94f2f5dde79347084ae50cf1
training,logs/training/br-address-slow-feedback-second-budget-20261003,logs/training/br-address-slow-feedback-second-budget-20261003/replays/5fa108e5773e4296b6353808dbee6bde/episode-00000193-slot-2.json,200,493cbdd79d65d83e743a51c6b384fb873995b18c888f5681af636daaac67a6ad
training,logs/training/br-address-slow-feedback-second-budget-20261003,logs/training/br-address-slow-feedback-second-budget-20261003/replays/5fa108e5773e4296b6353808dbee6bde/episode-00000194-slot-3.json,200,f70631f246628fa983cb914978f357b3d9e5f618ee2154851be116818eb6a1ca
training,logs/training/br-address-slow-feedback-second-budget-20261003,logs/training/br-address-slow-feedback-second-budget-20261003/replays/5fa108e5773e4296b6353808dbee6bde/episode-00000195-slot-0.json,200,bb12572b1c233ad4bf815201d08880f3ead393cf0b232b186ee622acb94dde39
training,logs/training/br-address-slow-feedback-second-budget-20261003,logs/training/br-address-slow-feedback-second-budget-20261003/replays/5fa108e5773e4296b6353808dbee6bde/episode-00000196-slot-1.json,199,1a3dab352c5837e6dc2c2e67f0474caeed6dfaa0e1cc805f0daf56c09e6eadcf
training,logs/training/br-address-slow-feedback-second-budget-20261003,logs/training/br-address-slow-feedback-second-budget-20261003/replays/5fa108e5773e4296b6353808dbee6bde/episode-00000197-slot-7.json,199,f8600807a306c00fe0cca1b3df3ca887c9439c660699a979bff3761c4e854a4b
training,logs/training/br-address-slow-feedback-second-budget-20261003,logs/training/br-address-slow-feedback-second-budget-20261003/replays/5fa108e5773e4296b6353808dbee6bde/episode-00000198-slot-4.json,200,0f0ce4353a90be260650881b67d5354bb1bdea8607512a660a6bc1144b586060
training,logs/training/br-address-slow-feedback-second-budget-20261003,logs/training/br-address-slow-feedback-second-budget-20261003/replays/5fa108e5773e4296b6353808dbee6bde/episode-00000199-slot-5.json,200,88c99506a736a5ef3219bd09f9166275f1f91decdabb37eca549d72851921561
training,logs/training/br-address-slow-feedback-second-budget-20261003,logs/training/br-address-slow-feedback-second-budget-20261003/replays/5fa108e5773e4296b6353808dbee6bde/episode-00000200-slot-2.json,200,f58d8edd742c34ab5b2fa62e0b60058e16e6abc0b42fcb1b6373eeb2b7146799
training,logs/training/br-address-slow-feedback-second-budget-20261003,logs/training/br-address-slow-feedback-second-budget-20261003/replays/5fa108e5773e4296b6353808dbee6bde/episode-00000201-slot-3.json,200,a7be89a3445b007d540ad22c2362d2d7e428abfea3bdd4c80f005bbb6275990b
training,logs/training/br-address-slow-feedback-second-budget-20261003,logs/training/br-address-slow-feedback-second-budget-20261003/replays/5fa108e5773e4296b6353808dbee6bde/episode-00000202-slot-6.json,200,0b575c1ba055a8ae758a0cf3e19063ba164cbb93d13709f750010aa6c2fc8b8e
training,logs/training/br-address-slow-feedback-second-budget-20261003,logs/training/br-address-slow-feedback-second-budget-20261003/replays/5fa108e5773e4296b6353808dbee6bde/episode-00000203-slot-0.json,199,dfce933e710366b42651a78c6da1bc56fe2cbb78f54c423dac0959daf44737ea
training,logs/training/br-address-slow-feedback-second-budget-20261003,logs/training/br-address-slow-feedback-second-budget-20261003/replays/5fa108e5773e4296b6353808dbee6bde/episode-00000204-slot-7.json,199,650cc4716337744f50a539c2fa5a47e60fab03d2404186e8261ea2b1f8a7e9ee
training,logs/training/br-address-slow-feedback-second-budget-20261003,logs/training/br-address-slow-feedback-second-budget-20261003/replays/5fa108e5773e4296b6353808dbee6bde/episode-00000205-slot-1.json,200,6a3030ffcd6ae6e9b4620cc915879990731766c4592a283061347b53c68167aa
training,logs/training/br-address-slow-feedback-second-budget-20261003,logs/training/br-address-slow-feedback-second-budget-20261003/replays/5fa108e5773e4296b6353808dbee6bde/episode-00000206-slot-5.json,200,b9637ffa9459db8880f5bb3bf586a23cc9592cf834ee835bc9797737c637e0a8
training,logs/training/br-address-slow-feedback-second-budget-20261003,logs/training/br-address-slow-feedback-second-budget-20261003/replays/5fa108e5773e4296b6353808dbee6bde/episode-00000207-slot-2.json,199,432d7490799c0f229e2f1b1a62220923bcd6cec9e1c66a5a3bb2c924c3bdf957
training,logs/training/br-address-slow-feedback-second-budget-20261003,logs/training/br-address-slow-feedback-second-budget-20261003/replays/5fa108e5773e4296b6353808dbee6bde/episode-00000208-slot-4.json,199,496f285f0eb0ab0f0561795e1ca4292fda4c8f217ae2f5c2f2c75d5a731b97de
training,logs/training/br-address-slow-feedback-second-budget-20261003,logs/training/br-address-slow-feedback-second-budget-20261003/replays/5fa108e5773e4296b6353808dbee6bde/episode-00000209-slot-6.json,200,d75646dd4e84216e63b3c9a3fd565660575c8d86546fa7ba7e2add1baafc8f0b
training,logs/training/br-address-slow-feedback-second-budget-20261003,logs/training/br-address-slow-feedback-second-budget-20261003/replays/5fa108e5773e4296b6353808dbee6bde/episode-00000210-slot-3.json,200,374cfd1aaf7307da4644cc089e4a8c6856717620c6d1332316d07aa8be9f3cd2
training,logs/training/br-address-slow-feedback-second-budget-20261003,logs/training/br-address-slow-feedback-second-budget-20261003/replays/5fa108e5773e4296b6353808dbee6bde/episode-00000211-slot-0.json,200,c7bda7b9f0dbb5967e60973b0a7c25174ae4f049c5009beb1f2c4c2c2e741a44
training,logs/training/br-address-slow-feedback-second-budget-20261003,logs/training/br-address-slow-feedback-second-budget-20261003/replays/5fa108e5773e4296b6353808dbee6bde/episode-00000212-slot-7.json,200,d898a3aafed46cec70fe61613d7469da9794976ba2e59fe58ee5c36204c51897
training,logs/training/br-address-slow-feedback-second-budget-20261003,logs/training/br-address-slow-feedback-second-budget-20261003/replays/5fa108e5773e4296b6353808dbee6bde/episode-00000213-slot-5.json,200,14ebc53ff4d8a74866f3c586def2b849a52e8c82d18bb4b0e9a42bb4cbfef55b
training,logs/training/br-address-slow-feedback-second-budget-20261003,logs/training/br-address-slow-feedback-second-budget-20261003/replays/5fa108e5773e4296b6353808dbee6bde/episode-00000214-slot-2.json,200,0988065c7a3909bcc2c440a64899dc80bf97ba53bb30a40ead27b71865a9647c
training,logs/training/br-address-slow-feedback-second-budget-20261003,logs/training/br-address-slow-feedback-second-budget-20261003/replays/5fa108e5773e4296b6353808dbee6bde/episode-00000215-slot-1.json,199,9c49117058a91f7875235eedf58a61f013af84aa93055b6d079cee4593d36569
training,logs/training/br-address-slow-feedback-second-budget-20261003,logs/training/br-address-slow-feedback-second-budget-20261003/replays/5fa108e5773e4296b6353808dbee6bde/episode-00000216-slot-6.json,199,67ab43eab0178a089766c95721eb04135cb53641aad52900f9dbe200ba42bedd
training,logs/training/br-address-slow-feedback-second-budget-20261003,logs/training/br-address-slow-feedback-second-budget-20261003/replays/5fa108e5773e4296b6353808dbee6bde/episode-00000217-slot-3.json,200,c2e74fac5929c69011d095930af4bc1685f21881f84541cbff38f50ddfde2eee
training,logs/training/br-address-slow-feedback-second-budget-20261003,logs/training/br-address-slow-feedback-second-budget-20261003/replays/5fa108e5773e4296b6353808dbee6bde/episode-00000218-slot-0.json,199,abc093e064b38ba38f0719030876d23ca6cb0335243db171c20add1a3332deac
training,logs/training/br-address-slow-feedback-second-budget-20261003,logs/training/br-address-slow-feedback-second-budget-20261003/replays/5fa108e5773e4296b6353808dbee6bde/episode-00000219-slot-1.json,197,88bd982b6f2f5415a2310124a6443a125ad6e1c19e6f9de9ee97ad8c8fd70619
training,logs/training/br-address-slow-feedback-second-budget-20261003,logs/training/br-address-slow-feedback-second-budget-20261003/replays/5fa108e5773e4296b6353808dbee6bde/episode-00000220-slot-2.json,199,50ec970ef187f276e81fa5a6962e23618dd72264703fc1c533194c82f230e9c7
training,logs/training/br-address-slow-feedback-second-budget-20261003,logs/training/br-address-slow-feedback-second-budget-20261003/replays/5fa108e5773e4296b6353808dbee6bde/episode-00000221-slot-3.json,198,fc5b04c96a28a4ae75299e0a6252d04d9009283985a47f81ce9bc7e6218ec458
training,logs/training/br-address-slow-feedback-second-budget-20261003,logs/training/br-address-slow-feedback-second-budget-20261003/replays/5fa108e5773e4296b6353808dbee6bde/episode-00000222-slot-4.json,198,d882d64c54c57655edcebd7a10a962afa0731f5e8b7fb817ba4b4d441d251908
training,logs/training/br-address-slow-feedback-second-budget-20261003,logs/training/br-address-slow-feedback-second-budget-20261003/replays/5fa108e5773e4296b6353808dbee6bde/episode-00000223-slot-5.json,199,bd0d5bb8e0646a85c4a925a5655bbc193717b68bf1669b16c88c7247726270ad
training,logs/training/br-address-slow-feedback-second-budget-20261003,logs/training/br-address-slow-feedback-second-budget-20261003/replays/5fa108e5773e4296b6353808dbee6bde/episode-00000224-slot-6.json,199,8a80d9e7d11dab8b908a4c96232017118455110e93d078023c0695d0dbce5f7e
training,logs/training/br-address-slow-feedback-second-budget-20261003,logs/training/br-address-slow-feedback-second-budget-20261003/replays/5fa108e5773e4296b6353808dbee6bde/episode-00000225-slot-7.json,197,ec482770a6d7901b997756fbae8c1b1c5311b2209860d19cadb19f0edd7551d0
training,logs/training/br-address-slow-feedback-second-budget-20261003,logs/training/br-address-slow-feedback-second-budget-20261003/result.json,2045,78d040fb9395fa8434894cfdced44ae43b53cd86d14e1e156a7bdbdfbe920720
training,logs/training/br-address-slow-feedback-second-budget-20261003,logs/training/br-address-slow-feedback-second-budget-20261003/scalars/progress.csv,146289,38f335dcd5594362d9759057c32ad372526241dc78a3993edc1bba3066efd083
training,logs/training/br-address-slow-feedback-second-budget-20261003,logs/training/br-address-slow-feedback-second-budget-20261003/timing.json,96441,0d2d1d29c1c1ddd1107869f26f265c688e89f9cf6684f09e4819862cf4a82b23
training,logs/training/br-address-teacher-control-20261002,logs/training/br-address-teacher-control-20261002/checkpoints/ppo_32768_steps.curriculum.json,928,39f4f1d5ad4aa1cfba223163c80a5945e66d6c03de50d993ed07ed79b7516cbf
training,logs/training/br-address-teacher-control-20261002,logs/training/br-address-teacher-control-20261002/checkpoints/ppo_65536_steps.curriculum.json,926,d366de53a85a1d042fff46ca095fd6d066581e20e7be6e0d84d4ff0a2245766e
training,logs/training/br-address-teacher-control-20261002,logs/training/br-address-teacher-control-20261002/checkpoints/updated_2048_steps.curriculum.json,851,ab238f3895dae0a0ae29beaca7c11dc467e262aa823bb7b405cc27daa69c3b77
training,logs/training/br-address-teacher-control-20261002,logs/training/br-address-teacher-control-20261002/checkpoints/updated_32768_steps.curriculum.json,928,83f6c501c9c7fce818bd05330bc78ffe983fb72bf4b5fea85be62143f5a2a2ff
training,logs/training/br-address-teacher-control-20261002,logs/training/br-address-teacher-control-20261002/checkpoints/updated_65536_steps.curriculum.json,926,dff40fd3b459a85b7d3080053c0729b0736e862043cc5c90636d2b05f2946f01
training,logs/training/br-address-teacher-control-20261002,logs/training/br-address-teacher-control-20261002/config.yaml,5209,4c6e8f2df3f33b9b7de2b948e4535200126b8df09ab4920131ea1686fff42e10
training,logs/training/br-address-teacher-control-20261002,logs/training/br-address-teacher-control-20261002/final.curriculum.json,926,dff40fd3b459a85b7d3080053c0729b0736e862043cc5c90636d2b05f2946f01
training,logs/training/br-address-teacher-control-20261002,logs/training/br-address-teacher-control-20261002/identity.json,50925,40eb6e7381b6a26a331a492b99e26946efbe87fe6bdee077e59ed0bc2d6dd3c6
training,logs/training/br-address-teacher-control-20261002,logs/training/br-address-teacher-control-20261002/progress.json,37984,a397389a64ddc6d37456dbc7b02ba1f2261a4d7ce126cdfdfe490902e9239363
training,logs/training/br-address-teacher-control-20261002,logs/training/br-address-teacher-control-20261002/replays/c843ab0dd10044359056417addef0ba0/episode-00000001-slot-1.json,194,57fc0734fd368fee0e792ad169c74c1ef2692adfe806269147c70842af9c7dfa
training,logs/training/br-address-teacher-control-20261002,logs/training/br-address-teacher-control-20261002/replays/c843ab0dd10044359056417addef0ba0/episode-00000002-slot-4.json,194,d2a3a533a61d527232171b4b46e7a7e38962af7e506dce5ce2937ddeec24a7e6
training,logs/training/br-address-teacher-control-20261002,logs/training/br-address-teacher-control-20261002/replays/c843ab0dd10044359056417addef0ba0/episode-00000003-slot-6.json,194,1096664c67bbe955fb9730b61d82ad5fb753fd4e685e6a64778363ea81824d84
training,logs/training/br-address-teacher-control-20261002,logs/training/br-address-teacher-control-20261002/replays/c843ab0dd10044359056417addef0ba0/episode-00000004-slot-2.json,194,54ce63aafdc2c345cafd0ff89451a1b749fe214878e89a2b1eca7ddb7b5f6796
training,logs/training/br-address-teacher-control-20261002,logs/training/br-address-teacher-control-20261002/replays/c843ab0dd10044359056417addef0ba0/episode-00000005-slot-0.json,194,1d7d0a87a9cecd040c76a5326ab115f298fdc6fc7121c4df7295f5c07191f5c8
training,logs/training/br-address-teacher-control-20261002,logs/training/br-address-teacher-control-20261002/replays/c843ab0dd10044359056417addef0ba0/episode-00000006-slot-5.json,194,85f2a2cab6cd267cde60f54376af561c5c67871f6e6ee5c445b6e1b580822635
training,logs/training/br-address-teacher-control-20261002,logs/training/br-address-teacher-control-20261002/replays/c843ab0dd10044359056417addef0ba0/episode-00000007-slot-7.json,194,d1b33ac38b12d4a6caeb53e54c9c4df094796b7adb222f155da37f491a4b7438
training,logs/training/br-address-teacher-control-20261002,logs/training/br-address-teacher-control-20261002/replays/c843ab0dd10044359056417addef0ba0/episode-00000008-slot-3.json,198,82a6e4031bdb954d39acf3054575d4cbc2657b34465a324e2629c05e32cdb4d6
training,logs/training/br-address-teacher-control-20261002,logs/training/br-address-teacher-control-20261002/replays/c843ab0dd10044359056417addef0ba0/episode-00000009-slot-0.json,198,b6f19b2a03f2e5a4af102f0c96c5958688540c0fd262aabf7bcfe74c5cd2d3a9
training,logs/training/br-address-teacher-control-20261002,logs/training/br-address-teacher-control-20261002/replays/c843ab0dd10044359056417addef0ba0/episode-00000010-slot-1.json,199,42e3878e64fdc1bab6df5bbbbb6d73b878027c84eba8ede67bf4e8317da2bf8e
training,logs/training/br-address-teacher-control-20261002,logs/training/br-address-teacher-control-20261002/replays/c843ab0dd10044359056417addef0ba0/episode-00000011-slot-2.json,199,07b0cc90c9424c99345161ffde0434348e3d42a85b09eed9ee1c3e4387888d85
training,logs/training/br-address-teacher-control-20261002,logs/training/br-address-teacher-control-20261002/replays/c843ab0dd10044359056417addef0ba0/episode-00000012-slot-3.json,198,e99bc4c622225edce4aff28e40a45d5d1b9b05901d1e3c49485da9b867c72520
training,logs/training/br-address-teacher-control-20261002,logs/training/br-address-teacher-control-20261002/replays/c843ab0dd10044359056417addef0ba0/episode-00000013-slot-4.json,199,710fc1e3c1214a49f0287862c9dcbc1bf4ca123253a959bcde12398d755af1cf
training,logs/training/br-address-teacher-control-20261002,logs/training/br-address-teacher-control-20261002/replays/c843ab0dd10044359056417addef0ba0/episode-00000014-slot-5.json,199,ae29baa7ab0cbdeb9fbade0cfbe209a5ccd1c4ddbb053ea19b066253a77c577e
training,logs/training/br-address-teacher-control-20261002,logs/training/br-address-teacher-control-20261002/replays/c843ab0dd10044359056417addef0ba0/episode-00000015-slot-6.json,199,c7da640746a52e8284555786e32e4d736cafb9a65a987bfe41980dde07ea00cf
training,logs/training/br-address-teacher-control-20261002,logs/training/br-address-teacher-control-20261002/replays/c843ab0dd10044359056417addef0ba0/episode-00000016-slot-7.json,199,e3faff547f1e28cd6b07116b3a59b199446ef5fa6ae24495ae28d147e53ad4e7
training,logs/training/br-address-teacher-control-20261002,logs/training/br-address-teacher-control-20261002/result.json,2010,861d996cc508724b0966751897ea35811760f1fbc74b4772fb671fbcfc06a948
training,logs/training/br-address-teacher-control-20261002,logs/training/br-address-teacher-control-20261002/scalars/progress.csv,7895,7a4f626bc540d0e70ac7236b4cf6e73607ae73c93929226d9000604d8b2bdf1b
training,logs/training/br-address-teacher-control-20261002,logs/training/br-address-teacher-control-20261002/timing.json,6328,4d7baad6980c9cd388ad2086aa698871e944cbb3bcc9c9077ecc4538c8eebd60
training,logs/training/br-address-teacher-replay-20261003,logs/training/br-address-teacher-replay-20261003/checkpoints/ppo_32768_steps.curriculum.json,896,45e79bf9e53cf8c0365b74323bf26a043ae3cf9378f6e45879f018620806247e
training,logs/training/br-address-teacher-replay-20261003,logs/training/br-address-teacher-replay-20261003/checkpoints/ppo_65536_steps.curriculum.json,927,547b9a551eb11d3ba512e6aac23fb2eb508af55c5b4812cbad2d1528e851bd5c
training,logs/training/br-address-teacher-replay-20261003,logs/training/br-address-teacher-replay-20261003/checkpoints/updated_2048_steps.curriculum.json,851,7081298e579c02e253acdaafaf3116a7c57eaeda4a2904c853687ee5423db881
training,logs/training/br-address-teacher-replay-20261003,logs/training/br-address-teacher-replay-20261003/checkpoints/updated_32768_steps.curriculum.json,896,83d6ee3af171175904a8f9be7b89e6a9a57f96012989f43799f2d6a6116884e8
training,logs/training/br-address-teacher-replay-20261003,logs/training/br-address-teacher-replay-20261003/checkpoints/updated_65536_steps.curriculum.json,927,cc4e99dc2c1374fc0cddcd6d3f194fe0fcf4f549152cc27b99cac0d4a507a91d
training,logs/training/br-address-teacher-replay-20261003,logs/training/br-address-teacher-replay-20261003/config.yaml,7692,26e86ec708c5af1e6f3737179efb587a5af723670dbd99d66414e83e5a715feb
training,logs/training/br-address-teacher-replay-20261003,logs/training/br-address-teacher-replay-20261003/final.curriculum.json,927,a81ce418a64d4712c6cbff7c331b6f7a6af3e512fc9d77fb0314404369c90915
training,logs/training/br-address-teacher-replay-20261003,logs/training/br-address-teacher-replay-20261003/identity.json,51347,eedf9500721f42b109c0f5704e3bcdca93f086dc90b52c8acdf485d65593a543
training,logs/training/br-address-teacher-replay-20261003,logs/training/br-address-teacher-replay-20261003/progress.json,38177,04ab852119a38543c30cc584667c50df5def826aa070dcd5dfd34ead5d04129f
training,logs/training/br-address-teacher-replay-20261003,logs/training/br-address-teacher-replay-20261003/replays/d2f3cc96aeac41f39635407862d76c91/episode-00000001-slot-1.json,194,30453d4db27d6cb3a3dcb0076140edad152a83cac9d2e24cdd680cb262c3a7d5
training,logs/training/br-address-teacher-replay-20261003,logs/training/br-address-teacher-replay-20261003/replays/d2f3cc96aeac41f39635407862d76c91/episode-00000002-slot-3.json,194,e34593907c6dd4d6976c98a097dc97c39474864f0dd97414a1df7533836a65d0
training,logs/training/br-address-teacher-replay-20261003,logs/training/br-address-teacher-replay-20261003/replays/d2f3cc96aeac41f39635407862d76c91/episode-00000003-slot-2.json,194,4227497adb5b74ed17a748a910d3cbfc70938f8e34345f5141e8646bd9575a3d
training,logs/training/br-address-teacher-replay-20261003,logs/training/br-address-teacher-replay-20261003/replays/d2f3cc96aeac41f39635407862d76c91/episode-00000004-slot-6.json,194,c941461d759e13a77a57e41ab47b2810ecacc8988eb082af078ad1404f2f0cf1
training,logs/training/br-address-teacher-replay-20261003,logs/training/br-address-teacher-replay-20261003/replays/d2f3cc96aeac41f39635407862d76c91/episode-00000005-slot-4.json,194,cdf8fa3cf3b95fa8211854c8713cede45a77b2fac427d505ab40221bd369e6f9
training,logs/training/br-address-teacher-replay-20261003,logs/training/br-address-teacher-replay-20261003/replays/d2f3cc96aeac41f39635407862d76c91/episode-00000006-slot-0.json,194,c24345aabf0c798d47c1a2a91333d0c6dc78c708c5ff1981fabc383d54971484
training,logs/training/br-address-teacher-replay-20261003,logs/training/br-address-teacher-replay-20261003/replays/d2f3cc96aeac41f39635407862d76c91/episode-00000007-slot-7.json,194,3f5d0d1810ed2de65c2983871c887c1e869714ae141e987d278a1d2a0661c82a
training,logs/training/br-address-teacher-replay-20261003,logs/training/br-address-teacher-replay-20261003/replays/d2f3cc96aeac41f39635407862d76c91/episode-00000008-slot-5.json,198,4b10057104cae7efde9b0fafa7ccc9c94ae1fa8992a5cd1c1e73c8785c67fbca
training,logs/training/br-address-teacher-replay-20261003,logs/training/br-address-teacher-replay-20261003/replays/d2f3cc96aeac41f39635407862d76c91/episode-00000009-slot-0.json,199,9593aa6d2e76237674fedc097c5225a7c8d7d718cb0676e60d518aaa35344394
training,logs/training/br-address-teacher-replay-20261003,logs/training/br-address-teacher-replay-20261003/replays/d2f3cc96aeac41f39635407862d76c91/episode-00000010-slot-1.json,199,18f102bea80da45982b3964da4b7a9ea4e1ef87c0cbd88d189a9352ba8b00c7d
training,logs/training/br-address-teacher-replay-20261003,logs/training/br-address-teacher-replay-20261003/replays/d2f3cc96aeac41f39635407862d76c91/episode-00000011-slot-2.json,199,7513f8a6c4ac9b4637842fab68f5644d199e5921944f01cee05b1eb29eb47e55
training,logs/training/br-address-teacher-replay-20261003,logs/training/br-address-teacher-replay-20261003/replays/d2f3cc96aeac41f39635407862d76c91/episode-00000012-slot-3.json,199,4aa9f0bd1cf230428f9cf5488012f68f1239759d5366e3eae8d38897a3eeba0f
training,logs/training/br-address-teacher-replay-20261003,logs/training/br-address-teacher-replay-20261003/replays/d2f3cc96aeac41f39635407862d76c91/episode-00000013-slot-4.json,198,8adc60905abcdefea763235bb8344d91db25263f3f3a62bd87444b28508c2595
training,logs/training/br-address-teacher-replay-20261003,logs/training/br-address-teacher-replay-20261003/replays/d2f3cc96aeac41f39635407862d76c91/episode-00000014-slot-5.json,198,eed28913518f546d42a6e9876b28567029d99165583fbe64611e47bf28d8c8d5
training,logs/training/br-address-teacher-replay-20261003,logs/training/br-address-teacher-replay-20261003/replays/d2f3cc96aeac41f39635407862d76c91/episode-00000015-slot-6.json,199,e6edd7b36645c76a9e2e54476d47a8c6f37ef50cb632d5be503771a4fb599531
training,logs/training/br-address-teacher-replay-20261003,logs/training/br-address-teacher-replay-20261003/replays/d2f3cc96aeac41f39635407862d76c91/episode-00000016-slot-7.json,199,dc6ad01427a0cdc3704e71955f2cc05ee78855e36d347e39a6af0c30d59a0eeb
training,logs/training/br-address-teacher-replay-20261003,logs/training/br-address-teacher-replay-20261003/result.json,2010,f6a7158eddca436b4ed2c8bc18752daf01c2b6456b28effc4e13283a1b5fc038
training,logs/training/br-address-teacher-replay-20261003,logs/training/br-address-teacher-replay-20261003/scalars/progress.csv,20534,08ea08686130e84853b0b1fc5b2247f3c730ac346aa4f9ddf7afa6ff13763a46
training,logs/training/br-address-teacher-replay-20261003,logs/training/br-address-teacher-replay-20261003/timing.json,49581,4252b830bfe286ad3c5d37fe742eb57609873cae35ca8c685c70af82a1769cee
training,logs/training/br-address-warmup-control-20261002,logs/training/br-address-warmup-control-20261002/checkpoints/ppo_16384_steps.curriculum.json,895,3dd9f4ec78ed379e6c1b0387ff0b626a0274396fe47526b3b7466ebfaf849a15
training,logs/training/br-address-warmup-control-20261002,logs/training/br-address-warmup-control-20261002/checkpoints/ppo_32768_steps.curriculum.json,895,0a0aac1882f5bb0e4b20872e6e02a859e6f56e90a85317761727523ef2c22f0a
training,logs/training/br-address-warmup-control-20261002,logs/training/br-address-warmup-control-20261002/checkpoints/ppo_49152_steps.curriculum.json,896,0b2ad61faff5da2c709e85384a5870169ec4017aaba3d5a19c99cf1145b4786f
training,logs/training/br-address-warmup-control-20261002,logs/training/br-address-warmup-control-20261002/checkpoints/ppo_65536_steps.curriculum.json,912,4c5ae3a6190eb73084563822da86e9c6017b7e29e09780f807b7d9d6f2db297b
training,logs/training/br-address-warmup-control-20261002,logs/training/br-address-warmup-control-20261002/checkpoints/updated_16384_steps.curriculum.json,895,c2520a0d2a981373e8ad9e8530019e0a4be62f63fe871f753f642d4064e5365a
training,logs/training/br-address-warmup-control-20261002,logs/training/br-address-warmup-control-20261002/checkpoints/updated_32768_steps.curriculum.json,895,13d50efb0788f236b4f66eaca7cd3ac211eaf2a3dcbf63e34a18f9ae351eea1c
training,logs/training/br-address-warmup-control-20261002,logs/training/br-address-warmup-control-20261002/checkpoints/updated_49152_steps.curriculum.json,896,035a6628f82aa94d1d484f0d8a5e8f13c21cab8c74ebc3e38748337fcd32f41d
training,logs/training/br-address-warmup-control-20261002,logs/training/br-address-warmup-control-20261002/checkpoints/updated_512_steps.curriculum.json,850,e04504dd644aacb81f9c6b3ef5d80ed05b38fd37a44b2d0f9736995aece23f57
training,logs/training/br-address-warmup-control-20261002,logs/training/br-address-warmup-control-20261002/checkpoints/updated_65536_steps.curriculum.json,912,f7bbad14652611f1da43e94998bfd9d77983896fcd55c26814144f4e26963c52
training,logs/training/br-address-warmup-control-20261002,logs/training/br-address-warmup-control-20261002/config.yaml,5146,42d4b6be161a285fe396e9c3be6c088ee4c0f106c7156485c8d8aa5f355d782c
training,logs/training/br-address-warmup-control-20261002,logs/training/br-address-warmup-control-20261002/final.curriculum.json,912,5f30b8bdb46e82648a3e78aa93814ab9ec3ee9be3de98e94d9bf665d28407547
training,logs/training/br-address-warmup-control-20261002,logs/training/br-address-warmup-control-20261002/identity.json,47985,43c4a8550dfe114c577080338ac6abe97d9fd9937a7a9e27aa0cb46c37a171ee
training,logs/training/br-address-warmup-control-20261002,logs/training/br-address-warmup-control-20261002/progress.json,83623,e9bd4faab219a96d19a8da5f2e885871606df633dca892686cfa142440e5bcac
training,logs/training/br-address-warmup-control-20261002,logs/training/br-address-warmup-control-20261002/replays/837bde22518048508f233ce8a787de27/episode-00000001-slot-0.json,194,12a7b546627c75a2e33570f05cf1bdaa701272d3077bbc6726e9cd97bdacd338
training,logs/training/br-address-warmup-control-20261002,logs/training/br-address-warmup-control-20261002/replays/837bde22518048508f233ce8a787de27/episode-00000002-slot-1.json,194,ace723cc561addbfd5e9dae712309845ee528590fa66a08e565a7422923eb647
training,logs/training/br-address-warmup-control-20261002,logs/training/br-address-warmup-control-20261002/replays/837bde22518048508f233ce8a787de27/episode-00000003-slot-0.json,200,ec2ad09453ff591fe145da85640e190fc839702a4a9c4b2818d1bf0e4919e148
training,logs/training/br-address-warmup-control-20261002,logs/training/br-address-warmup-control-20261002/replays/837bde22518048508f233ce8a787de27/episode-00000004-slot-1.json,200,40246d67126c62fb6ad17669dbbc79ee5baa477573884578f7187bc2b5c4e56c
training,logs/training/br-address-warmup-control-20261002,logs/training/br-address-warmup-control-20261002/replays/837bde22518048508f233ce8a787de27/episode-00000005-slot-0.json,200,10606d67250f028cddb58a83dd1b00fa6aa23c014c5b35dabf51fb876b4c0420
training,logs/training/br-address-warmup-control-20261002,logs/training/br-address-warmup-control-20261002/replays/837bde22518048508f233ce8a787de27/episode-00000006-slot-1.json,200,d5d118a390e5d61f9f4071cbc073f48cfd2e7c93a398bee556e6631f4347f7d9
training,logs/training/br-address-warmup-control-20261002,logs/training/br-address-warmup-control-20261002/replays/837bde22518048508f233ce8a787de27/episode-00000007-slot-0.json,200,32239c9b893b75067014bfddacef67a11c3e6d6c8894399ff86be1004a87c41f
training,logs/training/br-address-warmup-control-20261002,logs/training/br-address-warmup-control-20261002/replays/837bde22518048508f233ce8a787de27/episode-00000008-slot-0.json,200,106d0e20b57f0c8fd611bd9ce1262d7a6a19bb3575dc06f239e2d2aeb37361aa
training,logs/training/br-address-warmup-control-20261002,logs/training/br-address-warmup-control-20261002/replays/837bde22518048508f233ce8a787de27/episode-00000009-slot-1.json,200,5e13d4ac3eec992fe7e9246220c5939ca8620fa4ac42fd347399c72f19bf2dfd
training,logs/training/br-address-warmup-control-20261002,logs/training/br-address-warmup-control-20261002/replays/837bde22518048508f233ce8a787de27/episode-00000010-slot-0.json,200,0c5964e163d17b3703f4620e33ce6169181cb101b152c1cbd82b815e183a5aaa
training,logs/training/br-address-warmup-control-20261002,logs/training/br-address-warmup-control-20261002/replays/837bde22518048508f233ce8a787de27/episode-00000011-slot-1.json,200,1abcc35f6826fd43a9ff8c18b3404642677d7b26d3a470c04cff0611bbed7229
training,logs/training/br-address-warmup-control-20261002,logs/training/br-address-warmup-control-20261002/replays/837bde22518048508f233ce8a787de27/episode-00000012-slot-0.json,200,6497b37d1d7a004cbc192bc033ee151d749d858b9942a72a3fb68947f04b9cf3
training,logs/training/br-address-warmup-control-20261002,logs/training/br-address-warmup-control-20261002/replays/837bde22518048508f233ce8a787de27/episode-00000013-slot-1.json,200,816a15a1cb1467f9717c0192ce063b0d59a379aa0d86556d1c9a39c87c1dea86
training,logs/training/br-address-warmup-control-20261002,logs/training/br-address-warmup-control-20261002/replays/837bde22518048508f233ce8a787de27/episode-00000014-slot-0.json,200,25d20b6e1280e7ae8dd4c7d0900f1eab44171689905b1b72559b6ecca1e93373
training,logs/training/br-address-warmup-control-20261002,logs/training/br-address-warmup-control-20261002/replays/837bde22518048508f233ce8a787de27/episode-00000015-slot-1.json,200,4c9810350ee3438133d2275c13f4ac361506d5ebf10330a7251c8915930110a2
training,logs/training/br-address-warmup-control-20261002,logs/training/br-address-warmup-control-20261002/replays/837bde22518048508f233ce8a787de27/episode-00000016-slot-0.json,200,1d7b749715bff78807ea704aee953c9d1a1676e0b98e500ba4cc2f8a4fbd6fe2
training,logs/training/br-address-warmup-control-20261002,logs/training/br-address-warmup-control-20261002/replays/837bde22518048508f233ce8a787de27/episode-00000017-slot-1.json,200,564fc33c5fe2e5251bf294bd789bdfcf59533e6cd4ad48cd00421ba3df6b2c56
training,logs/training/br-address-warmup-control-20261002,logs/training/br-address-warmup-control-20261002/replays/837bde22518048508f233ce8a787de27/episode-00000018-slot-0.json,200,36c331cf6459ce75ab86ef6fe4e7b798bc0cd18b658eb9816108773f51cac40f
training,logs/training/br-address-warmup-control-20261002,logs/training/br-address-warmup-control-20261002/replays/837bde22518048508f233ce8a787de27/episode-00000019-slot-0.json,200,17d9edc4a5fbd190fdf0a8fe18736ab57cdd3aaad7d08060b97355745c3ecd36
training,logs/training/br-address-warmup-control-20261002,logs/training/br-address-warmup-control-20261002/replays/837bde22518048508f233ce8a787de27/episode-00000020-slot-1.json,200,7becb105cc910062f18adfc94c085929f16491883c8d3a85fcde003276d48916
training,logs/training/br-address-warmup-control-20261002,logs/training/br-address-warmup-control-20261002/replays/837bde22518048508f233ce8a787de27/episode-00000021-slot-1.json,200,274cd1f255b50915eb58d70de24676ee078089bdb3be932d894833b644d162e7
