kind,run,path,bytes,sha256
benchmark,logs/benchmark/br-address-slow-feedback-final-20261003,logs/benchmark/br-address-slow-feedback-final-20261003/replays/38c7f1f6db7643daacddcca760c70ab3/episode-00000008-slot-0.json,199,e0ff7a02830c8f362dcefe7966595703119d7c7d8f81b31c0a154785df2b64d1
benchmark,logs/benchmark/br-address-slow-feedback-final-20261003,logs/benchmark/br-address-slow-feedback-final-20261003/replays/38c7f1f6db7643daacddcca760c70ab3/episode-00000009-slot-1.json,199,c64eed9945edf36e99d8d937699a65fe1773ed57eafb25cefcb05b443e1568e3
benchmark,logs/benchmark/br-address-slow-feedback-final-20261003,logs/benchmark/br-address-slow-feedback-final-20261003/replays/38c7f1f6db7643daacddcca760c70ab3/episode-00000010-slot-5.json,200,a271e8853b6ef1d628a28af1c933a18f0517ded7b5437435f69d86886954f53a
benchmark,logs/benchmark/br-address-slow-feedback-final-20261003,logs/benchmark/br-address-slow-feedback-final-20261003/replays/38c7f1f6db7643daacddcca760c70ab3/episode-00000011-slot-7.json,200,104a7339b3e20398f869cdaa2125b3ce19445678ef6244b06377614c1661fd72
benchmark,logs/benchmark/br-address-slow-feedback-final-20261003,logs/benchmark/br-address-slow-feedback-final-20261003/replays/38c7f1f6db7643daacddcca760c70ab3/episode-00000012-slot-6.json,200,21f8fdf91109fcacf02fd9f65c78dfeb88995b885589325dad01858df7c38aaa
benchmark,logs/benchmark/br-address-slow-feedback-final-20261003,logs/benchmark/br-address-slow-feedback-final-20261003/replays/38c7f1f6db7643daacddcca760c70ab3/episode-00000013-slot-0.json,199,7198346c4686e8369a650777fb2dfca4c0a072cab10efd93d06a15af911d3c01
benchmark,logs/benchmark/br-address-slow-feedback-final-20261003,logs/benchmark/br-address-slow-feedback-final-20261003/replays/38c7f1f6db7643daacddcca760c70ab3/episode-00000014-slot-4.json,200,14a8dadbfba90c128ae948a7eeccf504533617f40482859844b5e81a9ca25036
benchmark,logs/benchmark/br-address-slow-feedback-final-20261003,logs/benchmark/br-address-slow-feedback-final-20261003/replays/38c7f1f6db7643daacddcca760c70ab3/episode-00000015-slot-3.json,200,08eca4fdf99def862fee068d00e74075801a57f956ea7b95aaa218cf6bcc3833
benchmark,logs/benchmark/br-address-slow-feedback-final-20261003,logs/benchmark/br-address-slow-feedback-final-20261003/replays/38c7f1f6db7643daacddcca760c70ab3/episode-00000016-slot-2.json,199,562d4c922ff5072fbccccc071506cf949992b321be01c7ccade778fd5f5ff883
benchmark,logs/benchmark/br-address-slow-feedback-final-20261003,logs/benchmark/br-address-slow-feedback-final-20261003/result.json,135715,45ff4545257ae82b083fa89c8b706c85ad5f920ede3347dbb102effe4dd7ba2d
benchmark,logs/benchmark/br-address-slow-feedback-second-budget-final-20261003,logs/benchmark/br-address-slow-feedback-second-budget-final-20261003/config.yaml,13874,fb3025c0da5c9e26d15025fa8333fd5caced05b416561c52d1ce5a3df399f46b
benchmark,logs/benchmark/br-address-slow-feedback-second-budget-final-20261003,logs/benchmark/br-address-slow-feedback-second-budget-final-20261003/plan.json,12796,9f62729a2e3fc9d31882166d79df18f7f32e3199124d83736b1fd4950d4e0f9b
benchmark,logs/benchmark/br-address-slow-feedback-second-budget-final-20261003,logs/benchmark/br-address-slow-feedback-second-budget-final-20261003/progress.json,243839,89a8ff332ecfbd68a2131682dbe98e7ec19be65edf3b2e24c18232958294df26
benchmark,logs/benchmark/br-address-slow-feedback-second-budget-final-20261003,logs/benchmark/br-address-slow-feedback-second-budget-final-20261003/replays/e6abbeb6f7604ba0a74dc0fddd36827a/episode-00000001-slot-6.json,200,946d2d87533816937c2f92a6b0d3ff148588474f0fbcfe406228fd274be5966f
benchmark,logs/benchmark/br-address-slow-feedback-second-budget-final-20261003,logs/benchmark/br-address-slow-feedback-second-budget-final-20261003/replays/e6abbeb6f7604ba0a74dc0fddd36827a/episode-00000002-slot-4.json,200,9107700a0bcf2f50152c3966fef035eea71dcabf064ec8d88097afe32424cd80
benchmark,logs/benchmark/br-address-slow-feedback-second-budget-final-20261003,logs/benchmark/br-address-slow-feedback-second-budget-final-20261003/replays/e6abbeb6f7604ba0a74dc0fddd36827a/episode-00000003-slot-1.json,199,d68756bf82dab71822c9423d2fd6f80f3a11bfefdf33580244ed8c3ea6fd22cb
benchmark,logs/benchmark/br-address-slow-feedback-second-budget-final-20261003,logs/benchmark/br-address-slow-feedback-second-budget-final-20261003/replays/e6abbeb6f7604ba0a74dc0fddd36827a/episode-00000004-slot-3.json,200,cb4cb9676a09f21f665ddb592dff7a1eb6b21d2099e534118252f36fa9d0321d
benchmark,logs/benchmark/br-address-slow-feedback-second-budget-final-20261003,logs/benchmark/br-address-slow-feedback-second-budget-final-20261003/replays/e6abbeb6f7604ba0a74dc0fddd36827a/episode-00000005-slot-7.json,200,ad4708175f37816d537d56265c5cec58116e1c998e47297af7f69ee9a8f7bcb0
benchmark,logs/benchmark/br-address-slow-feedback-second-budget-final-20261003,logs/benchmark/br-address-slow-feedback-second-budget-final-20261003/replays/e6abbeb6f7604ba0a74dc0fddd36827a/episode-00000006-slot-5.json,200,68e605899a00f5d1655a166f8c782ea7e971f7ea966269b3fd989205b098c76e
benchmark,logs/benchmark/br-address-slow-feedback-second-budget-final-20261003,logs/benchmark/br-address-slow-feedback-second-budget-final-20261003/replays/e6abbeb6f7604ba0a74dc0fddd36827a/episode-00000007-slot-2.json,199,f7f6bbc266c69188135f90170fd8d4a6eaf3a237610b5262df1cdc36a96c7991
benchmark,logs/benchmark/br-address-slow-feedback-second-budget-final-20261003,logs/benchmark/br-address-slow-feedback-second-budget-final-20261003/replays/e6abbeb6f7604ba0a74dc0fddd36827a/episode-00000008-slot-0.json,199,e552100a50376bfc1e513f9cb300163bfe1771fc5b17f8c54fca654d08a2ff8f
benchmark,logs/benchmark/br-address-slow-feedback-second-budget-final-20261003,logs/benchmark/br-address-slow-feedback-second-budget-final-20261003/replays/e6abbeb6f7604ba0a74dc0fddd36827a/episode-00000009-slot-6.json,200,0dfa3f35e7068a2a90b298db6df7cb28adcb73682823afd12d67876ab488b0e0
benchmark,logs/benchmark/br-address-slow-feedback-second-budget-final-20261003,logs/benchmark/br-address-slow-feedback-second-budget-final-20261003/replays/e6abbeb6f7604ba0a74dc0fddd36827a/episode-00000010-slot-5.json,200,ba832e101a6a169463fdcdf0ad5f1047e4dd77cad17162d38d0ce5577ad94e16
benchmark,logs/benchmark/br-address-slow-feedback-second-budget-final-20261003,logs/benchmark/br-address-slow-feedback-second-budget-final-20261003/replays/e6abbeb6f7604ba0a74dc0fddd36827a/episode-00000011-slot-3.json,200,d816c931dbe5843adb12ed9b03ca5653a99e57be7d57f07c7a530e5ce6fd48db
benchmark,logs/benchmark/br-address-slow-feedback-second-budget-final-20261003,logs/benchmark/br-address-slow-feedback-second-budget-final-20261003/replays/e6abbeb6f7604ba0a74dc0fddd36827a/episode-00000012-slot-2.json,199,68067ceaefa380157210b107d8571528dca9ad02c60694459274510396ee1669
benchmark,logs/benchmark/br-address-slow-feedback-second-budget-final-20261003,logs/benchmark/br-address-slow-feedback-second-budget-final-20261003/replays/e6abbeb6f7604ba0a74dc0fddd36827a/episode-00000013-slot-1.json,199,fcfcfde765a9ad92f26fd03c4a6598e58989b91fff0f71d157a4c45b84f1eb1b
benchmark,logs/benchmark/br-address-slow-feedback-second-budget-final-20261003,logs/benchmark/br-address-slow-feedback-second-budget-final-20261003/replays/e6abbeb6f7604ba0a74dc0fddd36827a/episode-00000014-slot-0.json,199,c3d9dc6ed4873e5f7a3981beff203252165768bb6ea13135ae082d00a595245b
benchmark,logs/benchmark/br-address-slow-feedback-second-budget-final-20261003,logs/benchmark/br-address-slow-feedback-second-budget-final-20261003/replays/e6abbeb6f7604ba0a74dc0fddd36827a/episode-00000015-slot-4.json,200,7e51ab204ab3d66cd9c4b27d81c22bd6f80acc91b28eef37af47cc006c4d6b4e
benchmark,logs/benchmark/br-address-slow-feedback-second-budget-final-20261003,logs/benchmark/br-address-slow-feedback-second-budget-final-20261003/replays/e6abbeb6f7604ba0a74dc0fddd36827a/episode-00000016-slot-7.json,200,d61332b2ebb5fd675283400987536a3632030b6679abc182fff3fdace8de73af
benchmark,logs/benchmark/br-address-slow-feedback-second-budget-final-20261003,logs/benchmark/br-address-slow-feedback-second-budget-final-20261003/result.json,298816,ba69cf952aff5e7948f681956be260c389da60bc85d9dbd294700d9b95072e35
benchmark,logs/benchmark/br-address-slow-feedback-second-budget-half-20261003,logs/benchmark/br-address-slow-feedback-second-budget-half-20261003/config.yaml,13930,51103e805ab8b1a29cb96fe6282a8c12a6b8577196dc1aa4c2a72865b5794003
benchmark,logs/benchmark/br-address-slow-feedback-second-budget-half-20261003,logs/benchmark/br-address-slow-feedback-second-budget-half-20261003/plan.json,12796,dc2a2676802bdfac8e64ed7e3430c69e4d951d8f588548849f690b83d29726a8
benchmark,logs/benchmark/br-address-slow-feedback-second-budget-half-20261003,logs/benchmark/br-address-slow-feedback-second-budget-half-20261003/progress.json,329562,a0155ac6e767a2843ef30f9ca46370b68e8ceebe594d4286854e69806fcc4970
benchmark,logs/benchmark/br-address-slow-feedback-second-budget-half-20261003,logs/benchmark/br-address-slow-feedback-second-budget-half-20261003/replays/119ffc1445b84b999e39a41785408933/episode-00000001-slot-1.json,199,299f4e42e032910e11cff5a44f3efce3f13d3cc38c04f00ca3ecae6b31d126cd
benchmark,logs/benchmark/br-address-slow-feedback-second-budget-half-20261003,logs/benchmark/br-address-slow-feedback-second-budget-half-20261003/replays/119ffc1445b84b999e39a41785408933/episode-00000002-slot-4.json,200,934345fa02a2fc56b9e0a172952b42976377ee3079cdd31bc4f5961d739b9003
benchmark,logs/benchmark/br-address-slow-feedback-second-budget-half-20261003,logs/benchmark/br-address-slow-feedback-second-budget-half-20261003/replays/119ffc1445b84b999e39a41785408933/episode-00000003-slot-3.json,200,ea95b1ad3b48f08402322e3cf32152dae342246a83eb8470db8ea777e872bf3d
benchmark,logs/benchmark/br-address-slow-feedback-second-budget-half-20261003,logs/benchmark/br-address-slow-feedback-second-budget-half-20261003/replays/119ffc1445b84b999e39a41785408933/episode-00000004-slot-5.json,200,075950a5cdf77778f56a35fbc3348c49948455b35f5eb40609fdcbcd7712ce61
benchmark,logs/benchmark/br-address-slow-feedback-second-budget-half-20261003,logs/benchmark/br-address-slow-feedback-second-budget-half-20261003/replays/119ffc1445b84b999e39a41785408933/episode-00000005-slot-2.json,199,d4f2149ddc190f5c7238d88db8e331b09f4a555d4f9248e429829b2898054bdf
benchmark,logs/benchmark/br-address-slow-feedback-second-budget-half-20261003,logs/benchmark/br-address-slow-feedback-second-budget-half-20261003/replays/119ffc1445b84b999e39a41785408933/episode-00000006-slot-0.json,199,72d10f781939fa9a09246fa1c82ffae6ee26ece91f0c6bba9dc50a4caed0ca72
benchmark,logs/benchmark/br-address-slow-feedback-second-budget-half-20261003,logs/benchmark/br-address-slow-feedback-second-budget-half-20261003/replays/119ffc1445b84b999e39a41785408933/episode-00000007-slot-6.json,200,e625cb1b7182a55c1164e302dcb271e04a146965551608ad4dd7f6a7a2f8a93d
benchmark,logs/benchmark/br-address-slow-feedback-second-budget-half-20261003,logs/benchmark/br-address-slow-feedback-second-budget-half-20261003/replays/119ffc1445b84b999e39a41785408933/episode-00000008-slot-7.json,204,bcb3f8b1142b00d0e1920f940654d47c48e836ba86522d4ba78b822f2ffec382
benchmark,logs/benchmark/br-address-slow-feedback-second-budget-half-20261003,logs/benchmark/br-address-slow-feedback-second-budget-half-20261003/replays/119ffc1445b84b999e39a41785408933/episode-00000009-slot-1.json,199,cf483606b7bd93145f1a3fcdb8c8ac3da14ba17147fb21dc01042d4167307a7e
benchmark,logs/benchmark/br-address-slow-feedback-second-budget-half-20261003,logs/benchmark/br-address-slow-feedback-second-budget-half-20261003/replays/119ffc1445b84b999e39a41785408933/episode-00000010-slot-2.json,199,2b23697668b68bcf8bb78d0ece245ea45eb146c3eb342d9a49b3fa6e2d87c967
benchmark,logs/benchmark/br-address-slow-feedback-second-budget-half-20261003,logs/benchmark/br-address-slow-feedback-second-budget-half-20261003/replays/119ffc1445b84b999e39a41785408933/episode-00000011-slot-6.json,200,54542b5b92580fec5ca7b6a371e8f938069973c09a085a0dfc4bdb13f48a0d73
benchmark,logs/benchmark/br-address-slow-feedback-second-budget-half-20261003,logs/benchmark/br-address-slow-feedback-second-budget-half-20261003/replays/119ffc1445b84b999e39a41785408933/episode-00000012-slot-3.json,200,8ea639e41ac9fe788f37d86539f09aac192927bb1aeb9e9d3bec3ceecdd2f844
benchmark,logs/benchmark/br-address-slow-feedback-second-budget-half-20261003,logs/benchmark/br-address-slow-feedback-second-budget-half-20261003/replays/119ffc1445b84b999e39a41785408933/episode-00000013-slot-0.json,199,bd11b3dbc277958fba5040f673eb28e589f0c0941a21bc9f48ac054856d85ef8
benchmark,logs/benchmark/br-address-slow-feedback-second-budget-half-20261003,logs/benchmark/br-address-slow-feedback-second-budget-half-20261003/replays/119ffc1445b84b999e39a41785408933/episode-00000014-slot-7.json,200,9a62b97e3e989719d1dc98d4b132c692d6a4ce49467527283df9edaf73b6cc37
benchmark,logs/benchmark/br-address-slow-feedback-second-budget-half-20261003,logs/benchmark/br-address-slow-feedback-second-budget-half-20261003/replays/119ffc1445b84b999e39a41785408933/episode-00000015-slot-5.json,200,92068a3e37b934e2f4a5980bd3e455a6523cc010089dec9fe5d58ca4714bac92
benchmark,logs/benchmark/br-address-slow-feedback-second-budget-half-20261003,logs/benchmark/br-address-slow-feedback-second-budget-half-20261003/replays/119ffc1445b84b999e39a41785408933/episode-00000016-slot-4.json,200,9f1c17753255c39925473ff6fd6ce60a596f01441569cbd293534e1fcb467635
benchmark,logs/benchmark/br-address-slow-feedback-second-budget-half-20261003,logs/benchmark/br-address-slow-feedback-second-budget-half-20261003/result.json,391618,f30f240b27d0a211c20a039b86bae6e887abe986fcccf25a41a381291e86deb8
benchmark,logs/benchmark/br-address-slow-feedback-second-budget-quarter-20261003,logs/benchmark/br-address-slow-feedback-second-budget-quarter-20261003/config.yaml,13933,9c816e5dcc2702211831c05afddf4b8ce9dd069c97a9dc7bce8c33d60bbb74a5
benchmark,logs/benchmark/br-address-slow-feedback-second-budget-quarter-20261003,logs/benchmark/br-address-slow-feedback-second-budget-quarter-20261003/plan.json,12796,e2eb7559ba1404623a506d7d105f93f934d027dd4077c28bd1fd217512bae6a8
benchmark,logs/benchmark/br-address-slow-feedback-second-budget-quarter-20261003,logs/benchmark/br-address-slow-feedback-second-budget-quarter-20261003/progress.json,247612,1fbfc41783670e1eaff9660ed99b11e60310835ce6de381cdebdefe1aec30f25
benchmark,logs/benchmark/br-address-slow-feedback-second-budget-quarter-20261003,logs/benchmark/br-address-slow-feedback-second-budget-quarter-20261003/replays/43f2b1170f2c4e58b485fa9e5c20d25b/episode-00000001-slot-0.json,199,d046c6c039f705164a67c5d17c9e2e0b63dd03a5f73953bce348e17d8655b2b0
benchmark,logs/benchmark/br-address-slow-feedback-second-budget-quarter-20261003,logs/benchmark/br-address-slow-feedback-second-budget-quarter-20261003/replays/43f2b1170f2c4e58b485fa9e5c20d25b/episode-00000002-slot-4.json,200,05e09dcf397ae03dab72c964d8f608232c94f1b37a8c8a7d16e89f912c856e8b
benchmark,logs/benchmark/br-address-slow-feedback-second-budget-quarter-20261003,logs/benchmark/br-address-slow-feedback-second-budget-quarter-20261003/replays/43f2b1170f2c4e58b485fa9e5c20d25b/episode-00000003-slot-6.json,200,f676da3509be730d73543050f2f956b51e976e17b9d0cb1996e53b1620dbacd9
benchmark,logs/benchmark/br-address-slow-feedback-second-budget-quarter-20261003,logs/benchmark/br-address-slow-feedback-second-budget-quarter-20261003/replays/43f2b1170f2c4e58b485fa9e5c20d25b/episode-00000004-slot-7.json,200,952288dd29951b7eeb90d524d2b9698b6e88d02a5c7d4ed206b647b299336343
benchmark,logs/benchmark/br-address-slow-feedback-second-budget-quarter-20261003,logs/benchmark/br-address-slow-feedback-second-budget-quarter-20261003/replays/43f2b1170f2c4e58b485fa9e5c20d25b/episode-00000005-slot-2.json,199,d8a8fe1727d36933fc7483502d59e3f0ed8bd66187cf62d46a69afc5e49403e4
benchmark,logs/benchmark/br-address-slow-feedback-second-budget-quarter-20261003,logs/benchmark/br-address-slow-feedback-second-budget-quarter-20261003/replays/43f2b1170f2c4e58b485fa9e5c20d25b/episode-00000006-slot-5.json,200,e681516e911843b19b137d5ccab58e039555733da2581daac0fd2d39137da638
benchmark,logs/benchmark/br-address-slow-feedback-second-budget-quarter-20261003,logs/benchmark/br-address-slow-feedback-second-budget-quarter-20261003/replays/43f2b1170f2c4e58b485fa9e5c20d25b/episode-00000007-slot-1.json,203,d7097d5cd03827aeb78d478d32b3c35e54ba0be25fe98f78f9a6605219de9071
benchmark,logs/benchmark/br-address-slow-feedback-second-budget-quarter-20261003,logs/benchmark/br-address-slow-feedback-second-budget-quarter-20261003/replays/43f2b1170f2c4e58b485fa9e5c20d25b/episode-00000008-slot-3.json,204,54ee6a0104777261691763ecb0e9dc3722e9a0a90d3b40ed119758a2f4d757f9
benchmark,logs/benchmark/br-address-slow-feedback-second-budget-quarter-20261003,logs/benchmark/br-address-slow-feedback-second-budget-quarter-20261003/replays/43f2b1170f2c4e58b485fa9e5c20d25b/episode-00000009-slot-4.json,200,133cc0f1940c4f88b5e122de467f19ffbd398bd7e3e8e9e551858a1d2f0a44a1
benchmark,logs/benchmark/br-address-slow-feedback-second-budget-quarter-20261003,logs/benchmark/br-address-slow-feedback-second-budget-quarter-20261003/replays/43f2b1170f2c4e58b485fa9e5c20d25b/episode-00000010-slot-1.json,199,db2912f1afc8d18f28d13b600a588b15d0eb90115e8a6c86e5f05b22ba718c58
benchmark,logs/benchmark/br-address-slow-feedback-second-budget-quarter-20261003,logs/benchmark/br-address-slow-feedback-second-budget-quarter-20261003/replays/43f2b1170f2c4e58b485fa9e5c20d25b/episode-00000011-slot-2.json,199,f6b5f7330e431d0e6a2a9bb3f2cd0069eb146aa644b48f29a502b7e4ce1196ca
benchmark,logs/benchmark/br-address-slow-feedback-second-budget-quarter-20261003,logs/benchmark/br-address-slow-feedback-second-budget-quarter-20261003/replays/43f2b1170f2c4e58b485fa9e5c20d25b/episode-00000012-slot-6.json,200,a4d1a8830e79b2d955f5e164576dcb52646aa2b3f9207a8f1bf7c13de9cf47b4
benchmark,logs/benchmark/br-address-slow-feedback-second-budget-quarter-20261003,logs/benchmark/br-address-slow-feedback-second-budget-quarter-20261003/replays/43f2b1170f2c4e58b485fa9e5c20d25b/episode-00000013-slot-7.json,200,55c82face46a8b320b0696ecda2d876739724dd5486e5743373731d65a8aaec0
benchmark,logs/benchmark/br-address-slow-feedback-second-budget-quarter-20261003,logs/benchmark/br-address-slow-feedback-second-budget-quarter-20261003/replays/43f2b1170f2c4e58b485fa9e5c20d25b/episode-00000014-slot-0.json,203,27c04cca1a9b4bdb520d47fa3308844192ab4a932e716f118e6dc975c42eddcf
benchmark,logs/benchmark/br-address-slow-feedback-second-budget-quarter-20261003,logs/benchmark/br-address-slow-feedback-second-budget-quarter-20261003/replays/43f2b1170f2c4e58b485fa9e5c20d25b/episode-00000015-slot-3.json,204,76c1f5613425e1586b51ae440ed69c3ff525332ac03e980101984f06fe54826e
benchmark,logs/benchmark/br-address-slow-feedback-second-budget-quarter-20261003,logs/benchmark/br-address-slow-feedback-second-budget-quarter-20261003/replays/43f2b1170f2c4e58b485fa9e5c20d25b/episode-00000016-slot-5.json,204,c43e84f427bf0d89fc787c66f71765da1a87cf7392a835dbd4d373a6060aff34
benchmark,logs/benchmark/br-address-slow-feedback-second-budget-quarter-20261003,logs/benchmark/br-address-slow-feedback-second-budget-quarter-20261003/result.json,302704,a3045047141b7e4be06d1e242b98fd1608f778565aa612f3d20a582d9ec342b6
benchmark,logs/benchmark/br-address-slow-feedback-second-budget-three_quarter-20261003,logs/benchmark/br-address-slow-feedback-second-budget-three_quarter-20261003/config.yaml,13939,55e87b8fdf60cd352c2c46a58c9399f85b156c3a9c939640bd8c0a4d7d80908e
benchmark,logs/benchmark/br-address-slow-feedback-second-budget-three_quarter-20261003,logs/benchmark/br-address-slow-feedback-second-budget-three_quarter-20261003/plan.json,12796,466844d3f55b1621a6c14a0ccd762102227ad2bb143dde274d5465151deac934
benchmark,logs/benchmark/br-address-slow-feedback-second-budget-three_quarter-20261003,logs/benchmark/br-address-slow-feedback-second-budget-three_quarter-20261003/progress.json,266060,1cc831387e98e0ab1187e826eb7bb6101fc54481ad628ada3434451fbcc00157
benchmark,logs/benchmark/br-address-slow-feedback-second-budget-three_quarter-20261003,logs/benchmark/br-address-slow-feedback-second-budget-three_quarter-20261003/replays/bff5ff492a664bfe8d9e4ee4e334de30/episode-00000001-slot-2.json,199,23ca2f0b48aa655fbf3db51c82867153725906a9487af603cef8e11a8ff70eb3
benchmark,logs/benchmark/br-address-slow-feedback-second-budget-three_quarter-20261003,logs/benchmark/br-address-slow-feedback-second-budget-three_quarter-20261003/replays/bff5ff492a664bfe8d9e4ee4e334de30/episode-00000002-slot-7.json,200,b317da17429c7748fec25381239d382288c239511a80a0828a3a245d941bf1d0
benchmark,logs/benchmark/br-address-slow-feedback-second-budget-three_quarter-20261003,logs/benchmark/br-address-slow-feedback-second-budget-three_quarter-20261003/replays/bff5ff492a664bfe8d9e4ee4e334de30/episode-00000003-slot-1.json,199,5a8b50102e5485ca2b3d000d3a178bb9adc4c1d0b3fa886eecf853ad5c645878
benchmark,logs/benchmark/br-address-slow-feedback-second-budget-three_quarter-20261003,logs/benchmark/br-address-slow-feedback-second-budget-three_quarter-20261003/replays/bff5ff492a664bfe8d9e4ee4e334de30/episode-00000004-slot-0.json,199,10cdd0c9be69bad8b4d2502e9a014d181192502b2ad40be18c772e13ff70b8b7
benchmark,logs/benchmark/br-address-slow-feedback-second-budget-three_quarter-20261003,logs/benchmark/br-address-slow-feedback-second-budget-three_quarter-20261003/replays/bff5ff492a664bfe8d9e4ee4e334de30/episode-00000005-slot-4.json,200,a8774c7aad05fdc9e2eacf4fdcdf4f02992fff81cadce70c7f919ee883bd6b27
benchmark,logs/benchmark/br-address-slow-feedback-second-budget-three_quarter-20261003,logs/benchmark/br-address-slow-feedback-second-budget-three_quarter-20261003/replays/bff5ff492a664bfe8d9e4ee4e334de30/episode-00000006-slot-3.json,200,564c19ddb5778486c354eb10a035dea19ec6625f220da251e4250957948f84bf
benchmark,logs/benchmark/br-address-slow-feedback-second-budget-three_quarter-20261003,logs/benchmark/br-address-slow-feedback-second-budget-three_quarter-20261003/replays/bff5ff492a664bfe8d9e4ee4e334de30/episode-00000007-slot-5.json,200,88fcd2d8c822b73f3db8858650321ca03042cce50af9b5bee346e2b1f8cd6821
benchmark,logs/benchmark/br-address-slow-feedback-second-budget-three_quarter-20261003,logs/benchmark/br-address-slow-feedback-second-budget-three_quarter-20261003/replays/bff5ff492a664bfe8d9e4ee4e334de30/episode-00000008-slot-6.json,200,d28fb71bc54b8d17d0d7eb7b88bfb2ae632e93a8ffde4446db717e39b30dbe7b
benchmark,logs/benchmark/br-address-slow-feedback-second-budget-three_quarter-20261003,logs/benchmark/br-address-slow-feedback-second-budget-three_quarter-20261003/replays/bff5ff492a664bfe8d9e4ee4e334de30/episode-00000009-slot-3.json,200,faf3250d336a408f60859cabb77623753bc4b0fa0c83f09c8033495c8143a9a3
benchmark,logs/benchmark/br-address-slow-feedback-second-budget-three_quarter-20261003,logs/benchmark/br-address-slow-feedback-second-budget-three_quarter-20261003/replays/bff5ff492a664bfe8d9e4ee4e334de30/episode-00000010-slot-5.json,200,163fb80a46bdf6d7afb44fc6251683c26fa97a0b0891fe29676963b78aff5dbc
benchmark,logs/benchmark/br-address-slow-feedback-second-budget-three_quarter-20261003,logs/benchmark/br-address-slow-feedback-second-budget-three_quarter-20261003/replays/bff5ff492a664bfe8d9e4ee4e334de30/episode-00000011-slot-0.json,199,5628d3bac958f838711ecfbf0313dde71a7952e71e96eb0e216db3ba494ea844
benchmark,logs/benchmark/br-address-slow-feedback-second-budget-three_quarter-20261003,logs/benchmark/br-address-slow-feedback-second-budget-three_quarter-20261003/replays/bff5ff492a664bfe8d9e4ee4e334de30/episode-00000012-slot-7.json,200,da90e265c20b662996303f66d648bea2f4617799ca92de2aaa1d81f2382a4771
benchmark,logs/benchmark/br-address-slow-feedback-second-budget-three_quarter-20261003,logs/benchmark/br-address-slow-feedback-second-budget-three_quarter-20261003/replays/bff5ff492a664bfe8d9e4ee4e334de30/episode-00000013-slot-2.json,199,c8768ee2965a7c80fa80809f24d13a2383453cbba90014e9d274d69a96ae6fb9
benchmark,logs/benchmark/br-address-slow-feedback-second-budget-three_quarter-20261003,logs/benchmark/br-address-slow-feedback-second-budget-three_quarter-20261003/replays/bff5ff492a664bfe8d9e4ee4e334de30/episode-00000014-slot-1.json,199,fe8a7d8ad1bd2852b52631b2beccb39f5c5ec6a14c98d9a85e3943ecb2f1dec1
benchmark,logs/benchmark/br-address-slow-feedback-second-budget-three_quarter-20261003,logs/benchmark/br-address-slow-feedback-second-budget-three_quarter-20261003/replays/bff5ff492a664bfe8d9e4ee4e334de30/episode-00000015-slot-6.json,200,d584a6d8aff203e23d37591adc233201fed13480462b233415667c7548d5b46a
benchmark,logs/benchmark/br-address-slow-feedback-second-budget-three_quarter-20261003,logs/benchmark/br-address-slow-feedback-second-budget-three_quarter-20261003/replays/bff5ff492a664bfe8d9e4ee4e334de30/episode-00000016-slot-4.json,204,716db5eaed5df21ace6c43c8b2dca85c5c6d5d6ece93e8a265f71af87aa39af1
benchmark,logs/benchmark/br-address-slow-feedback-second-budget-three_quarter-20261003,logs/benchmark/br-address-slow-feedback-second-budget-three_quarter-20261003/result.json,322765,1578987ec6f8407bf43e387b26323879afd127596c2452a6dcbb6c8ca78c4759
benchmark,logs/benchmark/br-address-small-step-20261002,logs/benchmark/br-address-small-step-20261002/config.yaml,13597,b75485b88f0ce294595f59bc97b09fafa4ddbc3504a124a47a0fde4482a32d8f
benchmark,logs/benchmark/br-address-small-step-20261002,logs/benchmark/br-address-small-step-20261002/plan.json,3198,0c95475cefc492e8380d6177c496198504bc0c38a9e6a9f0ec434d970a961eac
benchmark,logs/benchmark/br-address-small-step-20261002,logs/benchmark/br-address-small-step-20261002/progress.json,30301,b127bf73a05d0a428626ada8312d2f058b05b60dd31c5362ba15c98145d92dab
benchmark,logs/benchmark/br-address-small-step-20261002,logs/benchmark/br-address-small-step-20261002/replays/e3bc5d32456e4fb2a82564a0248d9ec6/episode-00000001-slot-1.json,200,facb3dc9c2262e8f8a5b5f42d4f17ec71730fc60ab475d7b0a66db20ca478bff
benchmark,logs/benchmark/br-address-small-step-20261002,logs/benchmark/br-address-small-step-20261002/replays/e3bc5d32456e4fb2a82564a0248d9ec6/episode-00000002-slot-2.json,199,86ca1ec11dddb542f8fd86a77d716e55b73b52241723b53a0b9d5c6f3a8927d1
benchmark,logs/benchmark/br-address-small-step-20261002,logs/benchmark/br-address-small-step-20261002/replays/e3bc5d32456e4fb2a82564a0248d9ec6/episode-00000003-slot-3.json,200,81b0356de29fc2de95e8f47f0da89bfde6fde06538a5783bb53890b5ec7261b3
benchmark,logs/benchmark/br-address-small-step-20261002,logs/benchmark/br-address-small-step-20261002/replays/e3bc5d32456e4fb2a82564a0248d9ec6/episode-00000004-slot-0.json,199,a9dfb6bebff475f109f2515a147b4b13a297a847d250beb82d9f18900e6cf4db
benchmark,logs/benchmark/br-address-small-step-20261002,logs/benchmark/br-address-small-step-20261002/result.json,60691,a32ae588d78642ca9a4afbed7fef5fd45baf0768897dd4041013a8c0e9501649
benchmark,logs/benchmark/br-address-small-step-expanded-20261002,logs/benchmark/br-address-small-step-expanded-20261002/config.yaml,13665,3036d6c21f4fb0eda6adc6ee527d71288e5da01be1fbb0b4fff36aab0f91db19
benchmark,logs/benchmark/br-address-small-step-expanded-20261002,logs/benchmark/br-address-small-step-expanded-20261002/plan.json,9600,89ab598a31ce1f6012bc6621c843dccef8014e6427a8d9b730ffc485430ac88d
benchmark,logs/benchmark/br-address-small-step-expanded-20261002,logs/benchmark/br-address-small-step-expanded-20261002/progress.json,77079,852cc763e7a4229f32bab9ea885f0db50cf87cc91f196f467c15d00102f18b2e
benchmark,logs/benchmark/br-address-small-step-expanded-20261002,logs/benchmark/br-address-small-step-expanded-20261002/replays/b8b50c6f106a443bb3cf66a4b491de61/episode-00000001-slot-3.json,200,765c753e9eeb5149725d76e71df8786cade31f1bdfbc35af4e7eb75cb114a50a
benchmark,logs/benchmark/br-address-small-step-expanded-20261002,logs/benchmark/br-address-small-step-expanded-20261002/replays/b8b50c6f106a443bb3cf66a4b491de61/episode-00000002-slot-7.json,199,ad9ac1503599bfe349ae681aa53e2ff66f9cd8e235c68485d130a4b14fa9c9a4
benchmark,logs/benchmark/br-address-small-step-expanded-20261002,logs/benchmark/br-address-small-step-expanded-20261002/replays/b8b50c6f106a443bb3cf66a4b491de61/episode-00000003-slot-4.json,200,49532e13b1777208f054096b23c5d35f1e972a14ebaeed22688d4fc86d464723
benchmark,logs/benchmark/br-address-small-step-expanded-20261002,logs/benchmark/br-address-small-step-expanded-20261002/replays/b8b50c6f106a443bb3cf66a4b491de61/episode-00000004-slot-6.json,199,8afd27d2be32268a1fb57d4f704e2ea76a706fdf94f78f1d8dcad25b212befd7
benchmark,logs/benchmark/br-address-small-step-expanded-20261002,logs/benchmark/br-address-small-step-expanded-20261002/replays/b8b50c6f106a443bb3cf66a4b491de61/episode-00000005-slot-1.json,199,43317273c4194097f8d2814fefa35b56c533c4672c6e9d061408877989a6b654
benchmark,logs/benchmark/br-address-small-step-expanded-20261002,logs/benchmark/br-address-small-step-expanded-20261002/replays/b8b50c6f106a443bb3cf66a4b491de61/episode-00000006-slot-2.json,200,6ce0da987864622acb1631d172423877c7a3111a7969c7e791d27cf0264a2115
benchmark,logs/benchmark/br-address-small-step-expanded-20261002,logs/benchmark/br-address-small-step-expanded-20261002/replays/b8b50c6f106a443bb3cf66a4b491de61/episode-00000007-slot-0.json,199,975dc24594dada1d371cd3db42209fc66813fb5d34f0d102198ed4be30b48608
benchmark,logs/benchmark/br-address-small-step-expanded-20261002,logs/benchmark/br-address-small-step-expanded-20261002/replays/b8b50c6f106a443bb3cf66a4b491de61/episode-00000008-slot-5.json,200,5c39736404edc6a94f122e598ead005d373262dd2f235e7b0e628889b8de71b4
benchmark,logs/benchmark/br-address-small-step-expanded-20261002,logs/benchmark/br-address-small-step-expanded-20261002/replays/b8b50c6f106a443bb3cf66a4b491de61/episode-00000009-slot-0.json,200,c5a1308e09390823b2ee1051450fd598649c6c57d248c01ed3fd0da463a267a9
benchmark,logs/benchmark/br-address-small-step-expanded-20261002,logs/benchmark/br-address-small-step-expanded-20261002/replays/b8b50c6f106a443bb3cf66a4b491de61/episode-00000010-slot-2.json,200,c607ad8e42bc9302d6fbfccc739e04d6b3a064ed27bffd3393d54cc1547408e6
benchmark,logs/benchmark/br-address-small-step-expanded-20261002,logs/benchmark/br-address-small-step-expanded-20261002/replays/b8b50c6f106a443bb3cf66a4b491de61/episode-00000011-slot-3.json,200,c24b0750f7f7799bce3fc0e318c299cce30fdb38034f5d76ff8e30bbc206a09c
benchmark,logs/benchmark/br-address-small-step-expanded-20261002,logs/benchmark/br-address-small-step-expanded-20261002/replays/b8b50c6f106a443bb3cf66a4b491de61/episode-00000012-slot-1.json,200,578c4c941de7713412945778f5b99a94328309cc95574c6c11ec3f3eb20acd60
benchmark,logs/benchmark/br-address-small-step-expanded-20261002,logs/benchmark/br-address-small-step-expanded-20261002/result.json,111569,a7990dc1544eae9582379a896a6a73878ecd393a75ce7f1675bbd8e5f8e280a3
benchmark,logs/benchmark/br-address-split-calibrated-20261002,logs/benchmark/br-address-split-calibrated-20261002/config.yaml,13704,9e1c0c26a2442e1e37dc7e2d44f0b0257b74b09e8cba7daa10ecd1e32d86f418
benchmark,logs/benchmark/br-address-split-calibrated-20261002,logs/benchmark/br-address-split-calibrated-20261002/plan.json,3198,bb301b4ff868416e01ad550c80bf23b2510286050f1a851c2796a7a3541550d1
benchmark,logs/benchmark/br-address-split-calibrated-20261002,logs/benchmark/br-address-split-calibrated-20261002/progress.json,27779,02a871268ff199e903d3f1f1d30e16af2d29bb9f868c4ee8ed77db130adc3b8c
benchmark,logs/benchmark/br-address-split-calibrated-20261002,logs/benchmark/br-address-split-calibrated-20261002/replays/60ac7e8b8f5c4bdc95ebdd4ab9da44e9/episode-00000001-slot-1.json,200,a58752899db288aca6ff3e83843e642d241d21c63d1b50721c7a0509a4ee9cd7
benchmark,logs/benchmark/br-address-split-calibrated-20261002,logs/benchmark/br-address-split-calibrated-20261002/replays/60ac7e8b8f5c4bdc95ebdd4ab9da44e9/episode-00000002-slot-0.json,203,bcc9b1d1135b83c66e0d7762cfecf6939b252b7c362de56f5e494f66253a22ad
benchmark,logs/benchmark/br-address-split-calibrated-20261002,logs/benchmark/br-address-split-calibrated-20261002/replays/60ac7e8b8f5c4bdc95ebdd4ab9da44e9/episode-00000003-slot-2.json,203,a3713cd6a2b2633cfc9e0c07671162800225a3ebe2d68f214c06024cadae5c49
benchmark,logs/benchmark/br-address-split-calibrated-20261002,logs/benchmark/br-address-split-calibrated-20261002/replays/60ac7e8b8f5c4bdc95ebdd4ab9da44e9/episode-00000004-slot-3.json,204,561b9fbdda8d586e954c5f5754dd0d2fc7f888ba20b581e2e309722b236ac223
benchmark,logs/benchmark/br-address-split-calibrated-20261002,logs/benchmark/br-address-split-calibrated-20261002/result.json,58716,214c5c93a373d66a9a1e4919668b4f9f07c595b153c1fc1d7d0f5b0009fb4950
benchmark,logs/benchmark/br-address-split-features-20261002,logs/benchmark/br-address-split-features-20261002/config.yaml,13688,43a93b2e2cf29c3f277459b423f20b5b1d2e8ed0ec4463f298d30041967ac547
benchmark,logs/benchmark/br-address-split-features-20261002,logs/benchmark/br-address-split-features-20261002/plan.json,3198,ddd86386541fe881cf7ba57c9ce0950de77d0a9666848f1b788671e322c9253d
benchmark,logs/benchmark/br-address-split-features-20261002,logs/benchmark/br-address-split-features-20261002/progress.json,27057,e5640a9900d9def218220a99b73377d39935d5eee7d57f00dc25bd4b4c3b295a
benchmark,logs/benchmark/br-address-split-features-20261002,logs/benchmark/br-address-split-features-20261002/replays/e51f9a26b6534ac58dc222edab3d397c/episode-00000001-slot-1.json,200,a12424570127fece8104ab9997b46aaa3d8a896a3932979ded241590d7ebb05b
benchmark,logs/benchmark/br-address-split-features-20261002,logs/benchmark/br-address-split-features-20261002/replays/e51f9a26b6534ac58dc222edab3d397c/episode-00000002-slot-0.json,199,e6e1976780c0bd3c0ed0591c17e9f12a27bbcaa78855f002de80c9b347866ff8
benchmark,logs/benchmark/br-address-split-features-20261002,logs/benchmark/br-address-split-features-20261002/replays/e51f9a26b6534ac58dc222edab3d397c/episode-00000003-slot-2.json,199,1b1718f66a7f2b3d95d5fd8b22aca3553d109411a1d15264d94a4e9225814bc3
benchmark,logs/benchmark/br-address-split-features-20261002,logs/benchmark/br-address-split-features-20261002/replays/e51f9a26b6534ac58dc222edab3d397c/episode-00000004-slot-3.json,200,19abc08bd2854cb2cdee4b26d6e939ca6ed9bc58a05f95fa7202b5def6c3f0de
benchmark,logs/benchmark/br-address-split-features-20261002,logs/benchmark/br-address-split-features-20261002/result.json,57927,603aa67d5ff1bbb4a3881ed019b6bf80ef9612df84ad7e4a08689285e24c2b3b
benchmark,logs/benchmark/br-address-teacher-control-20261002,logs/benchmark/br-address-teacher-control-20261002/config.yaml,13763,f9763185b8506b1aaa55bd27e97c9d8a774f5e1b9576836a4e5ed32c3fa8cf00
benchmark,logs/benchmark/br-address-teacher-control-20261002,logs/benchmark/br-address-teacher-control-20261002/plan.json,12796,637c911bbe0589f1681096f1995141ad6d489201ed772a669f1e643cfe3944c3
benchmark,logs/benchmark/br-address-teacher-control-20261002,logs/benchmark/br-address-teacher-control-20261002/progress.json,109937,3422bc8f0cfe2dc4eb37ffdd7ebe4998af7ce7c5e15331d9bec3b74cac87b148
benchmark,logs/benchmark/br-address-teacher-control-20261002,logs/benchmark/br-address-teacher-control-20261002/replays/e5e74d7e2e7444fcacdaee87bc60fd69/episode-00000001-slot-5.json,200,8959755dd273749ffa515be91f0eabd647f7d3fed6b6b38da701ff4c652c10f3
benchmark,logs/benchmark/br-address-teacher-control-20261002,logs/benchmark/br-address-teacher-control-20261002/replays/e5e74d7e2e7444fcacdaee87bc60fd69/episode-00000002-slot-6.json,200,26e36a10a6b60bd5010105cf88ad94ea537e698bd63d6ddc817f73d16ffe19db
benchmark,logs/benchmark/br-address-teacher-control-20261002,logs/benchmark/br-address-teacher-control-20261002/replays/e5e74d7e2e7444fcacdaee87bc60fd69/episode-00000003-slot-0.json,199,d332093adf52b8b58151823303874b8705b319c4fb30be2074f86a5119326cb0
benchmark,logs/benchmark/br-address-teacher-control-20261002,logs/benchmark/br-address-teacher-control-20261002/replays/e5e74d7e2e7444fcacdaee87bc60fd69/episode-00000004-slot-1.json,199,b94266f9032736cf6138719d04910b0da07202521cacb072b998c8d80932d3b6
benchmark,logs/benchmark/br-address-teacher-control-20261002,logs/benchmark/br-address-teacher-control-20261002/replays/e5e74d7e2e7444fcacdaee87bc60fd69/episode-00000005-slot-2.json,199,5402b0c2376714b516f849513116bc248fde1ee4ad571e0c71ac64a00e41ded7
benchmark,logs/benchmark/br-address-teacher-control-20261002,logs/benchmark/br-address-teacher-control-20261002/replays/e5e74d7e2e7444fcacdaee87bc60fd69/episode-00000006-slot-7.json,200,d0532d9f3a0d892f1fad224c81895e8ef42b90c0eadbbbf2777e6f674985651b
benchmark,logs/benchmark/br-address-teacher-control-20261002,logs/benchmark/br-address-teacher-control-20261002/replays/e5e74d7e2e7444fcacdaee87bc60fd69/episode-00000007-slot-4.json,200,d20c2d9fe597ba00c3d650a23b314f2314a091b6e04f3799d6fc940e266d206d
benchmark,logs/benchmark/br-address-teacher-control-20261002,logs/benchmark/br-address-teacher-control-20261002/replays/e5e74d7e2e7444fcacdaee87bc60fd69/episode-00000008-slot-3.json,200,b39b5f0f241b65ba91069a6057d9e08c9ddbba7a260b7ecae94dc9d91548488f
benchmark,logs/benchmark/br-address-teacher-control-20261002,logs/benchmark/br-address-teacher-control-20261002/replays/e5e74d7e2e7444fcacdaee87bc60fd69/episode-00000009-slot-4.json,200,1a5724dabcd0fbf06a48726276b4e223b2551dd18aed5e8531d7fbf67bb8f158
benchmark,logs/benchmark/br-address-teacher-control-20261002,logs/benchmark/br-address-teacher-control-20261002/replays/e5e74d7e2e7444fcacdaee87bc60fd69/episode-00000010-slot-0.json,199,872bbba613871260e18b5dc6ce1a9813f000795bd3501514358b977e6dc00540
benchmark,logs/benchmark/br-address-teacher-control-20261002,logs/benchmark/br-address-teacher-control-20261002/replays/e5e74d7e2e7444fcacdaee87bc60fd69/episode-00000011-slot-6.json,200,dbaacb984dea2e9cd0a1553938e4f645de8b7316f5215007a0cf7c38017dca5b
benchmark,logs/benchmark/br-address-teacher-control-20261002,logs/benchmark/br-address-teacher-control-20261002/replays/e5e74d7e2e7444fcacdaee87bc60fd69/episode-00000012-slot-2.json,199,18c4a5592af8d7126e427a6cf5aebd4f8249d6b9db30de40453bfb66963c82f2
benchmark,logs/benchmark/br-address-teacher-control-20261002,logs/benchmark/br-address-teacher-control-20261002/replays/e5e74d7e2e7444fcacdaee87bc60fd69/episode-00000013-slot-5.json,200,3c9a36b41f7691cf0572bec0c15bcb4b7003293967b9fc66af373a51f9e002c9
benchmark,logs/benchmark/br-address-teacher-control-20261002,logs/benchmark/br-address-teacher-control-20261002/replays/e5e74d7e2e7444fcacdaee87bc60fd69/episode-00000014-slot-1.json,199,6029b46d72dd7937519e3c0c16049e6fae37f6d56c69d94030ac558fb4634f89
benchmark,logs/benchmark/br-address-teacher-control-20261002,logs/benchmark/br-address-teacher-control-20261002/replays/e5e74d7e2e7444fcacdaee87bc60fd69/episode-00000015-slot-3.json,200,c7334ce08d0317035a254013ea390a37704e10ed0486119b8df503b86fcd8db6
benchmark,logs/benchmark/br-address-teacher-control-20261002,logs/benchmark/br-address-teacher-control-20261002/replays/e5e74d7e2e7444fcacdaee87bc60fd69/episode-00000016-slot-7.json,200,a16d0b309709c0b165b64d0971f106454f6145784e1a31bcc99551bba7ac5df4
benchmark,logs/benchmark/br-address-teacher-control-20261002,logs/benchmark/br-address-teacher-control-20261002/result.json,148857,3a420cee3480fb56463d0a4f2e94f78838386d0129ee09a01d35a9304d66abda
benchmark,logs/benchmark/br-address-teacher-replay-20261003,logs/benchmark/br-address-teacher-replay-20261003/config.yaml,16426,e0a74dee15c6ec469de67dc1674221933d314bfc40c6345c89ae6f0ed7c704a6
benchmark,logs/benchmark/br-address-teacher-replay-20261003,logs/benchmark/br-address-teacher-replay-20261003/plan.json,12796,35ec43a7a6958c055cde590c71eae503d69340a97a6262cbb8742b17eccbdd00
benchmark,logs/benchmark/br-address-teacher-replay-20261003,logs/benchmark/br-address-teacher-replay-20261003/progress.json,100211,5fa0a010ee76b5be67c775b682b64ddd16d9086016013d6aec13be896cae58cc
benchmark,logs/benchmark/br-address-teacher-replay-20261003,logs/benchmark/br-address-teacher-replay-20261003/replays/c93311657cb54b8cb4dbb092ccd0c064/episode-00000001-slot-4.json,200,af854a3319629a2b48386e9122b51fc21ee3adf5e3522e1a171b6e3ca7b03602
benchmark,logs/benchmark/br-address-teacher-replay-20261003,logs/benchmark/br-address-teacher-replay-20261003/replays/c93311657cb54b8cb4dbb092ccd0c064/episode-00000002-slot-6.json,200,546147c6560b76116d16529ef960fb3334b7423d13d8867ea9edc21ff288109f
benchmark,logs/benchmark/br-address-teacher-replay-20261003,logs/benchmark/br-address-teacher-replay-20261003/replays/c93311657cb54b8cb4dbb092ccd0c064/episode-00000003-slot-5.json,200,128e323de72b663eb1771fd25736685a0dcaa3ccb3a256e072b109cff96ea75e
benchmark,logs/benchmark/br-address-teacher-replay-20261003,logs/benchmark/br-address-teacher-replay-20261003/replays/c93311657cb54b8cb4dbb092ccd0c064/episode-00000004-slot-0.json,199,b60871fb48cadcdc6de830a8f2d2d51e0cc87d2e3ad2c026df9ec389c1147fcc
benchmark,logs/benchmark/br-address-teacher-replay-20261003,logs/benchmark/br-address-teacher-replay-20261003/replays/c93311657cb54b8cb4dbb092ccd0c064/episode-00000005-slot-7.json,200,4f2e9621a6becc926b8a69b76a6e22d9766ede6979b56d180b7468bb002719ac
benchmark,logs/benchmark/br-address-teacher-replay-20261003,logs/benchmark/br-address-teacher-replay-20261003/replays/c93311657cb54b8cb4dbb092ccd0c064/episode-00000006-slot-2.json,199,343c3c6022917a3cd119534ee6e95f4dfaebcf3359bde7e521913e034cdbe71b
benchmark,logs/benchmark/br-address-teacher-replay-20261003,logs/benchmark/br-address-teacher-replay-20261003/replays/c93311657cb54b8cb4dbb092ccd0c064/episode-00000007-slot-1.json,199,bd0f897fd37efbcdef5fd7a6781470f26cbc3906176f26a91255a9849f8508f6
benchmark,logs/benchmark/br-address-teacher-replay-20261003,logs/benchmark/br-address-teacher-replay-20261003/replays/c93311657cb54b8cb4dbb092ccd0c064/episode-00000008-slot-3.json,200,5eaf7859c6e5aed41b2cd18c8c44a725da4e91546713030e6a516b1c50fc66f1
benchmark,logs/benchmark/br-address-teacher-replay-20261003,logs/benchmark/br-address-teacher-replay-20261003/replays/c93311657cb54b8cb4dbb092ccd0c064/episode-00000009-slot-1.json,199,ad714d56b76e3d2ce5cca4abe74c075b2be15eeb5b0527d7891ce2e52d97e662
benchmark,logs/benchmark/br-address-teacher-replay-20261003,logs/benchmark/br-address-teacher-replay-20261003/replays/c93311657cb54b8cb4dbb092ccd0c064/episode-00000010-slot-6.json,200,896fc6f37452d02ad6560863f69b97eb60434daa2cf3512e8881ad04c4d10439
benchmark,logs/benchmark/br-address-teacher-replay-20261003,logs/benchmark/br-address-teacher-replay-20261003/replays/c93311657cb54b8cb4dbb092ccd0c064/episode-00000011-slot-3.json,200,549f9e74646ce2215bdaae159be0ffd065a49ed3a094133a7bea3046351f7427
benchmark,logs/benchmark/br-address-teacher-replay-20261003,logs/benchmark/br-address-teacher-replay-20261003/replays/c93311657cb54b8cb4dbb092ccd0c064/episode-00000012-slot-4.json,200,494856004ac1e42d2f45955016dbc7a526d8c05a957cd9838b2057f3ff3c9537
benchmark,logs/benchmark/br-address-teacher-replay-20261003,logs/benchmark/br-address-teacher-replay-20261003/replays/c93311657cb54b8cb4dbb092ccd0c064/episode-00000013-slot-5.json,200,6f7e23e79204820d5a2eb696ff102c0ac2f46f61ef805d3ae1b5f33402841720
benchmark,logs/benchmark/br-address-teacher-replay-20261003,logs/benchmark/br-address-teacher-replay-20261003/replays/c93311657cb54b8cb4dbb092ccd0c064/episode-00000014-slot-2.json,199,e91d28773e37ed17fc5afbbf718c425ab689e957bf7e2834d9a93023123640da
benchmark,logs/benchmark/br-address-teacher-replay-20261003,logs/benchmark/br-address-teacher-replay-20261003/replays/c93311657cb54b8cb4dbb092ccd0c064/episode-00000015-slot-0.json,199,a94435f0a769e540667dde0c7f803c51042d242dbb9fb7a6c70dfbcea4f59c59
benchmark,logs/benchmark/br-address-teacher-replay-20261003,logs/benchmark/br-address-teacher-replay-20261003/replays/c93311657cb54b8cb4dbb092ccd0c064/episode-00000016-slot-7.json,200,5ab2f5c4c8dc4e8b98c164cc7cd41e343cc01ea905a78726b850d9220980b504
benchmark,logs/benchmark/br-address-teacher-replay-20261003,logs/benchmark/br-address-teacher-replay-20261003/result.json,138348,3ee4bf6a426b52dfbe4e76c5ef31049601814754f0329131f17033b0122658d6
benchmark,logs/benchmark/br-address-teacher-takeover-20261002,logs/benchmark/br-address-teacher-takeover-20261002/config.yaml,21098,66b98e48e9a103777ca66151eb1bf188ca3824cf7c3ead802c68d759f71e221d
benchmark,logs/benchmark/br-address-teacher-takeover-20261002,logs/benchmark/br-address-teacher-takeover-20261002/plan.json,13116,ac0faf6dc3d15bc3560b380dcbe1261ed53d5ce5750aeefbdb36f054a7cd2360
benchmark,logs/benchmark/br-address-teacher-takeover-20261002,logs/benchmark/br-address-teacher-takeover-20261002/progress.json,114766,2117f4b98a2316e834cae9b586adca54cfe33639b5b2483fb3ccbe72d1413e41
benchmark,logs/benchmark/br-address-teacher-takeover-20261002,logs/benchmark/br-address-teacher-takeover-20261002/replays/93a0d9f6bdb04be2a5e9168f86f9adf7/episode-00000001-slot-7.json,200,8564badbffa437b65bc5df5d55c41da93b35a963982cea0b71631c2f9ffd9b1a
benchmark,logs/benchmark/br-address-teacher-takeover-20261002,logs/benchmark/br-address-teacher-takeover-20261002/replays/93a0d9f6bdb04be2a5e9168f86f9adf7/episode-00000002-slot-1.json,199,b881e5cccf077b6082045a8b8d53d3ee1e0f4742128fd749f7dfffa713ba1a1e
benchmark,logs/benchmark/br-address-teacher-takeover-20261002,logs/benchmark/br-address-teacher-takeover-20261002/replays/93a0d9f6bdb04be2a5e9168f86f9adf7/episode-00000003-slot-5.json,200,6855591d87c8266c3c61c9de20a43d53bfe5d8fe1787b5e2e619e92e4181917d
benchmark,logs/benchmark/br-address-teacher-takeover-20261002,logs/benchmark/br-address-teacher-takeover-20261002/replays/93a0d9f6bdb04be2a5e9168f86f9adf7/episode-00000004-slot-3.json,200,bddce1b503488dd767da4b942a7acc984e1bfe122d6dfeb03c50a1f58c45e74b
benchmark,logs/benchmark/br-address-teacher-takeover-20261002,logs/benchmark/br-address-teacher-takeover-20261002/replays/93a0d9f6bdb04be2a5e9168f86f9adf7/episode-00000005-slot-0.json,203,8fb9082598316ba539642050b35619ac3b052c830cc9c518a218b5978a32a0cb
benchmark,logs/benchmark/br-address-teacher-takeover-20261002,logs/benchmark/br-address-teacher-takeover-20261002/replays/93a0d9f6bdb04be2a5e9168f86f9adf7/episode-00000006-slot-2.json,203,bbc35396ddd450ef32476add3b433b089f945887bba857534f8efc8eda4e3780
benchmark,logs/benchmark/br-address-teacher-takeover-20261002,logs/benchmark/br-address-teacher-takeover-20261002/replays/93a0d9f6bdb04be2a5e9168f86f9adf7/episode-00000007-slot-4.json,204,c7d338870b5268d08a11e79f3376ac16f1ec734d7524ba6a5ec0da7992bfe200
benchmark,logs/benchmark/br-address-teacher-takeover-20261002,logs/benchmark/br-address-teacher-takeover-20261002/replays/93a0d9f6bdb04be2a5e9168f86f9adf7/episode-00000008-slot-6.json,204,0f6811d883b753cb69cd1f87367b6df33f273a6e8018e0681175bfff4a02ac4a
benchmark,logs/benchmark/br-address-teacher-takeover-20261002,logs/benchmark/br-address-teacher-takeover-20261002/replays/93a0d9f6bdb04be2a5e9168f86f9adf7/episode-00000009-slot-1.json,199,2dcb72e24ac3980673a6085ae29c964949eae9767ba1cff8b4b75d09c7435b5a
benchmark,logs/benchmark/br-address-teacher-takeover-20261002,logs/benchmark/br-address-teacher-takeover-20261002/replays/93a0d9f6bdb04be2a5e9168f86f9adf7/episode-00000010-slot-6.json,200,fd4a44c20d8020c8ef2555113e2564c0436860533ee40e4fb09242fc5ddbe7e6
benchmark,logs/benchmark/br-address-teacher-takeover-20261002,logs/benchmark/br-address-teacher-takeover-20261002/replays/93a0d9f6bdb04be2a5e9168f86f9adf7/episode-00000011-slot-2.json,199,3218c33e79857fe7b3ffd240321d4b16e77cf701412eaa97e87d07748aa7e970
benchmark,logs/benchmark/br-address-teacher-takeover-20261002,logs/benchmark/br-address-teacher-takeover-20261002/replays/93a0d9f6bdb04be2a5e9168f86f9adf7/episode-00000012-slot-3.json,200,b0b7422fc9bf29263f8251f97ad30a7a2f5d04ebf73757b02e43478ffdf45463
benchmark,logs/benchmark/br-address-teacher-takeover-20261002,logs/benchmark/br-address-teacher-takeover-20261002/replays/93a0d9f6bdb04be2a5e9168f86f9adf7/episode-00000013-slot-0.json,199,c68e55958a7458bf98a34a0e20d02313a0802f4c272a58a45964ca2d33cda433
benchmark,logs/benchmark/br-address-teacher-takeover-20261002,logs/benchmark/br-address-teacher-takeover-20261002/replays/93a0d9f6bdb04be2a5e9168f86f9adf7/episode-00000014-slot-4.json,204,0ca5886d02f0e9058cece08061e6210919a1fdbab1878428d7cce501342b6379
benchmark,logs/benchmark/br-address-teacher-takeover-20261002,logs/benchmark/br-address-teacher-takeover-20261002/replays/93a0d9f6bdb04be2a5e9168f86f9adf7/episode-00000015-slot-5.json,204,927d53d695e92f1828c5c149a90e904450e2f4fe18f975794ddd5e84c930392a
benchmark,logs/benchmark/br-address-teacher-takeover-20261002,logs/benchmark/br-address-teacher-takeover-20261002/replays/93a0d9f6bdb04be2a5e9168f86f9adf7/episode-00000016-slot-7.json,204,9d6049a16ef85d3d7cf9144ad67aa72084f9bd4da31b3108cff2838b09976f97
benchmark,logs/benchmark/br-address-teacher-takeover-20261002,logs/benchmark/br-address-teacher-takeover-20261002/result.json,153739,825eec3708c172707ca4305669443c5e440a84aa79f7f19a1a89994396ef7a2c
benchmark,logs/benchmark/br-address-teacher-takeover2048-20261002,logs/benchmark/br-address-teacher-takeover2048-20261002/config.yaml,21102,07d817b31e3059bd8b2410a49e7f5f43278df7ad1ec49ea535c51cee81d0751f
benchmark,logs/benchmark/br-address-teacher-takeover2048-20261002,logs/benchmark/br-address-teacher-takeover2048-20261002/plan.json,13116,a37f656af1c4f6df27f85c90c77189ec015aa5897be0c11100b03f272e0d50aa
benchmark,logs/benchmark/br-address-teacher-takeover2048-20261002,logs/benchmark/br-address-teacher-takeover2048-20261002/progress.json,116842,abca42897b43f992ab25cded6a19576bd244c6f2ac916ac9f7e6a44c60987b5c
benchmark,logs/benchmark/br-address-teacher-takeover2048-20261002,logs/benchmark/br-address-teacher-takeover2048-20261002/replays/8075bf7a30224f24a5cc493b0bac2a0e/episode-00000001-slot-5.json,200,346bc35a54178f345f4a8bb6d82410db0a9cae5028e96dc97c2796a44d8fc4b9
benchmark,logs/benchmark/br-address-teacher-takeover2048-20261002,logs/benchmark/br-address-teacher-takeover2048-20261002/replays/8075bf7a30224f24a5cc493b0bac2a0e/episode-00000002-slot-7.json,200,b85bb6405bfb4c4fa3385239aaff283d2ab0476ee8d13229280a03e0703822cd
benchmark,logs/benchmark/br-address-teacher-takeover2048-20261002,logs/benchmark/br-address-teacher-takeover2048-20261002/replays/8075bf7a30224f24a5cc493b0bac2a0e/episode-00000003-slot-1.json,199,8d64a096233fdde44ad09a5522ed309038a8b904a62709956a1fc3956014e9ef
benchmark,logs/benchmark/br-address-teacher-takeover2048-20261002,logs/benchmark/br-address-teacher-takeover2048-20261002/replays/8075bf7a30224f24a5cc493b0bac2a0e/episode-00000004-slot-0.json,203,428ef97d71561fb399c9d776636a79d371febe26cdf34db1ff16f3aae7631aa6
benchmark,logs/benchmark/br-address-teacher-takeover2048-20261002,logs/benchmark/br-address-teacher-takeover2048-20261002/replays/8075bf7a30224f24a5cc493b0bac2a0e/episode-00000005-slot-2.json,203,45b158a9007f8b5a634828723b8a2d1695a274f5d1d7c08dc9d83a852ec45594
benchmark,logs/benchmark/br-address-teacher-takeover2048-20261002,logs/benchmark/br-address-teacher-takeover2048-20261002/replays/8075bf7a30224f24a5cc493b0bac2a0e/episode-00000006-slot-3.json,204,ccc0947fdc0887d4e71b236aa5c0b90264a4ee4a73a59d498a1eabd314c2a823
benchmark,logs/benchmark/br-address-teacher-takeover2048-20261002,logs/benchmark/br-address-teacher-takeover2048-20261002/replays/8075bf7a30224f24a5cc493b0bac2a0e/episode-00000007-slot-4.json,204,2c1fa85653a634ce24b4fe0da3c1d2a78f7f2db59c99e13a900d1ac6e2a4831e
benchmark,logs/benchmark/br-address-teacher-takeover2048-20261002,logs/benchmark/br-address-teacher-takeover2048-20261002/replays/8075bf7a30224f24a5cc493b0bac2a0e/episode-00000008-slot-6.json,204,fe855f2694e2ea1c157424cb3962e0003c267a015a018c69698b45907e97f655
benchmark,logs/benchmark/br-address-teacher-takeover2048-20261002,logs/benchmark/br-address-teacher-takeover2048-20261002/replays/8075bf7a30224f24a5cc493b0bac2a0e/episode-00000009-slot-0.json,199,7783a0676246bf6319891f018b3821e130ae843cede04a77fbbcb79a21ea7556
benchmark,logs/benchmark/br-address-teacher-takeover2048-20261002,logs/benchmark/br-address-teacher-takeover2048-20261002/replays/8075bf7a30224f24a5cc493b0bac2a0e/episode-00000010-slot-6.json,200,d3e08cd8ffcd2f1c86b8360ac2938af2823e88f6b75934bea190922778bb3f74
benchmark,logs/benchmark/br-address-teacher-takeover2048-20261002,logs/benchmark/br-address-teacher-takeover2048-20261002/replays/8075bf7a30224f24a5cc493b0bac2a0e/episode-00000011-slot-1.json,199,6f9be2a68261d63da97afc73f9652ae9f14e28d75655c95e3e3efd6615cf52ee
benchmark,logs/benchmark/br-address-teacher-takeover2048-20261002,logs/benchmark/br-address-teacher-takeover2048-20261002/replays/8075bf7a30224f24a5cc493b0bac2a0e/episode-00000012-slot-2.json,199,c58b9af864e3a90750d49eb754c66291a51a3da85fef37ee752d45de2c14ea77
benchmark,logs/benchmark/br-address-teacher-takeover2048-20261002,logs/benchmark/br-address-teacher-takeover2048-20261002/replays/8075bf7a30224f24a5cc493b0bac2a0e/episode-00000013-slot-3.json,204,85caf04c6454b9a47c4bb8b165ba5f7fee19ebd4f3d1a28f540b27d2c5096cfe
benchmark,logs/benchmark/br-address-teacher-takeover2048-20261002,logs/benchmark/br-address-teacher-takeover2048-20261002/replays/8075bf7a30224f24a5cc493b0bac2a0e/episode-00000014-slot-4.json,204,71444fccf2a7c77c7d5cf0d4952fa7da84340e24d44c41c3598f20d2a471fc45
benchmark,logs/benchmark/br-address-teacher-takeover2048-20261002,logs/benchmark/br-address-teacher-takeover2048-20261002/replays/8075bf7a30224f24a5cc493b0bac2a0e/episode-00000015-slot-5.json,204,ade181a618be99557e4ad0ba5a3a8b32c607f48b9c3050983c66ba701878eaca
benchmark,logs/benchmark/br-address-teacher-takeover2048-20261002,logs/benchmark/br-address-teacher-takeover2048-20261002/replays/8075bf7a30224f24a5cc493b0bac2a0e/episode-00000016-slot-7.json,204,1f5db24733da2373342415fe26132a9557c842522e68ad2cb1374514c6f06b7f
benchmark,logs/benchmark/br-address-teacher-takeover2048-20261002,logs/benchmark/br-address-teacher-takeover2048-20261002/result.json,156124,6633a6c72e67a5e3d6b41cbcab2b89cd1dae144f3fd85b8407ac705febbb81eb
benchmark,logs/benchmark/br-address-warmup-control-20261002,logs/benchmark/br-address-warmup-control-20261002/config.yaml,13604,562c307f8cb13d9e20aac21fb3c767b5f2ea7d24e94374f0e6c8a8b016c4ea5d
benchmark,logs/benchmark/br-address-warmup-control-20261002,logs/benchmark/br-address-warmup-control-20261002/plan.json,3198,7b0878887b3974a5547bdbefe261e8749665365791571b77f1bd5f89206a4dd5
benchmark,logs/benchmark/br-address-warmup-control-20261002,logs/benchmark/br-address-warmup-control-20261002/progress.json,18248,9069b824b3806ec5bc1a3fa8a7184bceb7d7c8dcca938511f0499ed07a4c00d7
benchmark,logs/benchmark/br-address-warmup-control-20261002,logs/benchmark/br-address-warmup-control-20261002/replays/042c206255354c84ae959f51035cacdc/episode-00000001-slot-2.json,199,cd5354059767604ecba058746fa23eedb13b40d9a3ea13c45ff631c1bb7428fe
benchmark,logs/benchmark/br-address-warmup-control-20261002,logs/benchmark/br-address-warmup-control-20261002/replays/042c206255354c84ae959f51035cacdc/episode-00000002-slot-3.json,200,868580a48dbc1bbb84a1a829539f040cdb3658e77c9b690f9ab8160077fa6299
benchmark,logs/benchmark/br-address-warmup-control-20261002,logs/benchmark/br-address-warmup-control-20261002/replays/042c206255354c84ae959f51035cacdc/episode-00000003-slot-1.json,200,6500404ca65f0b932354438a58798ee12747edd326670bed9840ae64155bbd3c
benchmark,logs/benchmark/br-address-warmup-control-20261002,logs/benchmark/br-address-warmup-control-20261002/replays/042c206255354c84ae959f51035cacdc/episode-00000004-slot-0.json,199,b2a4db05d6e415e1b77ae1f1b0b207e3d49a51de917c2172e14a81f06b8de481
benchmark,logs/benchmark/br-address-warmup-control-20261002,logs/benchmark/br-address-warmup-control-20261002/result.json,47623,9b311aa1622f45b405f55a2001d7c7495dc774bc0f024ccf6f4dd0c6c1490ef4
benchmark,logs/benchmark/br-address-warmup-control-expanded-20261002,logs/benchmark/br-address-warmup-control-expanded-20261002/config.yaml,13672,de7e105833e44d908abe77ac3306ee7a1f5a2ab0c0c5b72775df66e5735785dc
benchmark,logs/benchmark/br-address-warmup-control-expanded-20261002,logs/benchmark/br-address-warmup-control-expanded-20261002/plan.json,9600,028ee85993bf549e3983ddde9e0a663a0f337c0097eb8a9a61ed9f5dbfd379c5
benchmark,logs/benchmark/br-address-warmup-control-expanded-20261002,logs/benchmark/br-address-warmup-control-expanded-20261002/progress.json,52875,836617c2415bfe3abfc5742bd9e775e686178d5ea80192fce785573a50c6b1d0
benchmark,logs/benchmark/br-address-warmup-control-expanded-20261002,logs/benchmark/br-address-warmup-control-expanded-20261002/replays/d021185c0beb43b880747392a462038f/episode-00000001-slot-7.json,199,fb0478ca6a95f8bb65e8383455f7f735dfbc8e75e1faa8e1d96a3a86f2ef0faa
benchmark,logs/benchmark/br-address-warmup-control-expanded-20261002,logs/benchmark/br-address-warmup-control-expanded-20261002/replays/d021185c0beb43b880747392a462038f/episode-00000002-slot-5.json,200,3a26b01884e88b90aca87c7d83f71db6cb2e0930cd3422d1904a9c8751c90d18
benchmark,logs/benchmark/br-address-warmup-control-expanded-20261002,logs/benchmark/br-address-warmup-control-expanded-20261002/replays/d021185c0beb43b880747392a462038f/episode-00000003-slot-3.json,200,394439dd51a9367df7c4538917d0a56ad1d48d960def1cceb7bf06adae8e42f0
benchmark,logs/benchmark/br-address-warmup-control-expanded-20261002,logs/benchmark/br-address-warmup-control-expanded-20261002/replays/d021185c0beb43b880747392a462038f/episode-00000004-slot-1.json,199,af0ed5545afc6d75eb9fb44f5178f824357075325844130ad61c49b109eaa27d
benchmark,logs/benchmark/br-address-warmup-control-expanded-20261002,logs/benchmark/br-address-warmup-control-expanded-20261002/replays/d021185c0beb43b880747392a462038f/episode-00000005-slot-4.json,200,a6d4d6b4f22c77ba7cd89c844280a72d19afed91ef05588b0c79ad91eaed5e97
benchmark,logs/benchmark/br-address-warmup-control-expanded-20261002,logs/benchmark/br-address-warmup-control-expanded-20261002/replays/d021185c0beb43b880747392a462038f/episode-00000006-slot-6.json,199,43dfa83c7b93936b8ccfe17ccf3b7e4449436e1d76270f6d8515e0dc5b3254b6
benchmark,logs/benchmark/br-address-warmup-control-expanded-20261002,logs/benchmark/br-address-warmup-control-expanded-20261002/replays/d021185c0beb43b880747392a462038f/episode-00000007-slot-2.json,200,0adf3e417cc4db192e9717e8388212091f318e66f8f8b2186ce4433446acea40
benchmark,logs/benchmark/br-address-warmup-control-expanded-20261002,logs/benchmark/br-address-warmup-control-expanded-20261002/replays/d021185c0beb43b880747392a462038f/episode-00000008-slot-0.json,199,f0b491c9e3bb7d4f9d263540be787b5858bba87f52602918c411df2a7651fdfd
benchmark,logs/benchmark/br-address-warmup-control-expanded-20261002,logs/benchmark/br-address-warmup-control-expanded-20261002/replays/d021185c0beb43b880747392a462038f/episode-00000009-slot-2.json,200,d8807a189d324f50fa02f87955a1ca7c2b248a6a1bb3355716f3f65347206d95
benchmark,logs/benchmark/br-address-warmup-control-expanded-20261002,logs/benchmark/br-address-warmup-control-expanded-20261002/replays/d021185c0beb43b880747392a462038f/episode-00000010-slot-3.json,200,fb338593420525d3d11d0b8ffaf8d624ff61a2b61468ba014c9b32a2cfbe0ca1
benchmark,logs/benchmark/br-address-warmup-control-expanded-20261002,logs/benchmark/br-address-warmup-control-expanded-20261002/replays/d021185c0beb43b880747392a462038f/episode-00000011-slot-1.json,200,3943eeca6647ef68748f74b1bee91ba27d4516ceaa418eb18073b6687ecb2044
benchmark,logs/benchmark/br-address-warmup-control-expanded-20261002,logs/benchmark/br-address-warmup-control-expanded-20261002/replays/d021185c0beb43b880747392a462038f/episode-00000012-slot-0.json,200,7c4ea2cf1bc0507c698d2bb4af335af03c1cb46ad4f19a592099222a24dc3ab9
benchmark,logs/benchmark/br-address-warmup-control-expanded-20261002,logs/benchmark/br-address-warmup-control-expanded-20261002/result.json,86098,0b8cc31cd45a346a7968ca3efec1c379bf548b83fd21d9bf3d3d02b345d86dc5
benchmark,logs/benchmark/br-address-warmup-early-20261002,logs/benchmark/br-address-warmup-early-20261002/config.yaml,13593,b74123316fc460d5fed5ae87b352865a551b0f75925c4b0760623e94f7d92b81
benchmark,logs/benchmark/br-address-warmup-early-20261002,logs/benchmark/br-address-warmup-early-20261002/plan.json,3198,da12dfc168aedf7ca86930ab0c7e5c7a1e82ee690e4d214f64034e2d68c9a1d1
benchmark,logs/benchmark/br-address-warmup-early-20261002,logs/benchmark/br-address-warmup-early-20261002/progress.json,25298,9a412012b19e98c55b8741bdf9377e436a84f18d29d19480b222f81052b43707
benchmark,logs/benchmark/br-address-warmup-early-20261002,logs/benchmark/br-address-warmup-early-20261002/replays/4d814f53c8454546a9b13dbb9f604b71/episode-00000001-slot-0.json,199,802c82f9f4d7adc1ed8d3aaa765a06fd298125ff17541a69aa9a37f254729397
benchmark,logs/benchmark/br-address-warmup-early-20261002,logs/benchmark/br-address-warmup-early-20261002/replays/4d814f53c8454546a9b13dbb9f604b71/episode-00000002-slot-3.json,200,c18c1b346435d25f3316648221f9017346662199eece08c1633194d9efd3a881
benchmark,logs/benchmark/br-address-warmup-early-20261002,logs/benchmark/br-address-warmup-early-20261002/replays/4d814f53c8454546a9b13dbb9f604b71/episode-00000003-slot-1.json,200,6e4ac12fcb0ddda0496eed9ba6b3f3e2c0edab278ea3da889d51a3182a7f4b73
benchmark,logs/benchmark/br-address-warmup-early-20261002,logs/benchmark/br-address-warmup-early-20261002/replays/4d814f53c8454546a9b13dbb9f604b71/episode-00000004-slot-2.json,199,7e00bbf9e6ae4c442ef624b20ebdf08d9fceb65028597ab20bc8f1217a4613aa
benchmark,logs/benchmark/br-address-warmup-early-20261002,logs/benchmark/br-address-warmup-early-20261002/result.json,55336,ccfecf3573bd0d77ec3cb92ed2d2ca507546a6320dba19ef5b8e5a8014c503d4
benchmark,logs/benchmark/br-address-wide-credit-final-20261003,logs/benchmark/br-address-wide-credit-final-20261003/config.yaml,13802,8011ae36e6cb3187a18647398286e91321d83d3ab13ffae0ae2c2e16bc046980
benchmark,logs/benchmark/br-address-wide-credit-final-20261003,logs/benchmark/br-address-wide-credit-final-20261003/plan.json,12796,ab327f0afa51eab589a37ed7766c5ef4782ae99628c799f0d11db82576e18a5d
benchmark,logs/benchmark/br-address-wide-credit-final-20261003,logs/benchmark/br-address-wide-credit-final-20261003/progress.json,160428,0bdea02684783b8fb52df742a772b830d4cadcce89410e99c61628efca664a0a
benchmark,logs/benchmark/br-address-wide-credit-final-20261003,logs/benchmark/br-address-wide-credit-final-20261003/replays/d645440546e246e69df8f98c4f7bf85d/episode-00000001-slot-6.json,200,2eebcb209c8a572904a8cc895cad4c2dce80b4f1492a7ac8136426d9ec72dd11
benchmark,logs/benchmark/br-address-wide-credit-final-20261003,logs/benchmark/br-address-wide-credit-final-20261003/replays/d645440546e246e69df8f98c4f7bf85d/episode-00000002-slot-0.json,199,1219c561de502d15bdff2939a8d841062d8109ecef67708de7978da671900f0a
benchmark,logs/benchmark/br-address-wide-credit-final-20261003,logs/benchmark/br-address-wide-credit-final-20261003/replays/d645440546e246e69df8f98c4f7bf85d/episode-00000003-slot-2.json,199,5ab2cfde46f4632db752a119240e1c6969af4355f6f28a2a86e4d235aa66ebf7
benchmark,logs/benchmark/br-address-wide-credit-final-20261003,logs/benchmark/br-address-wide-credit-final-20261003/replays/d645440546e246e69df8f98c4f7bf85d/episode-00000004-slot-3.json,200,b74200b6da327d09389bdc1c443adec56ded74646acc574ec37aebbca71e10c9
benchmark,logs/benchmark/br-address-wide-credit-final-20261003,logs/benchmark/br-address-wide-credit-final-20261003/replays/d645440546e246e69df8f98c4f7bf85d/episode-00000005-slot-4.json,200,97d798dee6404e6fbb187b7dbdad075bf5583c45ec01cc1900f1fda82f830b5c
benchmark,logs/benchmark/br-address-wide-credit-final-20261003,logs/benchmark/br-address-wide-credit-final-20261003/replays/d645440546e246e69df8f98c4f7bf85d/episode-00000006-slot-1.json,199,7bda2c8728da758de89233b36ef7d12941a9421a4f0c219b38c8b4303f1beff2
benchmark,logs/benchmark/br-address-wide-credit-final-20261003,logs/benchmark/br-address-wide-credit-final-20261003/replays/d645440546e246e69df8f98c4f7bf85d/episode-00000007-slot-7.json,200,6d53b0a77d14db75d8389f505efcd48d65843c545501d15d779a443f1eed0bca
benchmark,logs/benchmark/br-address-wide-credit-final-20261003,logs/benchmark/br-address-wide-credit-final-20261003/replays/d645440546e246e69df8f98c4f7bf85d/episode-00000008-slot-5.json,200,880fb6652c279b50783536d35bd11f90015ef18aad7efd0610b9c12bf7ce215d
benchmark,logs/benchmark/br-address-wide-credit-final-20261003,logs/benchmark/br-address-wide-credit-final-20261003/replays/d645440546e246e69df8f98c4f7bf85d/episode-00000009-slot-3.json,200,df2631b893d54e6a5d4a16cc3b0fc39fefb822521cd77afb1521604c895a20da
benchmark,logs/benchmark/br-address-wide-credit-final-20261003,logs/benchmark/br-address-wide-credit-final-20261003/replays/d645440546e246e69df8f98c4f7bf85d/episode-00000010-slot-7.json,200,b3766a747687fb9716485fa670584412405c3808a52de6e18396b4758001a334
benchmark,logs/benchmark/br-address-wide-credit-final-20261003,logs/benchmark/br-address-wide-credit-final-20261003/replays/d645440546e246e69df8f98c4f7bf85d/episode-00000011-slot-4.json,200,bf86ee4230652c7110ddc2324570bc29d7f295347200088a4fe7671be085697e
benchmark,logs/benchmark/br-address-wide-credit-final-20261003,logs/benchmark/br-address-wide-credit-final-20261003/replays/d645440546e246e69df8f98c4f7bf85d/episode-00000012-slot-6.json,200,4d20fe2a5a3ef52954089ef08aba678ea876a5e07b6b79e22dcf76f78df66eba
benchmark,logs/benchmark/br-address-wide-credit-final-20261003,logs/benchmark/br-address-wide-credit-final-20261003/replays/d645440546e246e69df8f98c4f7bf85d/episode-00000013-slot-0.json,199,ef5ae154383455a0d1fd95000adab0a8ac3f8f81d26fa83bf31f3b3707d489ac
benchmark,logs/benchmark/br-address-wide-credit-final-20261003,logs/benchmark/br-address-wide-credit-final-20261003/replays/d645440546e246e69df8f98c4f7bf85d/episode-00000014-slot-2.json,199,378900c1314b2f4c9d6c84a48ea802613e942635c417d4f4d05bde0449c2c2ee
benchmark,logs/benchmark/br-address-wide-credit-final-20261003,logs/benchmark/br-address-wide-credit-final-20261003/replays/d645440546e246e69df8f98c4f7bf85d/episode-00000015-slot-5.json,200,0d86c80bb60e3162bcfd80f3ca53a95aed3527ea8b1e7ca1bb10b3eee1829540
benchmark,logs/benchmark/br-address-wide-credit-final-20261003,logs/benchmark/br-address-wide-credit-final-20261003/replays/d645440546e246e69df8f98c4f7bf85d/episode-00000016-slot-1.json,199,c9e7d956deec43d81810de28de9516930f6d368b1a8e36310f0d64d08979d8c4
benchmark,logs/benchmark/br-address-wide-credit-final-20261003,logs/benchmark/br-address-wide-credit-final-20261003/result.json,208386,e2ee4d773ce13b725f77a0785aac8fdf10c9a47d4f1f75cd040b5518d6215eb5
benchmark,logs/benchmark/br-critic-candidate-20261002,logs/benchmark/br-critic-candidate-20261002/config.yaml,13591,80697d1b10974b221a2447a663881196ba151e8221a73b9512409ea82d017d56
benchmark,logs/benchmark/br-critic-candidate-20261002,logs/benchmark/br-critic-candidate-20261002/plan.json,3198,af5232e6b416d0dadaf3c3276878827ece615be18671d5ca1a1b64ce62aab8c1
benchmark,logs/benchmark/br-critic-candidate-20261002,logs/benchmark/br-critic-candidate-20261002/progress.json,22340,84045656781b66b07e13f7e8b8d2979fa6d7300e1eebe24a90d934d67a35745d
benchmark,logs/benchmark/br-critic-candidate-20261002,logs/benchmark/br-critic-candidate-20261002/replays/92664bc545194e779faff47d9ac93337/episode-00000001-slot-2.json,199,1e05e8048aee125ef730e64a3e55d31bf9bd42385ea0410da18f00e78ae2399e
benchmark,logs/benchmark/br-critic-candidate-20261002,logs/benchmark/br-critic-candidate-20261002/replays/92664bc545194e779faff47d9ac93337/episode-00000002-slot-3.json,200,c5cb6cc902a755886167b16c8a60bbde2623fdb2c33ba10592c8fcce4fccc454
benchmark,logs/benchmark/br-critic-candidate-20261002,logs/benchmark/br-critic-candidate-20261002/replays/92664bc545194e779faff47d9ac93337/episode-00000003-slot-0.json,199,bf28f5e765b4e62581aa74521aef60558666f14689ea9271e2fbfacf1ccbbb4f
benchmark,logs/benchmark/br-critic-candidate-20261002,logs/benchmark/br-critic-candidate-20261002/replays/92664bc545194e779faff47d9ac93337/episode-00000004-slot-1.json,200,94b548d782390b663b2c86bc83131c3286ea1728242482d4e6166edc6c6747dd
benchmark,logs/benchmark/br-critic-candidate-20261002,logs/benchmark/br-critic-candidate-20261002/result.json,51993,52457d648c5146f90675109bc6fb71d8f06a04e1de84aadb69c29e161dd14a3c
benchmark,logs/benchmark/br-critic-control-20261002,logs/benchmark/br-critic-control-20261002/config.yaml,13575,660eee3ebbf3411ec330e11bc1307a0f05275b7d144878432467491bc9697c3a
benchmark,logs/benchmark/br-critic-control-20261002,logs/benchmark/br-critic-control-20261002/plan.json,3198,1307cab35ee18018cacf464d85e196a8899e0e32d7210dab566fca20be657a59
benchmark,logs/benchmark/br-critic-control-20261002,logs/benchmark/br-critic-control-20261002/progress.json,27467,0738219818d63682070ff3cfd5ced8c49b1426b5f3172c5f48d0cf25bbdea2be
benchmark,logs/benchmark/br-critic-control-20261002,logs/benchmark/br-critic-control-20261002/replays/5a0ee7eafd77418ba8c1de3338347847/episode-00000001-slot-0.json,199,1445926954358dbbe22040ad363ec609c2610d0845d1eb14cfe4b6206e645e9e
benchmark,logs/benchmark/br-critic-control-20261002,logs/benchmark/br-critic-control-20261002/replays/5a0ee7eafd77418ba8c1de3338347847/episode-00000002-slot-2.json,199,78bc96d8624e70dd5ad33f138565b7e6edaf9a0ee4e12be1ebfd20c97b541508
benchmark,logs/benchmark/br-critic-control-20261002,logs/benchmark/br-critic-control-20261002/replays/5a0ee7eafd77418ba8c1de3338347847/episode-00000003-slot-3.json,200,86fc1010610d388abb19acf981ab456f08669fdf974b64db24d80a371415971a
benchmark,logs/benchmark/br-critic-control-20261002,logs/benchmark/br-critic-control-20261002/replays/5a0ee7eafd77418ba8c1de3338347847/episode-00000004-slot-1.json,200,c957f51c64c5e2d8f2f5a6d227b702b66a00bb6e1aebd9859547f9139afede0a
benchmark,logs/benchmark/br-critic-control-20261002,logs/benchmark/br-critic-control-20261002/result.json,57598,2c9fcaec40f0443f7c148f81d0c5be1c4bbd0dc1060d5a6bdeab5f0987177f6d
benchmark,logs/benchmark/br-critic-control-expanded-20261002,logs/benchmark/br-critic-control-expanded-20261002/config.yaml,13643,929f5e34228359b53cdcdba956d3eff57600b60c9c2a0d1d02bc1d3f643d66e6
benchmark,logs/benchmark/br-critic-control-expanded-20261002,logs/benchmark/br-critic-control-expanded-20261002/plan.json,9600,708586bf63e9f65ec2bf346cd23e04c4a49f098affd354aa535cfb83ca6b2b5c
benchmark,logs/benchmark/br-critic-control-expanded-20261002,logs/benchmark/br-critic-control-expanded-20261002/progress.json,77250,3c02ab94d3bac4306ac6fd54d6dfe865d512f25c20b0e4d9f7800bca7db17478
benchmark,logs/benchmark/br-critic-control-expanded-20261002,logs/benchmark/br-critic-control-expanded-20261002/replays/9c97803f80c94dcda8443ed9a52d4095/episode-00000001-slot-2.json,200,619942ed6c379bc0cab32f0015981a56d5f05451107f48446475095966db0c20
benchmark,logs/benchmark/br-critic-control-expanded-20261002,logs/benchmark/br-critic-control-expanded-20261002/replays/9c97803f80c94dcda8443ed9a52d4095/episode-00000002-slot-1.json,199,f108ffba40fb0c7102427aa616a37ceef7074d0edaadf31003f90cd25253318e
benchmark,logs/benchmark/br-critic-control-expanded-20261002,logs/benchmark/br-critic-control-expanded-20261002/replays/9c97803f80c94dcda8443ed9a52d4095/episode-00000003-slot-7.json,199,0ecaf1518b5b2a687962b1194e2f2dcff5c756e386a81468a9f807035bf95289
benchmark,logs/benchmark/br-critic-control-expanded-20261002,logs/benchmark/br-critic-control-expanded-20261002/replays/9c97803f80c94dcda8443ed9a52d4095/episode-00000004-slot-4.json,200,469152221582537ba7de68a63a806b9830a57ba7ffbcc20647a4083a9507b68b
benchmark,logs/benchmark/br-critic-control-expanded-20261002,logs/benchmark/br-critic-control-expanded-20261002/replays/9c97803f80c94dcda8443ed9a52d4095/episode-00000005-slot-5.json,200,2d9390706c24fbfd088dba3a61ef2029c0b66a5a2ff28dadf58d0f40d6b00e66
benchmark,logs/benchmark/br-critic-control-expanded-20261002,logs/benchmark/br-critic-control-expanded-20261002/replays/9c97803f80c94dcda8443ed9a52d4095/episode-00000006-slot-0.json,199,b36a0f184c376a7712d0d0aa7b5ff0c296b45d43b32f20872f713531ffe94dad
benchmark,logs/benchmark/br-critic-control-expanded-20261002,logs/benchmark/br-critic-control-expanded-20261002/replays/9c97803f80c94dcda8443ed9a52d4095/episode-00000007-slot-3.json,200,53918d09d6535b87f55b6fea119278d6f59689395135a13facca88bab731e7d0
benchmark,logs/benchmark/br-critic-control-expanded-20261002,logs/benchmark/br-critic-control-expanded-20261002/replays/9c97803f80c94dcda8443ed9a52d4095/episode-00000008-slot-6.json,199,908e9ccb5b87545cea4c6927cec93bf293e90b15ddba07e450ca62abd2f78367
benchmark,logs/benchmark/br-critic-control-expanded-20261002,logs/benchmark/br-critic-control-expanded-20261002/replays/9c97803f80c94dcda8443ed9a52d4095/episode-00000009-slot-1.json,200,93046e80efae5b99d3a7a587bbd308a6e81662399204054014d92223126e3eb0
benchmark,logs/benchmark/br-critic-control-expanded-20261002,logs/benchmark/br-critic-control-expanded-20261002/replays/9c97803f80c94dcda8443ed9a52d4095/episode-00000010-slot-2.json,200,7a5194c86eaa675cf7ada2f0c45cf1bfba8230bbe97c310db0c33f68d9971aa4
benchmark,logs/benchmark/br-critic-control-expanded-20261002,logs/benchmark/br-critic-control-expanded-20261002/replays/9c97803f80c94dcda8443ed9a52d4095/episode-00000011-slot-3.json,200,54eb693d6d335572517d02a57120a689022736d663472e6fe2daed0882ed1773
benchmark,logs/benchmark/br-critic-control-expanded-20261002,logs/benchmark/br-critic-control-expanded-20261002/replays/9c97803f80c94dcda8443ed9a52d4095/episode-00000012-slot-0.json,200,a48d12eed7630f90234e0aa831dcd2ebc63f7810cf4bd8b1342e7ac656f9360c
benchmark,logs/benchmark/br-critic-control-expanded-20261002,logs/benchmark/br-critic-control-expanded-20261002/result.json,111763,691dc5714eef36ebf8dd531355ba599571d78a8419dd01a22ec5121fb3dae649
benchmark,logs/benchmark/br-god-all-v2-16384-screening,logs/benchmark/br-god-all-v2-16384-screening/config.yaml,24429,4424209c4a4be9c425f56ca41c2f8c2ddcfb72cf9015560c058d6057878c1734
benchmark,logs/benchmark/br-god-all-v2-16384-screening,logs/benchmark/br-god-all-v2-16384-screening/plan.json,12640,4ea3cd6a31f289f779f1258f0092e0b4435337d4a7a72402807e9704f3f75df3
benchmark,logs/benchmark/br-god-all-v2-16384-screening,logs/benchmark/br-god-all-v2-16384-screening/progress.json,29109,8609dc87187e401b65c242916b47775de3574299228e386f7002e0c462793f3b
benchmark,logs/benchmark/br-god-all-v2-16384-screening,logs/benchmark/br-god-all-v2-16384-screening/replays/6d959a04ad52466c98f39f50ad9fffa1/episode-00000001-slot-1.json,200,fe3fbcf1e57c656d3c4199c3eb49dd6df34f1b76ac0dcdd19cb1fcf39ae6da34
benchmark,logs/benchmark/br-god-all-v2-16384-screening,logs/benchmark/br-god-all-v2-16384-screening/replays/6d959a04ad52466c98f39f50ad9fffa1/episode-00000002-slot-0.json,199,b5fbeb7d799bf026f17ff7e546989324176813f0e9f72c559dc8e1277b7bb1a9
benchmark,logs/benchmark/br-god-all-v2-16384-screening,logs/benchmark/br-god-all-v2-16384-screening/replays/6d959a04ad52466c98f39f50ad9fffa1/episode-00000003-slot-2.json,199,f9141048c257b9f6c595ff2b023878e1783c60a9f506717405529f9f227365d8
benchmark,logs/benchmark/br-god-all-v2-16384-screening,logs/benchmark/br-god-all-v2-16384-screening/replays/6d959a04ad52466c98f39f50ad9fffa1/episode-00000004-slot-3.json,204,b4060dc20f2accc4d0634dba2b3a0253a5f6a11df32b5dae236dbdf1045bf549
benchmark,logs/benchmark/br-god-all-v2-16384-screening,logs/benchmark/br-god-all-v2-16384-screening/replays/6d959a04ad52466c98f39f50ad9fffa1/episode-00000005-slot-0.json,199,dabc78add953a8a013422aee734b0ce6a291e8203e473c57c481a8c3eb9786f2
benchmark,logs/benchmark/br-god-all-v2-16384-screening,logs/benchmark/br-god-all-v2-16384-screening/replays/6d959a04ad52466c98f39f50ad9fffa1/episode-00000006-slot-1.json,200,7522f0a06189b52143a46f9c55f48c5c25862165f17b2c2f5fde656335a834f2
benchmark,logs/benchmark/br-god-all-v2-16384-screening,logs/benchmark/br-god-all-v2-16384-screening/replays/6d959a04ad52466c98f39f50ad9fffa1/episode-00000007-slot-2.json,199,5ee88f72b5428ff505c704af544c3986f7624e59e0f4d92305749720cac5951d
benchmark,logs/benchmark/br-god-all-v2-16384-screening,logs/benchmark/br-god-all-v2-16384-screening/replays/6d959a04ad52466c98f39f50ad9fffa1/episode-00000008-slot-3.json,200,2abf0f076d544c7d540841a17048f8388c61d3ea7e1ae49d7dc5d09b6419c8b3
benchmark,logs/benchmark/br-god-all-v2-16384-screening,logs/benchmark/br-god-all-v2-16384-screening/replays/6d959a04ad52466c98f39f50ad9fffa1/episode-00000009-slot-2.json,199,45b1499882129064749b8964e060e53923b00baf51aed8a2d3d0faca7aafb89f
benchmark,logs/benchmark/br-god-all-v2-16384-screening,logs/benchmark/br-god-all-v2-16384-screening/replays/6d959a04ad52466c98f39f50ad9fffa1/episode-00000010-slot-1.json,200,5e157c152bb668ad092a3015b07045307956a2cfe274f19f1c89def82d25979f
benchmark,logs/benchmark/br-god-all-v2-16384-screening,logs/benchmark/br-god-all-v2-16384-screening/replays/6d959a04ad52466c98f39f50ad9fffa1/episode-00000011-slot-0.json,199,497e929112adfadca7d1077b8d8753032535e3dec89c7be4cf780fff3abbde4d
benchmark,logs/benchmark/br-god-all-v2-16384-screening,logs/benchmark/br-god-all-v2-16384-screening/replays/6d959a04ad52466c98f39f50ad9fffa1/episode-00000012-slot-3.json,200,149964fc9c8b93481f0daf1231b27b2da1bd740f62d6fac30734fc3e0a86339e
benchmark,logs/benchmark/br-god-all-v2-16384-screening,logs/benchmark/br-god-all-v2-16384-screening/replays/6d959a04ad52466c98f39f50ad9fffa1/episode-00000013-slot-3.json,200,3e37eb7c918a06f871a69844ff67826aa10ebebb59f1b4d141d9c6fea50ccbb9
benchmark,logs/benchmark/br-god-all-v2-16384-screening,logs/benchmark/br-god-all-v2-16384-screening/replays/6d959a04ad52466c98f39f50ad9fffa1/episode-00000014-slot-1.json,200,74fe2f60fde980bdfb3b06acea20e50e66b92f9c707c2ca1a4ff13c94b7ea3e6
benchmark,logs/benchmark/br-god-all-v2-16384-screening,logs/benchmark/br-god-all-v2-16384-screening/replays/6d959a04ad52466c98f39f50ad9fffa1/episode-00000015-slot-0.json,199,1ed8ee9891e2ea4975b67d3b7c59d24c180a111dd64b3c143a06e9e652b548e3
benchmark,logs/benchmark/br-god-all-v2-16384-screening,logs/benchmark/br-god-all-v2-16384-screening/replays/6d959a04ad52466c98f39f50ad9fffa1/episode-00000016-slot-2.json,199,31008324016571081e91b29581ba9153c41bde07d5f473a16c9b41de658e1618
benchmark,logs/benchmark/br-god-all-v2-16384-screening,logs/benchmark/br-god-all-v2-16384-screening/result.json,54268,b9abb94c9ce80a6218a7184eca54b259216155808a3e40b0594639f8924cddfe
benchmark,logs/benchmark/br-god-all-v2-81920-screening,logs/benchmark/br-god-all-v2-81920-screening/config.yaml,24429,6e910c1fdb59de4f4ba2857abd446ccacab800590b303b2046b2d7734d535004
benchmark,logs/benchmark/br-god-all-v2-81920-screening,logs/benchmark/br-god-all-v2-81920-screening/plan.json,12638,1abcba5e0e8583082644ffc188f97e9104e275f696fa7a4ac401fc23da19e92e
benchmark,logs/benchmark/br-god-all-v2-81920-screening,logs/benchmark/br-god-all-v2-81920-screening/progress.json,29128,e0dce448825f3e9026d0dc5a51100de2b85780c0f788fea0af60dfcf4de541ed
benchmark,logs/benchmark/br-god-all-v2-81920-screening,logs/benchmark/br-god-all-v2-81920-screening/replays/1861554c77b24a728cb5731e0ab679bf/episode-00000001-slot-0.json,199,16535c2d376827dac22a247ecb52a04803243d2db3dfa15171e3f0e66f03c4ca
benchmark,logs/benchmark/br-god-all-v2-81920-screening,logs/benchmark/br-god-all-v2-81920-screening/replays/1861554c77b24a728cb5731e0ab679bf/episode-00000002-slot-2.json,199,a13703ba7a966c6703906d976617cffe9d9c5603790d787fd7528fc44459ecd3
benchmark,logs/benchmark/br-god-all-v2-81920-screening,logs/benchmark/br-god-all-v2-81920-screening/replays/1861554c77b24a728cb5731e0ab679bf/episode-00000003-slot-3.json,200,65874fa98564fc79464c73c678c7601b889d8f5342613d837857a16256b6322b
benchmark,logs/benchmark/br-god-all-v2-81920-screening,logs/benchmark/br-god-all-v2-81920-screening/replays/1861554c77b24a728cb5731e0ab679bf/episode-00000004-slot-1.json,200,3e9c4369cac42fa263caf262b84a864d88ffad07d5f7f6f5cb16833597a67e84
benchmark,logs/benchmark/br-god-all-v2-81920-screening,logs/benchmark/br-god-all-v2-81920-screening/replays/1861554c77b24a728cb5731e0ab679bf/episode-00000005-slot-0.json,199,67886e0b8f3508bf53b96543d9b3f9eb6d97068e2d2784723cfd628a2ac52251
benchmark,logs/benchmark/br-god-all-v2-81920-screening,logs/benchmark/br-god-all-v2-81920-screening/replays/1861554c77b24a728cb5731e0ab679bf/episode-00000006-slot-3.json,200,4f3ee95cde5df25dc1cf6e9502fbdfadb3659a4af0b6a86844d9ab8e633c6f51
benchmark,logs/benchmark/br-god-all-v2-81920-screening,logs/benchmark/br-god-all-v2-81920-screening/replays/1861554c77b24a728cb5731e0ab679bf/episode-00000007-slot-2.json,199,4f9446197d5f0842ea458abb38b5fda301afa03a9c75f93233ded93a7c51a85d
benchmark,logs/benchmark/br-god-all-v2-81920-screening,logs/benchmark/br-god-all-v2-81920-screening/replays/1861554c77b24a728cb5731e0ab679bf/episode-00000008-slot-1.json,200,5024d72b509bfa237c52800b19c58b1445ff39b0ed3c8bb33c8980001c6b6bb5
benchmark,logs/benchmark/br-god-all-v2-81920-screening,logs/benchmark/br-god-all-v2-81920-screening/replays/1861554c77b24a728cb5731e0ab679bf/episode-00000009-slot-1.json,200,f978ecce2391e45a51610b96f8dec38a3f8ce82ba166f5a943e99c0eea3dfe7c
benchmark,logs/benchmark/br-god-all-v2-81920-screening,logs/benchmark/br-god-all-v2-81920-screening/replays/1861554c77b24a728cb5731e0ab679bf/episode-00000010-slot-3.json,200,177ce085adade5a7d8d810f3dd818e8c91b9ba47a5046f06dc7107097fafc3ab
benchmark,logs/benchmark/br-god-all-v2-81920-screening,logs/benchmark/br-god-all-v2-81920-screening/replays/1861554c77b24a728cb5731e0ab679bf/episode-00000011-slot-0.json,199,1965a5f8cf58da6dd58978d9508702eb94562aec4f72b505c88a29b409ea352c
benchmark,logs/benchmark/br-god-all-v2-81920-screening,logs/benchmark/br-god-all-v2-81920-screening/replays/1861554c77b24a728cb5731e0ab679bf/episode-00000012-slot-2.json,199,b9c907e0929f074a3e2d87be54f0668b439528ac164e8a05dba1deb38866b5fe
benchmark,logs/benchmark/br-god-all-v2-81920-screening,logs/benchmark/br-god-all-v2-81920-screening/replays/1861554c77b24a728cb5731e0ab679bf/episode-00000013-slot-3.json,200,8ef42a7ac8f792322a563f089120e6335b3638c967b2a56fbce8079a1b5b5e43
benchmark,logs/benchmark/br-god-all-v2-81920-screening,logs/benchmark/br-god-all-v2-81920-screening/replays/1861554c77b24a728cb5731e0ab679bf/episode-00000014-slot-1.json,200,632208d003656430e42095b57cfbdfb10876a747d9cb4f84dd30ef2d4828572b
benchmark,logs/benchmark/br-god-all-v2-81920-screening,logs/benchmark/br-god-all-v2-81920-screening/replays/1861554c77b24a728cb5731e0ab679bf/episode-00000015-slot-2.json,199,b088bdca7d3315ca0bfdb4a5e595dcc04aba69991cde07f94d3919ae1e5cb46b
benchmark,logs/benchmark/br-god-all-v2-81920-screening,logs/benchmark/br-god-all-v2-81920-screening/replays/1861554c77b24a728cb5731e0ab679bf/episode-00000016-slot-0.json,199,1740bbeb27ab62a561e0f340cbb58c731f943ae45854d6f49739156b7a33c200
benchmark,logs/benchmark/br-god-all-v2-81920-screening,logs/benchmark/br-god-all-v2-81920-screening/result.json,54287,969c70d87b19b6284e8d35143a0e18b33558c32b9f69477eec9b28b4a1db5e4b
benchmark,logs/benchmark/br-idle-to-reimu-final-20261001,logs/benchmark/br-idle-to-reimu-final-20261001/config.yaml,12555,e075e44ab5c2be8f2bdc63e5cbddfaca795233847932d3710d96b31f21552bc5
benchmark,logs/benchmark/br-idle-to-reimu-final-20261001,logs/benchmark/br-idle-to-reimu-final-20261001/plan.json,3198,5385956babb62172d4f873b68969c7287020b3b35273a1b4b445071114ff7baa
benchmark,logs/benchmark/br-idle-to-reimu-final-20261001,logs/benchmark/br-idle-to-reimu-final-20261001/progress.json,24568,950ee4214fdb7c9136bc68e0efb604056379d8f921c73a5aa9c8893121e03482
benchmark,logs/benchmark/br-idle-to-reimu-final-20261001,logs/benchmark/br-idle-to-reimu-final-20261001/replays/44b67ab6ce084c1887c624300cb256ba/episode-00000001-slot-0.json,199,0e82ddf4b50238e4f37b0365f8ce11b11484c39df100e65bb3dff699dfb054cf
benchmark,logs/benchmark/br-idle-to-reimu-final-20261001,logs/benchmark/br-idle-to-reimu-final-20261001/replays/44b67ab6ce084c1887c624300cb256ba/episode-00000002-slot-0.json,200,25afe7e93997a0d26163309f90c3a7b4730acd19c7cdd6826fd9b173161c53e4
benchmark,logs/benchmark/br-idle-to-reimu-final-20261001,logs/benchmark/br-idle-to-reimu-final-20261001/replays/44b67ab6ce084c1887c624300cb256ba/episode-00000003-slot-0.json,199,f60d81d32391e04465537c44647aba9819cf2fa78925406ab8464f87c6f42342
benchmark,logs/benchmark/br-idle-to-reimu-final-20261001,logs/benchmark/br-idle-to-reimu-final-20261001/replays/44b67ab6ce084c1887c624300cb256ba/episode-00000004-slot-0.json,200,6eddef2ebdad6d050a3bb4e5ad116da3d002fdbe1ca633afb1d7b89866164722
benchmark,logs/benchmark/br-idle-to-reimu-final-20261001,logs/benchmark/br-idle-to-reimu-final-20261001/result.json,48518,df9fcf755c0d0e05d16e4825e76fe783092dff865b70789c919aae2dd28d7887
benchmark,logs/benchmark/br-idle-warmup-reimu-zero-shot-20261001,logs/benchmark/br-idle-warmup-reimu-zero-shot-20261001/config.yaml,11158,8a4499ad12794495d59781c1bb674f52c8d3be9d8350e486ae3714ff657c6826
benchmark,logs/benchmark/br-idle-warmup-reimu-zero-shot-20261001,logs/benchmark/br-idle-warmup-reimu-zero-shot-20261001/plan.json,3198,1b9261fec47858a236d47b91c2f0a07a14c96ba2b2b6c4471cd1cfb35c7291a2
benchmark,logs/benchmark/br-idle-warmup-reimu-zero-shot-20261001,logs/benchmark/br-idle-warmup-reimu-zero-shot-20261001/progress.json,24866,fd4166ec0a98e4f45960c3b52724a5ce499ae609f1245c8947463cddac50df2e
benchmark,logs/benchmark/br-idle-warmup-reimu-zero-shot-20261001,logs/benchmark/br-idle-warmup-reimu-zero-shot-20261001/replays/beea1c48e901468d8b0207382e0e43ac/episode-00000001-slot-0.json,199,4b7f93957bba11904599733a2fc26b2e30f8ccaa58acdb68ca51f2eb6cd66231
benchmark,logs/benchmark/br-idle-warmup-reimu-zero-shot-20261001,logs/benchmark/br-idle-warmup-reimu-zero-shot-20261001/replays/beea1c48e901468d8b0207382e0e43ac/episode-00000002-slot-0.json,200,5b83372ef433dd6ca58fc6fb235fb837047fba79fa8f8352544f43124cd80ad6
benchmark,logs/benchmark/br-idle-warmup-reimu-zero-shot-20261001,logs/benchmark/br-idle-warmup-reimu-zero-shot-20261001/replays/beea1c48e901468d8b0207382e0e43ac/episode-00000003-slot-0.json,199,de687d796c92b5a5f074839ffbc4cfe7b125b2064b192ba593d8754f955b6926
benchmark,logs/benchmark/br-idle-warmup-reimu-zero-shot-20261001,logs/benchmark/br-idle-warmup-reimu-zero-shot-20261001/replays/beea1c48e901468d8b0207382e0e43ac/episode-00000004-slot-0.json,200,9ad2d49520cfc87e9fc662b1cc50f06d2fb9312f9a012fb3e7b148f03839380f
benchmark,logs/benchmark/br-idle-warmup-reimu-zero-shot-20261001,logs/benchmark/br-idle-warmup-reimu-zero-shot-20261001/result.json,48730,eb1c857ea4f9c576bd9ff02c28ea64f8ab34d70ce3aa23d1275cd61409768051
benchmark,logs/benchmark/br-noise90-reimu-zero-shot-20261001,logs/benchmark/br-noise90-reimu-zero-shot-20261001/config.yaml,10732,e3cc26a4d464d1ca27e6fcff4fed26b2c528a14cf5737f231d0274b35a6c5a44
benchmark,logs/benchmark/br-noise90-reimu-zero-shot-20261001,logs/benchmark/br-noise90-reimu-zero-shot-20261001/plan.json,3198,ddb14e08c1e9b4ea49c398620bcb5ce6537375d513fa2de59098c45a0e57b1db
benchmark,logs/benchmark/br-noise90-reimu-zero-shot-20261001,logs/benchmark/br-noise90-reimu-zero-shot-20261001/progress.json,22726,4912bcf7108372e6293c60d4d7ec1238e63c0083b3198bd24ec33e0de9df7b05
benchmark,logs/benchmark/br-noise90-reimu-zero-shot-20261001,logs/benchmark/br-noise90-reimu-zero-shot-20261001/replays/1456b0c4c45b4378a4269ddd17d0514d/episode-00000001-slot-0.json,199,1af245f6961aa20ef45952bcaddc34d78dafca77e0b3fee4489d5fe022191d54
benchmark,logs/benchmark/br-noise90-reimu-zero-shot-20261001,logs/benchmark/br-noise90-reimu-zero-shot-20261001/replays/1456b0c4c45b4378a4269ddd17d0514d/episode-00000002-slot-0.json,200,f12bfe43f5f0afca91d8b1e262712192c55bfe4a45901341ebdb8faeb2fa60fe
benchmark,logs/benchmark/br-noise90-reimu-zero-shot-20261001,logs/benchmark/br-noise90-reimu-zero-shot-20261001/replays/1456b0c4c45b4378a4269ddd17d0514d/episode-00000003-slot-0.json,199,2e80375bf3ea423efc218ad5218d45867c6c8c022b11c381692933a6d2d78ee1
benchmark,logs/benchmark/br-noise90-reimu-zero-shot-20261001,logs/benchmark/br-noise90-reimu-zero-shot-20261001/replays/1456b0c4c45b4378a4269ddd17d0514d/episode-00000004-slot-0.json,200,d79cdb37b9684e482aff0e90349a641e69d803847d7ea8200e8e466b385bd028
benchmark,logs/benchmark/br-noise90-reimu-zero-shot-20261001,logs/benchmark/br-noise90-reimu-zero-shot-20261001/result.json,48508,1eb401e7570f03bf4251e1b03c4048851b0ec29a99c52090c56579445962faf9
benchmark,logs/benchmark/br-noise90-to-reimu-final-20261001,logs/benchmark/br-noise90-to-reimu-final-20261001/config.yaml,12608,eaaf8ee13a84ce6d068485a3a3ed29dc6d3d0de3ddc5d89fa6ced74af4e864ac
benchmark,logs/benchmark/br-noise90-to-reimu-final-20261001,logs/benchmark/br-noise90-to-reimu-final-20261001/plan.json,3198,3995f1b5bbb0fd3e46a3bb17301b4f376f5d9f3ce7801a40b1822790e3a28fba
benchmark,logs/benchmark/br-noise90-to-reimu-final-20261001,logs/benchmark/br-noise90-to-reimu-final-20261001/progress.json,25079,91f3863575d4b5a48dde95fb2af137e04b6123e62b513cfbc15c9deb95fe53e3
benchmark,logs/benchmark/br-noise90-to-reimu-final-20261001,logs/benchmark/br-noise90-to-reimu-final-20261001/replays/55a6ca7d3cf04d85ae657bb0edc8e53f/episode-00000001-slot-0.json,199,cd3a791d415d1d129cebb83a8c7ab016240bfa012002d795ab392dcd9da97a31
benchmark,logs/benchmark/br-noise90-to-reimu-final-20261001,logs/benchmark/br-noise90-to-reimu-final-20261001/replays/55a6ca7d3cf04d85ae657bb0edc8e53f/episode-00000002-slot-0.json,200,d5e3004d78cc31961a961e60cac6395f86be2f9ef1936641ec196e27f2d6343e
benchmark,logs/benchmark/br-noise90-to-reimu-final-20261001,logs/benchmark/br-noise90-to-reimu-final-20261001/replays/55a6ca7d3cf04d85ae657bb0edc8e53f/episode-00000003-slot-0.json,199,e313b81326e8ba6a31caa14523d9502c7fe2715cdf5c8da0cd78a80e77373d3f
benchmark,logs/benchmark/br-noise90-to-reimu-final-20261001,logs/benchmark/br-noise90-to-reimu-final-20261001/replays/55a6ca7d3cf04d85ae657bb0edc8e53f/episode-00000004-slot-0.json,200,39e3ab2b0ceb700761325d9405ce6ef496f184611a5ad932ab4fe1b35a9ce961
benchmark,logs/benchmark/br-noise90-to-reimu-final-20261001,logs/benchmark/br-noise90-to-reimu-final-20261001/result.json,51196,83d451806872838263ff39330d2be26f535e44ae83be79988cad83838c235723
benchmark,logs/benchmark/br-online-anchor-lr01-u4-runtime-20261002,logs/benchmark/br-online-anchor-lr01-u4-runtime-20261002/config.yaml,13842,c549f13b178decaa11559d70f9a2e3348c45a275a0471ae146680b6acbd66db1
benchmark,logs/benchmark/br-online-anchor-lr01-u4-runtime-20261002,logs/benchmark/br-online-anchor-lr01-u4-runtime-20261002/plan.json,3198,b0588b875719cac07307a033a1de05222e836a3f78cfc468959b812cb6fdf603
benchmark,logs/benchmark/br-online-anchor-lr01-u4-runtime-20261002,logs/benchmark/br-online-anchor-lr01-u4-runtime-20261002/progress.json,27112,b16ba82d709f8e8da1ecc0af098442e4899bf64b9cfe903711a96e3d24593a17
benchmark,logs/benchmark/br-online-anchor-lr01-u4-runtime-20261002,logs/benchmark/br-online-anchor-lr01-u4-runtime-20261002/replays/ea14b28ce2f64537a99fe7986187b825/episode-00000001-slot-1.json,200,c93e6ec1ee9f49ea38fd1809ad91245d69b3251a180a21bb6e8d47a346c7f564
benchmark,logs/benchmark/br-online-anchor-lr01-u4-runtime-20261002,logs/benchmark/br-online-anchor-lr01-u4-runtime-20261002/replays/ea14b28ce2f64537a99fe7986187b825/episode-00000002-slot-0.json,199,e68b8ceed1ac54c470a8c8f40dc9c1f4555f3c839e2442b993dc95c5708c476c
benchmark,logs/benchmark/br-online-anchor-lr01-u4-runtime-20261002,logs/benchmark/br-online-anchor-lr01-u4-runtime-20261002/replays/ea14b28ce2f64537a99fe7986187b825/episode-00000003-slot-3.json,200,0e09f4257025387362836aaacc59bd65165c39a892c0bc46da21fc6273b2e31f
benchmark,logs/benchmark/br-online-anchor-lr01-u4-runtime-20261002,logs/benchmark/br-online-anchor-lr01-u4-runtime-20261002/replays/ea14b28ce2f64537a99fe7986187b825/episode-00000004-slot-2.json,199,e049af7fccbea1e744673c5d9b3ce64580cf0cadaf1beadcc659b2694b86e365
benchmark,logs/benchmark/br-online-anchor-lr01-u4-runtime-20261002,logs/benchmark/br-online-anchor-lr01-u4-runtime-20261002/result.json,55908,055a0635a4f263ff3611d97539a3cdbae0af92a811ede22f5450fe9e81978f23
benchmark,logs/benchmark/br-online-anchor-runtime-20261002,logs/benchmark/br-online-anchor-runtime-20261002/config.yaml,13803,df3c2124d67c4520f3db3ac7074ed7b6fa94b56a2d5f318da001b0b0c735f511
benchmark,logs/benchmark/br-online-anchor-runtime-20261002,logs/benchmark/br-online-anchor-runtime-20261002/plan.json,3198,13be3adc1b38859b7bff69de3cd999fdfc9f1b43d62085fe86a8a49a6cef4626
benchmark,logs/benchmark/br-online-anchor-runtime-20261002,logs/benchmark/br-online-anchor-runtime-20261002/progress.json,25214,178f1eb9317669399303e873a970bad703b9119b8be24d2c229af52269da3bd7
benchmark,logs/benchmark/br-online-anchor-runtime-20261002,logs/benchmark/br-online-anchor-runtime-20261002/replays/4d34cc8908da405588aaa503fc0790ae/episode-00000001-slot-1.json,200,3e2e06c5b44a8c100a763e3d2b13e0c93c343277428b584e7b42518f0d1c5e14
benchmark,logs/benchmark/br-online-anchor-runtime-20261002,logs/benchmark/br-online-anchor-runtime-20261002/replays/4d34cc8908da405588aaa503fc0790ae/episode-00000002-slot-3.json,200,8e8d9036dbe791dd8e0bc8ec9c54f54ad467e005dc7019770f58b0cf79d2628c
benchmark,logs/benchmark/br-online-anchor-runtime-20261002,logs/benchmark/br-online-anchor-runtime-20261002/replays/4d34cc8908da405588aaa503fc0790ae/episode-00000003-slot-2.json,199,59f5b6f1114cd25ab1d1988e10c897113fda1ea82fc31bea7e9daeabb077e748
benchmark,logs/benchmark/br-online-anchor-runtime-20261002,logs/benchmark/br-online-anchor-runtime-20261002/replays/4d34cc8908da405588aaa503fc0790ae/episode-00000004-slot-0.json,199,42ad48ebf0a42d0350664b59aaccb3dd0464328a43f771d1ed9dd2597015e837
benchmark,logs/benchmark/br-online-anchor-runtime-20261002,logs/benchmark/br-online-anchor-runtime-20261002/result.json,53608,608b9a6a0fa9e9cfb2a4fabc551c5f420de066acbf465f4c8a1a3f07cf5bba68
benchmark,logs/benchmark/br-recurrent-factorized-address-20261002,logs/benchmark/br-recurrent-factorized-address-20261002/config.yaml,17046,6c3ed9d3c97037b7c83c78133794f6cbaf82e59a6077a46cba7adceac90a98ca
benchmark,logs/benchmark/br-recurrent-factorized-address-20261002,logs/benchmark/br-recurrent-factorized-address-20261002/plan.json,12796,c36a9fd6033e436c1c38a8730cc28cf29095ec0b6b0f9aaf583a488d01ea1d74
benchmark,logs/benchmark/br-recurrent-factorized-address-20261002,logs/benchmark/br-recurrent-factorized-address-20261002/progress.json,95221,80fbe9ada76ce612fcd0b9f9cccbe96770d76ec4a3c992af071fc8cd513bf428
benchmark,logs/benchmark/br-recurrent-factorized-address-20261002,logs/benchmark/br-recurrent-factorized-address-20261002/replays/4176a2b143664546adb6d0495a73aa48/episode-00000001-slot-6.json,200,ed6634f606b380b1268e4dd2c35a5b5e1f9b72d1bc8af6b5458fd8fccb14b039
benchmark,logs/benchmark/br-recurrent-factorized-address-20261002,logs/benchmark/br-recurrent-factorized-address-20261002/replays/4176a2b143664546adb6d0495a73aa48/episode-00000002-slot-2.json,199,e96ed937782393faa9da45372bbb9848d0611275bb6485ecffd1557ed137d50a
benchmark,logs/benchmark/br-recurrent-factorized-address-20261002,logs/benchmark/br-recurrent-factorized-address-20261002/replays/4176a2b143664546adb6d0495a73aa48/episode-00000003-slot-3.json,200,17366c39d1bd6849afd8191d0074bb0bdc5ae9b499caf2b6937ad01fa2f7781a
benchmark,logs/benchmark/br-recurrent-factorized-address-20261002,logs/benchmark/br-recurrent-factorized-address-20261002/replays/4176a2b143664546adb6d0495a73aa48/episode-00000004-slot-1.json,199,c3dc42cde38b1d193d20c28d503327b0e98737a0680c0740342409a5a484d132
benchmark,logs/benchmark/br-recurrent-factorized-address-20261002,logs/benchmark/br-recurrent-factorized-address-20261002/replays/4176a2b143664546adb6d0495a73aa48/episode-00000005-slot-4.json,200,51a340935d2277bf4a49a34ab143dd4c68175d4d8398c21719da5dd9612dd7b3
benchmark,logs/benchmark/br-recurrent-factorized-address-20261002,logs/benchmark/br-recurrent-factorized-address-20261002/replays/4176a2b143664546adb6d0495a73aa48/episode-00000006-slot-5.json,200,f1091934feae4c4e7e3c08053f2cd7fb281579f6614f10d8ce25e92f15c534b3
benchmark,logs/benchmark/br-recurrent-factorized-address-20261002,logs/benchmark/br-recurrent-factorized-address-20261002/replays/4176a2b143664546adb6d0495a73aa48/episode-00000007-slot-0.json,199,fb2594af293af09bf912172d4582ccc0f4da81d0e72c502042bc524652ae35f6
benchmark,logs/benchmark/br-recurrent-factorized-address-20261002,logs/benchmark/br-recurrent-factorized-address-20261002/replays/4176a2b143664546adb6d0495a73aa48/episode-00000008-slot-7.json,200,83d17a28ce4acef745f71a3bb951b6475313b1a27b2f3fd17f28d73302771db6
benchmark,logs/benchmark/br-recurrent-factorized-address-20261002,logs/benchmark/br-recurrent-factorized-address-20261002/replays/4176a2b143664546adb6d0495a73aa48/episode-00000009-slot-4.json,200,fcec923146d1bf5855d169410557e42a163b80c1403d4af75a07c1a3bb2dbaa6
benchmark,logs/benchmark/br-recurrent-factorized-address-20261002,logs/benchmark/br-recurrent-factorized-address-20261002/replays/4176a2b143664546adb6d0495a73aa48/episode-00000010-slot-0.json,199,74ffc315a99b5b6901095c55af21a45e13efa91a518dcf16b268c870f96c4e1b
benchmark,logs/benchmark/br-recurrent-factorized-address-20261002,logs/benchmark/br-recurrent-factorized-address-20261002/replays/4176a2b143664546adb6d0495a73aa48/episode-00000011-slot-6.json,200,9d2ce31cecaa4d84e422ec03506e2835cd6af760819e846fb38abb8a32e3ddd3
benchmark,logs/benchmark/br-recurrent-factorized-address-20261002,logs/benchmark/br-recurrent-factorized-address-20261002/replays/4176a2b143664546adb6d0495a73aa48/episode-00000012-slot-3.json,200,1cd0b6bbb83080d117d3412d23659f9679864dd660653dcb9e14738d7a6ade9d
benchmark,logs/benchmark/br-recurrent-factorized-address-20261002,logs/benchmark/br-recurrent-factorized-address-20261002/replays/4176a2b143664546adb6d0495a73aa48/episode-00000013-slot-7.json,200,7d4568254c2d8bf068e821ed31d5377872a05abe5bd6e2addfa569c6c0e10736
benchmark,logs/benchmark/br-recurrent-factorized-address-20261002,logs/benchmark/br-recurrent-factorized-address-20261002/replays/4176a2b143664546adb6d0495a73aa48/episode-00000014-slot-5.json,200,dd0be0a2d5ec148b61fc4fe2221b5de4c6dde4e2daa1df5770fae8605c71ca96
benchmark,logs/benchmark/br-recurrent-factorized-address-20261002,logs/benchmark/br-recurrent-factorized-address-20261002/replays/4176a2b143664546adb6d0495a73aa48/episode-00000015-slot-2.json,199,d9d418e19fe6f29bbc07ea7a83a0b94db5d79fdfeb75e02067f69853b54c016a
benchmark,logs/benchmark/br-recurrent-factorized-address-20261002,logs/benchmark/br-recurrent-factorized-address-20261002/replays/4176a2b143664546adb6d0495a73aa48/episode-00000016-slot-1.json,199,d44c31f80a789ebf388cc39d472ac7db9cd62165eac517557615e87b677f7b8f
benchmark,logs/benchmark/br-recurrent-factorized-address-20261002,logs/benchmark/br-recurrent-factorized-address-20261002/result.json,132352,ce6282cf963b69fc5f7463c5e4c19542ae3d6082e9f41abde009ab6c67f03381
benchmark,logs/benchmark/br-recurrent-factorized-ppo-final-20261002,logs/benchmark/br-recurrent-factorized-ppo-final-20261002/config.yaml,13947,086e799e59b1bface281eaa0835d70f677b23ae2f2484e83bb97ec0f0fd912a7
benchmark,logs/benchmark/br-recurrent-factorized-ppo-final-20261002,logs/benchmark/br-recurrent-factorized-ppo-final-20261002/plan.json,12796,0e3b23174c7b705ee678c23f0a57936f68b9f737692d9b4b9a33aa15a51c3de3
benchmark,logs/benchmark/br-recurrent-factorized-ppo-final-20261002,logs/benchmark/br-recurrent-factorized-ppo-final-20261002/progress.json,84364,0fc369904ecc7a7c7096ca1f7d692e132bd4b967eeb8aad3f25c87271f711048
benchmark,logs/benchmark/br-recurrent-factorized-ppo-final-20261002,logs/benchmark/br-recurrent-factorized-ppo-final-20261002/replays/1ffe1165fff44b219e271da8c487643d/episode-00000001-slot-1.json,199,b129ffb547006d3e02311827fa3fc7b9d9c4cc83fa6f3cfe4be11edff0a687c3
benchmark,logs/benchmark/br-recurrent-factorized-ppo-final-20261002,logs/benchmark/br-recurrent-factorized-ppo-final-20261002/replays/1ffe1165fff44b219e271da8c487643d/episode-00000002-slot-0.json,199,4ccd58b3a8d865d7870fd99d95199470b20d59e4489f3a0f1f56ea902e589bf9
benchmark,logs/benchmark/br-recurrent-factorized-ppo-final-20261002,logs/benchmark/br-recurrent-factorized-ppo-final-20261002/replays/1ffe1165fff44b219e271da8c487643d/episode-00000003-slot-2.json,199,0923b380cf7204f02312a6ee669798bbb9de84b9baab3644af005f2d03e0a661
benchmark,logs/benchmark/br-recurrent-factorized-ppo-final-20261002,logs/benchmark/br-recurrent-factorized-ppo-final-20261002/replays/1ffe1165fff44b219e271da8c487643d/episode-00000004-slot-4.json,200,812a73d2f6fef8cd3bff6210a3da109dd89e482978c224dfa85131216a3ec350
benchmark,logs/benchmark/br-recurrent-factorized-ppo-final-20261002,logs/benchmark/br-recurrent-factorized-ppo-final-20261002/replays/1ffe1165fff44b219e271da8c487643d/episode-00000005-slot-3.json,200,d97438b682d2076533c0f52a5980e7b3d3470653eff3e33a2972024c169dece3
benchmark,logs/benchmark/br-recurrent-factorized-ppo-final-20261002,logs/benchmark/br-recurrent-factorized-ppo-final-20261002/replays/1ffe1165fff44b219e271da8c487643d/episode-00000006-slot-6.json,200,540957ed9fdb14056c3307efe1e6684b6cbe028c947470b14213ce3c7453fb48
benchmark,logs/benchmark/br-recurrent-factorized-ppo-final-20261002,logs/benchmark/br-recurrent-factorized-ppo-final-20261002/replays/1ffe1165fff44b219e271da8c487643d/episode-00000007-slot-5.json,200,85b561279102978f33b5e09373d294046035845384dd1a46e5a401013a796f8e
benchmark,logs/benchmark/br-recurrent-factorized-ppo-final-20261002,logs/benchmark/br-recurrent-factorized-ppo-final-20261002/replays/1ffe1165fff44b219e271da8c487643d/episode-00000008-slot-7.json,200,98a8ae616485598009b394d5635e3549a63582fb6422aaca1f9b56b233f8611a
benchmark,logs/benchmark/br-recurrent-factorized-ppo-final-20261002,logs/benchmark/br-recurrent-factorized-ppo-final-20261002/replays/1ffe1165fff44b219e271da8c487643d/episode-00000009-slot-7.json,200,c599f14829469c104add64ad06ce1bc61b19ad7eb2d59b0e122a0c783babde10
benchmark,logs/benchmark/br-recurrent-factorized-ppo-final-20261002,logs/benchmark/br-recurrent-factorized-ppo-final-20261002/replays/1ffe1165fff44b219e271da8c487643d/episode-00000010-slot-4.json,200,5f730601b12100bad4da0f132f14bb851c788b2183bfb67c1252a5b2ca4f5d7a
benchmark,logs/benchmark/br-recurrent-factorized-ppo-final-20261002,logs/benchmark/br-recurrent-factorized-ppo-final-20261002/replays/1ffe1165fff44b219e271da8c487643d/episode-00000011-slot-6.json,200,f23ef79c4de2ee01720464641a563f53579b41165f5d8d3b9287b9fe2fa95974
benchmark,logs/benchmark/br-recurrent-factorized-ppo-final-20261002,logs/benchmark/br-recurrent-factorized-ppo-final-20261002/replays/1ffe1165fff44b219e271da8c487643d/episode-00000012-slot-0.json,199,9bb146a95cfe4f1f5945816cb5689365c12659c1b7ac5cdbfcf0196cc71d6ab4
benchmark,logs/benchmark/br-recurrent-factorized-ppo-final-20261002,logs/benchmark/br-recurrent-factorized-ppo-final-20261002/replays/1ffe1165fff44b219e271da8c487643d/episode-00000013-slot-5.json,200,84d7270de195212bb6801ddcb2b114c3f95fc0d7f16b034a16d5f97e29f07d37
benchmark,logs/benchmark/br-recurrent-factorized-ppo-final-20261002,logs/benchmark/br-recurrent-factorized-ppo-final-20261002/replays/1ffe1165fff44b219e271da8c487643d/episode-00000014-slot-2.json,199,12ea119a197f3c1886e893d1f3bbc287831b5470ba3023b74b5388b4ae6a6c38
benchmark,logs/benchmark/br-recurrent-factorized-ppo-final-20261002,logs/benchmark/br-recurrent-factorized-ppo-final-20261002/replays/1ffe1165fff44b219e271da8c487643d/episode-00000015-slot-3.json,200,6b091e3a9ae936b3f210e4278d408023639eaba0ba6de1d5df44167065b17446
benchmark,logs/benchmark/br-recurrent-factorized-ppo-final-20261002,logs/benchmark/br-recurrent-factorized-ppo-final-20261002/replays/1ffe1165fff44b219e271da8c487643d/episode-00000016-slot-1.json,199,82751e5426d24d3ffffd0a01fb32151de6e213c50adbd5d9dd646588fe3cd53d
benchmark,logs/benchmark/br-recurrent-factorized-ppo-final-20261002,logs/benchmark/br-recurrent-factorized-ppo-final-20261002/result.json,120724,41c4494a94cf0efc25e210722180b67a54c85945d39467fc7a30922a504c1163
benchmark,logs/benchmark/br-recurrent-factorized-ppo-mid-20261002,logs/benchmark/br-recurrent-factorized-ppo-mid-20261002/config.yaml,13998,fc0e3f3f315d208edcfd97ed43e7384f89b8e972ad83c818342fd3fd892b1b79
benchmark,logs/benchmark/br-recurrent-factorized-ppo-mid-20261002,logs/benchmark/br-recurrent-factorized-ppo-mid-20261002/plan.json,12796,3fae87a7c4f101f710c829ba27907616932097160d1b186114a83bd2c58a53ab
benchmark,logs/benchmark/br-recurrent-factorized-ppo-mid-20261002,logs/benchmark/br-recurrent-factorized-ppo-mid-20261002/progress.json,82762,02c7a3c2c2694ca597dd7e028357d74dbcdad46ad383ec83aaa01720bd3ca9c7
benchmark,logs/benchmark/br-recurrent-factorized-ppo-mid-20261002,logs/benchmark/br-recurrent-factorized-ppo-mid-20261002/replays/f4138ccc0ec34e069b93760872a7b720/episode-00000001-slot-3.json,200,72542980f592714f67da0f1de4726aca43cb4265917614d4d9ce4f6f5ddd97d1
benchmark,logs/benchmark/br-recurrent-factorized-ppo-mid-20261002,logs/benchmark/br-recurrent-factorized-ppo-mid-20261002/replays/f4138ccc0ec34e069b93760872a7b720/episode-00000002-slot-1.json,199,a2c86915b3a418fac77423e381b64a29595c52ddb20c2fa049580081c1431e06
benchmark,logs/benchmark/br-recurrent-factorized-ppo-mid-20261002,logs/benchmark/br-recurrent-factorized-ppo-mid-20261002/replays/f4138ccc0ec34e069b93760872a7b720/episode-00000003-slot-5.json,200,4b76fe378e77e8915b01b25702f58dca215854be9e0891e8fe8526af02dda7a1
benchmark,logs/benchmark/br-recurrent-factorized-ppo-mid-20261002,logs/benchmark/br-recurrent-factorized-ppo-mid-20261002/replays/f4138ccc0ec34e069b93760872a7b720/episode-00000004-slot-6.json,200,7934135f9accda44b0d3fa6b100fd871931cdfc46ee4bdc889834e607c016a8c
benchmark,logs/benchmark/br-recurrent-factorized-ppo-mid-20261002,logs/benchmark/br-recurrent-factorized-ppo-mid-20261002/replays/f4138ccc0ec34e069b93760872a7b720/episode-00000005-slot-2.json,199,f650b599302d1d229b15a40146635223a20b4d744217b8939e111d42f95a53c6
benchmark,logs/benchmark/br-recurrent-factorized-ppo-mid-20261002,logs/benchmark/br-recurrent-factorized-ppo-mid-20261002/replays/f4138ccc0ec34e069b93760872a7b720/episode-00000006-slot-7.json,200,0e09f7003126c5be6694790b3f0e0e0e7ddc8cca45d2a1fb7bc43ef55f479f64
benchmark,logs/benchmark/br-recurrent-factorized-ppo-mid-20261002,logs/benchmark/br-recurrent-factorized-ppo-mid-20261002/replays/f4138ccc0ec34e069b93760872a7b720/episode-00000007-slot-0.json,199,eafe02d39dc871c45e2f65c01e91e80365fecd00826e744c592168ee39143ffb
benchmark,logs/benchmark/br-recurrent-factorized-ppo-mid-20261002,logs/benchmark/br-recurrent-factorized-ppo-mid-20261002/replays/f4138ccc0ec34e069b93760872a7b720/episode-00000008-slot-4.json,200,c39b045d47a0ae01122481298c8e4450e41482e9488b03cd91f892963883064d
benchmark,logs/benchmark/br-recurrent-factorized-ppo-mid-20261002,logs/benchmark/br-recurrent-factorized-ppo-mid-20261002/replays/f4138ccc0ec34e069b93760872a7b720/episode-00000009-slot-6.json,200,c043a07a5b5dd8e9f67aef4f09c39a27c8a8bffa98e8e942f6e23662de467a60
benchmark,logs/benchmark/br-recurrent-factorized-ppo-mid-20261002,logs/benchmark/br-recurrent-factorized-ppo-mid-20261002/replays/f4138ccc0ec34e069b93760872a7b720/episode-00000010-slot-3.json,200,ef19c6b3f69c7b9f409669b4214e820bc807984b9453eb661b75aad6a90e1246
benchmark,logs/benchmark/br-recurrent-factorized-ppo-mid-20261002,logs/benchmark/br-recurrent-factorized-ppo-mid-20261002/replays/f4138ccc0ec34e069b93760872a7b720/episode-00000011-slot-2.json,199,3e1faa3affbe937f46335c20bca0c90655cb2aeca480f206b5bbc9b055560341
benchmark,logs/benchmark/br-recurrent-factorized-ppo-mid-20261002,logs/benchmark/br-recurrent-factorized-ppo-mid-20261002/replays/f4138ccc0ec34e069b93760872a7b720/episode-00000012-slot-1.json,199,e4dbc717fc86c8d2ffb0b81e9c650d8ce99ad62f68736b4f3efdcc39be40ccb2
benchmark,logs/benchmark/br-recurrent-factorized-ppo-mid-20261002,logs/benchmark/br-recurrent-factorized-ppo-mid-20261002/replays/f4138ccc0ec34e069b93760872a7b720/episode-00000013-slot-5.json,200,90dce60fe07a99d7aef8c10752fe9ded7e8c267d70f4153c3fd60de66113f237
benchmark,logs/benchmark/br-recurrent-factorized-ppo-mid-20261002,logs/benchmark/br-recurrent-factorized-ppo-mid-20261002/replays/f4138ccc0ec34e069b93760872a7b720/episode-00000014-slot-0.json,199,53460e134efd326dc2d85f88c541dcddb1889da0e172acf2588564b6883894af
benchmark,logs/benchmark/br-recurrent-factorized-ppo-mid-20261002,logs/benchmark/br-recurrent-factorized-ppo-mid-20261002/replays/f4138ccc0ec34e069b93760872a7b720/episode-00000015-slot-4.json,200,8461a726f3fd9393b584e660c6279838e23fdea45905dd9e671a77ffdd1e0030
benchmark,logs/benchmark/br-recurrent-factorized-ppo-mid-20261002,logs/benchmark/br-recurrent-factorized-ppo-mid-20261002/replays/f4138ccc0ec34e069b93760872a7b720/episode-00000016-slot-7.json,200,24a736ca2d4b59c45949129d27b7f47b80892e4cb10b8bbf965ca2d59c8fdf28
benchmark,logs/benchmark/br-recurrent-factorized-ppo-mid-20261002,logs/benchmark/br-recurrent-factorized-ppo-mid-20261002/result.json,118732,e06e905cef3c17809bf6bf1d22cb11e8e9fc8a48c546ad171277961ee2ba4f7c
benchmark,logs/benchmark/br-reimu-action-id-zero-shot-20261002,logs/benchmark/br-reimu-action-id-zero-shot-20261002/config.yaml,16623,e8d2689b21c9745ed823796e740b5a1c580b7cfdf37391f34c07e2ed2c0709a7
benchmark,logs/benchmark/br-reimu-action-id-zero-shot-20261002,logs/benchmark/br-reimu-action-id-zero-shot-20261002/plan.json,3198,7cfd59681bcea80b62a98b680940961486402792f146f804ef412f81a7ed9e51
benchmark,logs/benchmark/br-reimu-action-id-zero-shot-20261002,logs/benchmark/br-reimu-action-id-zero-shot-20261002/progress.json,27348,acf8f23eed038b5158525df7f72c4a9513a42df5a406d49fb9e3e8e5f5c3f2be
benchmark,logs/benchmark/br-reimu-action-id-zero-shot-20261002,logs/benchmark/br-reimu-action-id-zero-shot-20261002/replays/6ee6e79c5ad74b23bf71fba5b2b973ce/episode-00000001-slot-2.json,199,9a558a9d5016ff66958a725851ce3994cac42ba3ebc6a4d58f801433550a383b
benchmark,logs/benchmark/br-reimu-action-id-zero-shot-20261002,logs/benchmark/br-reimu-action-id-zero-shot-20261002/replays/6ee6e79c5ad74b23bf71fba5b2b973ce/episode-00000002-slot-3.json,200,70165fccacd4d52d0743b16a2e251bcbd045ce12d1ce1aa168706b037ee0c063
benchmark,logs/benchmark/br-reimu-action-id-zero-shot-20261002,logs/benchmark/br-reimu-action-id-zero-shot-20261002/replays/6ee6e79c5ad74b23bf71fba5b2b973ce/episode-00000003-slot-0.json,199,cea376f1c768259177b150d709b0cc983717e8a349bbc0a57c1049797b0a6e3c
benchmark,logs/benchmark/br-reimu-action-id-zero-shot-20261002,logs/benchmark/br-reimu-action-id-zero-shot-20261002/replays/6ee6e79c5ad74b23bf71fba5b2b973ce/episode-00000004-slot-1.json,200,3619c09e8534170aa1a750724240aff92567262f700872a67f3a67cf26bef8fd
benchmark,logs/benchmark/br-reimu-action-id-zero-shot-20261002,logs/benchmark/br-reimu-action-id-zero-shot-20261002/result.json,55716,8f282ce0e9cce6baa06c5e3eb96698389b539974bcc86c567c9617fab062d11e
benchmark,logs/benchmark/br-reimu-adaptive-131072-20261001,logs/benchmark/br-reimu-adaptive-131072-20261001/config.yaml,13167,481e6602fcff7c47c76d1ab98ac15dd64bcbdeb2750b828bd716cdc95e99bcd5
benchmark,logs/benchmark/br-reimu-adaptive-131072-20261001,logs/benchmark/br-reimu-adaptive-131072-20261001/plan.json,3198,0ec78f79cef53853086ea94b4208d1670ee9be427e017051def5e0e1bb9c1413
benchmark,logs/benchmark/br-reimu-adaptive-131072-20261001,logs/benchmark/br-reimu-adaptive-131072-20261001/progress.json,24552,1481499f202f905cb3f0a17afb856ce55d65f95f3a494a75b0e4d6a64f3aa57d
benchmark,logs/benchmark/br-reimu-adaptive-131072-20261001,logs/benchmark/br-reimu-adaptive-131072-20261001/replays/3646404d227b4c2bb0c93818bec6c7c8/episode-00000001-slot-0.json,199,dafac65fa2cdb3cc3546755ae0937500f12edeefa78e5eac4f7da0c157b0367f
benchmark,logs/benchmark/br-reimu-adaptive-131072-20261001,logs/benchmark/br-reimu-adaptive-131072-20261001/replays/3646404d227b4c2bb0c93818bec6c7c8/episode-00000002-slot-0.json,200,b41c1d96675320579482e4d02fa774b7be1fa9a5c6e05dce6d69af2c77c6eab4
benchmark,logs/benchmark/br-reimu-adaptive-131072-20261001,logs/benchmark/br-reimu-adaptive-131072-20261001/replays/3646404d227b4c2bb0c93818bec6c7c8/episode-00000003-slot-0.json,199,0c8c8a6f4559b1a19bb1bc1338bf3f18d2c5fde720f6fd123b4c6870dffcdb28
benchmark,logs/benchmark/br-reimu-adaptive-131072-20261001,logs/benchmark/br-reimu-adaptive-131072-20261001/replays/3646404d227b4c2bb0c93818bec6c7c8/episode-00000004-slot-0.json,200,d267343bb69df31a998c318b224771f7861de62e56fad4456b03059f56ccb532
benchmark,logs/benchmark/br-reimu-adaptive-131072-20261001,logs/benchmark/br-reimu-adaptive-131072-20261001/result.json,51267,49c76f2cffbe2c2354801c0c880f8deba99c51180d0bb67000e28a3839a9e774
benchmark,logs/benchmark/br-reimu-adaptive-262144-20261001,logs/benchmark/br-reimu-adaptive-262144-20261001/config.yaml,13167,77c40f40d574a8f90063aaf7729e5f4f733fc2b49a1ab122a88cccfb5d923fb4
benchmark,logs/benchmark/br-reimu-adaptive-262144-20261001,logs/benchmark/br-reimu-adaptive-262144-20261001/plan.json,3198,98fe5e5e82f97b1a11dcc9a4cd68a2659a775ffa523c63926895723a3ed17ac4
benchmark,logs/benchmark/br-reimu-adaptive-262144-20261001,logs/benchmark/br-reimu-adaptive-262144-20261001/progress.json,25655,5516b56bedac421780d89a2accf35ff9326cd0b019d1928dec6188ac848261bc
benchmark,logs/benchmark/br-reimu-adaptive-262144-20261001,logs/benchmark/br-reimu-adaptive-262144-20261001/replays/3aa5cb596451422987fdf152fdd2091c/episode-00000001-slot-0.json,199,7780f04491a546a547aac80741d289f47c8dda88041edf215d296603a7556174
benchmark,logs/benchmark/br-reimu-adaptive-262144-20261001,logs/benchmark/br-reimu-adaptive-262144-20261001/replays/3aa5cb596451422987fdf152fdd2091c/episode-00000002-slot-3.json,200,6dd66a724820a391bc74a449eed205321c854fdec2080cbb4a3c6df0bb718c6e
benchmark,logs/benchmark/br-reimu-adaptive-262144-20261001,logs/benchmark/br-reimu-adaptive-262144-20261001/replays/3aa5cb596451422987fdf152fdd2091c/episode-00000003-slot-1.json,200,e272a1e2eba0199d48ff1bb9a3863e3bb74ca670b8e3b72d53cec66a687fe677
benchmark,logs/benchmark/br-reimu-adaptive-262144-20261001,logs/benchmark/br-reimu-adaptive-262144-20261001/replays/3aa5cb596451422987fdf152fdd2091c/episode-00000004-slot-2.json,199,f9c6f89b613545d6b4f9d6bbbe87f28affe55d1ca5076b05053a179f93e2dc2e
benchmark,logs/benchmark/br-reimu-adaptive-262144-20261001,logs/benchmark/br-reimu-adaptive-262144-20261001/result.json,52476,f542416a5c07218995bad422dffe04f6906d8635e7c7feba8dad6d8c952b46a4
benchmark,logs/benchmark/br-reimu-adaptive-524288-20261001,logs/benchmark/br-reimu-adaptive-524288-20261001/config.yaml,13167,16a48537effa1064bde22e9bef89cfb694bb1958ae713c887a5155eaab1f03ba
benchmark,logs/benchmark/br-reimu-adaptive-524288-20261001,logs/benchmark/br-reimu-adaptive-524288-20261001/plan.json,3198,c986f77f922f3097497a3867045bf2800c7ae5cdb14d09c640941a93ca6a586c
benchmark,logs/benchmark/br-reimu-adaptive-524288-20261001,logs/benchmark/br-reimu-adaptive-524288-20261001/progress.json,25000,089f88c56c5fab4f7800f5fe0d01a1f050c31116b819cdb63fa741d925b7d9c8
benchmark,logs/benchmark/br-reimu-adaptive-524288-20261001,logs/benchmark/br-reimu-adaptive-524288-20261001/replays/64ea0e553f124456bea57125e9a863a4/episode-00000001-slot-3.json,200,40ad3ebeb2a33c33a56e8e92e8d66e75bd11185cd93a0fd72dbbf131f08cdc95
benchmark,logs/benchmark/br-reimu-adaptive-524288-20261001,logs/benchmark/br-reimu-adaptive-524288-20261001/replays/64ea0e553f124456bea57125e9a863a4/episode-00000002-slot-0.json,199,0e5b1e3ad494550be8d717b61992f1f9a0834fbb4f6499c06128f007d4b81a2c
benchmark,logs/benchmark/br-reimu-adaptive-524288-20261001,logs/benchmark/br-reimu-adaptive-524288-20261001/replays/64ea0e553f124456bea57125e9a863a4/episode-00000003-slot-2.json,199,8279bc495c435e4e3d4f495d279ef1c96121217df94d8899bb829eee72ff0a6c
benchmark,logs/benchmark/br-reimu-adaptive-524288-20261001,logs/benchmark/br-reimu-adaptive-524288-20261001/replays/64ea0e553f124456bea57125e9a863a4/episode-00000004-slot-1.json,200,4e89d00fa809635c7347b8051197faf9d9bcb8748665e82a8ba9f5985a53d615
benchmark,logs/benchmark/br-reimu-adaptive-524288-20261001,logs/benchmark/br-reimu-adaptive-524288-20261001/result.json,51991,6976b2ad94a1a499a41fd0e9c506fc684bb45890bf1fb3a872195d4cb87a1e61
benchmark,logs/benchmark/br-reimu-adaptive-786432-20261001,logs/benchmark/br-reimu-adaptive-786432-20261001/config.yaml,13167,904b76a67bd0fe0520aa8a039def910c16802ab63e438ecdd38041090ee8e918
benchmark,logs/benchmark/br-reimu-adaptive-786432-20261001,logs/benchmark/br-reimu-adaptive-786432-20261001/plan.json,3198,f522d7a553b3f834d40d5948cbe6ba024985ed2b178b7734a572ad415d2f9c7d
benchmark,logs/benchmark/br-reimu-adaptive-786432-20261001,logs/benchmark/br-reimu-adaptive-786432-20261001/progress.json,23695,969b3d0345ec10db814e9e5806db5c431addd17b02f7815563dfdbbe89c7e030
benchmark,logs/benchmark/br-reimu-adaptive-786432-20261001,logs/benchmark/br-reimu-adaptive-786432-20261001/replays/63c8a5e987b2408db95c06c7e08bcae9/episode-00000001-slot-1.json,200,75ade4f56ec9607badb799c603fc533109d31ae4c87d91d8db182694606693e0
benchmark,logs/benchmark/br-reimu-adaptive-786432-20261001,logs/benchmark/br-reimu-adaptive-786432-20261001/replays/63c8a5e987b2408db95c06c7e08bcae9/episode-00000002-slot-0.json,199,2474068131932ea028039c53cb9d1db115a85af978ad2a6fc155de6b7a8868f7
benchmark,logs/benchmark/br-reimu-adaptive-786432-20261001,logs/benchmark/br-reimu-adaptive-786432-20261001/replays/63c8a5e987b2408db95c06c7e08bcae9/episode-00000003-slot-3.json,200,e7260675d0a096c4c4e1fc8045339f9deedbc60ca834058b623ad974472bd81b
benchmark,logs/benchmark/br-reimu-adaptive-786432-20261001,logs/benchmark/br-reimu-adaptive-786432-20261001/replays/63c8a5e987b2408db95c06c7e08bcae9/episode-00000004-slot-2.json,199,e018df9c4125c5856201f5a8733ec89018188210a7940f36f71cb308d669933d
benchmark,logs/benchmark/br-reimu-adaptive-786432-20261001,logs/benchmark/br-reimu-adaptive-786432-20261001/result.json,50796,811ee5607a585823ba7c8f4a31e81c8560c6dbe07d6354932854c4681ce2cd43
benchmark,logs/benchmark/br-reimu-address-change1-zero-shot-20261003,logs/benchmark/br-reimu-address-change1-zero-shot-20261003/config.yaml,17056,c6dc3d2ae8c87190966c6a6206f700284221320532e1d33d7b5529ef1f6371bc
benchmark,logs/benchmark/br-reimu-address-change1-zero-shot-20261003,logs/benchmark/br-reimu-address-change1-zero-shot-20261003/plan.json,12796,6d616b2ec7917d84520487db78b9730803ef784f49672a82513f77bcf7323c36
benchmark,logs/benchmark/br-reimu-address-change1-zero-shot-20261003,logs/benchmark/br-reimu-address-change1-zero-shot-20261003/progress.json,108326,452bb1fc9a18fe3efef7c9560e1b967a43a0834b5f07cc05ac149e93f9d1ad3e
benchmark,logs/benchmark/br-reimu-address-change1-zero-shot-20261003,logs/benchmark/br-reimu-address-change1-zero-shot-20261003/replays/0ded3a016036445fb04fe0c8673e440c/episode-00000001-slot-5.json,200,7b4f53f429bc1e8906ebff344f030f021a84067bae1cfe311c5b09f81d913757
benchmark,logs/benchmark/br-reimu-address-change1-zero-shot-20261003,logs/benchmark/br-reimu-address-change1-zero-shot-20261003/replays/0ded3a016036445fb04fe0c8673e440c/episode-00000002-slot-4.json,200,f8c31938a9d4a6b166bdac021fc655f0c21c4b696f1d8279d9ba31c28e659f03
benchmark,logs/benchmark/br-reimu-address-change1-zero-shot-20261003,logs/benchmark/br-reimu-address-change1-zero-shot-20261003/replays/0ded3a016036445fb04fe0c8673e440c/episode-00000003-slot-7.json,200,8a80336966351457b68f12ea8e026576feceeeaea97e5be3cd3fe83e2d90be4b
benchmark,logs/benchmark/br-reimu-address-change1-zero-shot-20261003,logs/benchmark/br-reimu-address-change1-zero-shot-20261003/replays/0ded3a016036445fb04fe0c8673e440c/episode-00000004-slot-3.json,200,a04a4c56c54d17fc53c19c4fa86bdb1158031d4a00f2b62ed181ce49b0d4176d
benchmark,logs/benchmark/br-reimu-address-change1-zero-shot-20261003,logs/benchmark/br-reimu-address-change1-zero-shot-20261003/replays/0ded3a016036445fb04fe0c8673e440c/episode-00000005-slot-1.json,199,44d29890a48dfd7e7ad761f13b7909447832ef39159c2bbc21798455a00b838e
benchmark,logs/benchmark/br-reimu-address-change1-zero-shot-20261003,logs/benchmark/br-reimu-address-change1-zero-shot-20261003/replays/0ded3a016036445fb04fe0c8673e440c/episode-00000006-slot-6.json,200,6d976309a3e3e9792fe488d70e15e565c456cf57a260a0eb722663a46c28c18b
benchmark,logs/benchmark/br-reimu-address-change1-zero-shot-20261003,logs/benchmark/br-reimu-address-change1-zero-shot-20261003/replays/0ded3a016036445fb04fe0c8673e440c/episode-00000007-slot-2.json,199,8844bc543c44d0a5d4a0dcf8054806e3a4ed9681f72ba04e38c4ed439c1e034e
benchmark,logs/benchmark/br-reimu-address-change1-zero-shot-20261003,logs/benchmark/br-reimu-address-change1-zero-shot-20261003/replays/0ded3a016036445fb04fe0c8673e440c/episode-00000008-slot-0.json,199,11a35c87e873edf5e94f12cbb27fb026ae73802923bf9c3de4caeb226b438c9c
benchmark,logs/benchmark/br-reimu-address-change1-zero-shot-20261003,logs/benchmark/br-reimu-address-change1-zero-shot-20261003/replays/0ded3a016036445fb04fe0c8673e440c/episode-00000009-slot-0.json,199,25ce6204a770c30dc945683cb34b6c11c689cf81503c42b80f85f6cee782bcef
benchmark,logs/benchmark/br-reimu-address-change1-zero-shot-20261003,logs/benchmark/br-reimu-address-change1-zero-shot-20261003/replays/0ded3a016036445fb04fe0c8673e440c/episode-00000010-slot-3.json,200,32d3d94aec05008c9075b286bb5c22bea1afc592da8530b65121f67ee576fc83
benchmark,logs/benchmark/br-reimu-address-change1-zero-shot-20261003,logs/benchmark/br-reimu-address-change1-zero-shot-20261003/replays/0ded3a016036445fb04fe0c8673e440c/episode-00000011-slot-6.json,200,3d8fbb2b1d085a9e1c5398dcf3f958d37577d0cdbd4991b5e7d6ad05896707b2
benchmark,logs/benchmark/br-reimu-address-change1-zero-shot-20261003,logs/benchmark/br-reimu-address-change1-zero-shot-20261003/replays/0ded3a016036445fb04fe0c8673e440c/episode-00000012-slot-7.json,200,d76903fd04943bda92d50b9d81fb5f65ea999431ca8b3883aa2c8a33a3e0d348
benchmark,logs/benchmark/br-reimu-address-change1-zero-shot-20261003,logs/benchmark/br-reimu-address-change1-zero-shot-20261003/replays/0ded3a016036445fb04fe0c8673e440c/episode-00000013-slot-4.json,200,7c3e68050928bc0ac999c8a67e607ba82867bad0b448026361cd137dc2c7f5ce
benchmark,logs/benchmark/br-reimu-address-change1-zero-shot-20261003,logs/benchmark/br-reimu-address-change1-zero-shot-20261003/replays/0ded3a016036445fb04fe0c8673e440c/episode-00000014-slot-1.json,199,2e016bb092e467deea474f18f61e54979887332d0c2de8b71bd8d8f3108cf0e2
benchmark,logs/benchmark/br-reimu-address-change1-zero-shot-20261003,logs/benchmark/br-reimu-address-change1-zero-shot-20261003/replays/0ded3a016036445fb04fe0c8673e440c/episode-00000015-slot-2.json,199,3bfd147f56b413475f77e8b5f9450f7f3a6a8fd4cd736281fe0733c312afa2dd
