kind,run,path,bytes,sha256
training,logs/training/br-address-warmup-control-20261002,logs/training/br-address-warmup-control-20261002/replays/837bde22518048508f233ce8a787de27/episode-00000022-slot-0.json,200,67a6d913304aa90fa0a1501cc13e6937d38a0d9bc1cbca158d1dc1a6763e2285
training,logs/training/br-address-warmup-control-20261002,logs/training/br-address-warmup-control-20261002/replays/837bde22518048508f233ce8a787de27/episode-00000023-slot-0.json,197,3856597af4bceb9eebd4c7d164d7846207b60200b551a7573e005bf397d52513
training,logs/training/br-address-warmup-control-20261002,logs/training/br-address-warmup-control-20261002/replays/837bde22518048508f233ce8a787de27/episode-00000024-slot-1.json,198,f356348ec178dedb6062a52e1c41416be8d562a2f8a917f0704dd210692a134d
training,logs/training/br-address-warmup-control-20261002,logs/training/br-address-warmup-control-20261002/result.json,1994,904aa6dfba9241133c5211656c988ec9f916f4e2d45177b1a9e3367143ba7d0d
training,logs/training/br-address-warmup-control-20261002,logs/training/br-address-warmup-control-20261002/scalars/progress.csv,29963,adea8ed5db2d7588628e181819ea9a319e3a088e5403815f3db5d5b5169b3b4c
training,logs/training/br-address-warmup-control-20261002,logs/training/br-address-warmup-control-20261002/timing.json,24081,3015f35ed8a1b1fe43351d04fc2514cf69dceee803ec4d8af49270d55c65a591
training,logs/training/br-address-warmup-early-20261002,logs/training/br-address-warmup-early-20261002/checkpoints/ppo_16384_steps.curriculum.json,894,dd46774d9a771d6372ee5f5ed5780a2ea61c7b1ceeb5404decdf0097bfe60fb9
training,logs/training/br-address-warmup-early-20261002,logs/training/br-address-warmup-early-20261002/checkpoints/ppo_32768_steps.curriculum.json,927,b183a8279a360fdbf5194ea88e6284b52f832608b859f5b786751b9e483889a2
training,logs/training/br-address-warmup-early-20261002,logs/training/br-address-warmup-early-20261002/checkpoints/ppo_49152_steps.curriculum.json,944,237e6c324c34bb68761285ce0c5a3a470800105f442c9e03bc054f42ed576814
training,logs/training/br-address-warmup-early-20261002,logs/training/br-address-warmup-early-20261002/checkpoints/ppo_65536_steps.curriculum.json,928,f0226ac88e8b563d3bc80ce46623d8dcb842de0d9b854a3a25e923be46db2eca
training,logs/training/br-address-warmup-early-20261002,logs/training/br-address-warmup-early-20261002/checkpoints/updated_16384_steps.curriculum.json,894,50b51c25e047e221d650818567ce0878a8965a0779a3c3b601ac77c56f63923e
training,logs/training/br-address-warmup-early-20261002,logs/training/br-address-warmup-early-20261002/checkpoints/updated_32768_steps.curriculum.json,927,79a4c7cf036fe099bb8916845a264d7b2ceda2dc8d492f6d2559b12b05143b9d
training,logs/training/br-address-warmup-early-20261002,logs/training/br-address-warmup-early-20261002/checkpoints/updated_49152_steps.curriculum.json,944,394e56a3e61fce32b9d07a9e5ed2fcadccf60392a887f8fbc99a624642fae11f
training,logs/training/br-address-warmup-early-20261002,logs/training/br-address-warmup-early-20261002/checkpoints/updated_512_steps.curriculum.json,849,0c92077acaa8d40fc900ee73ca08e468302063044dabf23fe6c3767a30c5c3fa
training,logs/training/br-address-warmup-early-20261002,logs/training/br-address-warmup-early-20261002/checkpoints/updated_65536_steps.curriculum.json,928,cdbb5e8a817b909659ff07d49c1513115408f2fc295bb9bfba4e131b2e773a4b
training,logs/training/br-address-warmup-early-20261002,logs/training/br-address-warmup-early-20261002/config.yaml,5143,3c8f884a81114955251c1dcda1b4d27885a890cb64d8892d29e6776d999043a9
training,logs/training/br-address-warmup-early-20261002,logs/training/br-address-warmup-early-20261002/final.curriculum.json,928,cdbb5e8a817b909659ff07d49c1513115408f2fc295bb9bfba4e131b2e773a4b
training,logs/training/br-address-warmup-early-20261002,logs/training/br-address-warmup-early-20261002/identity.json,47985,9e3a4e5fc913ae8752982e13a9532543424ff7e8ca808a0b99ffb5251c9b4fc0
training,logs/training/br-address-warmup-early-20261002,logs/training/br-address-warmup-early-20261002/progress.json,64875,b7336960154b68ef0547177a27dd66dfc6edd84e6215e433289deb018600ee06
training,logs/training/br-address-warmup-early-20261002,logs/training/br-address-warmup-early-20261002/replays/addf9d39a7634561927ab52155a888a3/episode-00000001-slot-0.json,194,12a7b546627c75a2e33570f05cf1bdaa701272d3077bbc6726e9cd97bdacd338
training,logs/training/br-address-warmup-early-20261002,logs/training/br-address-warmup-early-20261002/replays/addf9d39a7634561927ab52155a888a3/episode-00000002-slot-1.json,194,ace723cc561addbfd5e9dae712309845ee528590fa66a08e565a7422923eb647
training,logs/training/br-address-warmup-early-20261002,logs/training/br-address-warmup-early-20261002/replays/addf9d39a7634561927ab52155a888a3/episode-00000003-slot-0.json,200,ec2ad09453ff591fe145da85640e190fc839702a4a9c4b2818d1bf0e4919e148
training,logs/training/br-address-warmup-early-20261002,logs/training/br-address-warmup-early-20261002/replays/addf9d39a7634561927ab52155a888a3/episode-00000004-slot-1.json,200,40246d67126c62fb6ad17669dbbc79ee5baa477573884578f7187bc2b5c4e56c
training,logs/training/br-address-warmup-early-20261002,logs/training/br-address-warmup-early-20261002/replays/addf9d39a7634561927ab52155a888a3/episode-00000005-slot-0.json,200,a88b60ee29617287d7f29ab660246465c06f7d98e2580d30cb36b174f68328ac
training,logs/training/br-address-warmup-early-20261002,logs/training/br-address-warmup-early-20261002/replays/addf9d39a7634561927ab52155a888a3/episode-00000006-slot-0.json,200,874a83b2752e8bea0dc8dd64d6d0bd525b2d11ea1b36b037c1291485ed6aea11
training,logs/training/br-address-warmup-early-20261002,logs/training/br-address-warmup-early-20261002/replays/addf9d39a7634561927ab52155a888a3/episode-00000007-slot-1.json,200,4f5c7900a6d48cc03b5458df05dd57b6e0882f10b9c974d9b702b91864c772fb
training,logs/training/br-address-warmup-early-20261002,logs/training/br-address-warmup-early-20261002/replays/addf9d39a7634561927ab52155a888a3/episode-00000008-slot-1.json,200,8987cd704ec5f59050d1a7c2da86dae0b2ff497b004f0d3ac93fcea7c41b615b
training,logs/training/br-address-warmup-early-20261002,logs/training/br-address-warmup-early-20261002/replays/addf9d39a7634561927ab52155a888a3/episode-00000009-slot-0.json,200,d556b6b6ad0dcd44f403cb5c46fa449413261a76930c0cc78422625e2127dabb
training,logs/training/br-address-warmup-early-20261002,logs/training/br-address-warmup-early-20261002/replays/addf9d39a7634561927ab52155a888a3/episode-00000010-slot-1.json,200,b8fa789414f95fc09f3cb1eb8f74f120c5e099e8158ccbe71be31da3bcaea1a2
training,logs/training/br-address-warmup-early-20261002,logs/training/br-address-warmup-early-20261002/replays/addf9d39a7634561927ab52155a888a3/episode-00000011-slot-0.json,200,174ba6a06d5cc44589113ddecc85b707149dd2b85f0731bf8595755530f2d79e
training,logs/training/br-address-warmup-early-20261002,logs/training/br-address-warmup-early-20261002/replays/addf9d39a7634561927ab52155a888a3/episode-00000012-slot-1.json,200,e2a2c520ca7b0a20258776534bfbd839c93989ad45b5d124bba2fe22f243520c
training,logs/training/br-address-warmup-early-20261002,logs/training/br-address-warmup-early-20261002/replays/addf9d39a7634561927ab52155a888a3/episode-00000013-slot-0.json,204,b344815a3fa3a78023014f806c7bd5391d2a455e7dad9e4794faf24db51b5015
training,logs/training/br-address-warmup-early-20261002,logs/training/br-address-warmup-early-20261002/replays/addf9d39a7634561927ab52155a888a3/episode-00000014-slot-1.json,200,ce16bca95293f2d2492265f69819d3aba49093a2fb89a1b0bf891d91a8ace232
training,logs/training/br-address-warmup-early-20261002,logs/training/br-address-warmup-early-20261002/replays/addf9d39a7634561927ab52155a888a3/episode-00000015-slot-0.json,200,11df6bf564f409c5be30dde5543f12bc3fae6b2393df0445057951d920255a46
training,logs/training/br-address-warmup-early-20261002,logs/training/br-address-warmup-early-20261002/replays/addf9d39a7634561927ab52155a888a3/episode-00000016-slot-0.json,198,3091e7c97e210302e74e172f57fe8c66b2cc04059077c083e76c773293b0d028
training,logs/training/br-address-warmup-early-20261002,logs/training/br-address-warmup-early-20261002/replays/addf9d39a7634561927ab52155a888a3/episode-00000017-slot-1.json,199,8d391514613b81c86596fa8d54aa422f43c4a151745a2617a8ab2135543c85ac
training,logs/training/br-address-warmup-early-20261002,logs/training/br-address-warmup-early-20261002/result.json,2008,24da5c18eb69a6557c54f7d8edef2b4536b1da717bd992220480962cf1b7d8ac
training,logs/training/br-address-warmup-early-20261002,logs/training/br-address-warmup-early-20261002/scalars/progress.csv,32706,c4c79f5986614af79b2a25c1721293b82e26f2e80da2ae3499947478ec38a9a4
training,logs/training/br-address-warmup-early-20261002,logs/training/br-address-warmup-early-20261002/timing.json,24073,aba0bcb2b50f95b54fab304faff81e29f6c4f11662d71583bbbb9a98e2be5234
training,logs/training/br-address-wide-credit-20261003,logs/training/br-address-wide-credit-20261003/checkpoints/ppo_131072_steps.curriculum.json,925,c18b7b26c15816869354aeed63b5c94c50878ff88db40757a334903322fdca24
training,logs/training/br-address-wide-credit-20261003,logs/training/br-address-wide-credit-20261003/checkpoints/ppo_196608_steps.curriculum.json,938,e0890420accd331705b68471fec8f2f1f43dccbc4c78519ede2208892938eee8
training,logs/training/br-address-wide-credit-20261003,logs/training/br-address-wide-credit-20261003/checkpoints/ppo_262144_steps.curriculum.json,942,101a4ca575ea07751883843212cb679dbc08a6185c9902928a42ca37e08c21ea
training,logs/training/br-address-wide-credit-20261003,logs/training/br-address-wide-credit-20261003/checkpoints/ppo_65536_steps.curriculum.json,925,6440b3d1ded74d29a7069b15ed40c0fdd020ffc021b0b52fae7b18a9daccb9a6
training,logs/training/br-address-wide-credit-20261003,logs/training/br-address-wide-credit-20261003/checkpoints/updated_131072_steps.curriculum.json,925,5d6a9f32d8a8e491dff5a67b292343ddce56aecfe35f04353c87cebac425d654
training,logs/training/br-address-wide-credit-20261003,logs/training/br-address-wide-credit-20261003/checkpoints/updated_196608_steps.curriculum.json,938,6bc5e392287dd63f3dc9e82ccc5246ea8944ab143935e26147f912d4dc40cab6
training,logs/training/br-address-wide-credit-20261003,logs/training/br-address-wide-credit-20261003/checkpoints/updated_262144_steps.curriculum.json,942,88da3143805d080b3899bd05e8a055c1d1daca9dd30a0cffc255ff556646b240
training,logs/training/br-address-wide-credit-20261003,logs/training/br-address-wide-credit-20261003/checkpoints/updated_65536_steps.curriculum.json,925,9b296777bd8598fdb485c1f230d9c411bc18dd1261ff18648466ec82958c7c3e
training,logs/training/br-address-wide-credit-20261003,logs/training/br-address-wide-credit-20261003/config.yaml,5254,55f969bbf3a1ca27db719a5b0b4d1d3129e5ebbceb8f6359e52a830a6c60d1ee
training,logs/training/br-address-wide-credit-20261003,logs/training/br-address-wide-credit-20261003/final.curriculum.json,942,2a291e734f12b69c5375f1a832b9134ed36b0ada365659e1cb0e22477307a6ea
training,logs/training/br-address-wide-credit-20261003,logs/training/br-address-wide-credit-20261003/identity.json,52766,08890b513be8a718b6cf0441f5f70ff53f2a5bb7e0cee35016ec795ed5eef203
training,logs/training/br-address-wide-credit-20261003,logs/training/br-address-wide-credit-20261003/progress.json,803017,ed058cafa4770fb7214af907d068c24f8eef1cdb100125afda259c44b031883f
training,logs/training/br-address-wide-credit-20261003,logs/training/br-address-wide-credit-20261003/replays/a0b230fefc5f4af7b7d15e8918fd910d/episode-00000001-slot-4.json,194,b1d6c348e8014eb11babcb20cdeb7e0f8b2917e30f1ab305579500163f426f48
training,logs/training/br-address-wide-credit-20261003,logs/training/br-address-wide-credit-20261003/replays/a0b230fefc5f4af7b7d15e8918fd910d/episode-00000002-slot-2.json,194,e2414b414db83e023fc8118fa7f271c443b0fa09e7130e78bcd8df1796784bb6
training,logs/training/br-address-wide-credit-20261003,logs/training/br-address-wide-credit-20261003/replays/a0b230fefc5f4af7b7d15e8918fd910d/episode-00000003-slot-6.json,194,4896482cb690aa3fa9b75cb57e338fdd1657e97d80771ffb61665e2dfb06b2f7
training,logs/training/br-address-wide-credit-20261003,logs/training/br-address-wide-credit-20261003/replays/a0b230fefc5f4af7b7d15e8918fd910d/episode-00000004-slot-3.json,194,df3548728c0f9eeab8c93b4365eed2ed397308826884f977879093afe064c1ea
training,logs/training/br-address-wide-credit-20261003,logs/training/br-address-wide-credit-20261003/replays/a0b230fefc5f4af7b7d15e8918fd910d/episode-00000005-slot-7.json,194,d1c02fd107f2e4ebbbeb907fc57da36605b728755d7d58dded5b9616cb352df0
training,logs/training/br-address-wide-credit-20261003,logs/training/br-address-wide-credit-20261003/replays/a0b230fefc5f4af7b7d15e8918fd910d/episode-00000006-slot-5.json,194,a424d797dd6c2f3998eae48ac1b38d52e7d8666823028431442927046472e6e8
training,logs/training/br-address-wide-credit-20261003,logs/training/br-address-wide-credit-20261003/replays/a0b230fefc5f4af7b7d15e8918fd910d/episode-00000007-slot-0.json,194,b1cbe57d6c431b8c3459fd060f9c12c095984a07fa1ccdb97bbc9276fd50a150
training,logs/training/br-address-wide-credit-20261003,logs/training/br-address-wide-credit-20261003/replays/a0b230fefc5f4af7b7d15e8918fd910d/episode-00000008-slot-1.json,194,8aef75819b3ed1eaabd3970d3d0d53c115e44f93e2a900f6aece6770d4ae969f
training,logs/training/br-address-wide-credit-20261003,logs/training/br-address-wide-credit-20261003/replays/a0b230fefc5f4af7b7d15e8918fd910d/episode-00000009-slot-4.json,200,62ba11dd3a5c17476e9cc7dd9030be29cb570691824bad4a2ad97445ec1b60ac
training,logs/training/br-address-wide-credit-20261003,logs/training/br-address-wide-credit-20261003/replays/a0b230fefc5f4af7b7d15e8918fd910d/episode-00000010-slot-3.json,200,cde3e09d4e5f320de7a5db773f3d8eb20a1f879507b4ce45eee45cbbbc36d40e
training,logs/training/br-address-wide-credit-20261003,logs/training/br-address-wide-credit-20261003/replays/a0b230fefc5f4af7b7d15e8918fd910d/episode-00000011-slot-2.json,200,66fa743cca1ca43f86d953fe1e181c7a2bc1009182e99db9c28471fa78058c52
training,logs/training/br-address-wide-credit-20261003,logs/training/br-address-wide-credit-20261003/replays/a0b230fefc5f4af7b7d15e8918fd910d/episode-00000012-slot-0.json,200,8cb232feb4c89df16b4d213830025118f2fd463b5f20d34a660f029df733f56f
training,logs/training/br-address-wide-credit-20261003,logs/training/br-address-wide-credit-20261003/replays/a0b230fefc5f4af7b7d15e8918fd910d/episode-00000013-slot-6.json,200,d2ad203738439791360db838dc9dd7f105fb87034c719ad5efaa423bb988db9e
training,logs/training/br-address-wide-credit-20261003,logs/training/br-address-wide-credit-20261003/replays/a0b230fefc5f4af7b7d15e8918fd910d/episode-00000014-slot-7.json,199,af9a1633719a17ed89bf2aaed7521958416f4e0e6ea371ca7159c3a138acc968
training,logs/training/br-address-wide-credit-20261003,logs/training/br-address-wide-credit-20261003/replays/a0b230fefc5f4af7b7d15e8918fd910d/episode-00000015-slot-5.json,204,96b64e16ddb946afb60452957f86e2f3a06429f65e54a4e774c73fff8aec2f93
training,logs/training/br-address-wide-credit-20261003,logs/training/br-address-wide-credit-20261003/replays/a0b230fefc5f4af7b7d15e8918fd910d/episode-00000016-slot-3.json,200,70eec7d2c5bd84f74f3022f1372dc121749b49e196cbd5a9ba4e975988f9ad0e
training,logs/training/br-address-wide-credit-20261003,logs/training/br-address-wide-credit-20261003/replays/a0b230fefc5f4af7b7d15e8918fd910d/episode-00000017-slot-4.json,199,45701467fdeb6c0b53d16c3f6f5fb5329a812ff73d0b70c62cabfd8421b2512a
training,logs/training/br-address-wide-credit-20261003,logs/training/br-address-wide-credit-20261003/replays/a0b230fefc5f4af7b7d15e8918fd910d/episode-00000018-slot-1.json,200,1678de03f85fdfadf0d65b042aecd77d297acde6b851e8ee6d4a71982bb5be3b
training,logs/training/br-address-wide-credit-20261003,logs/training/br-address-wide-credit-20261003/replays/a0b230fefc5f4af7b7d15e8918fd910d/episode-00000019-slot-0.json,200,be36844068c0a33174dcb56475140e6a39cb0de7409e671408d943bee159f2b6
training,logs/training/br-address-wide-credit-20261003,logs/training/br-address-wide-credit-20261003/replays/a0b230fefc5f4af7b7d15e8918fd910d/episode-00000020-slot-2.json,200,1952061370955cc2c3cb547ac50ee46e1decade428ec2665046b30d566c0b9a0
training,logs/training/br-address-wide-credit-20261003,logs/training/br-address-wide-credit-20261003/replays/a0b230fefc5f4af7b7d15e8918fd910d/episode-00000021-slot-7.json,200,954190acf7681b2eee8ecefe63889f32bbbba318cc14064715961402aa8020e4
training,logs/training/br-address-wide-credit-20261003,logs/training/br-address-wide-credit-20261003/replays/a0b230fefc5f4af7b7d15e8918fd910d/episode-00000022-slot-1.json,200,8ce904a67547a21aeaf8fb90f6477dcc3c3ae7fdd6b2b4510dce82d4286590b0
training,logs/training/br-address-wide-credit-20261003,logs/training/br-address-wide-credit-20261003/replays/a0b230fefc5f4af7b7d15e8918fd910d/episode-00000023-slot-6.json,204,5f278b4bb6a7e5670b8480eaf192979f080728ed997ca93ae79f752820fc2e05
training,logs/training/br-address-wide-credit-20261003,logs/training/br-address-wide-credit-20261003/replays/a0b230fefc5f4af7b7d15e8918fd910d/episode-00000024-slot-4.json,200,5a0f58ca13292748738b2c83e2f366adc08307b2f83fa78987da71703f4cbe27
training,logs/training/br-address-wide-credit-20261003,logs/training/br-address-wide-credit-20261003/replays/a0b230fefc5f4af7b7d15e8918fd910d/episode-00000025-slot-5.json,199,063861103c6860fcc0f3be53eae8b0d57579262974e06e7c5ba5f97ab143d45f
training,logs/training/br-address-wide-credit-20261003,logs/training/br-address-wide-credit-20261003/replays/a0b230fefc5f4af7b7d15e8918fd910d/episode-00000026-slot-3.json,200,a004ffdcbbe9e4b43bb722c3f629f29c4cda0951aa29d2d4b684637ffff130c4
training,logs/training/br-address-wide-credit-20261003,logs/training/br-address-wide-credit-20261003/replays/a0b230fefc5f4af7b7d15e8918fd910d/episode-00000027-slot-7.json,200,d6bdd8fe01b2de16696330a29ea4c8283185578b15b4f1c80db52d16e6f41a2a
training,logs/training/br-address-wide-credit-20261003,logs/training/br-address-wide-credit-20261003/replays/a0b230fefc5f4af7b7d15e8918fd910d/episode-00000028-slot-2.json,200,0a72fe15d85fdc5f97bdfc50bfb023f519abafa4cf8febaab904db44c78b34bf
training,logs/training/br-address-wide-credit-20261003,logs/training/br-address-wide-credit-20261003/replays/a0b230fefc5f4af7b7d15e8918fd910d/episode-00000029-slot-1.json,199,c5a9280a1d5bf025e9ed1163c67a50e10a4fffee4e9a57b4c04bef98babe513f
training,logs/training/br-address-wide-credit-20261003,logs/training/br-address-wide-credit-20261003/replays/a0b230fefc5f4af7b7d15e8918fd910d/episode-00000030-slot-0.json,200,ed103613ee2882452177f5919a2e05a8bd23b252acfbd6bcea930f6a9db362c7
training,logs/training/br-address-wide-credit-20261003,logs/training/br-address-wide-credit-20261003/replays/a0b230fefc5f4af7b7d15e8918fd910d/episode-00000031-slot-4.json,199,cdccf2d4d898b783f4796054ebca49606b4a0566ad92c15d1e903ed1fd3005bf
training,logs/training/br-address-wide-credit-20261003,logs/training/br-address-wide-credit-20261003/replays/a0b230fefc5f4af7b7d15e8918fd910d/episode-00000032-slot-5.json,200,30a6c6a43c06dc2d3e8add2233f469088c81c55a2396adf39d7a69d2cf485a67
training,logs/training/br-address-wide-credit-20261003,logs/training/br-address-wide-credit-20261003/replays/a0b230fefc5f4af7b7d15e8918fd910d/episode-00000033-slot-6.json,200,5b52e7193706db9b310b07a1368032a5ce82278533de58d5d810a74332bc861a
training,logs/training/br-address-wide-credit-20261003,logs/training/br-address-wide-credit-20261003/replays/a0b230fefc5f4af7b7d15e8918fd910d/episode-00000034-slot-3.json,199,54d7536a99bb18d3dbb5b9320284d954fb853865a2ad82c3d500fd01280ef80c
training,logs/training/br-address-wide-credit-20261003,logs/training/br-address-wide-credit-20261003/replays/a0b230fefc5f4af7b7d15e8918fd910d/episode-00000035-slot-0.json,199,d0e3428cb27bc48a22a3ed2e371d8e4eb3c957a9a22ffe431aee413c6308cb84
training,logs/training/br-address-wide-credit-20261003,logs/training/br-address-wide-credit-20261003/replays/a0b230fefc5f4af7b7d15e8918fd910d/episode-00000036-slot-1.json,200,130769f098d9344b1321fbdf0aa159f89101c7f4ba2afa8d6de5b3ffd55767ca
training,logs/training/br-address-wide-credit-20261003,logs/training/br-address-wide-credit-20261003/replays/a0b230fefc5f4af7b7d15e8918fd910d/episode-00000037-slot-5.json,200,121d1a705d94aada3a2bad02883fdf69ca9b69fab9fcd55f448d1f5f34b0024d
training,logs/training/br-address-wide-credit-20261003,logs/training/br-address-wide-credit-20261003/replays/a0b230fefc5f4af7b7d15e8918fd910d/episode-00000038-slot-7.json,204,2f8ad515fcb34a1d05c188377434f697e2d12c4f13979e5910828d2bcd3c0e77
training,logs/training/br-address-wide-credit-20261003,logs/training/br-address-wide-credit-20261003/replays/a0b230fefc5f4af7b7d15e8918fd910d/episode-00000039-slot-2.json,203,85e842594673646cc1a9278fb763dd50e6ca88aa01ac46f6867d5005e16194f4
training,logs/training/br-address-wide-credit-20261003,logs/training/br-address-wide-credit-20261003/replays/a0b230fefc5f4af7b7d15e8918fd910d/episode-00000040-slot-4.json,200,f41efc67ff275d4c7cc0cd173cb3d0dfdd7b7dc8c33079229a79167696979416
training,logs/training/br-address-wide-credit-20261003,logs/training/br-address-wide-credit-20261003/replays/a0b230fefc5f4af7b7d15e8918fd910d/episode-00000041-slot-3.json,199,dc512b7f4df17044ed6844c8e70755085b7f80a282fc6d71eb1b0486a6eee49c
training,logs/training/br-address-wide-credit-20261003,logs/training/br-address-wide-credit-20261003/replays/a0b230fefc5f4af7b7d15e8918fd910d/episode-00000042-slot-6.json,200,a5852cd7f40500b7a0e1dc6719595c699108ef39b8c94c3b56cf258662b83590
training,logs/training/br-address-wide-credit-20261003,logs/training/br-address-wide-credit-20261003/replays/a0b230fefc5f4af7b7d15e8918fd910d/episode-00000043-slot-0.json,200,75ae59a27f6ea0dcba8a32ac8f85ad9fa7b8ad17505869d141a9e48986e79db8
training,logs/training/br-address-wide-credit-20261003,logs/training/br-address-wide-credit-20261003/replays/a0b230fefc5f4af7b7d15e8918fd910d/episode-00000044-slot-5.json,200,eba77dfabe984a573d1a772c3e203cd3d210b902ba43f9c5ee7128ada66f91c0
training,logs/training/br-address-wide-credit-20261003,logs/training/br-address-wide-credit-20261003/replays/a0b230fefc5f4af7b7d15e8918fd910d/episode-00000045-slot-2.json,200,cd61f2352dbf2dd9c193985561a4c457cd3abba2363f1832ee05f4ae2caa7afe
training,logs/training/br-address-wide-credit-20261003,logs/training/br-address-wide-credit-20261003/replays/a0b230fefc5f4af7b7d15e8918fd910d/episode-00000046-slot-0.json,199,d543388fb8912cc5641f532bf75686acf2ddd481fdd924b152d236bd0bb5b570
training,logs/training/br-address-wide-credit-20261003,logs/training/br-address-wide-credit-20261003/replays/a0b230fefc5f4af7b7d15e8918fd910d/episode-00000047-slot-1.json,199,2e2cf62651ea2696cd27c3e06796efeefb707e38dc40759efa8c5fdd5a60bb1f
training,logs/training/br-address-wide-credit-20261003,logs/training/br-address-wide-credit-20261003/replays/a0b230fefc5f4af7b7d15e8918fd910d/episode-00000048-slot-2.json,197,34c519cd8b7d09073e445f26a2fdeb3de49019d77127d120ee29fe2518a7b53b
training,logs/training/br-address-wide-credit-20261003,logs/training/br-address-wide-credit-20261003/replays/a0b230fefc5f4af7b7d15e8918fd910d/episode-00000049-slot-3.json,199,c186b3bf64030184998194c0fb2c99704d313e3edacbb33dab0e54fc90b2d1a7
training,logs/training/br-address-wide-credit-20261003,logs/training/br-address-wide-credit-20261003/replays/a0b230fefc5f4af7b7d15e8918fd910d/episode-00000050-slot-4.json,199,0384485dfadea51acd2a5a9105edfc894b87a1e41d911d66cd18d1c96f030519
training,logs/training/br-address-wide-credit-20261003,logs/training/br-address-wide-credit-20261003/replays/a0b230fefc5f4af7b7d15e8918fd910d/episode-00000051-slot-5.json,198,083089b9c570342a50fc9e5109b261beb7ccbd896e3676ab808ec9b788bacb4a
training,logs/training/br-address-wide-credit-20261003,logs/training/br-address-wide-credit-20261003/replays/a0b230fefc5f4af7b7d15e8918fd910d/episode-00000052-slot-6.json,199,ae6f20c0d224fa415421417c986b1d7a1b5eb659f485694889da2a5a8ff1d5a1
training,logs/training/br-address-wide-credit-20261003,logs/training/br-address-wide-credit-20261003/replays/a0b230fefc5f4af7b7d15e8918fd910d/episode-00000053-slot-7.json,198,139609fedf0817353455eed8e76ddff96f362385defcba144211b78481293076
training,logs/training/br-address-wide-credit-20261003,logs/training/br-address-wide-credit-20261003/result.json,2023,d94f1042c153447eed579eba904d017d0484d0848c8f8a40568a6203f82ae7f4
training,logs/training/br-address-wide-credit-20261003,logs/training/br-address-wide-credit-20261003/scalars/progress.csv,4319,b8c9c488bb248f5cc0ae911e8e755b50a9afe480d09492ad09e23020d60cc831
training,logs/training/br-address-wide-credit-20261003,logs/training/br-address-wide-credit-20261003/timing.json,1438,9498543dd310cb95b5ff3bf6383c995becaa8e925e957e39073996db67b95ce0
training,logs/training/br-recurrent-factorized-address-ppo-20261002,logs/training/br-recurrent-factorized-address-ppo-20261002/checkpoints/ppo_131072_steps.curriculum.json,896,816dfad38e2e89cae228b985a5b04c89f3b3c8d4156cadb30105e100083d206f
training,logs/training/br-recurrent-factorized-address-ppo-20261002,logs/training/br-recurrent-factorized-address-ppo-20261002/checkpoints/ppo_196608_steps.curriculum.json,896,645663ba727ed7355502f990e1321611083a35e5dd2fc6a0783939a957de4d25
training,logs/training/br-recurrent-factorized-address-ppo-20261002,logs/training/br-recurrent-factorized-address-ppo-20261002/checkpoints/ppo_262144_steps.curriculum.json,895,e0d65010c7d6dae0fd0107e56634a37dbcad02d9585182e6ee85e93d4b20a087
training,logs/training/br-recurrent-factorized-address-ppo-20261002,logs/training/br-recurrent-factorized-address-ppo-20261002/checkpoints/ppo_65536_steps.curriculum.json,896,c1a156b583a86684e90f4bd0c8dafed0d247a2f3fc6d9db7fc94834b3b766d3c
training,logs/training/br-recurrent-factorized-address-ppo-20261002,logs/training/br-recurrent-factorized-address-ppo-20261002/checkpoints/updated_131072_steps.curriculum.json,896,d449d5678fad1d3e2a3b6d62f379f56db18a7c4ec49b32b3d031bc30dbc3107c
training,logs/training/br-recurrent-factorized-address-ppo-20261002,logs/training/br-recurrent-factorized-address-ppo-20261002/checkpoints/updated_196608_steps.curriculum.json,896,80b8307f216f3d15747d9ac6e0acef3b5f982f02b081c9449f671bde882df3c6
training,logs/training/br-recurrent-factorized-address-ppo-20261002,logs/training/br-recurrent-factorized-address-ppo-20261002/checkpoints/updated_2048_steps.curriculum.json,851,acc5911c7222aa95917e781b7d035ad45a0c8f71c56815530f85f486d0ce3d49
training,logs/training/br-recurrent-factorized-address-ppo-20261002,logs/training/br-recurrent-factorized-address-ppo-20261002/checkpoints/updated_262144_steps.curriculum.json,895,4e84107c86c43d14760f2eb8490d6cec3e92c29c174853aa0ccd3620157da237
training,logs/training/br-recurrent-factorized-address-ppo-20261002,logs/training/br-recurrent-factorized-address-ppo-20261002/checkpoints/updated_65536_steps.curriculum.json,896,89f8a97f641b58dd8ea31fe06dd6126fe4bbba7ef6e0edcab11f9ea95300b9bd
training,logs/training/br-recurrent-factorized-address-ppo-20261002,logs/training/br-recurrent-factorized-address-ppo-20261002/config.yaml,5351,75aeebbd6049ae9eb2955d12a8d0d1722aeefd7d43f633d31d7b9805ca05981d
training,logs/training/br-recurrent-factorized-address-ppo-20261002,logs/training/br-recurrent-factorized-address-ppo-20261002/final.curriculum.json,895,7bcad2b857c280ba8504a97eb84545a390b6f45d830118cf16db62cbff93c65f
training,logs/training/br-recurrent-factorized-address-ppo-20261002,logs/training/br-recurrent-factorized-address-ppo-20261002/identity.json,50247,f664162aaa8713da18d23548274a13b04ed162eac99e2a4ce8052e1a3a94f8c3
training,logs/training/br-recurrent-factorized-address-ppo-20261002,logs/training/br-recurrent-factorized-address-ppo-20261002/progress.json,191384,e61ba693567e6c81d7204c8cd37a0fd4eb2b6eeb1bd8c7ebdebecba8348e5338
training,logs/training/br-recurrent-factorized-address-ppo-20261002,logs/training/br-recurrent-factorized-address-ppo-20261002/replays/12c49add29034ff8a25b78cda99c09f9/episode-00000001-slot-0.json,194,2ae651645469951acba4b324f507de47cf810b366cae97b05910ecbb8c578124
training,logs/training/br-recurrent-factorized-address-ppo-20261002,logs/training/br-recurrent-factorized-address-ppo-20261002/replays/12c49add29034ff8a25b78cda99c09f9/episode-00000002-slot-4.json,194,65c8b90dc93a0289aacab0ac128d7ba9532395816f496a24e682b059443bdf4e
training,logs/training/br-recurrent-factorized-address-ppo-20261002,logs/training/br-recurrent-factorized-address-ppo-20261002/replays/12c49add29034ff8a25b78cda99c09f9/episode-00000003-slot-7.json,194,575147e4f0d763183bbb220ce63e2dd7ab294bbfa1ef785370647e249008abfc
training,logs/training/br-recurrent-factorized-address-ppo-20261002,logs/training/br-recurrent-factorized-address-ppo-20261002/replays/12c49add29034ff8a25b78cda99c09f9/episode-00000004-slot-6.json,194,6e6763015c99195904a4593547ae44362a1b61f27fd3b4c006fd0a9b058039af
training,logs/training/br-recurrent-factorized-address-ppo-20261002,logs/training/br-recurrent-factorized-address-ppo-20261002/replays/12c49add29034ff8a25b78cda99c09f9/episode-00000005-slot-5.json,194,099dd9add3d725a87feb0021eab35d3f99d868d7535849e7a45836e85508de26
training,logs/training/br-recurrent-factorized-address-ppo-20261002,logs/training/br-recurrent-factorized-address-ppo-20261002/replays/12c49add29034ff8a25b78cda99c09f9/episode-00000006-slot-2.json,194,2ad44eac397a4adfedf168f7bd07fe20adac176694d5d4c774f982ec09d9e80f
training,logs/training/br-recurrent-factorized-address-ppo-20261002,logs/training/br-recurrent-factorized-address-ppo-20261002/replays/12c49add29034ff8a25b78cda99c09f9/episode-00000007-slot-3.json,194,e1e470ea5ad253c927b229870f1efc1e891f7bed29200c916876ae6614a1e139
training,logs/training/br-recurrent-factorized-address-ppo-20261002,logs/training/br-recurrent-factorized-address-ppo-20261002/replays/12c49add29034ff8a25b78cda99c09f9/episode-00000008-slot-1.json,194,c3ffcc3251671d93195dc9418779bb91608ca0aa862e237d1b30e6a19ce77286
training,logs/training/br-recurrent-factorized-address-ppo-20261002,logs/training/br-recurrent-factorized-address-ppo-20261002/replays/12c49add29034ff8a25b78cda99c09f9/episode-00000009-slot-7.json,200,5aab9f6e2cc8c6fadcb560883417dc298f9bc63e068c65b5409d4a6ef6e4cf5f
training,logs/training/br-recurrent-factorized-address-ppo-20261002,logs/training/br-recurrent-factorized-address-ppo-20261002/replays/12c49add29034ff8a25b78cda99c09f9/episode-00000010-slot-4.json,200,fa6d5f5c6901c24a2b78b04d14b7c5bbdccf21691487ca8f4696fb97a6e6b3a9
training,logs/training/br-recurrent-factorized-address-ppo-20261002,logs/training/br-recurrent-factorized-address-ppo-20261002/replays/12c49add29034ff8a25b78cda99c09f9/episode-00000011-slot-3.json,200,0b067d41501018a71b175c781423f808fee8a60e528f5208ba337d1a50d17d77
training,logs/training/br-recurrent-factorized-address-ppo-20261002,logs/training/br-recurrent-factorized-address-ppo-20261002/replays/12c49add29034ff8a25b78cda99c09f9/episode-00000012-slot-0.json,200,9ccecbde83bf4e80deeeaae6b295f6c75befdc42710576eca13082082bca552b
training,logs/training/br-recurrent-factorized-address-ppo-20261002,logs/training/br-recurrent-factorized-address-ppo-20261002/replays/12c49add29034ff8a25b78cda99c09f9/episode-00000013-slot-2.json,200,24d8aa08d93c703124ad95d25d694411f53a060c05ce9049907119344b16a0d6
training,logs/training/br-recurrent-factorized-address-ppo-20261002,logs/training/br-recurrent-factorized-address-ppo-20261002/replays/12c49add29034ff8a25b78cda99c09f9/episode-00000014-slot-5.json,199,f7e9d91b652a0f594bb3dd6232778b65bcd4b1d3084fe15477257d67a8140ea9
training,logs/training/br-recurrent-factorized-address-ppo-20261002,logs/training/br-recurrent-factorized-address-ppo-20261002/replays/12c49add29034ff8a25b78cda99c09f9/episode-00000015-slot-1.json,200,42b2fab492bedce3524318617c4652fb85821c93384fd8db88fa4b5ba860b87b
training,logs/training/br-recurrent-factorized-address-ppo-20261002,logs/training/br-recurrent-factorized-address-ppo-20261002/replays/12c49add29034ff8a25b78cda99c09f9/episode-00000016-slot-7.json,199,d4aae3cf74db0a3019926e5bb1ebc604096637f9354184522e2ebf2d165ad4ad
training,logs/training/br-recurrent-factorized-address-ppo-20261002,logs/training/br-recurrent-factorized-address-ppo-20261002/replays/12c49add29034ff8a25b78cda99c09f9/episode-00000017-slot-6.json,200,12d6d8220f7ac5788f422e606e22edb07dd8a749170b0579c49a96c2afb7bdc5
training,logs/training/br-recurrent-factorized-address-ppo-20261002,logs/training/br-recurrent-factorized-address-ppo-20261002/replays/12c49add29034ff8a25b78cda99c09f9/episode-00000018-slot-3.json,200,ffcd1e2be7d254b2c7b0ea855d20dc0c5ab43096091f56492e6c9b53acbab5f9
training,logs/training/br-recurrent-factorized-address-ppo-20261002,logs/training/br-recurrent-factorized-address-ppo-20261002/replays/12c49add29034ff8a25b78cda99c09f9/episode-00000019-slot-4.json,200,62b7cce61620c052506baa82bda0ec0fb0489386c8801bd69fedef8d38961ac2
training,logs/training/br-recurrent-factorized-address-ppo-20261002,logs/training/br-recurrent-factorized-address-ppo-20261002/replays/12c49add29034ff8a25b78cda99c09f9/episode-00000020-slot-2.json,200,054666cd750c21348ef4010283b19dd4834cf4d50e33abf639d1ffa03cb77114
training,logs/training/br-recurrent-factorized-address-ppo-20261002,logs/training/br-recurrent-factorized-address-ppo-20261002/replays/12c49add29034ff8a25b78cda99c09f9/episode-00000021-slot-5.json,200,bcfb91c09a84d66c31dc10899d5a72fff0b30e7a2f604ec5e9c311a971727879
training,logs/training/br-recurrent-factorized-address-ppo-20261002,logs/training/br-recurrent-factorized-address-ppo-20261002/replays/12c49add29034ff8a25b78cda99c09f9/episode-00000022-slot-0.json,200,dcf830683272505f2e51f2305e9bec9cad05a63fdb787629af4298ecf6131cf9
training,logs/training/br-recurrent-factorized-address-ppo-20261002,logs/training/br-recurrent-factorized-address-ppo-20261002/replays/12c49add29034ff8a25b78cda99c09f9/episode-00000023-slot-1.json,199,124bbda035c76413f7ca54880bbd5dc73bd1fc6a42bc2c7d8b4143f661b7b764
training,logs/training/br-recurrent-factorized-address-ppo-20261002,logs/training/br-recurrent-factorized-address-ppo-20261002/replays/12c49add29034ff8a25b78cda99c09f9/episode-00000024-slot-3.json,200,4cfb6c3c95acf9cffe77c6eb099df074ea9d383a564e6e4ad126beadea2e9deb
training,logs/training/br-recurrent-factorized-address-ppo-20261002,logs/training/br-recurrent-factorized-address-ppo-20261002/replays/12c49add29034ff8a25b78cda99c09f9/episode-00000025-slot-6.json,200,35fe5d131d22396aea3f15e0fc257a65906e4d44bc99efff11fbb8136108d36e
training,logs/training/br-recurrent-factorized-address-ppo-20261002,logs/training/br-recurrent-factorized-address-ppo-20261002/replays/12c49add29034ff8a25b78cda99c09f9/episode-00000026-slot-2.json,200,5db312d919d598bdff4edbab5193fcb7617212a56c73705d1a55d8b5a29b4f81
training,logs/training/br-recurrent-factorized-address-ppo-20261002,logs/training/br-recurrent-factorized-address-ppo-20261002/replays/12c49add29034ff8a25b78cda99c09f9/episode-00000027-slot-7.json,200,ec2352f60b212e49fb116b04dbc896c99095985f3d946ea45faec0c0fee6b288
training,logs/training/br-recurrent-factorized-address-ppo-20261002,logs/training/br-recurrent-factorized-address-ppo-20261002/replays/12c49add29034ff8a25b78cda99c09f9/episode-00000028-slot-4.json,200,84bc73b5d18697629a034716801ec6600f6ff81b0b91f0a667d24c0bea308bfc
training,logs/training/br-recurrent-factorized-address-ppo-20261002,logs/training/br-recurrent-factorized-address-ppo-20261002/replays/12c49add29034ff8a25b78cda99c09f9/episode-00000029-slot-1.json,200,44f4c9a3c2417c1e029b4ede2ea9f343e988c4d8dfcd7c6e40f237deb6f58472
training,logs/training/br-recurrent-factorized-address-ppo-20261002,logs/training/br-recurrent-factorized-address-ppo-20261002/replays/12c49add29034ff8a25b78cda99c09f9/episode-00000030-slot-5.json,200,1352384e4137ca0b3eeefaf536001f5ed8450803ee7ae0831acc3d7d0f083239
training,logs/training/br-recurrent-factorized-address-ppo-20261002,logs/training/br-recurrent-factorized-address-ppo-20261002/replays/12c49add29034ff8a25b78cda99c09f9/episode-00000031-slot-7.json,200,f9f05b80551f053c770d4b766f6ea85e2c4a2055c4363e5e996e223c5e096df0
training,logs/training/br-recurrent-factorized-address-ppo-20261002,logs/training/br-recurrent-factorized-address-ppo-20261002/replays/12c49add29034ff8a25b78cda99c09f9/episode-00000032-slot-3.json,199,25447a382ba09fe685b86bf800f57201d889ccfe70a9e99e655e797f3b9eb17e
training,logs/training/br-recurrent-factorized-address-ppo-20261002,logs/training/br-recurrent-factorized-address-ppo-20261002/replays/12c49add29034ff8a25b78cda99c09f9/episode-00000033-slot-5.json,199,da4ca38e37b8aad9e96452a8c30fc4af9b0693d35c226e51c3b6b36f413de029
training,logs/training/br-recurrent-factorized-address-ppo-20261002,logs/training/br-recurrent-factorized-address-ppo-20261002/replays/12c49add29034ff8a25b78cda99c09f9/episode-00000034-slot-0.json,203,56e162d1ea8767b03e7d76ac3e1a121276dff9de527fc6e8ebcba97f8cda1c92
training,logs/training/br-recurrent-factorized-address-ppo-20261002,logs/training/br-recurrent-factorized-address-ppo-20261002/replays/12c49add29034ff8a25b78cda99c09f9/episode-00000035-slot-6.json,204,7844f49ad8c916108894c2cf020757839e0f57ce76ea0c808ff75f633bbccf90
training,logs/training/br-recurrent-factorized-address-ppo-20261002,logs/training/br-recurrent-factorized-address-ppo-20261002/replays/12c49add29034ff8a25b78cda99c09f9/episode-00000036-slot-2.json,199,c5d1983636a61635aa94bf236b06be03f4ceec4aafad640fcc4a872f5a2d0aef
training,logs/training/br-recurrent-factorized-address-ppo-20261002,logs/training/br-recurrent-factorized-address-ppo-20261002/replays/12c49add29034ff8a25b78cda99c09f9/episode-00000037-slot-7.json,200,8742e4ca3b0c1910aa67a7213759e6667afc479e68fabeae6f23a1e07ebbcb86
training,logs/training/br-recurrent-factorized-address-ppo-20261002,logs/training/br-recurrent-factorized-address-ppo-20261002/replays/12c49add29034ff8a25b78cda99c09f9/episode-00000038-slot-4.json,203,a3b2988da06a5d0f314f129d8338fc45f959b402a051d7da70e6b2c667c4ef1e
training,logs/training/br-recurrent-factorized-address-ppo-20261002,logs/training/br-recurrent-factorized-address-ppo-20261002/replays/12c49add29034ff8a25b78cda99c09f9/episode-00000039-slot-1.json,204,35eff85f399794dbf53b93f51dcb85368fc1c10d4a4cb1195719ee472914a957
training,logs/training/br-recurrent-factorized-address-ppo-20261002,logs/training/br-recurrent-factorized-address-ppo-20261002/replays/12c49add29034ff8a25b78cda99c09f9/episode-00000040-slot-3.json,200,2c4837191533c18e923970832c4cecb6fbc6d17f7f10e24b51e633add050a323
training,logs/training/br-recurrent-factorized-address-ppo-20261002,logs/training/br-recurrent-factorized-address-ppo-20261002/replays/12c49add29034ff8a25b78cda99c09f9/episode-00000041-slot-2.json,200,55609c17237678f53d73c24edb73ff2086cb1558c7e6c621faa9b32b20e088e6
training,logs/training/br-recurrent-factorized-address-ppo-20261002,logs/training/br-recurrent-factorized-address-ppo-20261002/replays/12c49add29034ff8a25b78cda99c09f9/episode-00000042-slot-5.json,204,9cf4dcbccc9784e061b2158de81b44ce200d30de28db17d3b3304726b837922e
training,logs/training/br-recurrent-factorized-address-ppo-20261002,logs/training/br-recurrent-factorized-address-ppo-20261002/replays/12c49add29034ff8a25b78cda99c09f9/episode-00000043-slot-0.json,203,8d012473fe419ea357d427938cc46d06d22f91d5199c5a0a3a3929270147ef7c
training,logs/training/br-recurrent-factorized-address-ppo-20261002,logs/training/br-recurrent-factorized-address-ppo-20261002/replays/12c49add29034ff8a25b78cda99c09f9/episode-00000044-slot-7.json,200,59a2d12fd9051511e18a0721e5f4131aa751106df0a534e304459bd12dd654e6
training,logs/training/br-recurrent-factorized-address-ppo-20261002,logs/training/br-recurrent-factorized-address-ppo-20261002/replays/12c49add29034ff8a25b78cda99c09f9/episode-00000045-slot-6.json,200,5c02d56fa569033710959d5dffa49ed4beec0caf8aa1983d9d77c29a007fe99b
training,logs/training/br-recurrent-factorized-address-ppo-20261002,logs/training/br-recurrent-factorized-address-ppo-20261002/replays/12c49add29034ff8a25b78cda99c09f9/episode-00000046-slot-4.json,199,87b46a8f7f1941026c0c825f5721f1bb0acdac6071f8064abce32d39c44013e6
training,logs/training/br-recurrent-factorized-address-ppo-20261002,logs/training/br-recurrent-factorized-address-ppo-20261002/replays/12c49add29034ff8a25b78cda99c09f9/episode-00000047-slot-1.json,200,4ef253aedba73af73c3cc593c86dac633bcf8f4757140159a9653d66de2bed88
training,logs/training/br-recurrent-factorized-address-ppo-20261002,logs/training/br-recurrent-factorized-address-ppo-20261002/replays/12c49add29034ff8a25b78cda99c09f9/episode-00000048-slot-3.json,200,398dc0f4eb5d6edb3d28c019d97f08f13d7e3ab490adebb5ba79f49e424ed941
training,logs/training/br-recurrent-factorized-address-ppo-20261002,logs/training/br-recurrent-factorized-address-ppo-20261002/replays/12c49add29034ff8a25b78cda99c09f9/episode-00000049-slot-5.json,200,dd32a7b64e8be3118b38e817e7116a73e18d1d1a0be49f317ece75a7bdd26c9b
training,logs/training/br-recurrent-factorized-address-ppo-20261002,logs/training/br-recurrent-factorized-address-ppo-20261002/replays/12c49add29034ff8a25b78cda99c09f9/episode-00000050-slot-2.json,200,f5b0ae4872929d88cd054ec20a283eb03889439a3b0053779078409c2ae2ad5a
training,logs/training/br-recurrent-factorized-address-ppo-20261002,logs/training/br-recurrent-factorized-address-ppo-20261002/replays/12c49add29034ff8a25b78cda99c09f9/episode-00000051-slot-7.json,200,354f243fe570870cf78c749cfce7705ea5dbc94921e388f8266ca6538fb7f34b
training,logs/training/br-recurrent-factorized-address-ppo-20261002,logs/training/br-recurrent-factorized-address-ppo-20261002/replays/12c49add29034ff8a25b78cda99c09f9/episode-00000052-slot-1.json,200,2772e95bc479a99327bf9354d4af30a935103feada941f599af37b7c79fca490
training,logs/training/br-recurrent-factorized-address-ppo-20261002,logs/training/br-recurrent-factorized-address-ppo-20261002/replays/12c49add29034ff8a25b78cda99c09f9/episode-00000053-slot-0.json,204,27257b0b375262f9f9aefa260864e1b9055b5b1a9a8b3029488fd10a79aa5dec
training,logs/training/br-recurrent-factorized-address-ppo-20261002,logs/training/br-recurrent-factorized-address-ppo-20261002/replays/12c49add29034ff8a25b78cda99c09f9/episode-00000054-slot-0.json,195,28f76093404fb0cd4bb78bb3b26e78b3ce9eff111e275abf992fd1f822782083
training,logs/training/br-recurrent-factorized-address-ppo-20261002,logs/training/br-recurrent-factorized-address-ppo-20261002/replays/12c49add29034ff8a25b78cda99c09f9/episode-00000055-slot-1.json,198,10133669f5ad6295f434ff34e7a0251f19ae45ef9cb0950e8c8e4b8fb217799f
training,logs/training/br-recurrent-factorized-address-ppo-20261002,logs/training/br-recurrent-factorized-address-ppo-20261002/replays/12c49add29034ff8a25b78cda99c09f9/episode-00000056-slot-2.json,198,3c488339fb156f1655a007bdf54a8915db26b5955b20427408dd905c25ae1178
training,logs/training/br-recurrent-factorized-address-ppo-20261002,logs/training/br-recurrent-factorized-address-ppo-20261002/replays/12c49add29034ff8a25b78cda99c09f9/episode-00000057-slot-3.json,199,ed93f174c46182055a8bfeb7253b2d1bc8ad4c0adad53f34343dc3605adc77d2
training,logs/training/br-recurrent-factorized-address-ppo-20261002,logs/training/br-recurrent-factorized-address-ppo-20261002/replays/12c49add29034ff8a25b78cda99c09f9/episode-00000058-slot-4.json,198,16ec42df35543b827623f32a56251a2871aa82d3a82e5854a361a196d358720d
training,logs/training/br-recurrent-factorized-address-ppo-20261002,logs/training/br-recurrent-factorized-address-ppo-20261002/replays/12c49add29034ff8a25b78cda99c09f9/episode-00000059-slot-5.json,199,c49b43175b1740c58535ea68bbb8056bb81353df41a8fbcc7df528bb9f1b2f52
training,logs/training/br-recurrent-factorized-address-ppo-20261002,logs/training/br-recurrent-factorized-address-ppo-20261002/replays/12c49add29034ff8a25b78cda99c09f9/episode-00000060-slot-6.json,199,cf594b647e8784a382177a864b37cfe91638711e9d8698e1821aa61b5ae6b0f0
training,logs/training/br-recurrent-factorized-address-ppo-20261002,logs/training/br-recurrent-factorized-address-ppo-20261002/replays/12c49add29034ff8a25b78cda99c09f9/episode-00000061-slot-7.json,198,c6647b164727955d14f8aa5ecbf7ee5d07cc086e094bc23e62ad5ad8ba451eff
training,logs/training/br-recurrent-factorized-address-ppo-20261002,logs/training/br-recurrent-factorized-address-ppo-20261002/result.json,2010,c04c20c48ad14a97ff2427358bf0c22effea27637241a32428b83bdfba856599
training,logs/training/br-recurrent-factorized-address-ppo-20261002,logs/training/br-recurrent-factorized-address-ppo-20261002/scalars/progress.csv,32547,35719f70e3446028cdc87869e01cc1b2e05b7a3b7e4bd07f42d63a4d29694a04
training,logs/training/br-recurrent-factorized-address-ppo-20261002,logs/training/br-recurrent-factorized-address-ppo-20261002/timing.json,24328,7d7296b16b650758dc4840fde4dcdc26b3664c0cd306ee3f856df46d1cdd8024
training,logs/training/br-reimu-address-rehearsal-noise10-adaptive-20261002,logs/training/br-reimu-address-rehearsal-noise10-adaptive-20261002/checkpoints/ppo_131072_steps.curriculum.json,944,c317fc0c025ce8d4e4e4b7959dfc0bb50448ffa4e536d2b14a196e0e0ca9b2e5
training,logs/training/br-reimu-address-rehearsal-noise10-adaptive-20261002,logs/training/br-reimu-address-rehearsal-noise10-adaptive-20261002/checkpoints/ppo_196608_steps.curriculum.json,928,b361ecb13291b1fdf1c28c4bce5f6e4fcd8b918678780e1b9997fdd2ccb8c1bb
training,logs/training/br-reimu-address-rehearsal-noise10-adaptive-20261002,logs/training/br-reimu-address-rehearsal-noise10-adaptive-20261002/checkpoints/ppo_262144_steps.curriculum.json,928,1bdd6b0942bf9633a6b28963a5265d2e7f56a4e9051a9015dfe2d7ca9dfe68f8
training,logs/training/br-reimu-address-rehearsal-noise10-adaptive-20261002,logs/training/br-reimu-address-rehearsal-noise10-adaptive-20261002/checkpoints/ppo_65536_steps.curriculum.json,928,b70792c1c34f7ca6cc6e57178298f037faf9103b6d484abacd96dd84af537e64
training,logs/training/br-reimu-address-rehearsal-noise10-adaptive-20261002,logs/training/br-reimu-address-rehearsal-noise10-adaptive-20261002/checkpoints/updated_1024_steps.curriculum.json,851,f1b91826181a4b1446d45986fba0c03b4c566950969cc2582c8ff1a470b6590a
training,logs/training/br-reimu-address-rehearsal-noise10-adaptive-20261002,logs/training/br-reimu-address-rehearsal-noise10-adaptive-20261002/checkpoints/updated_131072_steps.curriculum.json,944,645d4ed0a4351add48ec36fdf78df33cf2760d658e664a227418b7fffa30d19d
training,logs/training/br-reimu-address-rehearsal-noise10-adaptive-20261002,logs/training/br-reimu-address-rehearsal-noise10-adaptive-20261002/checkpoints/updated_196608_steps.curriculum.json,928,fbbe273843cf97df48bd06696fe5427a9525f459476b51031d4e94c6cf55e385
training,logs/training/br-reimu-address-rehearsal-noise10-adaptive-20261002,logs/training/br-reimu-address-rehearsal-noise10-adaptive-20261002/checkpoints/updated_262144_steps.curriculum.json,928,3dad85760f26be3c5da0c4487b82d15a6cde5feb8f31949b473dd7e42f06e661
training,logs/training/br-reimu-address-rehearsal-noise10-adaptive-20261002,logs/training/br-reimu-address-rehearsal-noise10-adaptive-20261002/checkpoints/updated_65536_steps.curriculum.json,928,aa3b09efd553368563aeadac1643997fbd7761db4d2df24bd6ad0ec01c10085e
training,logs/training/br-reimu-address-rehearsal-noise10-adaptive-20261002,logs/training/br-reimu-address-rehearsal-noise10-adaptive-20261002/config.yaml,5366,9c5197219838c73cb188ef6610ef45e0358dace7ceb23bb12e994bc424672b96
training,logs/training/br-reimu-address-rehearsal-noise10-adaptive-20261002,logs/training/br-reimu-address-rehearsal-noise10-adaptive-20261002/final.curriculum.json,928,3dad85760f26be3c5da0c4487b82d15a6cde5feb8f31949b473dd7e42f06e661
training,logs/training/br-reimu-address-rehearsal-noise10-adaptive-20261002,logs/training/br-reimu-address-rehearsal-noise10-adaptive-20261002/identity.json,43881,453bb4c40f57b7357cd55b7663ab3b082101786223f274e4009930b375038686
training,logs/training/br-reimu-address-rehearsal-noise10-adaptive-20261002,logs/training/br-reimu-address-rehearsal-noise10-adaptive-20261002/progress.json,210524,99967341ff294c96ffb747855e18c3e15523ff7c6938f2c2961abb43a4797fb4
training,logs/training/br-reimu-address-rehearsal-noise10-adaptive-20261002,logs/training/br-reimu-address-rehearsal-noise10-adaptive-20261002/replays/20955220fb584915a369ea5ca81d540e/episode-00000001-slot-2.json,194,ab5097f98e51143325572511b376d2b1654c342d86630678d01a434a7547afe7
training,logs/training/br-reimu-address-rehearsal-noise10-adaptive-20261002,logs/training/br-reimu-address-rehearsal-noise10-adaptive-20261002/replays/20955220fb584915a369ea5ca81d540e/episode-00000002-slot-1.json,194,ecfc361cf3bf3200e1453f76199c5c2ca1573abdfd339a6ea4117552d7eb14d0
training,logs/training/br-reimu-address-rehearsal-noise10-adaptive-20261002,logs/training/br-reimu-address-rehearsal-noise10-adaptive-20261002/replays/20955220fb584915a369ea5ca81d540e/episode-00000003-slot-0.json,194,118411b9908c7b20e03daa204f31e9e2b2b3ea688e2ba0eb487dcb2a8f055d93
training,logs/training/br-reimu-address-rehearsal-noise10-adaptive-20261002,logs/training/br-reimu-address-rehearsal-noise10-adaptive-20261002/replays/20955220fb584915a369ea5ca81d540e/episode-00000004-slot-3.json,194,39be65f00b8ffc3ed3da22aabb06e5cf140ffb9e4cc2704ed028507243ee33ed
training,logs/training/br-reimu-address-rehearsal-noise10-adaptive-20261002,logs/training/br-reimu-address-rehearsal-noise10-adaptive-20261002/replays/20955220fb584915a369ea5ca81d540e/episode-00000005-slot-0.json,200,ce3698be2e3fa017acb811c843f4262dab45744efabf2f683ce976e54bebf348
training,logs/training/br-reimu-address-rehearsal-noise10-adaptive-20261002,logs/training/br-reimu-address-rehearsal-noise10-adaptive-20261002/replays/20955220fb584915a369ea5ca81d540e/episode-00000006-slot-2.json,204,31b58ea474e571b3273cb684213e82220d5f03eeb7826c7a95c11128f75c325a
training,logs/training/br-reimu-address-rehearsal-noise10-adaptive-20261002,logs/training/br-reimu-address-rehearsal-noise10-adaptive-20261002/replays/20955220fb584915a369ea5ca81d540e/episode-00000007-slot-1.json,199,418b6cc4ad643240fc9b760a0a84e4a81699539c415649acd4d02feb2ad6e5fb
training,logs/training/br-reimu-address-rehearsal-noise10-adaptive-20261002,logs/training/br-reimu-address-rehearsal-noise10-adaptive-20261002/replays/20955220fb584915a369ea5ca81d540e/episode-00000008-slot-3.json,200,25782c5a2f6bc3b186f4d147aaef63920cdbded3d22bc9f91b5b0fad4a9589fe
training,logs/training/br-reimu-address-rehearsal-noise10-adaptive-20261002,logs/training/br-reimu-address-rehearsal-noise10-adaptive-20261002/replays/20955220fb584915a369ea5ca81d540e/episode-00000009-slot-1.json,199,f32cb552fafd7917cf1e0c00438d1adc8c05bf8fbfa2a220c56793b50103b1fa
training,logs/training/br-reimu-address-rehearsal-noise10-adaptive-20261002,logs/training/br-reimu-address-rehearsal-noise10-adaptive-20261002/replays/20955220fb584915a369ea5ca81d540e/episode-00000010-slot-0.json,200,839ed7dd0228296b6ee08d9fccb3326bd2296cc7e8d6f4e08a8c66bdffff780b
training,logs/training/br-reimu-address-rehearsal-noise10-adaptive-20261002,logs/training/br-reimu-address-rehearsal-noise10-adaptive-20261002/replays/20955220fb584915a369ea5ca81d540e/episode-00000011-slot-2.json,200,9bd9739ae14f89d583e14345c749a66d11dae0a2afa24b5a385896b27bf1f1ef
training,logs/training/br-reimu-address-rehearsal-noise10-adaptive-20261002,logs/training/br-reimu-address-rehearsal-noise10-adaptive-20261002/replays/20955220fb584915a369ea5ca81d540e/episode-00000012-slot-3.json,199,c5dc24dc4227d3e2967321804c0c273f3a97a6938cc577949df38dc81349c484
training,logs/training/br-reimu-address-rehearsal-noise10-adaptive-20261002,logs/training/br-reimu-address-rehearsal-noise10-adaptive-20261002/replays/20955220fb584915a369ea5ca81d540e/episode-00000013-slot-1.json,199,dbeeb31f54225a1074c0a94acd90126d3941075cf56d21b6d9d1a286a57c41f3
training,logs/training/br-reimu-address-rehearsal-noise10-adaptive-20261002,logs/training/br-reimu-address-rehearsal-noise10-adaptive-20261002/replays/20955220fb584915a369ea5ca81d540e/episode-00000014-slot-0.json,199,3c88b1ee721b886b00aa0f94b8da38575b97f4a9039780f839501ed971e2d570
training,logs/training/br-reimu-address-rehearsal-noise10-adaptive-20261002,logs/training/br-reimu-address-rehearsal-noise10-adaptive-20261002/replays/20955220fb584915a369ea5ca81d540e/episode-00000015-slot-2.json,200,d2ebfe7815f89889f93af7bb2d8d67e95a6cc995ea427edbfb7e8be212074d97
training,logs/training/br-reimu-address-rehearsal-noise10-adaptive-20261002,logs/training/br-reimu-address-rehearsal-noise10-adaptive-20261002/replays/20955220fb584915a369ea5ca81d540e/episode-00000016-slot-3.json,200,e631798b4603900add5449a926b236034f01c2acdf25cbae7cd4c20f379765c8
training,logs/training/br-reimu-address-rehearsal-noise10-adaptive-20261002,logs/training/br-reimu-address-rehearsal-noise10-adaptive-20261002/replays/20955220fb584915a369ea5ca81d540e/episode-00000017-slot-1.json,200,a3dfd5ad1b8c20c01f1baf3fb2342ef5ac7f4fade9165f99b1a5139debc1ccf8
training,logs/training/br-reimu-address-rehearsal-noise10-adaptive-20261002,logs/training/br-reimu-address-rehearsal-noise10-adaptive-20261002/replays/20955220fb584915a369ea5ca81d540e/episode-00000018-slot-2.json,200,65b4c2db52471c13769c574decfee32d45ba7fde4ad3bf671b19b4450b9caca1
training,logs/training/br-reimu-address-rehearsal-noise10-adaptive-20261002,logs/training/br-reimu-address-rehearsal-noise10-adaptive-20261002/replays/20955220fb584915a369ea5ca81d540e/episode-00000019-slot-0.json,200,73ec696845f5930b7860fbd80a5f36ffacc0cd6b477c0065a0636f05b514c1cd
training,logs/training/br-reimu-address-rehearsal-noise10-adaptive-20261002,logs/training/br-reimu-address-rehearsal-noise10-adaptive-20261002/replays/20955220fb584915a369ea5ca81d540e/episode-00000020-slot-3.json,200,60ecc475b0d1f56ab31bf626511b538c88025591a0f0237ae7cdebb9e1fc37bf
training,logs/training/br-reimu-address-rehearsal-noise10-adaptive-20261002,logs/training/br-reimu-address-rehearsal-noise10-adaptive-20261002/replays/20955220fb584915a369ea5ca81d540e/episode-00000021-slot-1.json,200,249f9b6b7d7ccf2276a18077880150a43ad76fb2278bedd6d5ceb93169886c3d
training,logs/training/br-reimu-address-rehearsal-noise10-adaptive-20261002,logs/training/br-reimu-address-rehearsal-noise10-adaptive-20261002/replays/20955220fb584915a369ea5ca81d540e/episode-00000022-slot-2.json,200,4f4b1c69bbc5d500d56f9972442f566b8f9172e9ed8a1d65851071f7fd849719
training,logs/training/br-reimu-address-rehearsal-noise10-adaptive-20261002,logs/training/br-reimu-address-rehearsal-noise10-adaptive-20261002/replays/20955220fb584915a369ea5ca81d540e/episode-00000023-slot-0.json,200,d212521eedb9a4d9d31d1d5c5930b112483f66ef5772b746e0a9632899148211
training,logs/training/br-reimu-address-rehearsal-noise10-adaptive-20261002,logs/training/br-reimu-address-rehearsal-noise10-adaptive-20261002/replays/20955220fb584915a369ea5ca81d540e/episode-00000024-slot-1.json,199,a3d57192c5cbb51551270f2beabe31428579bdd28520402ebd05ab14a9300cf2
training,logs/training/br-reimu-address-rehearsal-noise10-adaptive-20261002,logs/training/br-reimu-address-rehearsal-noise10-adaptive-20261002/replays/20955220fb584915a369ea5ca81d540e/episode-00000025-slot-3.json,200,12ac330514175b812bd52fb7c83bee1004ead6b90e1311b5ec4807315e32371f
training,logs/training/br-reimu-address-rehearsal-noise10-adaptive-20261002,logs/training/br-reimu-address-rehearsal-noise10-adaptive-20261002/replays/20955220fb584915a369ea5ca81d540e/episode-00000026-slot-2.json,200,4513aa0f25ef8a2dbbfdc25b2c61481dcb1f6b58622892d797130eb2c5bd2a2d
training,logs/training/br-reimu-address-rehearsal-noise10-adaptive-20261002,logs/training/br-reimu-address-rehearsal-noise10-adaptive-20261002/replays/20955220fb584915a369ea5ca81d540e/episode-00000027-slot-1.json,200,980f29fca783a54c83bfb66ec5ba23364309423bd3885cba67223a1f84215b37
training,logs/training/br-reimu-address-rehearsal-noise10-adaptive-20261002,logs/training/br-reimu-address-rehearsal-noise10-adaptive-20261002/replays/20955220fb584915a369ea5ca81d540e/episode-00000028-slot-0.json,200,17c674acb18400646287d2df11a549a9a9df06367d5efa62cded1c9f3686589e
training,logs/training/br-reimu-address-rehearsal-noise10-adaptive-20261002,logs/training/br-reimu-address-rehearsal-noise10-adaptive-20261002/replays/20955220fb584915a369ea5ca81d540e/episode-00000029-slot-2.json,199,1626061d7a2efcec00ae006b5f5d5ec0cd332f75b2501311dd2ab42185e47a2b
training,logs/training/br-reimu-address-rehearsal-noise10-adaptive-20261002,logs/training/br-reimu-address-rehearsal-noise10-adaptive-20261002/replays/20955220fb584915a369ea5ca81d540e/episode-00000030-slot-3.json,200,78cf2b7acf03d488f36b5292366bfda3f756a05a7e9595c3cbac6c4d503f584d
training,logs/training/br-reimu-address-rehearsal-noise10-adaptive-20261002,logs/training/br-reimu-address-rehearsal-noise10-adaptive-20261002/replays/20955220fb584915a369ea5ca81d540e/episode-00000031-slot-1.json,200,09e6d14fab21095a1f37bc65fe5daf97179b8eab2e7ed3c07329499ae7b3a3f8
training,logs/training/br-reimu-address-rehearsal-noise10-adaptive-20261002,logs/training/br-reimu-address-rehearsal-noise10-adaptive-20261002/replays/20955220fb584915a369ea5ca81d540e/episode-00000032-slot-0.json,200,43ef489675fbe6fce45ff8aad0c59e9f48fbc28140a270e9edb70e647ee9c4f4
training,logs/training/br-reimu-address-rehearsal-noise10-adaptive-20261002,logs/training/br-reimu-address-rehearsal-noise10-adaptive-20261002/replays/20955220fb584915a369ea5ca81d540e/episode-00000033-slot-3.json,199,b6edf35bb7a8f0af73bc49cea5332c1c558902ae1e78fde026880ab270f1057b
training,logs/training/br-reimu-address-rehearsal-noise10-adaptive-20261002,logs/training/br-reimu-address-rehearsal-noise10-adaptive-20261002/replays/20955220fb584915a369ea5ca81d540e/episode-00000034-slot-2.json,200,1b2c6abcda41a99957c3dcc7d68eaf6c5788dac895e46ff4b3085c2a3770ef2e
training,logs/training/br-reimu-address-rehearsal-noise10-adaptive-20261002,logs/training/br-reimu-address-rehearsal-noise10-adaptive-20261002/replays/20955220fb584915a369ea5ca81d540e/episode-00000035-slot-1.json,199,deb26fc5cdc4f98051a11d0f531c0fae7942145026042cbf0ab315ebd2748202
training,logs/training/br-reimu-address-rehearsal-noise10-adaptive-20261002,logs/training/br-reimu-address-rehearsal-noise10-adaptive-20261002/replays/20955220fb584915a369ea5ca81d540e/episode-00000036-slot-3.json,200,4cfcacc3dd4332e634e16eb9ae29d86b4cb79467968552797fbc5f79a57856e9
training,logs/training/br-reimu-address-rehearsal-noise10-adaptive-20261002,logs/training/br-reimu-address-rehearsal-noise10-adaptive-20261002/replays/20955220fb584915a369ea5ca81d540e/episode-00000037-slot-0.json,199,7afe5742a1fc617ca714a11acd8f6d966be353cbb397dc70ec6156eec8db1b23
training,logs/training/br-reimu-address-rehearsal-noise10-adaptive-20261002,logs/training/br-reimu-address-rehearsal-noise10-adaptive-20261002/replays/20955220fb584915a369ea5ca81d540e/episode-00000038-slot-2.json,200,188d5bea90205f0311057c40f4ba58e909bc1475c3ad36f74d83e1494b711b82
training,logs/training/br-reimu-address-rehearsal-noise10-adaptive-20261002,logs/training/br-reimu-address-rehearsal-noise10-adaptive-20261002/replays/20955220fb584915a369ea5ca81d540e/episode-00000039-slot-3.json,200,3b82db64cf28693e0b369b636950eaf060d051ec53a9f60fbd180118e744302b
training,logs/training/br-reimu-address-rehearsal-noise10-adaptive-20261002,logs/training/br-reimu-address-rehearsal-noise10-adaptive-20261002/replays/20955220fb584915a369ea5ca81d540e/episode-00000040-slot-1.json,200,0c6004f9f5aa9cb7204134efd38233eff8de0548f63a339c98c703330d5862a0
training,logs/training/br-reimu-address-rehearsal-noise10-adaptive-20261002,logs/training/br-reimu-address-rehearsal-noise10-adaptive-20261002/replays/20955220fb584915a369ea5ca81d540e/episode-00000041-slot-0.json,200,3b70ebd4cfc799ecd9137de051b361b80c2e9ff0dbb81c05ffb2c4f8196f0d1d
training,logs/training/br-reimu-address-rehearsal-noise10-adaptive-20261002,logs/training/br-reimu-address-rehearsal-noise10-adaptive-20261002/replays/20955220fb584915a369ea5ca81d540e/episode-00000042-slot-2.json,200,49fea2fe686c4e9dbf76f334aea35497efd2725df6e03143adedd7259de454c5
training,logs/training/br-reimu-address-rehearsal-noise10-adaptive-20261002,logs/training/br-reimu-address-rehearsal-noise10-adaptive-20261002/replays/20955220fb584915a369ea5ca81d540e/episode-00000043-slot-3.json,200,5f348dfb1010ac298c2d52a160a22defd5995271f4b5a857d6fbccf20f00f313
training,logs/training/br-reimu-address-rehearsal-noise10-adaptive-20261002,logs/training/br-reimu-address-rehearsal-noise10-adaptive-20261002/replays/20955220fb584915a369ea5ca81d540e/episode-00000044-slot-1.json,200,193aae96919a9999de6d82beb528158a9a87a4fdce97cd7385b82c68f65a9565
training,logs/training/br-reimu-address-rehearsal-noise10-adaptive-20261002,logs/training/br-reimu-address-rehearsal-noise10-adaptive-20261002/replays/20955220fb584915a369ea5ca81d540e/episode-00000045-slot-0.json,199,db226fcd934fcfb290a61213706cc75a3f77753f2cf5f86dfba9c87fcc2e9ef0
training,logs/training/br-reimu-address-rehearsal-noise10-adaptive-20261002,logs/training/br-reimu-address-rehearsal-noise10-adaptive-20261002/replays/20955220fb584915a369ea5ca81d540e/episode-00000046-slot-3.json,199,4726a27c94c59747a70c36ac485f6d5282540a105eb9f9672e6addd910a8d160
training,logs/training/br-reimu-address-rehearsal-noise10-adaptive-20261002,logs/training/br-reimu-address-rehearsal-noise10-adaptive-20261002/replays/20955220fb584915a369ea5ca81d540e/episode-00000047-slot-2.json,200,dcd19409f808ad1d1227d2fb3a3d33ad63675a143dac52987ec37ab8df140652
training,logs/training/br-reimu-address-rehearsal-noise10-adaptive-20261002,logs/training/br-reimu-address-rehearsal-noise10-adaptive-20261002/replays/20955220fb584915a369ea5ca81d540e/episode-00000048-slot-1.json,200,28a25d6884bceb805df931eb17e023f869ae5ad4edf1e958cd17a4cd53d9b8c2
training,logs/training/br-reimu-address-rehearsal-noise10-adaptive-20261002,logs/training/br-reimu-address-rehearsal-noise10-adaptive-20261002/replays/20955220fb584915a369ea5ca81d540e/episode-00000049-slot-0.json,200,feb3cdf06e55c15bdb7c056f47d86f2a9e13553720d9c7a650150c420b3bdebf
training,logs/training/br-reimu-address-rehearsal-noise10-adaptive-20261002,logs/training/br-reimu-address-rehearsal-noise10-adaptive-20261002/replays/20955220fb584915a369ea5ca81d540e/episode-00000050-slot-2.json,200,a3cf8c3596c810affc04e6b146aa7045207f9160300d733728f02f0629e7835e
training,logs/training/br-reimu-address-rehearsal-noise10-adaptive-20261002,logs/training/br-reimu-address-rehearsal-noise10-adaptive-20261002/replays/20955220fb584915a369ea5ca81d540e/episode-00000051-slot-3.json,204,54268f4ce8281b05ac096b661e27b3c0ee3deeaf7b7b62eb72c8e4da0bcb374a
training,logs/training/br-reimu-address-rehearsal-noise10-adaptive-20261002,logs/training/br-reimu-address-rehearsal-noise10-adaptive-20261002/replays/20955220fb584915a369ea5ca81d540e/episode-00000052-slot-1.json,200,c65bdcdad42a5319ae3727e29ed22ba505e6080c539c7b7c962654fafe7bcbfb
training,logs/training/br-reimu-address-rehearsal-noise10-adaptive-20261002,logs/training/br-reimu-address-rehearsal-noise10-adaptive-20261002/replays/20955220fb584915a369ea5ca81d540e/episode-00000053-slot-0.json,199,7c00e0e4600e1066b3bbf8ea6ae4099874ab3b826a662779637f43d4d2f5b00f
training,logs/training/br-reimu-address-rehearsal-noise10-adaptive-20261002,logs/training/br-reimu-address-rehearsal-noise10-adaptive-20261002/replays/20955220fb584915a369ea5ca81d540e/episode-00000054-slot-1.json,197,82f0132938316615750b629997c32001ac90303110bb162e8b8ed5181985238c
training,logs/training/br-reimu-address-rehearsal-noise10-adaptive-20261002,logs/training/br-reimu-address-rehearsal-noise10-adaptive-20261002/replays/20955220fb584915a369ea5ca81d540e/episode-00000055-slot-2.json,198,48ac1bf49b363bb77eeac317195db57a6747e8e02203356f20b4dbe23e1ff7b7
training,logs/training/br-reimu-address-rehearsal-noise10-adaptive-20261002,logs/training/br-reimu-address-rehearsal-noise10-adaptive-20261002/replays/20955220fb584915a369ea5ca81d540e/episode-00000056-slot-3.json,198,63b95c639b28f0babbad66980a8a2abdbbb3a5837cb898f4e607b3d938d9fa33
training,logs/training/br-reimu-address-rehearsal-noise10-adaptive-20261002,logs/training/br-reimu-address-rehearsal-noise10-adaptive-20261002/result.json,2028,a613ba9c53d294bcc9a384fb549f5a011ef0ab7857a22c3b78652f8008637af1
training,logs/training/br-reimu-address-rehearsal-noise10-adaptive-20261002,logs/training/br-reimu-address-rehearsal-noise10-adaptive-20261002/scalars/progress.csv,86970,b223115eefee1f8293dc7e11b5c5420bdd5080723e342fc3b3958236655d3707
training,logs/training/br-reimu-address-rehearsal-noise10-adaptive-20261002,logs/training/br-reimu-address-rehearsal-noise10-adaptive-20261002/timing.json,109515,5c74a2d10d0380f642f8e8683a2e0c9316248221b4a7bb566ce30af23433e850
training,logs/training/br-reimu-address-rehearsal-noise90-adaptive-20261002,logs/training/br-reimu-address-rehearsal-noise90-adaptive-20261002/checkpoints/ppo_131072_steps.curriculum.json,943,b5d205304c3122bce3a294a66dd4955fac548ca2c000e88d7b7bb50386736255
training,logs/training/br-reimu-address-rehearsal-noise90-adaptive-20261002,logs/training/br-reimu-address-rehearsal-noise90-adaptive-20261002/checkpoints/ppo_196608_steps.curriculum.json,942,93471d760cb31e3d54aa5f942065e2aec2b98c2614db86a5f0db3b98841782ec
training,logs/training/br-reimu-address-rehearsal-noise90-adaptive-20261002,logs/training/br-reimu-address-rehearsal-noise90-adaptive-20261002/checkpoints/ppo_262144_steps.curriculum.json,926,191fa8021c3dae08a0b6018094ff8cd190f53a830071be352265cc24a0b35d94
training,logs/training/br-reimu-address-rehearsal-noise90-adaptive-20261002,logs/training/br-reimu-address-rehearsal-noise90-adaptive-20261002/checkpoints/ppo_65536_steps.curriculum.json,928,dd41a708a4d0e0871d40389c310e702036919437a28614009cbd7b8e196dd41c
training,logs/training/br-reimu-address-rehearsal-noise90-adaptive-20261002,logs/training/br-reimu-address-rehearsal-noise90-adaptive-20261002/checkpoints/updated_1024_steps.curriculum.json,851,bf30f6f57f58e82811e667265c6e70197090431682e55e39b861f34f88399b44
training,logs/training/br-reimu-address-rehearsal-noise90-adaptive-20261002,logs/training/br-reimu-address-rehearsal-noise90-adaptive-20261002/checkpoints/updated_131072_steps.curriculum.json,943,042cd53d37276bfe7ecb2068be7e580bc661cd90cecbde27e7255252a729039c
training,logs/training/br-reimu-address-rehearsal-noise90-adaptive-20261002,logs/training/br-reimu-address-rehearsal-noise90-adaptive-20261002/checkpoints/updated_196608_steps.curriculum.json,942,302eeef5090e1b74e40694eb38a8e2b1384b6a139de862cab8e2a2a2e1c9e48a
training,logs/training/br-reimu-address-rehearsal-noise90-adaptive-20261002,logs/training/br-reimu-address-rehearsal-noise90-adaptive-20261002/checkpoints/updated_262144_steps.curriculum.json,926,3676db91d8521c72268c8dcf7bffc1a325f5f14f63759f59042e2738d2a63afe
training,logs/training/br-reimu-address-rehearsal-noise90-adaptive-20261002,logs/training/br-reimu-address-rehearsal-noise90-adaptive-20261002/checkpoints/updated_65536_steps.curriculum.json,928,b6e4fd35b407d4a7a545ccffac4a2477a8e6f7d1731642c225f3572d2322b663
training,logs/training/br-reimu-address-rehearsal-noise90-adaptive-20261002,logs/training/br-reimu-address-rehearsal-noise90-adaptive-20261002/config.yaml,5366,211f92c0b9b8045f52da1abac5cd49a17edc5b0bca824d7dcf6bf4b58ede8484
training,logs/training/br-reimu-address-rehearsal-noise90-adaptive-20261002,logs/training/br-reimu-address-rehearsal-noise90-adaptive-20261002/final.curriculum.json,926,8cb8eb7a2a69b2edf691f605f33b29da46680c6e7837cbfa40618795a31d00d3
training,logs/training/br-reimu-address-rehearsal-noise90-adaptive-20261002,logs/training/br-reimu-address-rehearsal-noise90-adaptive-20261002/identity.json,43881,299ef4ef09e5c968e7df64727134a35cfdafd4857a76de44c42cd82cce873f9f
training,logs/training/br-reimu-address-rehearsal-noise90-adaptive-20261002,logs/training/br-reimu-address-rehearsal-noise90-adaptive-20261002/progress.json,180952,b9b0e80e0de4e998d3784d2599368c3670ac476faf90c66e53cbe438b3979df1
training,logs/training/br-reimu-address-rehearsal-noise90-adaptive-20261002,logs/training/br-reimu-address-rehearsal-noise90-adaptive-20261002/replays/106dc042a0224aedae4242fb3da261e3/episode-00000001-slot-1.json,194,6b043b7a9aaf8a23ecd10e5251c684db4f488d81d6387e8a0c71a70acccb9b0c
training,logs/training/br-reimu-address-rehearsal-noise90-adaptive-20261002,logs/training/br-reimu-address-rehearsal-noise90-adaptive-20261002/replays/106dc042a0224aedae4242fb3da261e3/episode-00000002-slot-0.json,198,d3a4814d982ae720c907e3354406c9cbca11c0004519fc228c433fab341c039b
training,logs/training/br-reimu-address-rehearsal-noise90-adaptive-20261002,logs/training/br-reimu-address-rehearsal-noise90-adaptive-20261002/replays/106dc042a0224aedae4242fb3da261e3/episode-00000003-slot-2.json,198,b52fa845ca06bf76e7012ff004afdaf25f975356cde6408777c219e6e59e15f4
training,logs/training/br-reimu-address-rehearsal-noise90-adaptive-20261002,logs/training/br-reimu-address-rehearsal-noise90-adaptive-20261002/replays/106dc042a0224aedae4242fb3da261e3/episode-00000004-slot-3.json,198,2cccf230b9d8a7705ac8a9c4e049a5569a2520f6ef39c8e0882295f443ed1016
training,logs/training/br-reimu-address-rehearsal-noise90-adaptive-20261002,logs/training/br-reimu-address-rehearsal-noise90-adaptive-20261002/replays/106dc042a0224aedae4242fb3da261e3/episode-00000005-slot-1.json,200,459e2d7a88aee01ec76ab6f5585d0ab5c0d06355fc4e3fe70e53b7ffd70ae4bc
training,logs/training/br-reimu-address-rehearsal-noise90-adaptive-20261002,logs/training/br-reimu-address-rehearsal-noise90-adaptive-20261002/replays/106dc042a0224aedae4242fb3da261e3/episode-00000006-slot-3.json,200,cd6a4d11b1b1e1ab5b7e0d72110271ff27096c38e70eb67479da705a8c81b79a
training,logs/training/br-reimu-address-rehearsal-noise90-adaptive-20261002,logs/training/br-reimu-address-rehearsal-noise90-adaptive-20261002/replays/106dc042a0224aedae4242fb3da261e3/episode-00000007-slot-2.json,199,8e59caadc8eb317f2be7c9dbe085294bfa8f1aa0b759db56aec513de1ce1b1b9
training,logs/training/br-reimu-address-rehearsal-noise90-adaptive-20261002,logs/training/br-reimu-address-rehearsal-noise90-adaptive-20261002/replays/106dc042a0224aedae4242fb3da261e3/episode-00000008-slot-0.json,203,55132661594f7199163d3c6bbe6f4a8e1a34a3e810b35d0282a13efbac306d81
training,logs/training/br-reimu-address-rehearsal-noise90-adaptive-20261002,logs/training/br-reimu-address-rehearsal-noise90-adaptive-20261002/replays/106dc042a0224aedae4242fb3da261e3/episode-00000009-slot-1.json,200,6a611fc85d15978f1d60a03f23685e4d74f56440a81a19370930607cc778ed8e
training,logs/training/br-reimu-address-rehearsal-noise90-adaptive-20261002,logs/training/br-reimu-address-rehearsal-noise90-adaptive-20261002/replays/106dc042a0224aedae4242fb3da261e3/episode-00000010-slot-2.json,199,ce8b7ebff03122ac522cf18e71d92b2f5d944bdb4fa8c7005226e5e2f1a22d9f
training,logs/training/br-reimu-address-rehearsal-noise90-adaptive-20261002,logs/training/br-reimu-address-rehearsal-noise90-adaptive-20261002/replays/106dc042a0224aedae4242fb3da261e3/episode-00000011-slot-3.json,204,cb2a202a5335213c26819f1a9a2ef577f650f644b48332b6f733cf3b2a756846
training,logs/training/br-reimu-address-rehearsal-noise90-adaptive-20261002,logs/training/br-reimu-address-rehearsal-noise90-adaptive-20261002/replays/106dc042a0224aedae4242fb3da261e3/episode-00000012-slot-0.json,199,cc8d5faeceb749b1f095498ad6d2bc9b072dc18591ab7caed4a991b5fe298d01
training,logs/training/br-reimu-address-rehearsal-noise90-adaptive-20261002,logs/training/br-reimu-address-rehearsal-noise90-adaptive-20261002/replays/106dc042a0224aedae4242fb3da261e3/episode-00000013-slot-1.json,203,d860c87d8ae2d6e808f46a145b7b856cdad1e33273a34b17bf8a15056f37d54d
training,logs/training/br-reimu-address-rehearsal-noise90-adaptive-20261002,logs/training/br-reimu-address-rehearsal-noise90-adaptive-20261002/replays/106dc042a0224aedae4242fb3da261e3/episode-00000014-slot-0.json,200,e073e675833878971bd81d1ccd803fcb62d9d6adb611ea20acafdeae03a4bed5
training,logs/training/br-reimu-address-rehearsal-noise90-adaptive-20261002,logs/training/br-reimu-address-rehearsal-noise90-adaptive-20261002/replays/106dc042a0224aedae4242fb3da261e3/episode-00000015-slot-3.json,200,b57b3f57df217a649ad679d1a0fa4169ebeac82a2944317135749b13181dfabe
training,logs/training/br-reimu-address-rehearsal-noise90-adaptive-20261002,logs/training/br-reimu-address-rehearsal-noise90-adaptive-20261002/replays/106dc042a0224aedae4242fb3da261e3/episode-00000016-slot-2.json,203,581c2a5268a227220670b377b9dfd07479d380addcc32f19ad1f01b9b5d1f1d8
training,logs/training/br-reimu-address-rehearsal-noise90-adaptive-20261002,logs/training/br-reimu-address-rehearsal-noise90-adaptive-20261002/replays/106dc042a0224aedae4242fb3da261e3/episode-00000017-slot-3.json,200,3f0b77200b46948b38c35fa0a5d1ea83cb15bfc484f2def06a5d861f478e49a0
training,logs/training/br-reimu-address-rehearsal-noise90-adaptive-20261002,logs/training/br-reimu-address-rehearsal-noise90-adaptive-20261002/replays/106dc042a0224aedae4242fb3da261e3/episode-00000018-slot-0.json,200,0457ad9c56131b9e4b3eb64fd15a724cf06263fd39b9822a788f5ae54df5fe91
training,logs/training/br-reimu-address-rehearsal-noise90-adaptive-20261002,logs/training/br-reimu-address-rehearsal-noise90-adaptive-20261002/replays/106dc042a0224aedae4242fb3da261e3/episode-00000019-slot-1.json,200,85518fcd116ca283958272875cc635f81cddb3e1c03ae3574c96912b199281a8
training,logs/training/br-reimu-address-rehearsal-noise90-adaptive-20261002,logs/training/br-reimu-address-rehearsal-noise90-adaptive-20261002/replays/106dc042a0224aedae4242fb3da261e3/episode-00000020-slot-2.json,200,e143f4a847922e6b2e69cae602fab60c5c64a3c8c0ebcb43083ddc1cecacbe23
training,logs/training/br-reimu-address-rehearsal-noise90-adaptive-20261002,logs/training/br-reimu-address-rehearsal-noise90-adaptive-20261002/replays/106dc042a0224aedae4242fb3da261e3/episode-00000021-slot-0.json,200,f303545473bdcd3fddff14e22984f9d307ce1812457d4dc23d1c2cfe1faf3b32
training,logs/training/br-reimu-address-rehearsal-noise90-adaptive-20261002,logs/training/br-reimu-address-rehearsal-noise90-adaptive-20261002/replays/106dc042a0224aedae4242fb3da261e3/episode-00000022-slot-3.json,200,b0adc9ddc1f51a38b13f19ebd3ac02ac2b0305a0436c1feacb4e52ddaee58e63
training,logs/training/br-reimu-address-rehearsal-noise90-adaptive-20261002,logs/training/br-reimu-address-rehearsal-noise90-adaptive-20261002/replays/106dc042a0224aedae4242fb3da261e3/episode-00000023-slot-1.json,200,c57dbfc97139d12fa787ec3998e46b7f0373d521d18d75a4996d80d193d721af
training,logs/training/br-reimu-address-rehearsal-noise90-adaptive-20261002,logs/training/br-reimu-address-rehearsal-noise90-adaptive-20261002/replays/106dc042a0224aedae4242fb3da261e3/episode-00000024-slot-2.json,200,f620b853cba25494df646882aea632ff5ca18a8822962fca668c292ef3a2dbe9
training,logs/training/br-reimu-address-rehearsal-noise90-adaptive-20261002,logs/training/br-reimu-address-rehearsal-noise90-adaptive-20261002/replays/106dc042a0224aedae4242fb3da261e3/episode-00000025-slot-0.json,199,a9f4ba1b0dfea732c23c243ad0e2bdbf2274177a3d0325012244d1b3eb239c10
training,logs/training/br-reimu-address-rehearsal-noise90-adaptive-20261002,logs/training/br-reimu-address-rehearsal-noise90-adaptive-20261002/replays/106dc042a0224aedae4242fb3da261e3/episode-00000026-slot-2.json,200,972c839351604ca188989cf9994a481c3053b76a34dfbcbca8218ada50b01b1c
training,logs/training/br-reimu-address-rehearsal-noise90-adaptive-20261002,logs/training/br-reimu-address-rehearsal-noise90-adaptive-20261002/replays/106dc042a0224aedae4242fb3da261e3/episode-00000027-slot-1.json,200,5058ea763a0f024f806003dca9f8e73304d598de6dce759d4b6b76896720d0df
training,logs/training/br-reimu-address-rehearsal-noise90-adaptive-20261002,logs/training/br-reimu-address-rehearsal-noise90-adaptive-20261002/replays/106dc042a0224aedae4242fb3da261e3/episode-00000028-slot-3.json,200,39167ce07b0a1a4069792168971a9bab40798a5fc566e893b98a226c22cad811
training,logs/training/br-reimu-address-rehearsal-noise90-adaptive-20261002,logs/training/br-reimu-address-rehearsal-noise90-adaptive-20261002/replays/106dc042a0224aedae4242fb3da261e3/episode-00000029-slot-0.json,200,ba10b695ab8c1c01a7eee0f53fc6625cc8f70805651a040cf19d6a319160022e
training,logs/training/br-reimu-address-rehearsal-noise90-adaptive-20261002,logs/training/br-reimu-address-rehearsal-noise90-adaptive-20261002/replays/106dc042a0224aedae4242fb3da261e3/episode-00000030-slot-2.json,199,cbeabe6344195a82771282fd27798e43bd7c954c11dffc3c361925caa5fbbedf
training,logs/training/br-reimu-address-rehearsal-noise90-adaptive-20261002,logs/training/br-reimu-address-rehearsal-noise90-adaptive-20261002/replays/106dc042a0224aedae4242fb3da261e3/episode-00000031-slot-3.json,200,888376c71ae3a83dea3fc1b07516e9c1d481111854868730d3c5321a01b0d72a
training,logs/training/br-reimu-address-rehearsal-noise90-adaptive-20261002,logs/training/br-reimu-address-rehearsal-noise90-adaptive-20261002/replays/106dc042a0224aedae4242fb3da261e3/episode-00000032-slot-1.json,200,a59ba8b8d6112e33138c3e944b2635046d85e6293a3c99c603816143cf3786c2
training,logs/training/br-reimu-address-rehearsal-noise90-adaptive-20261002,logs/training/br-reimu-address-rehearsal-noise90-adaptive-20261002/replays/106dc042a0224aedae4242fb3da261e3/episode-00000033-slot-0.json,200,7290248f89e0c8dd4239b6be77035f6f1238596d24515c1e7a59ae687a69d84c
training,logs/training/br-reimu-address-rehearsal-noise90-adaptive-20261002,logs/training/br-reimu-address-rehearsal-noise90-adaptive-20261002/replays/106dc042a0224aedae4242fb3da261e3/episode-00000034-slot-2.json,199,c316cdcb3fba5b354c0debed35e496ff45d85959b55736613363e6ae1631be73
training,logs/training/br-reimu-address-rehearsal-noise90-adaptive-20261002,logs/training/br-reimu-address-rehearsal-noise90-adaptive-20261002/replays/106dc042a0224aedae4242fb3da261e3/episode-00000035-slot-0.json,200,d5d20deed5b3f7f520dcc0de67b8f9024ab53c2b6759fe47e26fea352552c686
training,logs/training/br-reimu-address-rehearsal-noise90-adaptive-20261002,logs/training/br-reimu-address-rehearsal-noise90-adaptive-20261002/replays/106dc042a0224aedae4242fb3da261e3/episode-00000036-slot-1.json,199,dafcdeb163b625c4896a3f93396857819d1f8e67c30e53af3be10a07405cd809
training,logs/training/br-reimu-address-rehearsal-noise90-adaptive-20261002,logs/training/br-reimu-address-rehearsal-noise90-adaptive-20261002/replays/106dc042a0224aedae4242fb3da261e3/episode-00000037-slot-2.json,200,fbabd69c898d3332c011d0bfd31fe97519305899d3a206f45cfef640b35a371c
training,logs/training/br-reimu-address-rehearsal-noise90-adaptive-20261002,logs/training/br-reimu-address-rehearsal-noise90-adaptive-20261002/replays/106dc042a0224aedae4242fb3da261e3/episode-00000038-slot-3.json,203,923dd7cbe41bcc0e9a56f79c21df9dbb2f45b2a3da0a1049479021a15084f374
training,logs/training/br-reimu-address-rehearsal-noise90-adaptive-20261002,logs/training/br-reimu-address-rehearsal-noise90-adaptive-20261002/replays/106dc042a0224aedae4242fb3da261e3/episode-00000039-slot-0.json,200,664fee4dacf58ace8f0fdb05245fd96b23ed3cab7c219a24d98d33f41c3eda0d
training,logs/training/br-reimu-address-rehearsal-noise90-adaptive-20261002,logs/training/br-reimu-address-rehearsal-noise90-adaptive-20261002/replays/106dc042a0224aedae4242fb3da261e3/episode-00000040-slot-1.json,200,4e74d827c153fa069438f51334e3dd8a1d7e3131b578777663dfcfb53631aefe
training,logs/training/br-reimu-address-rehearsal-noise90-adaptive-20261002,logs/training/br-reimu-address-rehearsal-noise90-adaptive-20261002/replays/106dc042a0224aedae4242fb3da261e3/episode-00000041-slot-2.json,200,a16ac3ceb789d6cb816d27574614d1efe51570effe57f54845a7b9a51eec6230
training,logs/training/br-reimu-address-rehearsal-noise90-adaptive-20261002,logs/training/br-reimu-address-rehearsal-noise90-adaptive-20261002/replays/106dc042a0224aedae4242fb3da261e3/episode-00000042-slot-3.json,200,700a7446f4ceb2340b2e040179f43b8d7debd5d032408576207994f050eb3e0f
training,logs/training/br-reimu-address-rehearsal-noise90-adaptive-20261002,logs/training/br-reimu-address-rehearsal-noise90-adaptive-20261002/replays/106dc042a0224aedae4242fb3da261e3/episode-00000043-slot-0.json,200,38fcd3d4d23ed6409b240fc76b110b89f938f6745af4d32ace9dd93052e4872e
training,logs/training/br-reimu-address-rehearsal-noise90-adaptive-20261002,logs/training/br-reimu-address-rehearsal-noise90-adaptive-20261002/replays/106dc042a0224aedae4242fb3da261e3/episode-00000044-slot-1.json,200,f67c7340e6e1329eae18dd92463f434fd260d1cd990a4d3c276270258f09796e
training,logs/training/br-reimu-address-rehearsal-noise90-adaptive-20261002,logs/training/br-reimu-address-rehearsal-noise90-adaptive-20261002/replays/106dc042a0224aedae4242fb3da261e3/episode-00000045-slot-3.json,200,612b88a4c8769b66989de484c59c7b162918fc5e2f7c522e33428f192886d321
training,logs/training/br-reimu-address-rehearsal-noise90-adaptive-20261002,logs/training/br-reimu-address-rehearsal-noise90-adaptive-20261002/replays/106dc042a0224aedae4242fb3da261e3/episode-00000046-slot-2.json,199,1b44093716f8ee69b5879d3f70df7bd9cbb8aca39e3ee9b7997f3903b4882c56
training,logs/training/br-reimu-address-rehearsal-noise90-adaptive-20261002,logs/training/br-reimu-address-rehearsal-noise90-adaptive-20261002/replays/106dc042a0224aedae4242fb3da261e3/episode-00000047-slot-0.json,198,35c4a3aa622c0267fee6b0f5bbfd5bfbf92adea6358718746dbff2b3be34983a
training,logs/training/br-reimu-address-rehearsal-noise90-adaptive-20261002,logs/training/br-reimu-address-rehearsal-noise90-adaptive-20261002/replays/106dc042a0224aedae4242fb3da261e3/episode-00000048-slot-1.json,199,bdc0efde7629fac0e485391e5cc869eb4e7f1d38d15c10acc600869622a88ede
training,logs/training/br-reimu-address-rehearsal-noise90-adaptive-20261002,logs/training/br-reimu-address-rehearsal-noise90-adaptive-20261002/replays/106dc042a0224aedae4242fb3da261e3/episode-00000049-slot-2.json,199,891b48d49dc4874128894775a8ba939d01daaf621b71e3557d41584b2aa6cd53
training,logs/training/br-reimu-address-rehearsal-noise90-adaptive-20261002,logs/training/br-reimu-address-rehearsal-noise90-adaptive-20261002/replays/106dc042a0224aedae4242fb3da261e3/episode-00000050-slot-3.json,199,dbcd4969eb18491f4c06cbe0e5c5a91c4415a1ff1634fe328f3194fbb300f713
training,logs/training/br-reimu-address-rehearsal-noise90-adaptive-20261002,logs/training/br-reimu-address-rehearsal-noise90-adaptive-20261002/result.json,2024,a0ee9efbdbe3ad1b569b812adb67a9a93a9e7ff7836b1a0436d4b769a0f4f735
training,logs/training/br-reimu-address-rehearsal-noise90-adaptive-20261002,logs/training/br-reimu-address-rehearsal-noise90-adaptive-20261002/scalars/progress.csv,85581,2581b9c74cbc0beb71f2587413e60606814fca2885497da60fcb4bcebd2c5a8c
training,logs/training/br-reimu-address-rehearsal-noise90-adaptive-20261002,logs/training/br-reimu-address-rehearsal-noise90-adaptive-20261002/timing.json,109455,e3fb575586017c1fa9b28cf5e07a5345855c124df3a664938fc08c1d828168c1
training,logs/training/br-reimu-numeric-rehearsal-episode-mix50-adaptive-20261001,logs/training/br-reimu-numeric-rehearsal-episode-mix50-adaptive-20261001/checkpoints/ppo_131072_steps.curriculum.json,948,0d880810b5dfdaa441c8b313545811aee8694f225cd39cac4290ac1551d92200
training,logs/training/br-reimu-numeric-rehearsal-episode-mix50-adaptive-20261001,logs/training/br-reimu-numeric-rehearsal-episode-mix50-adaptive-20261001/checkpoints/ppo_196608_steps.curriculum.json,948,336d58792859a2acf3ddd2a03f1468c7d12d2b3b7813213180c6e77aeee4e40b
training,logs/training/br-reimu-numeric-rehearsal-episode-mix50-adaptive-20261001,logs/training/br-reimu-numeric-rehearsal-episode-mix50-adaptive-20261001/checkpoints/ppo_262144_steps.curriculum.json,949,a407e24badc4124eb47410618e57438120af1d67c2c6a15afaf89d7ee04ccea2
training,logs/training/br-reimu-numeric-rehearsal-episode-mix50-adaptive-20261001,logs/training/br-reimu-numeric-rehearsal-episode-mix50-adaptive-20261001/checkpoints/ppo_65536_steps.curriculum.json,934,3236ae997f8dbccbce7f2b315276902491c525060b9b3b570a45b79adaefdbf0
training,logs/training/br-reimu-numeric-rehearsal-episode-mix50-adaptive-20261001,logs/training/br-reimu-numeric-rehearsal-episode-mix50-adaptive-20261001/checkpoints/updated_1024_steps.curriculum.json,858,c8650bde5ee792aef9289e4905b3195ba522d9eab55cf582f3c6dd80d1c2e740
training,logs/training/br-reimu-numeric-rehearsal-episode-mix50-adaptive-20261001,logs/training/br-reimu-numeric-rehearsal-episode-mix50-adaptive-20261001/checkpoints/updated_131072_steps.curriculum.json,948,03c55b9aacd9f76c51b317ef91c6005805ea89262a6f3dd0ceb8e83da9039722
training,logs/training/br-reimu-numeric-rehearsal-episode-mix50-adaptive-20261001,logs/training/br-reimu-numeric-rehearsal-episode-mix50-adaptive-20261001/checkpoints/updated_196608_steps.curriculum.json,948,2fff7c9dd62109bc0a9911dd4c1d1cf08eb963f169aa7fc24633717b95546d0c
training,logs/training/br-reimu-numeric-rehearsal-episode-mix50-adaptive-20261001,logs/training/br-reimu-numeric-rehearsal-episode-mix50-adaptive-20261001/checkpoints/updated_262144_steps.curriculum.json,949,0e9c5f92fb1a889e14b955713118774f79e1bdf6c6c30d21155a70d35af59b77
training,logs/training/br-reimu-numeric-rehearsal-episode-mix50-adaptive-20261001,logs/training/br-reimu-numeric-rehearsal-episode-mix50-adaptive-20261001/checkpoints/updated_65536_steps.curriculum.json,934,8051dc85318b4e3530b89011906d4e0561791a82570993512390966fe4d77411
training,logs/training/br-reimu-numeric-rehearsal-episode-mix50-adaptive-20261001,logs/training/br-reimu-numeric-rehearsal-episode-mix50-adaptive-20261001/config.yaml,5370,199cc6cbd7467684b49b9e02f588f0b275dfe95de1fe3c0940a0734bd8d64ada
training,logs/training/br-reimu-numeric-rehearsal-episode-mix50-adaptive-20261001,logs/training/br-reimu-numeric-rehearsal-episode-mix50-adaptive-20261001/final.curriculum.json,949,0e9c5f92fb1a889e14b955713118774f79e1bdf6c6c30d21155a70d35af59b77
training,logs/training/br-reimu-numeric-rehearsal-episode-mix50-adaptive-20261001,logs/training/br-reimu-numeric-rehearsal-episode-mix50-adaptive-20261001/identity.json,43409,70eebb380947ebee82d7042802ee5880bda62eed0a51b8d004e89b87365fd432
training,logs/training/br-reimu-numeric-rehearsal-episode-mix50-adaptive-20261001,logs/training/br-reimu-numeric-rehearsal-episode-mix50-adaptive-20261001/progress.json,261279,eaa019413e2439dacab4a76180d20b5330f81ecdc85f9c40fb6f339735ca8e32
training,logs/training/br-reimu-numeric-rehearsal-episode-mix50-adaptive-20261001,logs/training/br-reimu-numeric-rehearsal-episode-mix50-adaptive-20261001/replays/40ccdc7cd3454511b452057490aee65f/episode-00000001-slot-0.json,194,c1bec5e9e810ee8a0a72c356f9e9bfdae94f73d43ddf3f344a58e792a1e175f8
training,logs/training/br-reimu-numeric-rehearsal-episode-mix50-adaptive-20261001,logs/training/br-reimu-numeric-rehearsal-episode-mix50-adaptive-20261001/replays/40ccdc7cd3454511b452057490aee65f/episode-00000002-slot-3.json,194,37304d0929929cfb1ebb60c0aad542dcdb7673847e4cc4e75ceed75edc30283c
training,logs/training/br-reimu-numeric-rehearsal-episode-mix50-adaptive-20261001,logs/training/br-reimu-numeric-rehearsal-episode-mix50-adaptive-20261001/replays/40ccdc7cd3454511b452057490aee65f/episode-00000003-slot-1.json,194,8bbced1c61dfb7f14bda7c24960bd1da93e73839032345e81885543f567ca898
training,logs/training/br-reimu-numeric-rehearsal-episode-mix50-adaptive-20261001,logs/training/br-reimu-numeric-rehearsal-episode-mix50-adaptive-20261001/replays/40ccdc7cd3454511b452057490aee65f/episode-00000004-slot-2.json,194,cb1b8786859c5de7f8fc35f69928c116b0b4f7e7669988d480661ece24f2c521
training,logs/training/br-reimu-numeric-rehearsal-episode-mix50-adaptive-20261001,logs/training/br-reimu-numeric-rehearsal-episode-mix50-adaptive-20261001/replays/40ccdc7cd3454511b452057490aee65f/episode-00000005-slot-0.json,200,9809ea0d5f93697da075e60bc699a9680d6485650a3401a3f376f6b8abec11c4
training,logs/training/br-reimu-numeric-rehearsal-episode-mix50-adaptive-20261001,logs/training/br-reimu-numeric-rehearsal-episode-mix50-adaptive-20261001/replays/40ccdc7cd3454511b452057490aee65f/episode-00000006-slot-3.json,199,91bbeb5c7d786bea4bf251cc19f9719de710cc1ef024db0dcb9db153eec4db82
training,logs/training/br-reimu-numeric-rehearsal-episode-mix50-adaptive-20261001,logs/training/br-reimu-numeric-rehearsal-episode-mix50-adaptive-20261001/replays/40ccdc7cd3454511b452057490aee65f/episode-00000007-slot-1.json,200,5a0a58bda8d92a2cb00e13b032d0b32d35055507c936c1f0bd2fc01db0023a6a
training,logs/training/br-reimu-numeric-rehearsal-episode-mix50-adaptive-20261001,logs/training/br-reimu-numeric-rehearsal-episode-mix50-adaptive-20261001/replays/40ccdc7cd3454511b452057490aee65f/episode-00000008-slot-0.json,200,0a88a9bef11faf05a9ee1bc436e0fca74ef88e10b08a6782613ec002c23ed5c4
training,logs/training/br-reimu-numeric-rehearsal-episode-mix50-adaptive-20261001,logs/training/br-reimu-numeric-rehearsal-episode-mix50-adaptive-20261001/replays/40ccdc7cd3454511b452057490aee65f/episode-00000009-slot-2.json,200,909128ea6b06df2116d5df0a0b0b7739db9e6c49c5f39a11d4d66e258a48cfce
training,logs/training/br-reimu-numeric-rehearsal-episode-mix50-adaptive-20261001,logs/training/br-reimu-numeric-rehearsal-episode-mix50-adaptive-20261001/replays/40ccdc7cd3454511b452057490aee65f/episode-00000010-slot-3.json,200,e5ae1bc6dfbbe24b7d0ec077b01a55159abe71e1ed2de1d55a975a29b59cef93
training,logs/training/br-reimu-numeric-rehearsal-episode-mix50-adaptive-20261001,logs/training/br-reimu-numeric-rehearsal-episode-mix50-adaptive-20261001/replays/40ccdc7cd3454511b452057490aee65f/episode-00000011-slot-1.json,199,e1415c0a3b70ba1ba3c7c23bedd11b41f6d520c20ae8710eb85f6b370c82bb87
training,logs/training/br-reimu-numeric-rehearsal-episode-mix50-adaptive-20261001,logs/training/br-reimu-numeric-rehearsal-episode-mix50-adaptive-20261001/replays/40ccdc7cd3454511b452057490aee65f/episode-00000012-slot-1.json,200,518db5e68549773647213c727262229ab164ddf53ad7f13f1b619a9d10cccb8e
training,logs/training/br-reimu-numeric-rehearsal-episode-mix50-adaptive-20261001,logs/training/br-reimu-numeric-rehearsal-episode-mix50-adaptive-20261001/replays/40ccdc7cd3454511b452057490aee65f/episode-00000013-slot-0.json,199,08400dc835b4110c250a2f45f0455cc593d301408eb3658e1a2c18c8ea125322
training,logs/training/br-reimu-numeric-rehearsal-episode-mix50-adaptive-20261001,logs/training/br-reimu-numeric-rehearsal-episode-mix50-adaptive-20261001/replays/40ccdc7cd3454511b452057490aee65f/episode-00000014-slot-2.json,199,e7395e687046a20978e29b0db81435f5b4ab56546dcad077d9ec03a0849282ff
training,logs/training/br-reimu-numeric-rehearsal-episode-mix50-adaptive-20261001,logs/training/br-reimu-numeric-rehearsal-episode-mix50-adaptive-20261001/replays/40ccdc7cd3454511b452057490aee65f/episode-00000015-slot-3.json,199,d4ffd0794e30b2ee2d8fe90902ed233cdaeb7e132846c5698e9d5c3f33ac0f87
training,logs/training/br-reimu-numeric-rehearsal-episode-mix50-adaptive-20261001,logs/training/br-reimu-numeric-rehearsal-episode-mix50-adaptive-20261001/replays/40ccdc7cd3454511b452057490aee65f/episode-00000016-slot-1.json,200,77e8e57f4d818df7507a5d9f96fdd526f6ab1519469ed0c7f2ec69733e709f46
training,logs/training/br-reimu-numeric-rehearsal-episode-mix50-adaptive-20261001,logs/training/br-reimu-numeric-rehearsal-episode-mix50-adaptive-20261001/replays/40ccdc7cd3454511b452057490aee65f/episode-00000017-slot-0.json,200,5f50778c170ee695aa7da3160adfbadded569768e40f336c179c14c28d5559c8
training,logs/training/br-reimu-numeric-rehearsal-episode-mix50-adaptive-20261001,logs/training/br-reimu-numeric-rehearsal-episode-mix50-adaptive-20261001/replays/40ccdc7cd3454511b452057490aee65f/episode-00000018-slot-2.json,200,a3e749e867be1d31ce4cd43077a68c70190842c7766a0d0ecb769c064f1ec097
training,logs/training/br-reimu-numeric-rehearsal-episode-mix50-adaptive-20261001,logs/training/br-reimu-numeric-rehearsal-episode-mix50-adaptive-20261001/replays/40ccdc7cd3454511b452057490aee65f/episode-00000019-slot-3.json,200,8d7eb77ea789e07d339cd6fecb1e3f346c1dc43a239f4c45b2cc1d69ed84aaa2
training,logs/training/br-reimu-numeric-rehearsal-episode-mix50-adaptive-20261001,logs/training/br-reimu-numeric-rehearsal-episode-mix50-adaptive-20261001/replays/40ccdc7cd3454511b452057490aee65f/episode-00000020-slot-1.json,200,7fed3e45973476143bae332e67aa244f0b3281262a1c63b0574818d84d0b6d47
training,logs/training/br-reimu-numeric-rehearsal-episode-mix50-adaptive-20261001,logs/training/br-reimu-numeric-rehearsal-episode-mix50-adaptive-20261001/replays/40ccdc7cd3454511b452057490aee65f/episode-00000021-slot-0.json,200,3e9b9d80b48e8c5b38055c895f73df803acd0d380ecdfb3b7f9444d9573b64b6
training,logs/training/br-reimu-numeric-rehearsal-episode-mix50-adaptive-20261001,logs/training/br-reimu-numeric-rehearsal-episode-mix50-adaptive-20261001/replays/40ccdc7cd3454511b452057490aee65f/episode-00000022-slot-2.json,200,e691ba728815011dc79a5a7fc6bc258cba413f8a9f878a15304fd960e3146f29
training,logs/training/br-reimu-numeric-rehearsal-episode-mix50-adaptive-20261001,logs/training/br-reimu-numeric-rehearsal-episode-mix50-adaptive-20261001/replays/40ccdc7cd3454511b452057490aee65f/episode-00000023-slot-1.json,200,4022cbfdff186cb4f4f0cbe5b8bd9905b42cd4795768bddaf1f172ca1c1e2e8e
training,logs/training/br-reimu-numeric-rehearsal-episode-mix50-adaptive-20261001,logs/training/br-reimu-numeric-rehearsal-episode-mix50-adaptive-20261001/replays/40ccdc7cd3454511b452057490aee65f/episode-00000024-slot-3.json,200,057a6fc4da7a5272e526a9e3b2ecefd8af05f17ae44a6a56ebaeca36e821dd30
training,logs/training/br-reimu-numeric-rehearsal-episode-mix50-adaptive-20261001,logs/training/br-reimu-numeric-rehearsal-episode-mix50-adaptive-20261001/replays/40ccdc7cd3454511b452057490aee65f/episode-00000025-slot-1.json,200,c3abbe61b5ee89a7dc69784a885664e41ee7bf4c24d45397fc36a1118324c1f4
training,logs/training/br-reimu-numeric-rehearsal-episode-mix50-adaptive-20261001,logs/training/br-reimu-numeric-rehearsal-episode-mix50-adaptive-20261001/replays/40ccdc7cd3454511b452057490aee65f/episode-00000026-slot-2.json,200,b5b3a3636c6072e1ab9d23a1c2aeab9a99a4847a6cfa8dfd1f903e22f0e702dc
training,logs/training/br-reimu-numeric-rehearsal-episode-mix50-adaptive-20261001,logs/training/br-reimu-numeric-rehearsal-episode-mix50-adaptive-20261001/replays/40ccdc7cd3454511b452057490aee65f/episode-00000027-slot-1.json,200,fc156006823cd67f5ace2bd3c4483edd7fdac3b66dd151b00268f15d206d9bcd
training,logs/training/br-reimu-numeric-rehearsal-episode-mix50-adaptive-20261001,logs/training/br-reimu-numeric-rehearsal-episode-mix50-adaptive-20261001/replays/40ccdc7cd3454511b452057490aee65f/episode-00000028-slot-0.json,203,05cbc5844eff8b0608d766ab6a82b99b239bf94c21b133e400cc768c844f722e
training,logs/training/br-reimu-numeric-rehearsal-episode-mix50-adaptive-20261001,logs/training/br-reimu-numeric-rehearsal-episode-mix50-adaptive-20261001/replays/40ccdc7cd3454511b452057490aee65f/episode-00000029-slot-3.json,200,1a453503fb81f0038cc146ac135c3280e63ecdd6d883cb9a27f80faf17d48bd7
training,logs/training/br-reimu-numeric-rehearsal-episode-mix50-adaptive-20261001,logs/training/br-reimu-numeric-rehearsal-episode-mix50-adaptive-20261001/replays/40ccdc7cd3454511b452057490aee65f/episode-00000030-slot-0.json,200,cca4c79c0becb7f8c19e92150792cbf14b14830e8c558b7ad3bbb2c3e9feadd0
training,logs/training/br-reimu-numeric-rehearsal-episode-mix50-adaptive-20261001,logs/training/br-reimu-numeric-rehearsal-episode-mix50-adaptive-20261001/replays/40ccdc7cd3454511b452057490aee65f/episode-00000031-slot-1.json,200,10bc5a89e054ac0ed84cfc0338083a351d23caa0d01518b38c4bceea942c9af6
training,logs/training/br-reimu-numeric-rehearsal-episode-mix50-adaptive-20261001,logs/training/br-reimu-numeric-rehearsal-episode-mix50-adaptive-20261001/replays/40ccdc7cd3454511b452057490aee65f/episode-00000032-slot-2.json,199,991ec31ca27fffa84149ddd796ce5f818394fd76cb8385481f794cabc5fb3810
training,logs/training/br-reimu-numeric-rehearsal-episode-mix50-adaptive-20261001,logs/training/br-reimu-numeric-rehearsal-episode-mix50-adaptive-20261001/replays/40ccdc7cd3454511b452057490aee65f/episode-00000033-slot-3.json,200,24db70fd6ca450d001dad5b6bacd662d6bd9e42118f5842876c07779ad0fbf48
training,logs/training/br-reimu-numeric-rehearsal-episode-mix50-adaptive-20261001,logs/training/br-reimu-numeric-rehearsal-episode-mix50-adaptive-20261001/replays/40ccdc7cd3454511b452057490aee65f/episode-00000034-slot-0.json,199,48ec4a0a104aed73747b8238eea76093c2ef56afc2d49b480c294e2be402d734
training,logs/training/br-reimu-numeric-rehearsal-episode-mix50-adaptive-20261001,logs/training/br-reimu-numeric-rehearsal-episode-mix50-adaptive-20261001/replays/40ccdc7cd3454511b452057490aee65f/episode-00000035-slot-2.json,199,303ec8be2f3ff5376feef2d3545e62dd1479ff9bcbe98a4d77ca6f653fe16344
training,logs/training/br-reimu-numeric-rehearsal-episode-mix50-adaptive-20261001,logs/training/br-reimu-numeric-rehearsal-episode-mix50-adaptive-20261001/replays/40ccdc7cd3454511b452057490aee65f/episode-00000036-slot-1.json,199,30aec9d51c576f572918117dcf8abc0da8c2f0554c07a0da73d9cafdee4a14bb
training,logs/training/br-reimu-numeric-rehearsal-episode-mix50-adaptive-20261001,logs/training/br-reimu-numeric-rehearsal-episode-mix50-adaptive-20261001/replays/40ccdc7cd3454511b452057490aee65f/episode-00000037-slot-3.json,200,de13ded82e434070de8256211102431266e85d9e245e9ce665a5f76ec6d8782e
training,logs/training/br-reimu-numeric-rehearsal-episode-mix50-adaptive-20261001,logs/training/br-reimu-numeric-rehearsal-episode-mix50-adaptive-20261001/replays/40ccdc7cd3454511b452057490aee65f/episode-00000038-slot-1.json,200,d17195287f1cc42058a66d6929e00bdafe18bae1d23bf0ee75f0f08404efef42
training,logs/training/br-reimu-numeric-rehearsal-episode-mix50-adaptive-20261001,logs/training/br-reimu-numeric-rehearsal-episode-mix50-adaptive-20261001/replays/40ccdc7cd3454511b452057490aee65f/episode-00000039-slot-0.json,200,1f2c4342a02682c4c8411f9f9c9fa4f926dc730a83de826e3fb3daf53f4b7357
training,logs/training/br-reimu-numeric-rehearsal-episode-mix50-adaptive-20261001,logs/training/br-reimu-numeric-rehearsal-episode-mix50-adaptive-20261001/replays/40ccdc7cd3454511b452057490aee65f/episode-00000040-slot-2.json,200,d57df6b4038954eb67913ea67be62279d8fcae086bb99583dea2f318ea90f4b0
training,logs/training/br-reimu-numeric-rehearsal-episode-mix50-adaptive-20261001,logs/training/br-reimu-numeric-rehearsal-episode-mix50-adaptive-20261001/replays/40ccdc7cd3454511b452057490aee65f/episode-00000041-slot-3.json,200,9c95d8dfa30d073338ddc74f80bde49515d1e73718afc80f9df4bcde35b28049
training,logs/training/br-reimu-numeric-rehearsal-episode-mix50-adaptive-20261001,logs/training/br-reimu-numeric-rehearsal-episode-mix50-adaptive-20261001/replays/40ccdc7cd3454511b452057490aee65f/episode-00000042-slot-2.json,200,5f8a5557dee54105d9abf4b546e2871e164dbf6b998532bf78b606cd11e92624
training,logs/training/br-reimu-numeric-rehearsal-episode-mix50-adaptive-20261001,logs/training/br-reimu-numeric-rehearsal-episode-mix50-adaptive-20261001/replays/40ccdc7cd3454511b452057490aee65f/episode-00000043-slot-3.json,199,eca28649cd7ab1853a94c156118906879e2e4a0c5a6a85b4227f7315fb93c9ea
training,logs/training/br-reimu-numeric-rehearsal-episode-mix50-adaptive-20261001,logs/training/br-reimu-numeric-rehearsal-episode-mix50-adaptive-20261001/replays/40ccdc7cd3454511b452057490aee65f/episode-00000044-slot-1.json,200,96df4db712b07e90bf4397d292da44c04d00834aa553fe7fdcf89c009353be64
training,logs/training/br-reimu-numeric-rehearsal-episode-mix50-adaptive-20261001,logs/training/br-reimu-numeric-rehearsal-episode-mix50-adaptive-20261001/replays/40ccdc7cd3454511b452057490aee65f/episode-00000045-slot-0.json,200,0464ef4f808aed7bcf297df2b5823d3f49b777a8c92608ff0b1f18e36836b47f
training,logs/training/br-reimu-numeric-rehearsal-episode-mix50-adaptive-20261001,logs/training/br-reimu-numeric-rehearsal-episode-mix50-adaptive-20261001/replays/40ccdc7cd3454511b452057490aee65f/episode-00000046-slot-2.json,200,0706c7e6cad5b72b6b92337c7449a37008156f93879a112f3ba6afb328d755df
training,logs/training/br-reimu-numeric-rehearsal-episode-mix50-adaptive-20261001,logs/training/br-reimu-numeric-rehearsal-episode-mix50-adaptive-20261001/replays/40ccdc7cd3454511b452057490aee65f/episode-00000047-slot-1.json,200,9c929be3602f5dc88be9d79e805637cd950259b2a2aabc92e4344e4f12bf0312
training,logs/training/br-reimu-numeric-rehearsal-episode-mix50-adaptive-20261001,logs/training/br-reimu-numeric-rehearsal-episode-mix50-adaptive-20261001/replays/40ccdc7cd3454511b452057490aee65f/episode-00000048-slot-0.json,200,d64d0b7a8a1f1847b4ae59ec833a6cc42c785ca7ac7b3e0886479adc57c6c4d7
training,logs/training/br-reimu-numeric-rehearsal-episode-mix50-adaptive-20261001,logs/training/br-reimu-numeric-rehearsal-episode-mix50-adaptive-20261001/replays/40ccdc7cd3454511b452057490aee65f/episode-00000049-slot-3.json,199,d2ca4e27652a5560c7a1c683ad6ff4b5d6328bc5e9d3a93058b5e139b90c1141
training,logs/training/br-reimu-numeric-rehearsal-episode-mix50-adaptive-20261001,logs/training/br-reimu-numeric-rehearsal-episode-mix50-adaptive-20261001/replays/40ccdc7cd3454511b452057490aee65f/episode-00000050-slot-2.json,200,aee48eefafc3030b1a07ea012efc974849084157a0f5cc8b82dba4f3f5e12de8
training,logs/training/br-reimu-numeric-rehearsal-episode-mix50-adaptive-20261001,logs/training/br-reimu-numeric-rehearsal-episode-mix50-adaptive-20261001/replays/40ccdc7cd3454511b452057490aee65f/episode-00000051-slot-0.json,200,0c0b5d6d19d7cbf84631247c2a9c5c6259a0a17dce5ea6c0296d61123d91087d
training,logs/training/br-reimu-numeric-rehearsal-episode-mix50-adaptive-20261001,logs/training/br-reimu-numeric-rehearsal-episode-mix50-adaptive-20261001/replays/40ccdc7cd3454511b452057490aee65f/episode-00000052-slot-2.json,199,67f46ed3785e5d2ab744fea85fce3a991cec2a1df82bdb56b83f28ad1fcacc74
training,logs/training/br-reimu-numeric-rehearsal-episode-mix50-adaptive-20261001,logs/training/br-reimu-numeric-rehearsal-episode-mix50-adaptive-20261001/replays/40ccdc7cd3454511b452057490aee65f/episode-00000053-slot-1.json,200,7466c2c1a4ceb40aa6c57755c9f1b8f33a278b66129dd564563df699a275089f
training,logs/training/br-reimu-numeric-rehearsal-episode-mix50-adaptive-20261001,logs/training/br-reimu-numeric-rehearsal-episode-mix50-adaptive-20261001/replays/40ccdc7cd3454511b452057490aee65f/episode-00000054-slot-0.json,200,fb4513de185e9b7f4dd8b64ddf6c4b5f0e47c5d63d6bc47ed685ca614ca67f66
training,logs/training/br-reimu-numeric-rehearsal-episode-mix50-adaptive-20261001,logs/training/br-reimu-numeric-rehearsal-episode-mix50-adaptive-20261001/replays/40ccdc7cd3454511b452057490aee65f/episode-00000055-slot-3.json,200,33762c98fc9074f0a576cd400d0af7d01e083267603b7db9fe1fa3178426ada8
training,logs/training/br-reimu-numeric-rehearsal-episode-mix50-adaptive-20261001,logs/training/br-reimu-numeric-rehearsal-episode-mix50-adaptive-20261001/replays/40ccdc7cd3454511b452057490aee65f/episode-00000056-slot-1.json,198,fd6cd6f92d79f283bd28b5311388a14d16d5c9c5b53a6c76e478efd885ecba05
training,logs/training/br-reimu-numeric-rehearsal-episode-mix50-adaptive-20261001,logs/training/br-reimu-numeric-rehearsal-episode-mix50-adaptive-20261001/replays/40ccdc7cd3454511b452057490aee65f/episode-00000057-slot-2.json,200,241d2b3738cec30fcd616ac7d3d464ba35967075dfaf1a7242be25a2e3cabf49
training,logs/training/br-reimu-numeric-rehearsal-episode-mix50-adaptive-20261001,logs/training/br-reimu-numeric-rehearsal-episode-mix50-adaptive-20261001/replays/40ccdc7cd3454511b452057490aee65f/episode-00000058-slot-0.json,200,8be7e24c03b5cf618e3cb7e7fec35ed94651d935aea7550bf91e6db0db6cb6ed
training,logs/training/br-reimu-numeric-rehearsal-episode-mix50-adaptive-20261001,logs/training/br-reimu-numeric-rehearsal-episode-mix50-adaptive-20261001/replays/40ccdc7cd3454511b452057490aee65f/episode-00000059-slot-3.json,200,0c518748f374114a8440904c357b01d39578353a2245c73f1a93f67c8af72098
training,logs/training/br-reimu-numeric-rehearsal-episode-mix50-adaptive-20261001,logs/training/br-reimu-numeric-rehearsal-episode-mix50-adaptive-20261001/replays/40ccdc7cd3454511b452057490aee65f/episode-00000060-slot-1.json,200,f92fddb2e36712db3f63f10ac775e043aa35ac0cb8e880e8adedf0723d333b3d
training,logs/training/br-reimu-numeric-rehearsal-episode-mix50-adaptive-20261001,logs/training/br-reimu-numeric-rehearsal-episode-mix50-adaptive-20261001/replays/40ccdc7cd3454511b452057490aee65f/episode-00000061-slot-2.json,200,e56cbfc344b692f0e343e17e14034e8afe29a8286a7848e1354c541c41401de0
training,logs/training/br-reimu-numeric-rehearsal-episode-mix50-adaptive-20261001,logs/training/br-reimu-numeric-rehearsal-episode-mix50-adaptive-20261001/replays/40ccdc7cd3454511b452057490aee65f/episode-00000062-slot-0.json,200,c129c6afefbb4f884ce28da665746d64a92930aa68594ce2dad07cb445b0f8fc
training,logs/training/br-reimu-numeric-rehearsal-episode-mix50-adaptive-20261001,logs/training/br-reimu-numeric-rehearsal-episode-mix50-adaptive-20261001/replays/40ccdc7cd3454511b452057490aee65f/episode-00000063-slot-1.json,200,b92fab2b8d4293e86a8a40b04e047a52f44c2688c9d14289ef2ee9786760e947
training,logs/training/br-reimu-numeric-rehearsal-episode-mix50-adaptive-20261001,logs/training/br-reimu-numeric-rehearsal-episode-mix50-adaptive-20261001/replays/40ccdc7cd3454511b452057490aee65f/episode-00000064-slot-3.json,200,8452f715e3fff3c23789f7f6c3daed3bc68423eb6a871803de252a6e6d293dff
training,logs/training/br-reimu-numeric-rehearsal-episode-mix50-adaptive-20261001,logs/training/br-reimu-numeric-rehearsal-episode-mix50-adaptive-20261001/replays/40ccdc7cd3454511b452057490aee65f/episode-00000065-slot-0.json,199,5aca2ff25504224f4e50a9e2834da96b88484d6f772bf1dd46ff199d8a370aba
training,logs/training/br-reimu-numeric-rehearsal-episode-mix50-adaptive-20261001,logs/training/br-reimu-numeric-rehearsal-episode-mix50-adaptive-20261001/replays/40ccdc7cd3454511b452057490aee65f/episode-00000066-slot-1.json,198,bfb7868de9887bf6c8cc35e0b00bda75c46bd355a62ddc58cc2cf0709a4a8027
training,logs/training/br-reimu-numeric-rehearsal-episode-mix50-adaptive-20261001,logs/training/br-reimu-numeric-rehearsal-episode-mix50-adaptive-20261001/replays/40ccdc7cd3454511b452057490aee65f/episode-00000067-slot-2.json,199,f323073c2ab03964cbf560c50f9395814783c6d88a3d7c85738eb7b7eda9d948
training,logs/training/br-reimu-numeric-rehearsal-episode-mix50-adaptive-20261001,logs/training/br-reimu-numeric-rehearsal-episode-mix50-adaptive-20261001/replays/40ccdc7cd3454511b452057490aee65f/episode-00000068-slot-3.json,198,86cd0ea348592a2858c4da45e5cd7a274d673139c999fe65d358da0d3f62154d
training,logs/training/br-reimu-numeric-rehearsal-episode-mix50-adaptive-20261001,logs/training/br-reimu-numeric-rehearsal-episode-mix50-adaptive-20261001/result.json,2070,80cd3fadf676d7ab6b93d46e7735a164f5f681257719589e1bd1e8ac857b1105
training,logs/training/br-reimu-numeric-rehearsal-episode-mix50-adaptive-20261001,logs/training/br-reimu-numeric-rehearsal-episode-mix50-adaptive-20261001/scalars/progress.csv,89462,b3e554d9a8823eb14f5c4d4dfd6bca84e50a9fe28285d685f0737e6366fe4af8
training,logs/training/br-reimu-numeric-rehearsal-episode-mix50-adaptive-20261001,logs/training/br-reimu-numeric-rehearsal-episode-mix50-adaptive-20261001/timing.json,109485,6b123a71cc9e28533c1120f8d829577558c0a8e7f350b926968f4c815da434ab
training,logs/training/br-reimu-numeric-rehearsal-frequent-feedback-20261002,logs/training/br-reimu-numeric-rehearsal-frequent-feedback-20261002/checkpoints/ppo_131072_steps.curriculum.json,942,ca9b8a27921e184029765059a1a27b3f8a53d611fc5de81fe796774bec08da31
training,logs/training/br-reimu-numeric-rehearsal-frequent-feedback-20261002,logs/training/br-reimu-numeric-rehearsal-frequent-feedback-20261002/checkpoints/ppo_196608_steps.curriculum.json,942,c784cbd5e7fc00da3dc3fcb9014e01cc3db9fe02a3f7204f69eaf3fdcbe10396
training,logs/training/br-reimu-numeric-rehearsal-frequent-feedback-20261002,logs/training/br-reimu-numeric-rehearsal-frequent-feedback-20261002/checkpoints/ppo_262144_steps.curriculum.json,927,d1da532422443bf79b2f12b8d352fe652d53a49d49aee07653fe827159ba2f41
training,logs/training/br-reimu-numeric-rehearsal-frequent-feedback-20261002,logs/training/br-reimu-numeric-rehearsal-frequent-feedback-20261002/checkpoints/ppo_65536_steps.curriculum.json,924,4dfd4c859f82d4e7f948d2272ccedc761fd3901fa628268028f13b5253f81c4b
training,logs/training/br-reimu-numeric-rehearsal-frequent-feedback-20261002,logs/training/br-reimu-numeric-rehearsal-frequent-feedback-20261002/checkpoints/updated_1024_steps.curriculum.json,851,1e78a2cbeb9900e2adaf0ce1aba908069769fbafcc140bd605903f377e3b7d02
training,logs/training/br-reimu-numeric-rehearsal-frequent-feedback-20261002,logs/training/br-reimu-numeric-rehearsal-frequent-feedback-20261002/checkpoints/updated_131072_steps.curriculum.json,942,97e4c473906c19d3fe3438fa6b1b71ee557712dd2a17ce35ea49eeeb29671104
training,logs/training/br-reimu-numeric-rehearsal-frequent-feedback-20261002,logs/training/br-reimu-numeric-rehearsal-frequent-feedback-20261002/checkpoints/updated_196608_steps.curriculum.json,942,e949db5a437ee930ff86f3a943182bb4c0c850915013d851bdd6b4c4b0aefe4c
training,logs/training/br-reimu-numeric-rehearsal-frequent-feedback-20261002,logs/training/br-reimu-numeric-rehearsal-frequent-feedback-20261002/checkpoints/updated_262144_steps.curriculum.json,927,623e7a0122bd59c4f9ba2d4e0416906dbcc314f33a416497a63364989242d578
training,logs/training/br-reimu-numeric-rehearsal-frequent-feedback-20261002,logs/training/br-reimu-numeric-rehearsal-frequent-feedback-20261002/checkpoints/updated_65536_steps.curriculum.json,924,07ba5bf2f0ff77fa0a1ade06140c44c6071cba5ff4632a8b6d3eea334d409d1d
training,logs/training/br-reimu-numeric-rehearsal-frequent-feedback-20261002,logs/training/br-reimu-numeric-rehearsal-frequent-feedback-20261002/config.yaml,5361,b15aee0815bdfee2c539b855b89572101d67ea90fb3a921941f1ca75c2913e30
training,logs/training/br-reimu-numeric-rehearsal-frequent-feedback-20261002,logs/training/br-reimu-numeric-rehearsal-frequent-feedback-20261002/final.curriculum.json,927,2af8e72af1c668989a33b627d926eb2b70808b576185be0d9658e5a1c1062a95
training,logs/training/br-reimu-numeric-rehearsal-frequent-feedback-20261002,logs/training/br-reimu-numeric-rehearsal-frequent-feedback-20261002/identity.json,43409,52aafa04e8ab390a3022b8ee53b40a5c5898510c2a51b8cd631a53c150b41138
training,logs/training/br-reimu-numeric-rehearsal-frequent-feedback-20261002,logs/training/br-reimu-numeric-rehearsal-frequent-feedback-20261002/progress.json,202270,02ee5ad1cd9b37c8627ad65c3c551d517b07a6433b18a9db0d07cc06ddc4f388
training,logs/training/br-reimu-numeric-rehearsal-frequent-feedback-20261002,logs/training/br-reimu-numeric-rehearsal-frequent-feedback-20261002/replays/c4c2a63a46504814a1b976821290d86a/episode-00000001-slot-2.json,194,25c3c59ed683578d88cc6c69f1f1f7a2a5d8b28b7e4000d07674feee49793839
training,logs/training/br-reimu-numeric-rehearsal-frequent-feedback-20261002,logs/training/br-reimu-numeric-rehearsal-frequent-feedback-20261002/replays/c4c2a63a46504814a1b976821290d86a/episode-00000002-slot-1.json,194,60bd469667d8696fb1296e1da2a23ea4e5a7f7d71a60f2dbf3cb1b5707e049ef
training,logs/training/br-reimu-numeric-rehearsal-frequent-feedback-20261002,logs/training/br-reimu-numeric-rehearsal-frequent-feedback-20261002/replays/c4c2a63a46504814a1b976821290d86a/episode-00000003-slot-0.json,194,196bd535d5183ee04eb98388880ecda539d583aaf61186d50ca5c39fc339a82a
training,logs/training/br-reimu-numeric-rehearsal-frequent-feedback-20261002,logs/training/br-reimu-numeric-rehearsal-frequent-feedback-20261002/replays/c4c2a63a46504814a1b976821290d86a/episode-00000004-slot-3.json,194,3b96a108ac3bd68b0ac849706f56030e07f0d7b4b95c2cfb7a9c92cab0914500
training,logs/training/br-reimu-numeric-rehearsal-frequent-feedback-20261002,logs/training/br-reimu-numeric-rehearsal-frequent-feedback-20261002/replays/c4c2a63a46504814a1b976821290d86a/episode-00000005-slot-2.json,200,3e654a7af1eafcfd0563c6ef2c5a02c2e3d2a1cb7a6f6750ca7d99503a00030b
training,logs/training/br-reimu-numeric-rehearsal-frequent-feedback-20261002,logs/training/br-reimu-numeric-rehearsal-frequent-feedback-20261002/replays/c4c2a63a46504814a1b976821290d86a/episode-00000006-slot-1.json,199,50188bcb6f1c60f81dda4dbec0d94310e41fdbabe41362dcfd66b67df5d49efb
training,logs/training/br-reimu-numeric-rehearsal-frequent-feedback-20261002,logs/training/br-reimu-numeric-rehearsal-frequent-feedback-20261002/replays/c4c2a63a46504814a1b976821290d86a/episode-00000007-slot-0.json,200,9e9370571106af3b088dec4a3ee33fe05581e049704f575278990520ee7d63b4
training,logs/training/br-reimu-numeric-rehearsal-frequent-feedback-20261002,logs/training/br-reimu-numeric-rehearsal-frequent-feedback-20261002/replays/c4c2a63a46504814a1b976821290d86a/episode-00000008-slot-3.json,200,c43f442adcb4ee98f46197c4fed82b51d1411132e52bae60f18e4aca4f19feb4
training,logs/training/br-reimu-numeric-rehearsal-frequent-feedback-20261002,logs/training/br-reimu-numeric-rehearsal-frequent-feedback-20261002/replays/c4c2a63a46504814a1b976821290d86a/episode-00000009-slot-2.json,200,14e04790c96750acfc1a6aa885f8677a2bd4a481cc49370815ff839a1498fdba
training,logs/training/br-reimu-numeric-rehearsal-frequent-feedback-20261002,logs/training/br-reimu-numeric-rehearsal-frequent-feedback-20261002/replays/c4c2a63a46504814a1b976821290d86a/episode-00000010-slot-1.json,200,252b3c8e938d0259959b1d3c7110ad113fcec42c8156d0f44a6b9b538a264b28
training,logs/training/br-reimu-numeric-rehearsal-frequent-feedback-20261002,logs/training/br-reimu-numeric-rehearsal-frequent-feedback-20261002/replays/c4c2a63a46504814a1b976821290d86a/episode-00000011-slot-0.json,199,ff77ab84628af9b156e1c7713078b0a59c025c9d3ed79f4e3a6f9a47a2cccfc8
training,logs/training/br-reimu-numeric-rehearsal-frequent-feedback-20261002,logs/training/br-reimu-numeric-rehearsal-frequent-feedback-20261002/replays/c4c2a63a46504814a1b976821290d86a/episode-00000012-slot-3.json,199,a34ece461c6e44c2d7b5b5397797812c24f70a478b099b1821179e8458e59bca
training,logs/training/br-reimu-numeric-rehearsal-frequent-feedback-20261002,logs/training/br-reimu-numeric-rehearsal-frequent-feedback-20261002/replays/c4c2a63a46504814a1b976821290d86a/episode-00000013-slot-2.json,199,e3239514ce16664393b6b174b06126ae8af22d7bb360d96c25c35cfd54a362be
training,logs/training/br-reimu-numeric-rehearsal-frequent-feedback-20261002,logs/training/br-reimu-numeric-rehearsal-frequent-feedback-20261002/replays/c4c2a63a46504814a1b976821290d86a/episode-00000014-slot-1.json,199,1255523028e274ef1e4687fcb23045806bc55b789a7ee7aa0be8f48f50873a76
training,logs/training/br-reimu-numeric-rehearsal-frequent-feedback-20261002,logs/training/br-reimu-numeric-rehearsal-frequent-feedback-20261002/replays/c4c2a63a46504814a1b976821290d86a/episode-00000015-slot-3.json,200,0ffde2657374b813334b513568d697eeadf13179a2cdc982afa5586952f03848
training,logs/training/br-reimu-numeric-rehearsal-frequent-feedback-20261002,logs/training/br-reimu-numeric-rehearsal-frequent-feedback-20261002/replays/c4c2a63a46504814a1b976821290d86a/episode-00000016-slot-0.json,200,ea56c16afd77e2ebd06b11a4c143857243cea1d8651471bd3548986d6480a44e
training,logs/training/br-reimu-numeric-rehearsal-frequent-feedback-20261002,logs/training/br-reimu-numeric-rehearsal-frequent-feedback-20261002/replays/c4c2a63a46504814a1b976821290d86a/episode-00000017-slot-1.json,200,fe01056aea752dd5277d6e4dbb1b31bc06cbf53271cd7e4c91d12295c46bcd93
training,logs/training/br-reimu-numeric-rehearsal-frequent-feedback-20261002,logs/training/br-reimu-numeric-rehearsal-frequent-feedback-20261002/replays/c4c2a63a46504814a1b976821290d86a/episode-00000018-slot-2.json,200,7c182a5fc9c0299c1060061de1aec6be92d81e945e5eaa3d5a2df2ecd608423c
training,logs/training/br-reimu-numeric-rehearsal-frequent-feedback-20261002,logs/training/br-reimu-numeric-rehearsal-frequent-feedback-20261002/replays/c4c2a63a46504814a1b976821290d86a/episode-00000019-slot-3.json,200,b7539ae160fcf35f61fdacb1d7b83e0263e41760ad2d124b11271e9c79d1c0e2
training,logs/training/br-reimu-numeric-rehearsal-frequent-feedback-20261002,logs/training/br-reimu-numeric-rehearsal-frequent-feedback-20261002/replays/c4c2a63a46504814a1b976821290d86a/episode-00000020-slot-0.json,200,f0300c6bc1e4dcd552971dedd96f205f7139ef84fa623fb0c214fc66b5f36c18
training,logs/training/br-reimu-numeric-rehearsal-frequent-feedback-20261002,logs/training/br-reimu-numeric-rehearsal-frequent-feedback-20261002/replays/c4c2a63a46504814a1b976821290d86a/episode-00000021-slot-1.json,200,4904a97aac5c61940c5570d6eb1c8c1e35d67ea1478902db952622075e136550
training,logs/training/br-reimu-numeric-rehearsal-frequent-feedback-20261002,logs/training/br-reimu-numeric-rehearsal-frequent-feedback-20261002/replays/c4c2a63a46504814a1b976821290d86a/episode-00000022-slot-2.json,200,bd10bfc9c1a8fb7c15552d4c5952c5f3dfd182c5fd24be829f0b8db86ef7fa77
training,logs/training/br-reimu-numeric-rehearsal-frequent-feedback-20261002,logs/training/br-reimu-numeric-rehearsal-frequent-feedback-20261002/replays/c4c2a63a46504814a1b976821290d86a/episode-00000023-slot-3.json,204,55ff74955bc037920410cd1ad835fe4c0d171c419bb5d71cc99ae4f3ae503348
training,logs/training/br-reimu-numeric-rehearsal-frequent-feedback-20261002,logs/training/br-reimu-numeric-rehearsal-frequent-feedback-20261002/replays/c4c2a63a46504814a1b976821290d86a/episode-00000024-slot-0.json,204,92f58fe5d6e33b6888a3174fd972103f5168a73041b8eb426e5ef9892bd044e8
training,logs/training/br-reimu-numeric-rehearsal-frequent-feedback-20261002,logs/training/br-reimu-numeric-rehearsal-frequent-feedback-20261002/replays/c4c2a63a46504814a1b976821290d86a/episode-00000025-slot-1.json,199,b78a7bf04016c5ab67bce1b86b30b539d08f28f95e0f52bcd4a6022713e56834
training,logs/training/br-reimu-numeric-rehearsal-frequent-feedback-20261002,logs/training/br-reimu-numeric-rehearsal-frequent-feedback-20261002/replays/c4c2a63a46504814a1b976821290d86a/episode-00000026-slot-2.json,200,a96ffaf55c63eb63932ddf3b1d7c795fa8e0b5f8c0cdccdf0b7e6147a7701be2
training,logs/training/br-reimu-numeric-rehearsal-frequent-feedback-20261002,logs/training/br-reimu-numeric-rehearsal-frequent-feedback-20261002/replays/c4c2a63a46504814a1b976821290d86a/episode-00000027-slot-3.json,200,2ab181084b9e3232a27356e5c2794b79b04ac7c803e9b42d66f9a1c8af9b9172
training,logs/training/br-reimu-numeric-rehearsal-frequent-feedback-20261002,logs/training/br-reimu-numeric-rehearsal-frequent-feedback-20261002/replays/c4c2a63a46504814a1b976821290d86a/episode-00000028-slot-2.json,199,8ebf0607f06d66ffa6b03bd28195da76ddf01557bcc5a4c34cbc485fc9aa1d8a
training,logs/training/br-reimu-numeric-rehearsal-frequent-feedback-20261002,logs/training/br-reimu-numeric-rehearsal-frequent-feedback-20261002/replays/c4c2a63a46504814a1b976821290d86a/episode-00000029-slot-0.json,200,4dd5e5347ade7b6a72c5807f69ca7bede9180fb66c9e2ab8f471f6bdd828c97b
training,logs/training/br-reimu-numeric-rehearsal-frequent-feedback-20261002,logs/training/br-reimu-numeric-rehearsal-frequent-feedback-20261002/replays/c4c2a63a46504814a1b976821290d86a/episode-00000030-slot-1.json,200,d629d8ae74226f01521db1b93ccf1751ace88d055a252a2028b0005648976616
training,logs/training/br-reimu-numeric-rehearsal-frequent-feedback-20261002,logs/training/br-reimu-numeric-rehearsal-frequent-feedback-20261002/replays/c4c2a63a46504814a1b976821290d86a/episode-00000031-slot-3.json,200,dbfbd5f4c379bfc62833b1048e5fb2a206fd6a0b37a18b26bddd9cd1d35e3f2f
training,logs/training/br-reimu-numeric-rehearsal-frequent-feedback-20261002,logs/training/br-reimu-numeric-rehearsal-frequent-feedback-20261002/replays/c4c2a63a46504814a1b976821290d86a/episode-00000032-slot-2.json,200,8a33deb45d17b917a9771d28844540522f156abb45a1633597ede219775e54d0
training,logs/training/br-reimu-numeric-rehearsal-frequent-feedback-20261002,logs/training/br-reimu-numeric-rehearsal-frequent-feedback-20261002/replays/c4c2a63a46504814a1b976821290d86a/episode-00000033-slot-0.json,200,851d7148390d0a08a370c2a6f1cf66b85f83b3122c47fd11b8d1cfed327e802f
training,logs/training/br-reimu-numeric-rehearsal-frequent-feedback-20261002,logs/training/br-reimu-numeric-rehearsal-frequent-feedback-20261002/replays/c4c2a63a46504814a1b976821290d86a/episode-00000034-slot-3.json,199,38b5ab50b86de6c4c5e0e248cea6e68d18429e33841c4bf5f56f85c0243c97cb
training,logs/training/br-reimu-numeric-rehearsal-frequent-feedback-20261002,logs/training/br-reimu-numeric-rehearsal-frequent-feedback-20261002/replays/c4c2a63a46504814a1b976821290d86a/episode-00000035-slot-1.json,199,61bb4223b53cde95cfb2a06e918fadd7dd61bb8c1cc485f730ddeaf2ac492da6
training,logs/training/br-reimu-numeric-rehearsal-frequent-feedback-20261002,logs/training/br-reimu-numeric-rehearsal-frequent-feedback-20261002/replays/c4c2a63a46504814a1b976821290d86a/episode-00000036-slot-2.json,199,d0b2fdfc81e7dc8fd5e3f664af530003c42c21d5da6d7fc558c585d417bdab8b
training,logs/training/br-reimu-numeric-rehearsal-frequent-feedback-20261002,logs/training/br-reimu-numeric-rehearsal-frequent-feedback-20261002/replays/c4c2a63a46504814a1b976821290d86a/episode-00000037-slot-0.json,200,2a5623cb07f22af8eb45942a86fcddd3fa3cae5904bfb5c74337affa0ef99029
training,logs/training/br-reimu-numeric-rehearsal-frequent-feedback-20261002,logs/training/br-reimu-numeric-rehearsal-frequent-feedback-20261002/replays/c4c2a63a46504814a1b976821290d86a/episode-00000038-slot-1.json,200,5c55e4faf1b2618951c3a40495e86b85f39300bfe65e1b59d5587d3aae411679
training,logs/training/br-reimu-numeric-rehearsal-frequent-feedback-20261002,logs/training/br-reimu-numeric-rehearsal-frequent-feedback-20261002/replays/c4c2a63a46504814a1b976821290d86a/episode-00000039-slot-3.json,200,d4440d4855808d9aa8bd8144aa7bdb18b1d44362e2a3500af006268c216f844e
training,logs/training/br-reimu-numeric-rehearsal-frequent-feedback-20261002,logs/training/br-reimu-numeric-rehearsal-frequent-feedback-20261002/replays/c4c2a63a46504814a1b976821290d86a/episode-00000040-slot-2.json,200,d1893fa8af7c78e1e8e08ac5d6a8d12f8b64ff3424c4adf7071d26ef065fcd62
training,logs/training/br-reimu-numeric-rehearsal-frequent-feedback-20261002,logs/training/br-reimu-numeric-rehearsal-frequent-feedback-20261002/replays/c4c2a63a46504814a1b976821290d86a/episode-00000041-slot-3.json,200,e87adba92cd581f8842f2edf815ae1834b2cfc812990d3e87f460bd155b2b836
training,logs/training/br-reimu-numeric-rehearsal-frequent-feedback-20261002,logs/training/br-reimu-numeric-rehearsal-frequent-feedback-20261002/replays/c4c2a63a46504814a1b976821290d86a/episode-00000042-slot-0.json,200,73ed8353ac3a89c48815a1d1ac311834f20b7442311a072cd7a5e4686d41c1c1
training,logs/training/br-reimu-numeric-rehearsal-frequent-feedback-20261002,logs/training/br-reimu-numeric-rehearsal-frequent-feedback-20261002/replays/c4c2a63a46504814a1b976821290d86a/episode-00000043-slot-1.json,200,53d3465b3937efce40090ed45a8d474b343a39555b3dca9f03217bc708af0741
training,logs/training/br-reimu-numeric-rehearsal-frequent-feedback-20261002,logs/training/br-reimu-numeric-rehearsal-frequent-feedback-20261002/replays/c4c2a63a46504814a1b976821290d86a/episode-00000044-slot-2.json,200,668b32b8b418080985390091e54892bcffc8849212298b646e83a849c0273821
training,logs/training/br-reimu-numeric-rehearsal-frequent-feedback-20261002,logs/training/br-reimu-numeric-rehearsal-frequent-feedback-20261002/replays/c4c2a63a46504814a1b976821290d86a/episode-00000045-slot-1.json,199,a3735f364157bde4f313978302bcbd52f586d990a0d237c255034d74a417edd5
training,logs/training/br-reimu-numeric-rehearsal-frequent-feedback-20261002,logs/training/br-reimu-numeric-rehearsal-frequent-feedback-20261002/replays/c4c2a63a46504814a1b976821290d86a/episode-00000046-slot-0.json,200,e6e413f2cccd440885502fbd761765a0b0ecae73a95b64189440eeb77ee55449
training,logs/training/br-reimu-numeric-rehearsal-frequent-feedback-20261002,logs/training/br-reimu-numeric-rehearsal-frequent-feedback-20261002/replays/c4c2a63a46504814a1b976821290d86a/episode-00000047-slot-3.json,199,6500a8801e72fabda5551cde067a4f82a843c8f2e7ae22caa26c14a0bdf6fb2e
training,logs/training/br-reimu-numeric-rehearsal-frequent-feedback-20261002,logs/training/br-reimu-numeric-rehearsal-frequent-feedback-20261002/replays/c4c2a63a46504814a1b976821290d86a/episode-00000048-slot-1.json,200,239f7f77d42696bd19524180123ba58ee63754772832232ee04df8c5e4fd4187
training,logs/training/br-reimu-numeric-rehearsal-frequent-feedback-20261002,logs/training/br-reimu-numeric-rehearsal-frequent-feedback-20261002/replays/c4c2a63a46504814a1b976821290d86a/episode-00000049-slot-2.json,200,5cfc5c52bfdb1d46a8bac4dfbdfa3c2b2af7cd0a854a2e3f0256074e5c3a13b8
training,logs/training/br-reimu-numeric-rehearsal-frequent-feedback-20261002,logs/training/br-reimu-numeric-rehearsal-frequent-feedback-20261002/replays/c4c2a63a46504814a1b976821290d86a/episode-00000050-slot-0.json,200,732c545d6b7f38f859f88f4a372d8a028d87b90c7f44aa1ef876328aa97a0ce0
training,logs/training/br-reimu-numeric-rehearsal-frequent-feedback-20261002,logs/training/br-reimu-numeric-rehearsal-frequent-feedback-20261002/replays/c4c2a63a46504814a1b976821290d86a/episode-00000051-slot-3.json,200,bcd905a1f5f1a0e2846577a05ffffd1e5a9205d843c6461a1c7bc726e298ab1a
training,logs/training/br-reimu-numeric-rehearsal-frequent-feedback-20261002,logs/training/br-reimu-numeric-rehearsal-frequent-feedback-20261002/replays/c4c2a63a46504814a1b976821290d86a/episode-00000052-slot-0.json,197,972e1e0fb08644cedc49544bc0b2db6e15c0eec543923321feb15ce606961b5a
training,logs/training/br-reimu-numeric-rehearsal-frequent-feedback-20261002,logs/training/br-reimu-numeric-rehearsal-frequent-feedback-20261002/replays/c4c2a63a46504814a1b976821290d86a/episode-00000053-slot-1.json,199,45bdf9c71c10aaaf388627cdc2c2d3c5bf5fc4fc632981528aed74cbf7ed8cb0
training,logs/training/br-reimu-numeric-rehearsal-frequent-feedback-20261002,logs/training/br-reimu-numeric-rehearsal-frequent-feedback-20261002/replays/c4c2a63a46504814a1b976821290d86a/episode-00000054-slot-2.json,199,d4745ad703e37920a111c2f65b07ba61fd43061e482858a20478385b85a8c0fc
training,logs/training/br-reimu-numeric-rehearsal-frequent-feedback-20261002,logs/training/br-reimu-numeric-rehearsal-frequent-feedback-20261002/replays/c4c2a63a46504814a1b976821290d86a/episode-00000055-slot-3.json,196,620b3a2d6b091e6be634bc1617888e80a0fd8a07e4df4ba3cf26bc8b45300088
training,logs/training/br-reimu-numeric-rehearsal-frequent-feedback-20261002,logs/training/br-reimu-numeric-rehearsal-frequent-feedback-20261002/result.json,2042,83426ad1855481b4ceeb6c3aa4f583ac5aca4568080833413b937086bcd754a7
training,logs/training/br-reimu-numeric-rehearsal-frequent-feedback-20261002,logs/training/br-reimu-numeric-rehearsal-frequent-feedback-20261002/scalars/progress.csv,85933,e6bf1d899c89518eeabaefe282a3a516001743a902af1220be09b48eec937709
training,logs/training/br-reimu-numeric-rehearsal-frequent-feedback-20261002,logs/training/br-reimu-numeric-rehearsal-frequent-feedback-20261002/timing.json,109449,91efad01d39cd3b24e59d0184a1afcc1daad8908fc3b52715638be07b0726c8c
training,logs/training/br-reimu-numeric-rehearsal-gae95-adaptive-20261001,logs/training/br-reimu-numeric-rehearsal-gae95-adaptive-20261001/checkpoints/ppo_131072_steps.curriculum.json,929,4fa71139cb407a62f0ae32385398eaa0baed4e0f7aa2788b783d37b7820b8582
training,logs/training/br-reimu-numeric-rehearsal-gae95-adaptive-20261001,logs/training/br-reimu-numeric-rehearsal-gae95-adaptive-20261001/checkpoints/ppo_196608_steps.curriculum.json,944,cd56e7daacba0b6ddddaaed4a5bf0f713244be742ef672508b7b848376300ad9
training,logs/training/br-reimu-numeric-rehearsal-gae95-adaptive-20261001,logs/training/br-reimu-numeric-rehearsal-gae95-adaptive-20261001/checkpoints/ppo_262144_steps.curriculum.json,944,55f198042152ddd7e6a093e129a6321997ec119ba89bece4b841df485be2617c
training,logs/training/br-reimu-numeric-rehearsal-gae95-adaptive-20261001,logs/training/br-reimu-numeric-rehearsal-gae95-adaptive-20261001/checkpoints/ppo_65536_steps.curriculum.json,913,2637dad5e0f162c43cb0c9f3bf7b5896102846c2c91560e4dc3c06ed43f392f3
training,logs/training/br-reimu-numeric-rehearsal-gae95-adaptive-20261001,logs/training/br-reimu-numeric-rehearsal-gae95-adaptive-20261001/checkpoints/updated_1024_steps.curriculum.json,852,86267d9bdbc882e306d74fad096fe0ad3fdaade280e122aa2e670c77772f9adc
training,logs/training/br-reimu-numeric-rehearsal-gae95-adaptive-20261001,logs/training/br-reimu-numeric-rehearsal-gae95-adaptive-20261001/checkpoints/updated_131072_steps.curriculum.json,929,118670e7becceac306d3db0a67afcb36a4bca7581432b79fe84748e963063c06
training,logs/training/br-reimu-numeric-rehearsal-gae95-adaptive-20261001,logs/training/br-reimu-numeric-rehearsal-gae95-adaptive-20261001/checkpoints/updated_196608_steps.curriculum.json,944,f0e39dc678b06b0d81a21adce4b637aa490bd58264b273a38e87d2146df5d9c7
training,logs/training/br-reimu-numeric-rehearsal-gae95-adaptive-20261001,logs/training/br-reimu-numeric-rehearsal-gae95-adaptive-20261001/checkpoints/updated_262144_steps.curriculum.json,944,51c3f276024892e684d591fafe80ff089e8fae0dc75d32e83721f74a7eeacc13
training,logs/training/br-reimu-numeric-rehearsal-gae95-adaptive-20261001,logs/training/br-reimu-numeric-rehearsal-gae95-adaptive-20261001/checkpoints/updated_65536_steps.curriculum.json,913,798cfa5537ebe5f764b1825a17bcf5790fe966afef12353d69d2ef8d03fb2b17
training,logs/training/br-reimu-numeric-rehearsal-gae95-adaptive-20261001,logs/training/br-reimu-numeric-rehearsal-gae95-adaptive-20261001/config.yaml,5359,058b58a09c7fc643da5ff59e4c13fbc6c81f8741cac9cb379120aa15ed781b33
training,logs/training/br-reimu-numeric-rehearsal-gae95-adaptive-20261001,logs/training/br-reimu-numeric-rehearsal-gae95-adaptive-20261001/final.curriculum.json,944,51c3f276024892e684d591fafe80ff089e8fae0dc75d32e83721f74a7eeacc13
training,logs/training/br-reimu-numeric-rehearsal-gae95-adaptive-20261001,logs/training/br-reimu-numeric-rehearsal-gae95-adaptive-20261001/identity.json,43409,a1f63a087951593b06ca8d430a8af39aba4fcfc542647a9b51e95b674cbc8b4d
training,logs/training/br-reimu-numeric-rehearsal-gae95-adaptive-20261001,logs/training/br-reimu-numeric-rehearsal-gae95-adaptive-20261001/progress.json,193747,ada86db47211ad6a0013b9e7e38d19a0311e2d8da200cca72a909aae65eb2434
training,logs/training/br-reimu-numeric-rehearsal-gae95-adaptive-20261001,logs/training/br-reimu-numeric-rehearsal-gae95-adaptive-20261001/replays/0a45bc1b918840659fdba6be53c33d91/episode-00000001-slot-3.json,194,54b0de5f917519e49a2e0c69b78a7c7b8c138b9dcac833592895c6ca6bfe1bbb
training,logs/training/br-reimu-numeric-rehearsal-gae95-adaptive-20261001,logs/training/br-reimu-numeric-rehearsal-gae95-adaptive-20261001/replays/0a45bc1b918840659fdba6be53c33d91/episode-00000002-slot-1.json,194,a392d2ad9217e0bcfa1b79de3875a27ba0b6a0ac4b4aac5260538177107eba81
training,logs/training/br-reimu-numeric-rehearsal-gae95-adaptive-20261001,logs/training/br-reimu-numeric-rehearsal-gae95-adaptive-20261001/replays/0a45bc1b918840659fdba6be53c33d91/episode-00000003-slot-2.json,194,98dab2affef77d35e0d903f68a495ed63889fae088b6a6ed7719c48968dc194e
training,logs/training/br-reimu-numeric-rehearsal-gae95-adaptive-20261001,logs/training/br-reimu-numeric-rehearsal-gae95-adaptive-20261001/replays/0a45bc1b918840659fdba6be53c33d91/episode-00000004-slot-0.json,194,a41d851e6e144f2db4ba3fa98ee0c84fcd5c7fa684064af0c3454a43b729dc19
training,logs/training/br-reimu-numeric-rehearsal-gae95-adaptive-20261001,logs/training/br-reimu-numeric-rehearsal-gae95-adaptive-20261001/replays/0a45bc1b918840659fdba6be53c33d91/episode-00000005-slot-1.json,199,e1b6834e71f5e1c6f1cd40c8b590f0444f2753c41f957f8e42d272b6bff1f1c8
training,logs/training/br-reimu-numeric-rehearsal-gae95-adaptive-20261001,logs/training/br-reimu-numeric-rehearsal-gae95-adaptive-20261001/replays/0a45bc1b918840659fdba6be53c33d91/episode-00000006-slot-2.json,200,8aef75af5524375aecf3d5777f062c431ffd208743b8b3e4041a95278c793be0
training,logs/training/br-reimu-numeric-rehearsal-gae95-adaptive-20261001,logs/training/br-reimu-numeric-rehearsal-gae95-adaptive-20261001/replays/0a45bc1b918840659fdba6be53c33d91/episode-00000007-slot-3.json,200,2316ba6db41299e38d5f55b7341fa212ec4c7fc554a42907759ff498d95e0149
training,logs/training/br-reimu-numeric-rehearsal-gae95-adaptive-20261001,logs/training/br-reimu-numeric-rehearsal-gae95-adaptive-20261001/replays/0a45bc1b918840659fdba6be53c33d91/episode-00000008-slot-0.json,200,3affd34db0e237e2d02ffcfeeae9332e99de2202b5d896da4363460243c4e6c0
training,logs/training/br-reimu-numeric-rehearsal-gae95-adaptive-20261001,logs/training/br-reimu-numeric-rehearsal-gae95-adaptive-20261001/replays/0a45bc1b918840659fdba6be53c33d91/episode-00000009-slot-1.json,200,b4aecf9f213fd98cdd6fdb16c2ab36006f9fddf6051228515b2da006206d79bf
training,logs/training/br-reimu-numeric-rehearsal-gae95-adaptive-20261001,logs/training/br-reimu-numeric-rehearsal-gae95-adaptive-20261001/replays/0a45bc1b918840659fdba6be53c33d91/episode-00000010-slot-2.json,200,275491b9914d02cf1aa9131cccf99e4e0e8dccb5cce4375c5f87a9e8ad8ea4fa
