kind,run,path,bytes,sha256
training,logs/training/br-superhuman-reimu-adaptive-20261001,logs/training/br-superhuman-reimu-adaptive-20261001/replays/dcfbc15072794b47a3994f141dd976d4/episode-00000058-slot-1.json,200,8f0e88d3871c250b6c87e8d6d8dd0797c4086120096861cc780a6fdbd05def3f
training,logs/training/br-superhuman-reimu-adaptive-20261001,logs/training/br-superhuman-reimu-adaptive-20261001/replays/dcfbc15072794b47a3994f141dd976d4/episode-00000059-slot-0.json,200,aa94477de5d635b6e49a6a5160eb508547ead194878322a3ca0f5b3b9d85836e
training,logs/training/br-superhuman-reimu-adaptive-20261001,logs/training/br-superhuman-reimu-adaptive-20261001/replays/dcfbc15072794b47a3994f141dd976d4/episode-00000060-slot-2.json,200,79f4731f782f2a7a9027f19b5d49b2ef6cca4a1c02daa47551eca18eb6074602
training,logs/training/br-superhuman-reimu-adaptive-20261001,logs/training/br-superhuman-reimu-adaptive-20261001/replays/dcfbc15072794b47a3994f141dd976d4/episode-00000061-slot-3.json,200,f95512943cc80fce9e12a6e6f48ed429fabec7a45a1ec4a6f3228997b4019de9
training,logs/training/br-superhuman-reimu-adaptive-20261001,logs/training/br-superhuman-reimu-adaptive-20261001/replays/dcfbc15072794b47a3994f141dd976d4/episode-00000062-slot-0.json,200,049ca49e2381d44c1738516341fe37fa289e36a90c921a5f9b369ce78db3ae7d
training,logs/training/br-superhuman-reimu-adaptive-20261001,logs/training/br-superhuman-reimu-adaptive-20261001/replays/dcfbc15072794b47a3994f141dd976d4/episode-00000063-slot-2.json,200,ce37706e0997a737a8f8e4bb28693a4b21f488d44f957ea973b3f2a9f4f73e51
training,logs/training/br-superhuman-reimu-adaptive-20261001,logs/training/br-superhuman-reimu-adaptive-20261001/replays/dcfbc15072794b47a3994f141dd976d4/episode-00000064-slot-1.json,204,006ab6258fe57d6b151216a609203f1fc0207db890bc3da695280d5404af1915
training,logs/training/br-superhuman-reimu-adaptive-20261001,logs/training/br-superhuman-reimu-adaptive-20261001/replays/dcfbc15072794b47a3994f141dd976d4/episode-00000065-slot-0.json,200,5b5b662e0850a45b46cd1120eaaafab167a698be7b7e013f0c7b5f9e6245e996
training,logs/training/br-superhuman-reimu-adaptive-20261001,logs/training/br-superhuman-reimu-adaptive-20261001/replays/dcfbc15072794b47a3994f141dd976d4/episode-00000066-slot-3.json,200,0bea2a09daf264990ad28087c778c05d6a5cc69793469675eaf8990c0b511926
training,logs/training/br-superhuman-reimu-adaptive-20261001,logs/training/br-superhuman-reimu-adaptive-20261001/replays/dcfbc15072794b47a3994f141dd976d4/episode-00000067-slot-2.json,200,dc1920bdab6d0e5b3798b35d2393925ee5a19e2bfeb1a5e9c864db60c087f4b2
training,logs/training/br-superhuman-reimu-adaptive-20261001,logs/training/br-superhuman-reimu-adaptive-20261001/replays/dcfbc15072794b47a3994f141dd976d4/episode-00000068-slot-1.json,200,9f77f3c4ba951fe2e4563fca361e3243fbbd3821fad37ca567106d30bce58a2d
training,logs/training/br-superhuman-reimu-adaptive-20261001,logs/training/br-superhuman-reimu-adaptive-20261001/replays/dcfbc15072794b47a3994f141dd976d4/episode-00000069-slot-3.json,200,8125289dcc1248685e846569e4752f61fd599f316a288a6eb503f02a018e78ce
training,logs/training/br-superhuman-reimu-adaptive-20261001,logs/training/br-superhuman-reimu-adaptive-20261001/replays/dcfbc15072794b47a3994f141dd976d4/episode-00000070-slot-0.json,200,519b75ce606f3cc135e7a355abb477f64a659b3374451aa6204f2ccd08b4308d
training,logs/training/br-superhuman-reimu-adaptive-20261001,logs/training/br-superhuman-reimu-adaptive-20261001/replays/dcfbc15072794b47a3994f141dd976d4/episode-00000071-slot-2.json,200,a7590f0287585c0a9b2bc2442ab0f5596627f1488638ea43faf16d71b8691fa5
training,logs/training/br-superhuman-reimu-adaptive-20261001,logs/training/br-superhuman-reimu-adaptive-20261001/replays/dcfbc15072794b47a3994f141dd976d4/episode-00000072-slot-3.json,200,40ecbb061a41c3baab0a3f21c1c798a48d5640489667a22865380acb6051a6ed
training,logs/training/br-superhuman-reimu-adaptive-20261001,logs/training/br-superhuman-reimu-adaptive-20261001/replays/dcfbc15072794b47a3994f141dd976d4/episode-00000073-slot-0.json,199,2145f7f1886122fadbc7d21c8500a92388fbd89cc5fac885fb114a5495bb2bd8
training,logs/training/br-superhuman-reimu-adaptive-20261001,logs/training/br-superhuman-reimu-adaptive-20261001/replays/dcfbc15072794b47a3994f141dd976d4/episode-00000074-slot-1.json,203,010ae4a6d34d4a556374f49d18b6dd7bc2276b8e8156e97f02e2aa05f9ca2779
training,logs/training/br-superhuman-reimu-adaptive-20261001,logs/training/br-superhuman-reimu-adaptive-20261001/replays/dcfbc15072794b47a3994f141dd976d4/episode-00000075-slot-0.json,200,2c633734f8b508ff919c8eddd02e263a8af6049d07d940a1aa8d3b2cae7f4300
training,logs/training/br-superhuman-reimu-adaptive-20261001,logs/training/br-superhuman-reimu-adaptive-20261001/replays/dcfbc15072794b47a3994f141dd976d4/episode-00000076-slot-2.json,200,b5d337559fc46c488d5edafafc7a5d0cf2c566a3dd02778a6db65f7b3656aa1b
training,logs/training/br-superhuman-reimu-adaptive-20261001,logs/training/br-superhuman-reimu-adaptive-20261001/replays/dcfbc15072794b47a3994f141dd976d4/episode-00000077-slot-3.json,200,1e1db3e8f7a259a17f13218af65b339eb670266835096f47425e0899b5e971d2
training,logs/training/br-superhuman-reimu-adaptive-20261001,logs/training/br-superhuman-reimu-adaptive-20261001/replays/dcfbc15072794b47a3994f141dd976d4/episode-00000078-slot-1.json,199,418d5130fb35d33b29f7782ecf38d5d186d0ca696374cfbe87f5aa3fb9f2140a
training,logs/training/br-superhuman-reimu-adaptive-20261001,logs/training/br-superhuman-reimu-adaptive-20261001/replays/dcfbc15072794b47a3994f141dd976d4/episode-00000079-slot-2.json,200,34c5de99978489cd37de3debbca872a85137acd85ef6acccb46d35dea86dddaf
training,logs/training/br-superhuman-reimu-adaptive-20261001,logs/training/br-superhuman-reimu-adaptive-20261001/replays/dcfbc15072794b47a3994f141dd976d4/episode-00000080-slot-0.json,200,332d675f20c5f163c63d79847eee51f78eefac7e8dbb5f166933abbcc8c784f0
training,logs/training/br-superhuman-reimu-adaptive-20261001,logs/training/br-superhuman-reimu-adaptive-20261001/replays/dcfbc15072794b47a3994f141dd976d4/episode-00000081-slot-3.json,200,161b455486cd9219f76a6d9574d7494f2d1bc4280a11e8a4fda9ce9a994dfe9b
training,logs/training/br-superhuman-reimu-adaptive-20261001,logs/training/br-superhuman-reimu-adaptive-20261001/replays/dcfbc15072794b47a3994f141dd976d4/episode-00000082-slot-1.json,200,7e9e1880786bbcd0984263cc0a8c5347a7e6f71e85f4d6d6bba26c2671b4f36a
training,logs/training/br-superhuman-reimu-adaptive-20261001,logs/training/br-superhuman-reimu-adaptive-20261001/replays/dcfbc15072794b47a3994f141dd976d4/episode-00000083-slot-2.json,200,328c4f46b081563b6d5a66b4a03d07bf6f40ec6f913570c7d3d1d3c0b01bd00c
training,logs/training/br-superhuman-reimu-adaptive-20261001,logs/training/br-superhuman-reimu-adaptive-20261001/replays/dcfbc15072794b47a3994f141dd976d4/episode-00000084-slot-0.json,203,9b9defeae28ff73e4bf84a19f71f3151d470bf583b063940cb4259e6b9615711
training,logs/training/br-superhuman-reimu-adaptive-20261001,logs/training/br-superhuman-reimu-adaptive-20261001/replays/dcfbc15072794b47a3994f141dd976d4/episode-00000085-slot-3.json,200,70b68df0ba13c485fa3f96487068f187231a6791837821c2bdfc181c23dee180
training,logs/training/br-superhuman-reimu-adaptive-20261001,logs/training/br-superhuman-reimu-adaptive-20261001/replays/dcfbc15072794b47a3994f141dd976d4/episode-00000086-slot-1.json,200,a8edfa97c490696eca104fa45c6f30a36e21a6ae96c8df9c777514b7b6584aba
training,logs/training/br-superhuman-reimu-adaptive-20261001,logs/training/br-superhuman-reimu-adaptive-20261001/replays/dcfbc15072794b47a3994f141dd976d4/episode-00000087-slot-2.json,200,31c7add81264838563b2a74d9e70d3cba62270d507658fca298806cacdaadb53
training,logs/training/br-superhuman-reimu-adaptive-20261001,logs/training/br-superhuman-reimu-adaptive-20261001/replays/dcfbc15072794b47a3994f141dd976d4/episode-00000088-slot-3.json,200,864c3962782afd1d3f6f1a38cb252ee089de315768949cb5ba0d5346689823d6
training,logs/training/br-superhuman-reimu-adaptive-20261001,logs/training/br-superhuman-reimu-adaptive-20261001/replays/dcfbc15072794b47a3994f141dd976d4/episode-00000089-slot-0.json,200,94e1b7e658e759d4d3dfafae39734f608901b0826fc4a4dc7c8572eb18aa26df
training,logs/training/br-superhuman-reimu-adaptive-20261001,logs/training/br-superhuman-reimu-adaptive-20261001/replays/dcfbc15072794b47a3994f141dd976d4/episode-00000090-slot-1.json,200,705864e684c4c76a5ef4c2dbb7da56d5470568459cc72b29164ea11973619c5c
training,logs/training/br-superhuman-reimu-adaptive-20261001,logs/training/br-superhuman-reimu-adaptive-20261001/replays/dcfbc15072794b47a3994f141dd976d4/episode-00000091-slot-2.json,199,9699328e63ac2f336ec57a50608329bfa2ff1ac9cea900ab16e5215fdde2b61d
training,logs/training/br-superhuman-reimu-adaptive-20261001,logs/training/br-superhuman-reimu-adaptive-20261001/replays/dcfbc15072794b47a3994f141dd976d4/episode-00000092-slot-3.json,200,7ca5bb7b69b7330c7c5c48f67e2888ad81094122ef5a6968e700c671c4a5c5e3
training,logs/training/br-superhuman-reimu-adaptive-20261001,logs/training/br-superhuman-reimu-adaptive-20261001/replays/dcfbc15072794b47a3994f141dd976d4/episode-00000093-slot-0.json,200,c2d1f969210079b6c30546529e39f6dbe5803b7b1d867cb708a2588d08a63e24
training,logs/training/br-superhuman-reimu-adaptive-20261001,logs/training/br-superhuman-reimu-adaptive-20261001/replays/dcfbc15072794b47a3994f141dd976d4/episode-00000094-slot-2.json,199,39cb5311bf9fc8656e855f12340eb13e355a5dad443b526040fb8e85e39b0b49
training,logs/training/br-superhuman-reimu-adaptive-20261001,logs/training/br-superhuman-reimu-adaptive-20261001/replays/dcfbc15072794b47a3994f141dd976d4/episode-00000095-slot-1.json,199,53bca0f728e9bf09412ae0a90a772b4fbfdd970b9bbc19c7770705b4c8f819ee
training,logs/training/br-superhuman-reimu-adaptive-20261001,logs/training/br-superhuman-reimu-adaptive-20261001/replays/dcfbc15072794b47a3994f141dd976d4/episode-00000096-slot-0.json,199,43826ff752ca2bac40723a5cb3c835127ea976d6fca2dd240d872e31ac4afbfe
training,logs/training/br-superhuman-reimu-adaptive-20261001,logs/training/br-superhuman-reimu-adaptive-20261001/replays/dcfbc15072794b47a3994f141dd976d4/episode-00000097-slot-3.json,200,3c320c7dd93e15447036dbcd205afaa96c044b5875aba6630792392eaaaa0c8d
training,logs/training/br-superhuman-reimu-adaptive-20261001,logs/training/br-superhuman-reimu-adaptive-20261001/replays/dcfbc15072794b47a3994f141dd976d4/episode-00000098-slot-2.json,200,7021d7de86b87762f76e02fad7429b2212d0c48a38243d489ca50c83e7184490
training,logs/training/br-superhuman-reimu-adaptive-20261001,logs/training/br-superhuman-reimu-adaptive-20261001/replays/dcfbc15072794b47a3994f141dd976d4/episode-00000099-slot-1.json,200,5eb68f075a514d83bb01be439b606c17d4cac5782b811a90e27b4118afcc981d
training,logs/training/br-superhuman-reimu-adaptive-20261001,logs/training/br-superhuman-reimu-adaptive-20261001/replays/dcfbc15072794b47a3994f141dd976d4/episode-00000100-slot-0.json,200,af76367bcf0d17baadac7e0eff59b18b44b9976ad6d2130710efe9794261b4ad
training,logs/training/br-superhuman-reimu-adaptive-20261001,logs/training/br-superhuman-reimu-adaptive-20261001/replays/dcfbc15072794b47a3994f141dd976d4/episode-00000101-slot-3.json,200,60ae86dff8f4bb5b73d549586b3b0b683bb9392ad316a76254ff91ef4d0d410a
training,logs/training/br-superhuman-reimu-adaptive-20261001,logs/training/br-superhuman-reimu-adaptive-20261001/replays/dcfbc15072794b47a3994f141dd976d4/episode-00000102-slot-1.json,200,2f354d04f8b6764d46e376c141d5585f6a0dc6357e87c6439d43d0589f0cf9f2
training,logs/training/br-superhuman-reimu-adaptive-20261001,logs/training/br-superhuman-reimu-adaptive-20261001/replays/dcfbc15072794b47a3994f141dd976d4/episode-00000103-slot-2.json,199,f51bb22d894688702580efc8eebb11d4e1cd108a176c6fa9aef4cd8bbcfa5145
training,logs/training/br-superhuman-reimu-adaptive-20261001,logs/training/br-superhuman-reimu-adaptive-20261001/replays/dcfbc15072794b47a3994f141dd976d4/episode-00000104-slot-0.json,200,ce58055a916119138b837ea2ac8bda5f917134edbc92970f08aaa1bcf7ee4e8d
training,logs/training/br-superhuman-reimu-adaptive-20261001,logs/training/br-superhuman-reimu-adaptive-20261001/replays/dcfbc15072794b47a3994f141dd976d4/episode-00000105-slot-3.json,200,c83470937e2808979db70d33a96247797462e0130c50e2418eb2fb67b97f3654
training,logs/training/br-superhuman-reimu-adaptive-20261001,logs/training/br-superhuman-reimu-adaptive-20261001/replays/dcfbc15072794b47a3994f141dd976d4/episode-00000106-slot-1.json,200,556eb01206950a9d5daef80ee625e3f062ea810d1952c621e745d3b97475b725
training,logs/training/br-superhuman-reimu-adaptive-20261001,logs/training/br-superhuman-reimu-adaptive-20261001/replays/dcfbc15072794b47a3994f141dd976d4/episode-00000107-slot-3.json,200,50012256a467c12931d0bba290b162906da7be52f4b55370e653adfbc452c2bf
training,logs/training/br-superhuman-reimu-adaptive-20261001,logs/training/br-superhuman-reimu-adaptive-20261001/replays/dcfbc15072794b47a3994f141dd976d4/episode-00000108-slot-0.json,199,139627c446406f3598be379579d9ca81f38e4f997477f8a864ff985727f95b06
training,logs/training/br-superhuman-reimu-adaptive-20261001,logs/training/br-superhuman-reimu-adaptive-20261001/replays/dcfbc15072794b47a3994f141dd976d4/episode-00000109-slot-2.json,200,9894f0b9a6c8b51d5bbae6b739ec542397769a584dafe4497da931e8b40a4d6d
training,logs/training/br-superhuman-reimu-adaptive-20261001,logs/training/br-superhuman-reimu-adaptive-20261001/replays/dcfbc15072794b47a3994f141dd976d4/episode-00000110-slot-1.json,200,bfe5c1c85c9a37689b6e29e992ddd666637f1baf099d57f63be381ac6d56388f
training,logs/training/br-superhuman-reimu-adaptive-20261001,logs/training/br-superhuman-reimu-adaptive-20261001/replays/dcfbc15072794b47a3994f141dd976d4/episode-00000111-slot-0.json,200,a0e7b5abf8950c28c19f8c7635dc47ee1205be11032632b68f2d3d8c77753475
training,logs/training/br-superhuman-reimu-adaptive-20261001,logs/training/br-superhuman-reimu-adaptive-20261001/replays/dcfbc15072794b47a3994f141dd976d4/episode-00000112-slot-3.json,200,feecd9e53fc9fe42ffd04b2e004220c555e4de3748e3fc6a4aae716e3f86f323
training,logs/training/br-superhuman-reimu-adaptive-20261001,logs/training/br-superhuman-reimu-adaptive-20261001/replays/dcfbc15072794b47a3994f141dd976d4/episode-00000113-slot-2.json,200,e5f8a88ff6c6250e8bd872e24b0697478af05a8c3068060d73dc9095583117c3
training,logs/training/br-superhuman-reimu-adaptive-20261001,logs/training/br-superhuman-reimu-adaptive-20261001/replays/dcfbc15072794b47a3994f141dd976d4/episode-00000114-slot-1.json,204,abf67b368581d867fd8c84548d6ef1fdc3f08cd4457c924f89f11c040856b67b
training,logs/training/br-superhuman-reimu-adaptive-20261001,logs/training/br-superhuman-reimu-adaptive-20261001/replays/dcfbc15072794b47a3994f141dd976d4/episode-00000115-slot-3.json,200,9bf4c0cfee47f50fc46810f57cd23aff982df187d8e2c128a32a8964fdff0924
training,logs/training/br-superhuman-reimu-adaptive-20261001,logs/training/br-superhuman-reimu-adaptive-20261001/replays/dcfbc15072794b47a3994f141dd976d4/episode-00000116-slot-0.json,200,6adc9faf101abb91bf0e1d6e9546c203bc01dc97f782f1c437cbd6b5c913d3b4
training,logs/training/br-superhuman-reimu-adaptive-20261001,logs/training/br-superhuman-reimu-adaptive-20261001/replays/dcfbc15072794b47a3994f141dd976d4/episode-00000117-slot-3.json,200,6283af057dc83eb7782f6a0785460201f5d66ca33fa25941187b9e19021ed258
training,logs/training/br-superhuman-reimu-adaptive-20261001,logs/training/br-superhuman-reimu-adaptive-20261001/replays/dcfbc15072794b47a3994f141dd976d4/episode-00000118-slot-2.json,200,36d41145a235346ac8fdb6d6f46eee56beb5f6f133c49e374a9c1ed19420365d
training,logs/training/br-superhuman-reimu-adaptive-20261001,logs/training/br-superhuman-reimu-adaptive-20261001/replays/dcfbc15072794b47a3994f141dd976d4/episode-00000119-slot-0.json,200,086abbe5db6bda6bdac9e81e1396e8a63cd7f0dbfe24b3708fa9cc82a484b9b1
training,logs/training/br-superhuman-reimu-adaptive-20261001,logs/training/br-superhuman-reimu-adaptive-20261001/replays/dcfbc15072794b47a3994f141dd976d4/episode-00000120-slot-1.json,204,739c852f4ecda1764c989ed7b6160ddcbf4cbe71c37541e59b26ae811451fb82
training,logs/training/br-superhuman-reimu-adaptive-20261001,logs/training/br-superhuman-reimu-adaptive-20261001/replays/dcfbc15072794b47a3994f141dd976d4/episode-00000121-slot-3.json,200,5ae5abaadc5c5c23490bdda30cd7e32a0ef1679fa0a74016501d0366bc295b05
training,logs/training/br-superhuman-reimu-adaptive-20261001,logs/training/br-superhuman-reimu-adaptive-20261001/replays/dcfbc15072794b47a3994f141dd976d4/episode-00000122-slot-2.json,200,de514b91ef0663d33e5110ce2a16ef0343baa744767abb242c7a9ca30bf83574
training,logs/training/br-superhuman-reimu-adaptive-20261001,logs/training/br-superhuman-reimu-adaptive-20261001/replays/dcfbc15072794b47a3994f141dd976d4/episode-00000123-slot-0.json,200,35046c9731de6163844c039a3cc8d7dabb1ffdae4d7b503531cdcfdfff881538
training,logs/training/br-superhuman-reimu-adaptive-20261001,logs/training/br-superhuman-reimu-adaptive-20261001/replays/dcfbc15072794b47a3994f141dd976d4/episode-00000124-slot-1.json,200,f9f8c0bb1d9fa28665ab815564172dc4399be0380c2b212693c29df20dafd574
training,logs/training/br-superhuman-reimu-adaptive-20261001,logs/training/br-superhuman-reimu-adaptive-20261001/replays/dcfbc15072794b47a3994f141dd976d4/episode-00000125-slot-3.json,200,5916a647453a49bfcde0aa044f97ded1a180b6863390a10578e0258499a99e34
training,logs/training/br-superhuman-reimu-adaptive-20261001,logs/training/br-superhuman-reimu-adaptive-20261001/replays/dcfbc15072794b47a3994f141dd976d4/episode-00000126-slot-1.json,200,6a05b4ceb6ca6823db8cec88d6a9abb21a2a62842a3dac59c9f7e0587487fcdc
training,logs/training/br-superhuman-reimu-adaptive-20261001,logs/training/br-superhuman-reimu-adaptive-20261001/replays/dcfbc15072794b47a3994f141dd976d4/episode-00000127-slot-2.json,200,4129958c91bf528fa27ea606ac69f48562041858f03a9a522ff601f718a83d74
training,logs/training/br-superhuman-reimu-adaptive-20261001,logs/training/br-superhuman-reimu-adaptive-20261001/replays/dcfbc15072794b47a3994f141dd976d4/episode-00000128-slot-0.json,199,a76609524037cf3ea81dc41405c9e1bc8e104a85ea7049d16710d6ce59306466
training,logs/training/br-superhuman-reimu-adaptive-20261001,logs/training/br-superhuman-reimu-adaptive-20261001/replays/dcfbc15072794b47a3994f141dd976d4/episode-00000129-slot-3.json,200,4265af65deb9e76fa2aa77f49b75cdae1e635a59205045c401d21b12de0d1593
training,logs/training/br-superhuman-reimu-adaptive-20261001,logs/training/br-superhuman-reimu-adaptive-20261001/replays/dcfbc15072794b47a3994f141dd976d4/episode-00000130-slot-1.json,200,9084da30968d4cd5a429bf90803fef94b0a20bfeb0ab0e1c7cc6d1b46edef14a
training,logs/training/br-superhuman-reimu-adaptive-20261001,logs/training/br-superhuman-reimu-adaptive-20261001/replays/dcfbc15072794b47a3994f141dd976d4/episode-00000131-slot-0.json,200,48a3c6101066db6ed31d7930f802dd663a8b05e46347d842c557d4a0c66d61d3
training,logs/training/br-superhuman-reimu-adaptive-20261001,logs/training/br-superhuman-reimu-adaptive-20261001/replays/dcfbc15072794b47a3994f141dd976d4/episode-00000132-slot-2.json,199,8c3d4b639e99670f60fd3f33919e13072fc1d33d6ec3ad1fd657b000bc898f06
training,logs/training/br-superhuman-reimu-adaptive-20261001,logs/training/br-superhuman-reimu-adaptive-20261001/replays/dcfbc15072794b47a3994f141dd976d4/episode-00000133-slot-3.json,199,25847b95a362a491fc38e175c379831b947a29928b841aa87b6e7c7ea83611d6
training,logs/training/br-superhuman-reimu-adaptive-20261001,logs/training/br-superhuman-reimu-adaptive-20261001/replays/dcfbc15072794b47a3994f141dd976d4/episode-00000134-slot-1.json,200,a482fab9ad480427ad31661f9776fb0a49554d2a4a036934a204a180c55c2a13
training,logs/training/br-superhuman-reimu-adaptive-20261001,logs/training/br-superhuman-reimu-adaptive-20261001/replays/dcfbc15072794b47a3994f141dd976d4/episode-00000135-slot-0.json,200,1e0e0df64606579fc617eff141c633dca50bd996e9273ba16c7ab289cc417136
training,logs/training/br-superhuman-reimu-adaptive-20261001,logs/training/br-superhuman-reimu-adaptive-20261001/replays/dcfbc15072794b47a3994f141dd976d4/episode-00000136-slot-2.json,200,5dd70bdd45c42379ff6559fae0f02c4a4e975682ed0250aaa98a876bcc14b920
training,logs/training/br-superhuman-reimu-adaptive-20261001,logs/training/br-superhuman-reimu-adaptive-20261001/replays/dcfbc15072794b47a3994f141dd976d4/episode-00000137-slot-3.json,199,175f9c72198e77071d63df0642eac1ae8af87d00d3be41fbdb8b31e5ed0e6426
training,logs/training/br-superhuman-reimu-adaptive-20261001,logs/training/br-superhuman-reimu-adaptive-20261001/replays/dcfbc15072794b47a3994f141dd976d4/episode-00000138-slot-1.json,200,19604f1cb9dc992a0f2cf8608b800b13ea6433ed9dff66b81d63a4fbfbc2b6ef
training,logs/training/br-superhuman-reimu-adaptive-20261001,logs/training/br-superhuman-reimu-adaptive-20261001/replays/dcfbc15072794b47a3994f141dd976d4/episode-00000139-slot-0.json,200,5cc26b8f5367372238be557f1b04669ddcc9c295c2427406cdfd20c46eea7c3e
training,logs/training/br-superhuman-reimu-adaptive-20261001,logs/training/br-superhuman-reimu-adaptive-20261001/replays/dcfbc15072794b47a3994f141dd976d4/episode-00000140-slot-2.json,199,3f0de6844f6b526f6e4dd251c4b19c2bd7b4c4f09f73b3e2eb594a2068800c78
training,logs/training/br-superhuman-reimu-adaptive-20261001,logs/training/br-superhuman-reimu-adaptive-20261001/replays/dcfbc15072794b47a3994f141dd976d4/episode-00000141-slot-0.json,200,c41697273db5238f810927abd8b89bdb76a63f0f4be8265f4a85b19f88ba240f
training,logs/training/br-superhuman-reimu-adaptive-20261001,logs/training/br-superhuman-reimu-adaptive-20261001/replays/dcfbc15072794b47a3994f141dd976d4/episode-00000142-slot-1.json,199,ba5bec1600282548e86668112e43a56bee262376578fad7455957abb063f0780
training,logs/training/br-superhuman-reimu-adaptive-20261001,logs/training/br-superhuman-reimu-adaptive-20261001/replays/dcfbc15072794b47a3994f141dd976d4/episode-00000143-slot-3.json,204,16f0c47603dc199b06685b5b22353083a72a5b1288288a8d777f3282cdc683f5
training,logs/training/br-superhuman-reimu-adaptive-20261001,logs/training/br-superhuman-reimu-adaptive-20261001/replays/dcfbc15072794b47a3994f141dd976d4/episode-00000144-slot-2.json,200,46035181fc843301928e8486fd2f163d28336494d8d59533e81ff0f393da6f5d
training,logs/training/br-superhuman-reimu-adaptive-20261001,logs/training/br-superhuman-reimu-adaptive-20261001/replays/dcfbc15072794b47a3994f141dd976d4/episode-00000145-slot-0.json,200,b17ea3b3b14846ba31370c58f1a89261eb17d3c1372afa69d5ac0028ae9044b1
training,logs/training/br-superhuman-reimu-adaptive-20261001,logs/training/br-superhuman-reimu-adaptive-20261001/replays/dcfbc15072794b47a3994f141dd976d4/episode-00000146-slot-3.json,200,8fec8eef9302de42a4330541b7d9d57c1f08182e78b8afde6d5ea3803ed4b619
training,logs/training/br-superhuman-reimu-adaptive-20261001,logs/training/br-superhuman-reimu-adaptive-20261001/replays/dcfbc15072794b47a3994f141dd976d4/episode-00000147-slot-1.json,200,d1db4f74bf6d306603ef6f0700e413c345a218194aaccc8e9beb2372cdc5de2a
training,logs/training/br-superhuman-reimu-adaptive-20261001,logs/training/br-superhuman-reimu-adaptive-20261001/replays/dcfbc15072794b47a3994f141dd976d4/episode-00000148-slot-2.json,200,53ead03f24bb0bf69d947488b1e9cafab70ea050234f1e1a86141d1b6f0bc03c
training,logs/training/br-superhuman-reimu-adaptive-20261001,logs/training/br-superhuman-reimu-adaptive-20261001/replays/dcfbc15072794b47a3994f141dd976d4/episode-00000149-slot-2.json,200,76f7df8b5392ffc13eb92822dae01b777657eb0ed46442a3d120b844ee897bc5
training,logs/training/br-superhuman-reimu-adaptive-20261001,logs/training/br-superhuman-reimu-adaptive-20261001/replays/dcfbc15072794b47a3994f141dd976d4/episode-00000150-slot-3.json,200,254f4580425cbf2af02ec27f09479bda871a56ee1edc18ebc210610b10b05a99
training,logs/training/br-superhuman-reimu-adaptive-20261001,logs/training/br-superhuman-reimu-adaptive-20261001/replays/dcfbc15072794b47a3994f141dd976d4/episode-00000151-slot-1.json,200,5ffccd53cd0be69634a1a014dc5b4abd7770e90ce9348f7750ce219de4250997
training,logs/training/br-superhuman-reimu-adaptive-20261001,logs/training/br-superhuman-reimu-adaptive-20261001/replays/dcfbc15072794b47a3994f141dd976d4/episode-00000152-slot-0.json,199,9d8046181a76aaa31bbb7282e5e2744b7dd30aa530f25b2396c72aef412b40e5
training,logs/training/br-superhuman-reimu-adaptive-20261001,logs/training/br-superhuman-reimu-adaptive-20261001/result.json,116,73bc221dcc9bbbc132d38299a020d0eecb56675e6943bb083fa2a2aafc302d7e
training,logs/training/br-superhuman-reimu-adaptive-20261001,logs/training/br-superhuman-reimu-adaptive-20261001/scalars/progress.csv,28976,adcaecf18a38a8f91b701d23dfdc2e9a86d38792dc042d783a4bfde8ccb62944
training,logs/training/br-superhuman-reimu-adaptive-20261001,logs/training/br-superhuman-reimu-adaptive-20261001/timing.json,17207,01bd7f0868faa41d370d121a3c692dd0aad13f9058819b1c2da4443215a22845
training,logs/training/br-superhuman-reimu-bc-adaptive-20261001,logs/training/br-superhuman-reimu-bc-adaptive-20261001/config.yaml,4988,38d129901c7ee2828140bba45ce001f1287dab412d9b69b15c7ae755a9c46267
training,logs/training/br-superhuman-reimu-bc-adaptive-20261001,logs/training/br-superhuman-reimu-bc-adaptive-20261001/identity.json,41589,4326188ebd49a09fcb0c2c1540626cbc899722cf39346b2e5a6b2844618940b7
training,logs/training/br-superhuman-reimu-bc-adaptive-20261001,logs/training/br-superhuman-reimu-bc-adaptive-20261001/result.json,1698,89723b05acd1cd3a3e938cb86a8b556968a9a8fe6af05f1286a147702f6da8c7
training,logs/training/br-superhuman-reimu-bc-adaptive-20261001,logs/training/br-superhuman-reimu-bc-adaptive-20261001/scalars/progress.csv,0,e3b0c44298fc1c149afbf4c8996fb92427ae41e4649b934ca495991b7852b855
training,logs/training/br-superhuman-reimu-bc-adaptive-20261001-v2,logs/training/br-superhuman-reimu-bc-adaptive-20261001-v2/checkpoints/ppo_131072_steps.curriculum.json,945,8ee7d0bd51886d85513db8547b59b307bff4b0357c8dd3c3fb6eea016804c806
training,logs/training/br-superhuman-reimu-bc-adaptive-20261001-v2,logs/training/br-superhuman-reimu-bc-adaptive-20261001-v2/checkpoints/ppo_65536_steps.curriculum.json,896,9e4f5075ae48c68edf3a3aa4f6f0eae71ec1602bdff24513bd7c2b40dcebb342
training,logs/training/br-superhuman-reimu-bc-adaptive-20261001-v2,logs/training/br-superhuman-reimu-bc-adaptive-20261001-v2/checkpoints/updated_131072_steps.curriculum.json,945,588e668fc4b98d69346fae80c5c04d51f632d944f8fa48e31994e8d384f62135
training,logs/training/br-superhuman-reimu-bc-adaptive-20261001-v2,logs/training/br-superhuman-reimu-bc-adaptive-20261001-v2/checkpoints/updated_65536_steps.curriculum.json,896,a23b99cd03cc35f04e4fe5f8e70a7efe8267854802d460e9428624e5a6ebd39c
training,logs/training/br-superhuman-reimu-bc-adaptive-20261001-v2,logs/training/br-superhuman-reimu-bc-adaptive-20261001-v2/checkpoints/updated_8192_steps.curriculum.json,852,f1a097662464f2f85fd0c9dc1bd65113637b56d2426aa7a63809dc3816b9a248
training,logs/training/br-superhuman-reimu-bc-adaptive-20261001-v2,logs/training/br-superhuman-reimu-bc-adaptive-20261001-v2/config.yaml,4991,b372e34e9fe19634f8f5e91cb7c4bb47ba0d788e429428e1588412769c5091c9
training,logs/training/br-superhuman-reimu-bc-adaptive-20261001-v2,logs/training/br-superhuman-reimu-bc-adaptive-20261001-v2/final.curriculum.json,945,588e668fc4b98d69346fae80c5c04d51f632d944f8fa48e31994e8d384f62135
training,logs/training/br-superhuman-reimu-bc-adaptive-20261001-v2,logs/training/br-superhuman-reimu-bc-adaptive-20261001-v2/identity.json,41589,8249cde0d0786a58d0f4a2275f8a3ea09dbcca185387f1a0d4368cfbd889f668
training,logs/training/br-superhuman-reimu-bc-adaptive-20261001-v2,logs/training/br-superhuman-reimu-bc-adaptive-20261001-v2/progress.json,85018,d1ec62bdad1b56da42f0708cf677d7e7aa6deb51f8aa08e0e9cbcd6576932f45
training,logs/training/br-superhuman-reimu-bc-adaptive-20261001-v2,logs/training/br-superhuman-reimu-bc-adaptive-20261001-v2/replays/1513b313670447ff8c42c61552f92673/episode-00000001-slot-1.json,194,a8c08c8f02f171ffebfaa2571cd8fd05e95f6b424b4d64d3dc1056cf579f9bff
training,logs/training/br-superhuman-reimu-bc-adaptive-20261001-v2,logs/training/br-superhuman-reimu-bc-adaptive-20261001-v2/replays/1513b313670447ff8c42c61552f92673/episode-00000002-slot-2.json,194,720adebf82337bb11a2f0f31e84c90f235dc0367a80d4a852d6544b64c7e0e8d
training,logs/training/br-superhuman-reimu-bc-adaptive-20261001-v2,logs/training/br-superhuman-reimu-bc-adaptive-20261001-v2/replays/1513b313670447ff8c42c61552f92673/episode-00000003-slot-0.json,194,08e8bb414142ad1d14df4e5c993ecf1292f601bc50848da6539b99e1984b8501
training,logs/training/br-superhuman-reimu-bc-adaptive-20261001-v2,logs/training/br-superhuman-reimu-bc-adaptive-20261001-v2/replays/1513b313670447ff8c42c61552f92673/episode-00000004-slot-3.json,194,edc08664d1d7420d007f31a46e9ee1bd7a98fd1e70dc53442cae3ee75d2ce66c
training,logs/training/br-superhuman-reimu-bc-adaptive-20261001-v2,logs/training/br-superhuman-reimu-bc-adaptive-20261001-v2/replays/1513b313670447ff8c42c61552f92673/episode-00000005-slot-2.json,199,e70e80c47011a17fd59094df8e526761b56b31c60eef0dd8055e159e669872ed
training,logs/training/br-superhuman-reimu-bc-adaptive-20261001-v2,logs/training/br-superhuman-reimu-bc-adaptive-20261001-v2/replays/1513b313670447ff8c42c61552f92673/episode-00000006-slot-1.json,204,86b65251787aea21575beab9083e3f634a498db20933ad60a7dfd2bfaeed2124
training,logs/training/br-superhuman-reimu-bc-adaptive-20261001-v2,logs/training/br-superhuman-reimu-bc-adaptive-20261001-v2/replays/1513b313670447ff8c42c61552f92673/episode-00000007-slot-0.json,200,fa5ca221bb21c44e78291afead2ff2d40f6bbe02b352116f1260662fae54d90c
training,logs/training/br-superhuman-reimu-bc-adaptive-20261001-v2,logs/training/br-superhuman-reimu-bc-adaptive-20261001-v2/replays/1513b313670447ff8c42c61552f92673/episode-00000008-slot-3.json,200,9c1c45f414096cd08d50ca30a5e2ff6ee53507d0ef9269dc5570424b07cdb00a
training,logs/training/br-superhuman-reimu-bc-adaptive-20261001-v2,logs/training/br-superhuman-reimu-bc-adaptive-20261001-v2/replays/1513b313670447ff8c42c61552f92673/episode-00000009-slot-2.json,200,cdab61aa88f5b0cfc11274d6c2c14c466757c7b22e0dcdf031c287106ca4fa5e
training,logs/training/br-superhuman-reimu-bc-adaptive-20261001-v2,logs/training/br-superhuman-reimu-bc-adaptive-20261001-v2/replays/1513b313670447ff8c42c61552f92673/episode-00000010-slot-1.json,200,bb7da525e58647c87c550231021a9327cfed299dd3c3cfcdecd44b8254e3bfcf
training,logs/training/br-superhuman-reimu-bc-adaptive-20261001-v2,logs/training/br-superhuman-reimu-bc-adaptive-20261001-v2/replays/1513b313670447ff8c42c61552f92673/episode-00000011-slot-0.json,203,6b4d5016b5eb1c56041cfd2f95203b9b0f6ce03987804a9d56c0ced156c96829
training,logs/training/br-superhuman-reimu-bc-adaptive-20261001-v2,logs/training/br-superhuman-reimu-bc-adaptive-20261001-v2/replays/1513b313670447ff8c42c61552f92673/episode-00000012-slot-3.json,199,ada3e3dff98ed24217cb54f2b097a839e52895e76e15c8b5976ac4d09b26c5fe
training,logs/training/br-superhuman-reimu-bc-adaptive-20261001-v2,logs/training/br-superhuman-reimu-bc-adaptive-20261001-v2/replays/1513b313670447ff8c42c61552f92673/episode-00000013-slot-1.json,199,2ef40be2b35431bdfc996d4745ea135afb72c403f8f3fac8f3fb77e799a71b97
training,logs/training/br-superhuman-reimu-bc-adaptive-20261001-v2,logs/training/br-superhuman-reimu-bc-adaptive-20261001-v2/replays/1513b313670447ff8c42c61552f92673/episode-00000014-slot-0.json,200,f31a3712036dc832a57ba08295d2f93fe9601ea926827ac2d76d46ed95306ab9
training,logs/training/br-superhuman-reimu-bc-adaptive-20261001-v2,logs/training/br-superhuman-reimu-bc-adaptive-20261001-v2/replays/1513b313670447ff8c42c61552f92673/episode-00000015-slot-2.json,199,50233b196fe21167dfe3fc8d162ae5746cfc5d55114c6ba3be86ab1d43630b8e
training,logs/training/br-superhuman-reimu-bc-adaptive-20261001-v2,logs/training/br-superhuman-reimu-bc-adaptive-20261001-v2/replays/1513b313670447ff8c42c61552f92673/episode-00000016-slot-1.json,200,5e20d0a957ca73e7060e3fb4a359015c6ac397cbf9e92efaa407d74c0de5bbdf
training,logs/training/br-superhuman-reimu-bc-adaptive-20261001-v2,logs/training/br-superhuman-reimu-bc-adaptive-20261001-v2/replays/1513b313670447ff8c42c61552f92673/episode-00000017-slot-3.json,200,5def48eac66c896feef892c0813fad31c43a540ce3929f1e9a5aa13f75a7a518
training,logs/training/br-superhuman-reimu-bc-adaptive-20261001-v2,logs/training/br-superhuman-reimu-bc-adaptive-20261001-v2/replays/1513b313670447ff8c42c61552f92673/episode-00000018-slot-0.json,200,3566f8dd2a18a3d16822ccdfb0b94be5293d0f753c34f02f8c688a23888539b8
training,logs/training/br-superhuman-reimu-bc-adaptive-20261001-v2,logs/training/br-superhuman-reimu-bc-adaptive-20261001-v2/replays/1513b313670447ff8c42c61552f92673/episode-00000019-slot-2.json,200,b35f3b8be1709cf3eebd788a5af1dd9140d271a5640711dafe07d392c271ab4a
training,logs/training/br-superhuman-reimu-bc-adaptive-20261001-v2,logs/training/br-superhuman-reimu-bc-adaptive-20261001-v2/replays/1513b313670447ff8c42c61552f92673/episode-00000020-slot-1.json,200,2c21a595c9f302b416b05b603248206cfd725d018d14930724c78d21964ab23e
training,logs/training/br-superhuman-reimu-bc-adaptive-20261001-v2,logs/training/br-superhuman-reimu-bc-adaptive-20261001-v2/replays/1513b313670447ff8c42c61552f92673/episode-00000021-slot-0.json,199,8f7ab42ce0a0470d9ba61260d504db5ef64c1c2a32bd0a003f6ba48bd4d7d693
training,logs/training/br-superhuman-reimu-bc-adaptive-20261001-v2,logs/training/br-superhuman-reimu-bc-adaptive-20261001-v2/replays/1513b313670447ff8c42c61552f92673/episode-00000022-slot-1.json,199,6a28f33d7c40359507855c4bf61a1c27114ce41168f88d6353883889b2704faf
training,logs/training/br-superhuman-reimu-bc-adaptive-20261001-v2,logs/training/br-superhuman-reimu-bc-adaptive-20261001-v2/replays/1513b313670447ff8c42c61552f92673/episode-00000023-slot-2.json,199,db89ba128f3a69a29038b5f2e9b14d1bde79ac061b1c7aa6e6d0c5bb8e5f52dd
training,logs/training/br-superhuman-reimu-bc-adaptive-20261001-v2,logs/training/br-superhuman-reimu-bc-adaptive-20261001-v2/replays/1513b313670447ff8c42c61552f92673/episode-00000024-slot-3.json,199,80043de66bee542683ef3b598c51f0b55b9cf65a25afd4d71b715dabb2aca0b9
training,logs/training/br-superhuman-reimu-bc-adaptive-20261001-v2,logs/training/br-superhuman-reimu-bc-adaptive-20261001-v2/result.json,2006,d2da0147b2b5e3a77aa49c3a1b4f273907b2403358b4f2026ee61de1404c5071
training,logs/training/br-superhuman-reimu-bc-adaptive-20261001-v2,logs/training/br-superhuman-reimu-bc-adaptive-20261001-v2/scalars/progress.csv,4698,2b82845620a98a1d77216b11053bd7b997e089296c8be426abdcddd176faf169
training,logs/training/br-superhuman-reimu-bc-adaptive-20261001-v2,logs/training/br-superhuman-reimu-bc-adaptive-20261001-v2/timing.json,2974,8aa4c40c2e4d9cb05a5f605401e8804834794cdf391d5fc4f35e7cf40f21cc80
training,logs/training/br-superhuman-reimu-bc-adaptive-continued-20261001,logs/training/br-superhuman-reimu-bc-adaptive-continued-20261001/checkpoints/ppo_196608_steps.curriculum.json,930,a60abc9fbe524f7443b4c7d72180cd0539bc4c9c54eca8674760b08193399bcd
training,logs/training/br-superhuman-reimu-bc-adaptive-continued-20261001,logs/training/br-superhuman-reimu-bc-adaptive-continued-20261001/checkpoints/ppo_262144_steps.curriculum.json,929,9328b6e451145bf1d2b15a0eeaabf295cb994fafeaccb632c3ebff35894cbd5e
training,logs/training/br-superhuman-reimu-bc-adaptive-continued-20261001,logs/training/br-superhuman-reimu-bc-adaptive-continued-20261001/checkpoints/updated_139264_steps.curriculum.json,945,25394c7d5fdf7f9a3940dfb01d5a211580cb290737c5262cd7bee9a7514bb89f
training,logs/training/br-superhuman-reimu-bc-adaptive-continued-20261001,logs/training/br-superhuman-reimu-bc-adaptive-continued-20261001/checkpoints/updated_196608_steps.curriculum.json,930,fdfd51584a1eaf7755f8aa188202309bc47937e1c77097df730c80d15cb005f3
training,logs/training/br-superhuman-reimu-bc-adaptive-continued-20261001,logs/training/br-superhuman-reimu-bc-adaptive-continued-20261001/checkpoints/updated_262144_steps.curriculum.json,929,9d59fccacefcac646f838b45b72be6175ce70d1e80785ec629d24021f8f05176
training,logs/training/br-superhuman-reimu-bc-adaptive-continued-20261001,logs/training/br-superhuman-reimu-bc-adaptive-continued-20261001/config.yaml,5026,ce61c1efd8be162855835757b7a2598f98e1ae73d37b9003d1f0afbd2b62dde5
training,logs/training/br-superhuman-reimu-bc-adaptive-continued-20261001,logs/training/br-superhuman-reimu-bc-adaptive-continued-20261001/final.curriculum.json,929,f98fca1a55763c2a78ea5204093895599b6ad6a061ff721761854a5215f763f2
training,logs/training/br-superhuman-reimu-bc-adaptive-continued-20261001,logs/training/br-superhuman-reimu-bc-adaptive-continued-20261001/identity.json,41817,ae934f093a841136c7ef1cc4b5e0c41c1a08f4f9383dd8a65416623bffd4eacd
training,logs/training/br-superhuman-reimu-bc-adaptive-continued-20261001,logs/training/br-superhuman-reimu-bc-adaptive-continued-20261001/progress.json,86588,66b8b73ec49f29e8219ad40dd237bb49168cefab323cef39a8187c0f1d5c02cd
training,logs/training/br-superhuman-reimu-bc-adaptive-continued-20261001,logs/training/br-superhuman-reimu-bc-adaptive-continued-20261001/replays/bfad0e8ac0574d9cb1519130fb09156a/episode-00000001-slot-1.json,194,b5b2c929216ff374f4e086b1de1f86669433146839302a193852e0818f4681fb
training,logs/training/br-superhuman-reimu-bc-adaptive-continued-20261001,logs/training/br-superhuman-reimu-bc-adaptive-continued-20261001/replays/bfad0e8ac0574d9cb1519130fb09156a/episode-00000002-slot-2.json,194,28a028d87721bd026099b285dc4440ab3f3f833ddecb243125c775bcfe4c28e7
training,logs/training/br-superhuman-reimu-bc-adaptive-continued-20261001,logs/training/br-superhuman-reimu-bc-adaptive-continued-20261001/replays/bfad0e8ac0574d9cb1519130fb09156a/episode-00000003-slot-3.json,194,732faca015062dfcc05542de41671a9e39c15bc854695521cb08854e7c7d8bfb
training,logs/training/br-superhuman-reimu-bc-adaptive-continued-20261001,logs/training/br-superhuman-reimu-bc-adaptive-continued-20261001/replays/bfad0e8ac0574d9cb1519130fb09156a/episode-00000004-slot-0.json,194,db3cb3cce7930bcb6b2c074b7f3f97942973d027de970a3651aa6291ce830f14
training,logs/training/br-superhuman-reimu-bc-adaptive-continued-20261001,logs/training/br-superhuman-reimu-bc-adaptive-continued-20261001/replays/bfad0e8ac0574d9cb1519130fb09156a/episode-00000005-slot-3.json,200,89825e811cd813687d6e5afecee4082aead73cc0f42ac338ce56469cce64af85
training,logs/training/br-superhuman-reimu-bc-adaptive-continued-20261001,logs/training/br-superhuman-reimu-bc-adaptive-continued-20261001/replays/bfad0e8ac0574d9cb1519130fb09156a/episode-00000006-slot-1.json,200,8529de0c0677c1267fbf70ea719d92e6ba5a4e02cc95715dde2b31cdc057a3e2
training,logs/training/br-superhuman-reimu-bc-adaptive-continued-20261001,logs/training/br-superhuman-reimu-bc-adaptive-continued-20261001/replays/bfad0e8ac0574d9cb1519130fb09156a/episode-00000007-slot-2.json,199,d223eb3d20ef81ae0a3d84699dbbb517499bf4186e59b3fed31311c99ad98b28
training,logs/training/br-superhuman-reimu-bc-adaptive-continued-20261001,logs/training/br-superhuman-reimu-bc-adaptive-continued-20261001/replays/bfad0e8ac0574d9cb1519130fb09156a/episode-00000008-slot-0.json,200,4a3ce0ee52c87cb17a7710e2ce334b43defa81c59bfa326bcbc4f9d1bdbf46b3
training,logs/training/br-superhuman-reimu-bc-adaptive-continued-20261001,logs/training/br-superhuman-reimu-bc-adaptive-continued-20261001/replays/bfad0e8ac0574d9cb1519130fb09156a/episode-00000009-slot-3.json,200,0b671f153b1e4d776a4b28b391641989b35f98cdbe917fc7a802c1d894c450e0
training,logs/training/br-superhuman-reimu-bc-adaptive-continued-20261001,logs/training/br-superhuman-reimu-bc-adaptive-continued-20261001/replays/bfad0e8ac0574d9cb1519130fb09156a/episode-00000010-slot-2.json,200,42e166ad46fb0f0cc2c9ad59f0ef82485c966035bc8b294d56793fd7f6de5cd3
training,logs/training/br-superhuman-reimu-bc-adaptive-continued-20261001,logs/training/br-superhuman-reimu-bc-adaptive-continued-20261001/replays/bfad0e8ac0574d9cb1519130fb09156a/episode-00000011-slot-1.json,204,e66bf4daafe1f5a125330e4315458841ea644e137a15e6287e1359b11017a76c
training,logs/training/br-superhuman-reimu-bc-adaptive-continued-20261001,logs/training/br-superhuman-reimu-bc-adaptive-continued-20261001/replays/bfad0e8ac0574d9cb1519130fb09156a/episode-00000012-slot-0.json,199,266860631a45425ec816be8438b9f6f1b20f84d7283e355b49c598450038ee20
training,logs/training/br-superhuman-reimu-bc-adaptive-continued-20261001,logs/training/br-superhuman-reimu-bc-adaptive-continued-20261001/replays/bfad0e8ac0574d9cb1519130fb09156a/episode-00000013-slot-3.json,199,08a74175c28eb2fad8618a00e437744e0f94611fb3b7e84e9c8d5ad4fb56a267
training,logs/training/br-superhuman-reimu-bc-adaptive-continued-20261001,logs/training/br-superhuman-reimu-bc-adaptive-continued-20261001/replays/bfad0e8ac0574d9cb1519130fb09156a/episode-00000014-slot-2.json,200,41ae670355c231edeaa100d23b5f467adb0a67c009ef667ac49fa75de4d7bbd4
training,logs/training/br-superhuman-reimu-bc-adaptive-continued-20261001,logs/training/br-superhuman-reimu-bc-adaptive-continued-20261001/replays/bfad0e8ac0574d9cb1519130fb09156a/episode-00000015-slot-0.json,199,47fb1ce8693e5cd4670b200c2c7c56fe1769698dd574fb1ecd0b5abd9bcd9ac0
training,logs/training/br-superhuman-reimu-bc-adaptive-continued-20261001,logs/training/br-superhuman-reimu-bc-adaptive-continued-20261001/replays/bfad0e8ac0574d9cb1519130fb09156a/episode-00000016-slot-1.json,204,041e266cfac7cedbb572cca4d40c94cedf967c9346cd2814fd67a6192d54c14a
training,logs/training/br-superhuman-reimu-bc-adaptive-continued-20261001,logs/training/br-superhuman-reimu-bc-adaptive-continued-20261001/replays/bfad0e8ac0574d9cb1519130fb09156a/episode-00000017-slot-3.json,200,f8fc0f23059e53715a3250498537c0f4b12b3cfed74499912540032e2a925529
training,logs/training/br-superhuman-reimu-bc-adaptive-continued-20261001,logs/training/br-superhuman-reimu-bc-adaptive-continued-20261001/replays/bfad0e8ac0574d9cb1519130fb09156a/episode-00000018-slot-1.json,198,e7d4a1801f2f3b6140e00698e58b4444f6dc53b9707b750b073777d85b16b95f
training,logs/training/br-superhuman-reimu-bc-adaptive-continued-20261001,logs/training/br-superhuman-reimu-bc-adaptive-continued-20261001/replays/bfad0e8ac0574d9cb1519130fb09156a/episode-00000019-slot-2.json,203,b31d9b90b72f11f07eb779b115ba7d35a3172cd084e1eb3a84b73b4b494a28a8
training,logs/training/br-superhuman-reimu-bc-adaptive-continued-20261001,logs/training/br-superhuman-reimu-bc-adaptive-continued-20261001/replays/bfad0e8ac0574d9cb1519130fb09156a/episode-00000020-slot-0.json,200,4ea9571b1fa3b1786b68f5f8a9e31d6abab9947af1b8488bff21ad729a6ede80
training,logs/training/br-superhuman-reimu-bc-adaptive-continued-20261001,logs/training/br-superhuman-reimu-bc-adaptive-continued-20261001/replays/bfad0e8ac0574d9cb1519130fb09156a/episode-00000021-slot-0.json,199,c1ce401a9350e6c7ddfdb63df737dd56d267682d66695bb2f8427b7c28061775
training,logs/training/br-superhuman-reimu-bc-adaptive-continued-20261001,logs/training/br-superhuman-reimu-bc-adaptive-continued-20261001/replays/bfad0e8ac0574d9cb1519130fb09156a/episode-00000022-slot-1.json,198,23a54e83a1e3c57c918883b866ac13043bc44d978b0c2edaaa9831bd0bb0eca7
training,logs/training/br-superhuman-reimu-bc-adaptive-continued-20261001,logs/training/br-superhuman-reimu-bc-adaptive-continued-20261001/replays/bfad0e8ac0574d9cb1519130fb09156a/episode-00000023-slot-2.json,199,039a44e01eaed96178139bc5fc11f0bfb19141a844ebabc4b9b18ee9369d0c39
training,logs/training/br-superhuman-reimu-bc-adaptive-continued-20261001,logs/training/br-superhuman-reimu-bc-adaptive-continued-20261001/replays/bfad0e8ac0574d9cb1519130fb09156a/episode-00000024-slot-3.json,199,69822af4c74339183448da24a37824e12116589c80d554223e94be44412ef957
training,logs/training/br-superhuman-reimu-bc-adaptive-continued-20261001,logs/training/br-superhuman-reimu-bc-adaptive-continued-20261001/result.json,2036,5d998686c7dea238405cf5efbf64279f92887fca757b5ad5f94762a9fbb72a55
training,logs/training/br-superhuman-reimu-bc-adaptive-continued-20261001,logs/training/br-superhuman-reimu-bc-adaptive-continued-20261001/scalars/progress.csv,5241,ad8ea924eb7c7c384700f206aa3def6f9b81a6965335306de288442afbf0a7cd
training,logs/training/br-superhuman-reimu-bc-adaptive-continued-20261001,logs/training/br-superhuman-reimu-bc-adaptive-continued-20261001/timing.json,3013,5ee24fdfdab554fa92f24388cd04b27a5c9a510cc94794de0709143dfcf4243b
training,logs/training/br-superhuman-reimu-button-prior-20261001,logs/training/br-superhuman-reimu-button-prior-20261001/config.yaml,4621,3d9366ded77e91388347f7299859debbd023004c4e356bd31ffe12b3604c82d0
training,logs/training/br-superhuman-reimu-button-prior-20261001,logs/training/br-superhuman-reimu-button-prior-20261001/identity.json,40045,03fe1d46dbb16556e7d84ed8d8ff7cc455798d23bba1d4cefdb7754dd115d0b6
training,logs/training/br-superhuman-reimu-button-prior-20261001,logs/training/br-superhuman-reimu-button-prior-20261001/progress.json,93647,d75aae3699b6fbc0c17e3fb025aa39190c411badf73e67536035e3e359a2791f
training,logs/training/br-superhuman-reimu-button-prior-20261001,logs/training/br-superhuman-reimu-button-prior-20261001/replays/552e380518fe46cb9b471a7f9fcc29d1/episode-00000001-slot-1.json,194,b1e6911bfe091eac59df34d73ca2875f28f240c92b736ee92bc573027f0e0d8e
training,logs/training/br-superhuman-reimu-button-prior-20261001,logs/training/br-superhuman-reimu-button-prior-20261001/replays/552e380518fe46cb9b471a7f9fcc29d1/episode-00000002-slot-3.json,194,9b951e4986d84655484d800232ebbe41a3d5edb41c09ad2e4229ce92d6f85863
training,logs/training/br-superhuman-reimu-button-prior-20261001,logs/training/br-superhuman-reimu-button-prior-20261001/replays/552e380518fe46cb9b471a7f9fcc29d1/episode-00000003-slot-2.json,194,e6bd8f65a485ab15f1d995bdefe4005a039147c842223e1a1f6ee37f3af49093
training,logs/training/br-superhuman-reimu-button-prior-20261001,logs/training/br-superhuman-reimu-button-prior-20261001/replays/552e380518fe46cb9b471a7f9fcc29d1/episode-00000004-slot-0.json,194,04c28f5d8c99e7e6a77a9cd92d8eeb5c771b82dec1708857dd6d8dc48510797c
training,logs/training/br-superhuman-reimu-button-prior-20261001,logs/training/br-superhuman-reimu-button-prior-20261001/replays/552e380518fe46cb9b471a7f9fcc29d1/episode-00000005-slot-1.json,200,c035b041877a218741b67b8e404e7340ea4cb114591ddb95ed52ae03feb7733d
training,logs/training/br-superhuman-reimu-button-prior-20261001,logs/training/br-superhuman-reimu-button-prior-20261001/replays/552e380518fe46cb9b471a7f9fcc29d1/episode-00000006-slot-3.json,199,953c078476e69439ac117c5f6f3144e5c579cf2312faacb7b5ebdd91f376dfea
training,logs/training/br-superhuman-reimu-button-prior-20261001,logs/training/br-superhuman-reimu-button-prior-20261001/replays/552e380518fe46cb9b471a7f9fcc29d1/episode-00000007-slot-2.json,200,d60aeedb3c59b5cad5fe9e06b33954ca399c66e9cf81a10bfa877ba72171aa76
training,logs/training/br-superhuman-reimu-button-prior-20261001,logs/training/br-superhuman-reimu-button-prior-20261001/replays/552e380518fe46cb9b471a7f9fcc29d1/episode-00000008-slot-1.json,200,d59db198b6dfd4ff90c649dc1880b9cc82491a87311959663a71bd3c9a1859b6
training,logs/training/br-superhuman-reimu-button-prior-20261001,logs/training/br-superhuman-reimu-button-prior-20261001/replays/552e380518fe46cb9b471a7f9fcc29d1/episode-00000009-slot-0.json,200,67b91362b0419a91a2b5f46cc0d6b9f7fc078474008dcd97b2d156f1afe71b88
training,logs/training/br-superhuman-reimu-button-prior-20261001,logs/training/br-superhuman-reimu-button-prior-20261001/replays/552e380518fe46cb9b471a7f9fcc29d1/episode-00000010-slot-3.json,200,22f1f10eced03c8bfd0f7cdf65e7d26b1085b80c8f0ccdb5c7cadd2d710f6360
training,logs/training/br-superhuman-reimu-button-prior-20261001,logs/training/br-superhuman-reimu-button-prior-20261001/replays/552e380518fe46cb9b471a7f9fcc29d1/episode-00000011-slot-2.json,199,c6032acb268a031a934ed81ad6fe00bce5fb8a3c97473053e42972f042a5bdfe
training,logs/training/br-superhuman-reimu-button-prior-20261001,logs/training/br-superhuman-reimu-button-prior-20261001/replays/552e380518fe46cb9b471a7f9fcc29d1/episode-00000012-slot-0.json,199,36dcad70a0b207b9d07ba69a987a2b424cc5642166cc87624f33876d6488cdd3
training,logs/training/br-superhuman-reimu-button-prior-20261001,logs/training/br-superhuman-reimu-button-prior-20261001/replays/552e380518fe46cb9b471a7f9fcc29d1/episode-00000013-slot-3.json,199,e2b5a0250a17c139b1ec5540d04f69e1951b4e83b9e2ab9b14a21e119e8bda6b
training,logs/training/br-superhuman-reimu-button-prior-20261001,logs/training/br-superhuman-reimu-button-prior-20261001/replays/552e380518fe46cb9b471a7f9fcc29d1/episode-00000014-slot-2.json,200,641081d162cdc36cc7c5a72ddc2bef15ba29562ab2f57aa256449466f127ff5f
training,logs/training/br-superhuman-reimu-button-prior-20261001,logs/training/br-superhuman-reimu-button-prior-20261001/replays/552e380518fe46cb9b471a7f9fcc29d1/episode-00000015-slot-1.json,203,9ac1874e30f3097a93f59d2d3014c4d2bea8b2ef134e197a7d822dfd76305f7a
training,logs/training/br-superhuman-reimu-button-prior-20261001,logs/training/br-superhuman-reimu-button-prior-20261001/replays/552e380518fe46cb9b471a7f9fcc29d1/episode-00000016-slot-0.json,200,74c5697c59fa9e74d6218cd0080381177d936038437b613d7b3cdb729b73d9c6
training,logs/training/br-superhuman-reimu-button-prior-20261001,logs/training/br-superhuman-reimu-button-prior-20261001/replays/552e380518fe46cb9b471a7f9fcc29d1/episode-00000017-slot-3.json,200,1e5621432c26e7625786821e065c4577e8ddd2f225b0f727e72d58886b7462cc
training,logs/training/br-superhuman-reimu-button-prior-20261001,logs/training/br-superhuman-reimu-button-prior-20261001/replays/552e380518fe46cb9b471a7f9fcc29d1/episode-00000018-slot-2.json,200,957bf5c2ab20486fd39fdf29e4bd8f1bbf09caf2f90404b6385da4cb5fcb22d2
training,logs/training/br-superhuman-reimu-button-prior-20261001,logs/training/br-superhuman-reimu-button-prior-20261001/replays/552e380518fe46cb9b471a7f9fcc29d1/episode-00000019-slot-1.json,200,7ee2fbdaf6a679506ca8ce37d91bf90bdf5d8f9c4b6c2d94d9744c078b25e04d
training,logs/training/br-superhuman-reimu-button-prior-20261001,logs/training/br-superhuman-reimu-button-prior-20261001/replays/552e380518fe46cb9b471a7f9fcc29d1/episode-00000020-slot-2.json,200,28390d290020ce59cad9f5bde12d6660666cf34906a3cc90cc13c117ce942cc9
training,logs/training/br-superhuman-reimu-button-prior-20261001,logs/training/br-superhuman-reimu-button-prior-20261001/replays/552e380518fe46cb9b471a7f9fcc29d1/episode-00000021-slot-3.json,200,84d6448372f9158a60f609a288f95b6c394096dc955954de2fb31191be8e9489
training,logs/training/br-superhuman-reimu-button-prior-20261001,logs/training/br-superhuman-reimu-button-prior-20261001/replays/552e380518fe46cb9b471a7f9fcc29d1/episode-00000022-slot-0.json,200,bd7e131a7b960cfa264649d14c1dae7527da66d59cf605383355dae02704d2d3
training,logs/training/br-superhuman-reimu-button-prior-20261001,logs/training/br-superhuman-reimu-button-prior-20261001/replays/552e380518fe46cb9b471a7f9fcc29d1/episode-00000023-slot-1.json,200,43ef6f45365b411e14c2b992548c59fc39ca85a9f2b7ef3f46b3a11e740b46de
training,logs/training/br-superhuman-reimu-button-prior-20261001,logs/training/br-superhuman-reimu-button-prior-20261001/replays/552e380518fe46cb9b471a7f9fcc29d1/episode-00000024-slot-2.json,200,857d4119f532579d1a3af60df65cd38d1c177a26ea40967ae04b4f9e36e0ac95
training,logs/training/br-superhuman-reimu-button-prior-20261001,logs/training/br-superhuman-reimu-button-prior-20261001/replays/552e380518fe46cb9b471a7f9fcc29d1/episode-00000025-slot-1.json,200,55f8d4e8bf087e988e562b79cfad99e00cc992dc90fb6bb76677522970d07db5
training,logs/training/br-superhuman-reimu-button-prior-20261001,logs/training/br-superhuman-reimu-button-prior-20261001/replays/552e380518fe46cb9b471a7f9fcc29d1/episode-00000026-slot-3.json,199,8239b45aca1c05cd1b30f1528dc82972495493ac8da39f1a343c8caa08a503d5
training,logs/training/br-superhuman-reimu-button-prior-20261001,logs/training/br-superhuman-reimu-button-prior-20261001/replays/552e380518fe46cb9b471a7f9fcc29d1/episode-00000027-slot-0.json,200,20b9a46183e08215f6347b757604b708b36e0c74c813b87ed530026780e3d23a
training,logs/training/br-superhuman-reimu-button-prior-20261001,logs/training/br-superhuman-reimu-button-prior-20261001/replays/552e380518fe46cb9b471a7f9fcc29d1/episode-00000028-slot-2.json,200,36e90c1004023e07d3605d261748fd487f4d737d3e7a8c2a7105b6f146614e46
training,logs/training/br-superhuman-reimu-button-prior-20261001,logs/training/br-superhuman-reimu-button-prior-20261001/replays/552e380518fe46cb9b471a7f9fcc29d1/episode-00000029-slot-1.json,200,57121f2dc9888a426881776678a1b9e79b5ca3046e0828522f1f81c72b4784a3
training,logs/training/br-superhuman-reimu-button-prior-20261001,logs/training/br-superhuman-reimu-button-prior-20261001/replays/552e380518fe46cb9b471a7f9fcc29d1/episode-00000030-slot-3.json,199,68fb14a0ae996bba7218783d95703d4efab6c3ea335a599fdccddb19fb366c14
training,logs/training/br-superhuman-reimu-button-prior-20261001,logs/training/br-superhuman-reimu-button-prior-20261001/replays/552e380518fe46cb9b471a7f9fcc29d1/episode-00000031-slot-0.json,199,288f9263473fd57c83e10a7b1dd7d9cfc140b96063785d8dee3009a6c867d22e
training,logs/training/br-superhuman-reimu-button-prior-20261001,logs/training/br-superhuman-reimu-button-prior-20261001/replays/552e380518fe46cb9b471a7f9fcc29d1/episode-00000032-slot-1.json,199,6131551050bdae0ac12d84c9ddb5bf9cb52bbb93238c4d8a9a6690f62149487c
training,logs/training/br-superhuman-reimu-button-prior-20261001,logs/training/br-superhuman-reimu-button-prior-20261001/replays/552e380518fe46cb9b471a7f9fcc29d1/episode-00000033-slot-2.json,199,ea5e6667fec34a3f48626c91c17eb7e694ee571a4caa9280e67853668efd0891
training,logs/training/br-superhuman-reimu-button-prior-20261001,logs/training/br-superhuman-reimu-button-prior-20261001/replays/552e380518fe46cb9b471a7f9fcc29d1/episode-00000034-slot-3.json,197,d1ffda3b501b86753ad932b8622d75c63d9e6c0e69c0dd4c55f47c5bf94f1ce4
training,logs/training/br-superhuman-reimu-button-prior-20261001,logs/training/br-superhuman-reimu-button-prior-20261001/result.json,749,6666720c84266f255a84e79a880f58a015ce95441d02e671edb170c06f21dade
training,logs/training/br-superhuman-reimu-button-prior-20261001,logs/training/br-superhuman-reimu-button-prior-20261001/scalars/progress.csv,4480,9ab04b077ef73362ec351aea91f9452e4e20f08e57e684ce0ad0121fccaf18ec
training,logs/training/br-superhuman-reimu-button-prior-20261001,logs/training/br-superhuman-reimu-button-prior-20261001/timing.json,2787,736c36fa68b354303043adf07e37ead77464c5a85e4023f6cb25caf20271404e
training,logs/training/br-superhuman-reimu-combat-context-20261001,logs/training/br-superhuman-reimu-combat-context-20261001/config.yaml,4509,d8256ee56c0a10acad0e25e17ff1b2aa3b844c55393784b191541ddab62a3a3d
training,logs/training/br-superhuman-reimu-combat-context-20261001,logs/training/br-superhuman-reimu-combat-context-20261001/identity.json,39607,353e3bd9088ac3c3456ef743be1694b832bd6e2f6ff5ece28142e3086766d3e3
training,logs/training/br-superhuman-reimu-combat-context-20261001,logs/training/br-superhuman-reimu-combat-context-20261001/progress.json,97322,f42128e8e5ee0f291937a374f4c88af34ab7aec70417f3d575780610dfb816b3
training,logs/training/br-superhuman-reimu-combat-context-20261001,logs/training/br-superhuman-reimu-combat-context-20261001/replays/9e9712f1739544be9e8b4f8b16cece2f/episode-00000001-slot-2.json,194,a9a3e0d73f2b4b3a289b611533590fc9a46bc72f579a8f35c5f8df218a44873d
training,logs/training/br-superhuman-reimu-combat-context-20261001,logs/training/br-superhuman-reimu-combat-context-20261001/replays/9e9712f1739544be9e8b4f8b16cece2f/episode-00000002-slot-3.json,194,143d3e60cfe4e276082f2812451edb61c843d131b3dfaa6eb39cd3a6886fff76
training,logs/training/br-superhuman-reimu-combat-context-20261001,logs/training/br-superhuman-reimu-combat-context-20261001/replays/9e9712f1739544be9e8b4f8b16cece2f/episode-00000003-slot-1.json,194,9f20df4f5dc5da39973233424282623b869b7d237a3e009b47729b2f83fc6110
training,logs/training/br-superhuman-reimu-combat-context-20261001,logs/training/br-superhuman-reimu-combat-context-20261001/replays/9e9712f1739544be9e8b4f8b16cece2f/episode-00000004-slot-0.json,194,44b3fc39227d27d39ff03646f3a8b7aa41c55be5c477519bd5c169037ec40e58
training,logs/training/br-superhuman-reimu-combat-context-20261001,logs/training/br-superhuman-reimu-combat-context-20261001/replays/9e9712f1739544be9e8b4f8b16cece2f/episode-00000005-slot-2.json,200,2c283d6ca5578eb9c2e8d6cb4eb092232f7343a0848acab7fd3fac0550b9f953
training,logs/training/br-superhuman-reimu-combat-context-20261001,logs/training/br-superhuman-reimu-combat-context-20261001/replays/9e9712f1739544be9e8b4f8b16cece2f/episode-00000006-slot-1.json,200,bd70983f2809a92a400b0bc46d09052074c1a41a2e1a8408276900622196867d
training,logs/training/br-superhuman-reimu-combat-context-20261001,logs/training/br-superhuman-reimu-combat-context-20261001/replays/9e9712f1739544be9e8b4f8b16cece2f/episode-00000007-slot-3.json,199,82fc95331dcd2ddc14cc36dff54d57f1dff5d1f0a35cf915364654004adc7997
training,logs/training/br-superhuman-reimu-combat-context-20261001,logs/training/br-superhuman-reimu-combat-context-20261001/replays/9e9712f1739544be9e8b4f8b16cece2f/episode-00000008-slot-0.json,200,ec0e0c63e3030579b40951c1890d43f767a15fc3707c9a1a024ea215d9fdad0d
training,logs/training/br-superhuman-reimu-combat-context-20261001,logs/training/br-superhuman-reimu-combat-context-20261001/replays/9e9712f1739544be9e8b4f8b16cece2f/episode-00000009-slot-2.json,200,3343aaffcbef4260cadeaf49878755e7f602816c1b02d6294fa046cfebb0e4ce
training,logs/training/br-superhuman-reimu-combat-context-20261001,logs/training/br-superhuman-reimu-combat-context-20261001/replays/9e9712f1739544be9e8b4f8b16cece2f/episode-00000010-slot-1.json,200,0f29c3d9b92ad3a380dc1054499589398f9a4be1f584341332f6c0247c163ba4
training,logs/training/br-superhuman-reimu-combat-context-20261001,logs/training/br-superhuman-reimu-combat-context-20261001/replays/9e9712f1739544be9e8b4f8b16cece2f/episode-00000011-slot-3.json,199,4462c2ad8f3078db6e315377321bf26c3a28b56ce0c21513808a6c91b6829413
training,logs/training/br-superhuman-reimu-combat-context-20261001,logs/training/br-superhuman-reimu-combat-context-20261001/replays/9e9712f1739544be9e8b4f8b16cece2f/episode-00000012-slot-1.json,199,8561dfe26a9a0103ded2ae44ca74d892ab91608bc390a33b1d819db5bf1cda43
training,logs/training/br-superhuman-reimu-combat-context-20261001,logs/training/br-superhuman-reimu-combat-context-20261001/replays/9e9712f1739544be9e8b4f8b16cece2f/episode-00000013-slot-0.json,199,b44bc66179e91841dd69529c9bce8847f11055e61b272867a6fd41b6400a831f
training,logs/training/br-superhuman-reimu-combat-context-20261001,logs/training/br-superhuman-reimu-combat-context-20261001/replays/9e9712f1739544be9e8b4f8b16cece2f/episode-00000014-slot-2.json,199,bb9d766e882b23a188a0c94df6d7ada35b792400106b703fd507fa11ac360c0c
training,logs/training/br-superhuman-reimu-combat-context-20261001,logs/training/br-superhuman-reimu-combat-context-20261001/replays/9e9712f1739544be9e8b4f8b16cece2f/episode-00000015-slot-1.json,200,17a1260c14dea5107329ff0cdec303096288e08d2acb87014ac693a8921d2c22
training,logs/training/br-superhuman-reimu-combat-context-20261001,logs/training/br-superhuman-reimu-combat-context-20261001/replays/9e9712f1739544be9e8b4f8b16cece2f/episode-00000016-slot-3.json,200,cf266b315073739a584bf629a12a2496d161e0a441f31bff3adab5f6220e0a23
training,logs/training/br-superhuman-reimu-combat-context-20261001,logs/training/br-superhuman-reimu-combat-context-20261001/replays/9e9712f1739544be9e8b4f8b16cece2f/episode-00000017-slot-0.json,200,a4276af3d15f3adbd4d81ce3389ce8cb297c981a34c93dfd312c4e2c78d566c4
training,logs/training/br-superhuman-reimu-combat-context-20261001,logs/training/br-superhuman-reimu-combat-context-20261001/replays/9e9712f1739544be9e8b4f8b16cece2f/episode-00000018-slot-2.json,200,0ee42b2c84517b359faae2ce0e338b7ab91a78f437d47699430a7a0054719a3a
training,logs/training/br-superhuman-reimu-combat-context-20261001,logs/training/br-superhuman-reimu-combat-context-20261001/replays/9e9712f1739544be9e8b4f8b16cece2f/episode-00000019-slot-1.json,200,4c505e6d08cd6f5cb986b5bacde3c530b980e7c988d7248e183da396fe86d3f8
training,logs/training/br-superhuman-reimu-combat-context-20261001,logs/training/br-superhuman-reimu-combat-context-20261001/replays/9e9712f1739544be9e8b4f8b16cece2f/episode-00000020-slot-3.json,200,f09e35f9b8e0449e3c6312e4a55f4e718f6abd5ccf1e88a4a45001611112bd07
training,logs/training/br-superhuman-reimu-combat-context-20261001,logs/training/br-superhuman-reimu-combat-context-20261001/replays/9e9712f1739544be9e8b4f8b16cece2f/episode-00000021-slot-0.json,200,1f8543c30fc4624482bf291c96447db3333b2248c9aac10152215811d60f0c59
training,logs/training/br-superhuman-reimu-combat-context-20261001,logs/training/br-superhuman-reimu-combat-context-20261001/replays/9e9712f1739544be9e8b4f8b16cece2f/episode-00000022-slot-1.json,200,b7edb9bf09bd29eb88541dff8645110550038fd2bfbb46f5015b6d5be7c4bb67
training,logs/training/br-superhuman-reimu-combat-context-20261001,logs/training/br-superhuman-reimu-combat-context-20261001/replays/9e9712f1739544be9e8b4f8b16cece2f/episode-00000023-slot-2.json,200,22e9f4843f149af825bb4fb7ee6e40d2abd61bd8b8c269ed63c5c0477536b57f
training,logs/training/br-superhuman-reimu-combat-context-20261001,logs/training/br-superhuman-reimu-combat-context-20261001/replays/9e9712f1739544be9e8b4f8b16cece2f/episode-00000024-slot-1.json,200,853dfe6f2b1c1a3421bf9530babfbf84f5a300d8f3155eb8e6a2ddc20e04bc9a
training,logs/training/br-superhuman-reimu-combat-context-20261001,logs/training/br-superhuman-reimu-combat-context-20261001/replays/9e9712f1739544be9e8b4f8b16cece2f/episode-00000025-slot-3.json,200,369708a2dd766d26a7c32749f92405f9145719e4bed54cd37b0fc84d40e87803
training,logs/training/br-superhuman-reimu-combat-context-20261001,logs/training/br-superhuman-reimu-combat-context-20261001/replays/9e9712f1739544be9e8b4f8b16cece2f/episode-00000026-slot-2.json,200,513701ffcd7ce766630c00d38a43d90457e46b96ac7894895de2bc7fd18cbc1e
training,logs/training/br-superhuman-reimu-combat-context-20261001,logs/training/br-superhuman-reimu-combat-context-20261001/replays/9e9712f1739544be9e8b4f8b16cece2f/episode-00000027-slot-0.json,199,3898c1cbc4087b87e3c78a5dd36ca9d7ab84321510e67001f5b6dff7ee72134b
training,logs/training/br-superhuman-reimu-combat-context-20261001,logs/training/br-superhuman-reimu-combat-context-20261001/replays/9e9712f1739544be9e8b4f8b16cece2f/episode-00000028-slot-3.json,200,61cf6547af3f241a91f3537ff1d8f7def2036abae4b6ebd26158cdb3787280bb
training,logs/training/br-superhuman-reimu-combat-context-20261001,logs/training/br-superhuman-reimu-combat-context-20261001/replays/9e9712f1739544be9e8b4f8b16cece2f/episode-00000029-slot-1.json,200,58f22eecc7e208d1abc2fc655c9f3fe1cea40bcf90991013be5cb711ac948c7c
training,logs/training/br-superhuman-reimu-combat-context-20261001,logs/training/br-superhuman-reimu-combat-context-20261001/replays/9e9712f1739544be9e8b4f8b16cece2f/episode-00000030-slot-0.json,200,4d22ed057770d864d1fa92d76ee95bf04b3dce3f9835699687d7def7ae53dfae
training,logs/training/br-superhuman-reimu-combat-context-20261001,logs/training/br-superhuman-reimu-combat-context-20261001/replays/9e9712f1739544be9e8b4f8b16cece2f/episode-00000031-slot-2.json,199,bf722680f5a99be08173c8838afdb2c7150fe452241c117b08d2f13de63df1a6
training,logs/training/br-superhuman-reimu-combat-context-20261001,logs/training/br-superhuman-reimu-combat-context-20261001/replays/9e9712f1739544be9e8b4f8b16cece2f/episode-00000032-slot-1.json,200,2660724b174f9df54f502e51650f1c8f5aa39f8ec84798a3422773e6d3d9a3de
training,logs/training/br-superhuman-reimu-combat-context-20261001,logs/training/br-superhuman-reimu-combat-context-20261001/replays/9e9712f1739544be9e8b4f8b16cece2f/episode-00000033-slot-0.json,198,085f383ff10248dea781e6d6096de915a2b47693f9b54a28d224ef633fab2055
training,logs/training/br-superhuman-reimu-combat-context-20261001,logs/training/br-superhuman-reimu-combat-context-20261001/replays/9e9712f1739544be9e8b4f8b16cece2f/episode-00000034-slot-1.json,197,2583fd141439c037e03769cd6c198b1eaff5570ab8b6a0ea81e1acd1c9423462
training,logs/training/br-superhuman-reimu-combat-context-20261001,logs/training/br-superhuman-reimu-combat-context-20261001/replays/9e9712f1739544be9e8b4f8b16cece2f/episode-00000035-slot-2.json,198,a7c08cc8f6fadb85425716a8ea2d59dda03c596758fe340f153fda64561e4152
training,logs/training/br-superhuman-reimu-combat-context-20261001,logs/training/br-superhuman-reimu-combat-context-20261001/replays/9e9712f1739544be9e8b4f8b16cece2f/episode-00000036-slot-3.json,199,88af93c9a42056f45b3e2e12db703ca84fe1e136588170949132462fbb2ababb
training,logs/training/br-superhuman-reimu-combat-context-20261001,logs/training/br-superhuman-reimu-combat-context-20261001/result.json,750,6bb42555fcc8728c7a9416433319d69140d1e78fa6956499323a1dd8b22246b5
training,logs/training/br-superhuman-reimu-combat-context-20261001,logs/training/br-superhuman-reimu-combat-context-20261001/scalars/progress.csv,4433,92548d0bdf88b4b59cf592d8e7d2494956cae3f1d2dd93575a83cd57fca7f5b4
training,logs/training/br-superhuman-reimu-combat-context-20261001,logs/training/br-superhuman-reimu-combat-context-20261001/timing.json,2789,7c4ec2681ed7bfbb5a96a1c794b9f2993e90698a025affc4fdb9579e2ad8cae0
training,logs/training/br-superhuman-reimu-combat-context-long-20261001,logs/training/br-superhuman-reimu-combat-context-long-20261001/config.yaml,4688,60fe4c0917e95856f577f3eca1fbd782388755f0f1be7e5ebcfe3ae51b79a9a0
training,logs/training/br-superhuman-reimu-combat-context-long-20261001,logs/training/br-superhuman-reimu-combat-context-long-20261001/identity.json,40045,e868ac09117289177c2d2c4792351c754fe541b88bc0dadaaa91383b4f20e029
training,logs/training/br-superhuman-reimu-combat-context-long-20261001,logs/training/br-superhuman-reimu-combat-context-long-20261001/progress.json,178692,a4a2823dbde0552273fa9711349c1dc663de994534b67c619ff1a9ade61b3cc4
training,logs/training/br-superhuman-reimu-combat-context-long-20261001,logs/training/br-superhuman-reimu-combat-context-long-20261001/replays/ffef8f93d32d41da8fd5d89e91a983d9/episode-00000001-slot-3.json,194,0811db9249b400877156dbf6f39780795464dbac8232e3c49075cd34f0ea59d1
training,logs/training/br-superhuman-reimu-combat-context-long-20261001,logs/training/br-superhuman-reimu-combat-context-long-20261001/replays/ffef8f93d32d41da8fd5d89e91a983d9/episode-00000002-slot-0.json,194,c7899cbe39de0206e7630f9368c0a4d5d35c614cb1f1242ce17765eb9e442bc3
training,logs/training/br-superhuman-reimu-combat-context-long-20261001,logs/training/br-superhuman-reimu-combat-context-long-20261001/replays/ffef8f93d32d41da8fd5d89e91a983d9/episode-00000003-slot-2.json,194,7ef50574400285ee31da2c1b303837074e04e1c1ab8fe9700103bdadb29c67bb
training,logs/training/br-superhuman-reimu-combat-context-long-20261001,logs/training/br-superhuman-reimu-combat-context-long-20261001/replays/ffef8f93d32d41da8fd5d89e91a983d9/episode-00000004-slot-1.json,194,7e6e667fac5ef30f111aa04be43804afd053b0573cb38c3000376b51062ad050
training,logs/training/br-superhuman-reimu-combat-context-long-20261001,logs/training/br-superhuman-reimu-combat-context-long-20261001/replays/ffef8f93d32d41da8fd5d89e91a983d9/episode-00000005-slot-3.json,200,bfbe7d9bbfbf304335f9486c65c46f084db10948fd482fd1315c97e1a11c1aa5
training,logs/training/br-superhuman-reimu-combat-context-long-20261001,logs/training/br-superhuman-reimu-combat-context-long-20261001/replays/ffef8f93d32d41da8fd5d89e91a983d9/episode-00000006-slot-2.json,200,76e7d50f836d414a3da608e4846ce850a050b3be97a7addd2a5ca493516cde46
training,logs/training/br-superhuman-reimu-combat-context-long-20261001,logs/training/br-superhuman-reimu-combat-context-long-20261001/replays/ffef8f93d32d41da8fd5d89e91a983d9/episode-00000007-slot-0.json,199,0efe35a138fab1c66f468c4494ba197bcfcdbe8e9a4a7090679886f198529cf7
training,logs/training/br-superhuman-reimu-combat-context-long-20261001,logs/training/br-superhuman-reimu-combat-context-long-20261001/replays/ffef8f93d32d41da8fd5d89e91a983d9/episode-00000008-slot-1.json,200,69d69349c47ff9d419f4870479283e78923a733804dac06f77074fb91a628a95
training,logs/training/br-superhuman-reimu-combat-context-long-20261001,logs/training/br-superhuman-reimu-combat-context-long-20261001/replays/ffef8f93d32d41da8fd5d89e91a983d9/episode-00000009-slot-2.json,200,232a9224beb63ced7d2ef93940a14fc0df13d7f1cbbe0eeb045465266f482825
training,logs/training/br-superhuman-reimu-combat-context-long-20261001,logs/training/br-superhuman-reimu-combat-context-long-20261001/replays/ffef8f93d32d41da8fd5d89e91a983d9/episode-00000010-slot-3.json,200,35225b28cab00df32309539dcd760b0e650be216311651e67e48db87ca0f0de1
training,logs/training/br-superhuman-reimu-combat-context-long-20261001,logs/training/br-superhuman-reimu-combat-context-long-20261001/replays/ffef8f93d32d41da8fd5d89e91a983d9/episode-00000011-slot-0.json,199,d3bc3aebac7151f79bcc21afa58cda0b3d65e30cc6fba398ea3d8f373453d62a
training,logs/training/br-superhuman-reimu-combat-context-long-20261001,logs/training/br-superhuman-reimu-combat-context-long-20261001/replays/ffef8f93d32d41da8fd5d89e91a983d9/episode-00000012-slot-2.json,199,4d684b46047456e7fc83a74671e681d9466a773b743460a1601d47856d3b4111
training,logs/training/br-superhuman-reimu-combat-context-long-20261001,logs/training/br-superhuman-reimu-combat-context-long-20261001/replays/ffef8f93d32d41da8fd5d89e91a983d9/episode-00000013-slot-1.json,199,e856c4a29bfb6abd77a8648913ea92e25ceaaaa095e2d1f8e87304717c78b0a8
training,logs/training/br-superhuman-reimu-combat-context-long-20261001,logs/training/br-superhuman-reimu-combat-context-long-20261001/replays/ffef8f93d32d41da8fd5d89e91a983d9/episode-00000014-slot-3.json,199,415f8a295b55214e56870fd92356c81c2a52e8d4e134e04f0c6ea82f3e186d98
training,logs/training/br-superhuman-reimu-combat-context-long-20261001,logs/training/br-superhuman-reimu-combat-context-long-20261001/replays/ffef8f93d32d41da8fd5d89e91a983d9/episode-00000015-slot-0.json,200,4523d5200ef8892a85e6a4cd4647e832ea77804f698c6df15e12991fdcfa2d4e
training,logs/training/br-superhuman-reimu-combat-context-long-20261001,logs/training/br-superhuman-reimu-combat-context-long-20261001/replays/ffef8f93d32d41da8fd5d89e91a983d9/episode-00000016-slot-2.json,200,b8f279999235cd80e75a6ec04f7bca71070e02e14fa71a65c3bc167b5d14b89b
training,logs/training/br-superhuman-reimu-combat-context-long-20261001,logs/training/br-superhuman-reimu-combat-context-long-20261001/replays/ffef8f93d32d41da8fd5d89e91a983d9/episode-00000017-slot-3.json,200,72098e913f091c37b5d5cebd2693ed1003bccd8a83b453804c8d373d06b5a094
training,logs/training/br-superhuman-reimu-combat-context-long-20261001,logs/training/br-superhuman-reimu-combat-context-long-20261001/replays/ffef8f93d32d41da8fd5d89e91a983d9/episode-00000018-slot-1.json,200,c7ba5446d91a07ea15baca9180cf301aa382adfae2525d8de65af7bd3dbd9b65
training,logs/training/br-superhuman-reimu-combat-context-long-20261001,logs/training/br-superhuman-reimu-combat-context-long-20261001/replays/ffef8f93d32d41da8fd5d89e91a983d9/episode-00000019-slot-0.json,200,27885e55433643de59e68b8045c256383438b8f48f1456244f9dde4ad22d2161
training,logs/training/br-superhuman-reimu-combat-context-long-20261001,logs/training/br-superhuman-reimu-combat-context-long-20261001/replays/ffef8f93d32d41da8fd5d89e91a983d9/episode-00000020-slot-1.json,200,7a6fc5d871ef66e5ea2293f51e484f543513ffad7931fd87da2a516099dfd7bb
training,logs/training/br-superhuman-reimu-combat-context-long-20261001,logs/training/br-superhuman-reimu-combat-context-long-20261001/replays/ffef8f93d32d41da8fd5d89e91a983d9/episode-00000021-slot-3.json,200,58d378ffb336051611ff4b2b82632428ac9266ccb25077c081532ee1e146860e
training,logs/training/br-superhuman-reimu-combat-context-long-20261001,logs/training/br-superhuman-reimu-combat-context-long-20261001/replays/ffef8f93d32d41da8fd5d89e91a983d9/episode-00000022-slot-2.json,200,1f6fa904da247684c5c8d3194928a9224ce0f5e888c494387783ce81021b070f
training,logs/training/br-superhuman-reimu-combat-context-long-20261001,logs/training/br-superhuman-reimu-combat-context-long-20261001/replays/ffef8f93d32d41da8fd5d89e91a983d9/episode-00000023-slot-0.json,200,718613461621438caa40bec216c0ebbeb5973928dc69195dfc314d003c7029ef
training,logs/training/br-superhuman-reimu-combat-context-long-20261001,logs/training/br-superhuman-reimu-combat-context-long-20261001/replays/ffef8f93d32d41da8fd5d89e91a983d9/episode-00000024-slot-1.json,200,77629bc268148d9cd0655c5fa325f34b5646fb6b284322f2e216f931472fd2fd
training,logs/training/br-superhuman-reimu-combat-context-long-20261001,logs/training/br-superhuman-reimu-combat-context-long-20261001/replays/ffef8f93d32d41da8fd5d89e91a983d9/episode-00000025-slot-2.json,200,2e006007389a3b189dac09bccf12782954a46cdf5eb08b208b13864828b47fea
training,logs/training/br-superhuman-reimu-combat-context-long-20261001,logs/training/br-superhuman-reimu-combat-context-long-20261001/replays/ffef8f93d32d41da8fd5d89e91a983d9/episode-00000026-slot-3.json,199,e87bb935aa29210576874988f5464161556873801b69f4e196ccd90e534e341f
training,logs/training/br-superhuman-reimu-combat-context-long-20261001,logs/training/br-superhuman-reimu-combat-context-long-20261001/replays/ffef8f93d32d41da8fd5d89e91a983d9/episode-00000027-slot-0.json,200,73c8b57e0c5646dbbadcb34c2026a7525bc970d448982374396a3fbfee9c6847
training,logs/training/br-superhuman-reimu-combat-context-long-20261001,logs/training/br-superhuman-reimu-combat-context-long-20261001/replays/ffef8f93d32d41da8fd5d89e91a983d9/episode-00000028-slot-1.json,200,cbbd3fd3339d9940b660df3beef7f21b79b9025eb815ab44e643616f722d46a4
training,logs/training/br-superhuman-reimu-combat-context-long-20261001,logs/training/br-superhuman-reimu-combat-context-long-20261001/replays/ffef8f93d32d41da8fd5d89e91a983d9/episode-00000029-slot-2.json,200,7a0ba4a33df08c83d9078fcc9a612f8478c644d674c84944d8e7a34e1b7c6429
training,logs/training/br-superhuman-reimu-combat-context-long-20261001,logs/training/br-superhuman-reimu-combat-context-long-20261001/replays/ffef8f93d32d41da8fd5d89e91a983d9/episode-00000030-slot-3.json,199,930581171ea73694065518da978e6e49a4bfd574f9cc804ce19985be3803b7ee
training,logs/training/br-superhuman-reimu-combat-context-long-20261001,logs/training/br-superhuman-reimu-combat-context-long-20261001/replays/ffef8f93d32d41da8fd5d89e91a983d9/episode-00000031-slot-0.json,200,63386ba44c4a7c65a013406d489beb1541a7fae5cf3c5969a1967f37513356bd
training,logs/training/br-superhuman-reimu-combat-context-long-20261001,logs/training/br-superhuman-reimu-combat-context-long-20261001/replays/ffef8f93d32d41da8fd5d89e91a983d9/episode-00000032-slot-3.json,199,1250dea6416fb70d185db6f3bc801b327c026a35f37327d40e347a195946d74a
training,logs/training/br-superhuman-reimu-combat-context-long-20261001,logs/training/br-superhuman-reimu-combat-context-long-20261001/replays/ffef8f93d32d41da8fd5d89e91a983d9/episode-00000033-slot-1.json,200,ba8209ac55e30fbfa05792cbbd661a00afb1754b71735c71937e18e1e5a443c8
training,logs/training/br-superhuman-reimu-combat-context-long-20261001,logs/training/br-superhuman-reimu-combat-context-long-20261001/replays/ffef8f93d32d41da8fd5d89e91a983d9/episode-00000034-slot-2.json,200,55cb7250f845e028b035ae4d99301200cb9acf8adcc644dc028daf9ae4a2af7d
training,logs/training/br-superhuman-reimu-combat-context-long-20261001,logs/training/br-superhuman-reimu-combat-context-long-20261001/replays/ffef8f93d32d41da8fd5d89e91a983d9/episode-00000035-slot-0.json,199,3f7cc2e1ea304d00a0f9ee85f9012e860b973db64d6aa569164e7e97e97dd56a
training,logs/training/br-superhuman-reimu-combat-context-long-20261001,logs/training/br-superhuman-reimu-combat-context-long-20261001/replays/ffef8f93d32d41da8fd5d89e91a983d9/episode-00000036-slot-3.json,199,c0f76a09b8726ae10e9c92cbd919cdea53c976188a10ba42c35e5ef428a54e49
training,logs/training/br-superhuman-reimu-combat-context-long-20261001,logs/training/br-superhuman-reimu-combat-context-long-20261001/replays/ffef8f93d32d41da8fd5d89e91a983d9/episode-00000037-slot-1.json,200,b146d81e70e36dff1d3487fb6d3bdc56a893ef2e274fa53760eaaf3d67e4f4e4
training,logs/training/br-superhuman-reimu-combat-context-long-20261001,logs/training/br-superhuman-reimu-combat-context-long-20261001/replays/ffef8f93d32d41da8fd5d89e91a983d9/episode-00000038-slot-2.json,200,d66a417ffcecc751b96d412ece572008958dacbcb23f7f3607d098d26faaeeec
training,logs/training/br-superhuman-reimu-combat-context-long-20261001,logs/training/br-superhuman-reimu-combat-context-long-20261001/replays/ffef8f93d32d41da8fd5d89e91a983d9/episode-00000039-slot-2.json,200,970bd4337bf036ba75b66e14cc9995ff03cb47d71441a150588b4ebf5e7b7262
training,logs/training/br-superhuman-reimu-combat-context-long-20261001,logs/training/br-superhuman-reimu-combat-context-long-20261001/replays/ffef8f93d32d41da8fd5d89e91a983d9/episode-00000040-slot-0.json,200,5a96d4c021e56cc62377f644f1b5d1258d893f40d38136bf5e5867e809cb20e9
training,logs/training/br-superhuman-reimu-combat-context-long-20261001,logs/training/br-superhuman-reimu-combat-context-long-20261001/replays/ffef8f93d32d41da8fd5d89e91a983d9/episode-00000041-slot-3.json,200,f64d44baa6e498437ff05c6c873a43934809c2177bf5867352d692796f0901e9
training,logs/training/br-superhuman-reimu-combat-context-long-20261001,logs/training/br-superhuman-reimu-combat-context-long-20261001/replays/ffef8f93d32d41da8fd5d89e91a983d9/episode-00000042-slot-1.json,200,6d1db804c20b8e1dd71d9b02762048523d433403fd6a0ba7b3329541ea54e1a4
training,logs/training/br-superhuman-reimu-combat-context-long-20261001,logs/training/br-superhuman-reimu-combat-context-long-20261001/replays/ffef8f93d32d41da8fd5d89e91a983d9/episode-00000043-slot-2.json,200,d506e21ab02ed610f66c845546388ed1c42040f9d0a048b2dbf2302760f5975f
training,logs/training/br-superhuman-reimu-combat-context-long-20261001,logs/training/br-superhuman-reimu-combat-context-long-20261001/replays/ffef8f93d32d41da8fd5d89e91a983d9/episode-00000044-slot-1.json,200,262981eb9ec3cfa99ace4ba4a8f0e1435aacdbd6c0f274058797ecb1eb74fe7f
training,logs/training/br-superhuman-reimu-combat-context-long-20261001,logs/training/br-superhuman-reimu-combat-context-long-20261001/replays/ffef8f93d32d41da8fd5d89e91a983d9/episode-00000045-slot-0.json,200,4a0f6815beb360869f4609d4e5554cb68138387b011446ed301c854da32a4c6a
training,logs/training/br-superhuman-reimu-combat-context-long-20261001,logs/training/br-superhuman-reimu-combat-context-long-20261001/replays/ffef8f93d32d41da8fd5d89e91a983d9/episode-00000046-slot-3.json,199,8ac6d62250b9cbf47789a0468102062137d60369dbcf620a9af98fd30eb4aca1
training,logs/training/br-superhuman-reimu-combat-context-long-20261001,logs/training/br-superhuman-reimu-combat-context-long-20261001/replays/ffef8f93d32d41da8fd5d89e91a983d9/episode-00000047-slot-2.json,199,e996ec15f84e9311c783e04f72513fe6702418cb13b9d60576fd1680a28d2d65
training,logs/training/br-superhuman-reimu-combat-context-long-20261001,logs/training/br-superhuman-reimu-combat-context-long-20261001/replays/ffef8f93d32d41da8fd5d89e91a983d9/episode-00000048-slot-1.json,200,2d6f77ef62988d80bd852a380d4473bfda8409d275e8eba10bee7b8ccd53a9a4
training,logs/training/br-superhuman-reimu-combat-context-long-20261001,logs/training/br-superhuman-reimu-combat-context-long-20261001/replays/ffef8f93d32d41da8fd5d89e91a983d9/episode-00000049-slot-0.json,200,8760ec9bba89a64d5c9e7d9b57109375620b0b22735b1d81033eb8702e986242
training,logs/training/br-superhuman-reimu-combat-context-long-20261001,logs/training/br-superhuman-reimu-combat-context-long-20261001/replays/ffef8f93d32d41da8fd5d89e91a983d9/episode-00000050-slot-3.json,200,2e69c47442895f476c6ad78151821212a3cad4f8e6eb4b4238749fa0e0d940ab
training,logs/training/br-superhuman-reimu-combat-context-long-20261001,logs/training/br-superhuman-reimu-combat-context-long-20261001/replays/ffef8f93d32d41da8fd5d89e91a983d9/episode-00000051-slot-2.json,200,44b4319946d3a89f9943d91a6377cdebced518612c19fbe612ae618cd0a45017
training,logs/training/br-superhuman-reimu-combat-context-long-20261001,logs/training/br-superhuman-reimu-combat-context-long-20261001/replays/ffef8f93d32d41da8fd5d89e91a983d9/episode-00000052-slot-1.json,200,b7f92388e42ce3298f4081c29069855e3c49b7b160daf256f2e3cd9fa99f8544
training,logs/training/br-superhuman-reimu-combat-context-long-20261001,logs/training/br-superhuman-reimu-combat-context-long-20261001/replays/ffef8f93d32d41da8fd5d89e91a983d9/episode-00000053-slot-3.json,199,17b348626ec7fc41f222e0cc62721df0af9264749f2238a7248f48424f7bdc9a
training,logs/training/br-superhuman-reimu-combat-context-long-20261001,logs/training/br-superhuman-reimu-combat-context-long-20261001/replays/ffef8f93d32d41da8fd5d89e91a983d9/episode-00000054-slot-2.json,200,6ccfede5e5022f5db78cbcb52991aa4b02eaac0e94c358cd9ea4f265284b279e
training,logs/training/br-superhuman-reimu-combat-context-long-20261001,logs/training/br-superhuman-reimu-combat-context-long-20261001/replays/ffef8f93d32d41da8fd5d89e91a983d9/episode-00000055-slot-0.json,200,b70a23019ea1be881bdbe8e924f0dd8a76f2b96fc23a6324d230e74784dfc463
training,logs/training/br-superhuman-reimu-combat-context-long-20261001,logs/training/br-superhuman-reimu-combat-context-long-20261001/replays/ffef8f93d32d41da8fd5d89e91a983d9/episode-00000056-slot-1.json,200,d8dc4e048b996e21d572652b9b1388bdbe677e6ddf3ebd58d5700d3e69234ce7
training,logs/training/br-superhuman-reimu-combat-context-long-20261001,logs/training/br-superhuman-reimu-combat-context-long-20261001/replays/ffef8f93d32d41da8fd5d89e91a983d9/episode-00000057-slot-0.json,200,9be26ffe318c546a86e77e5a1dc7dcc56b51841969b125ff2972eee94c09248d
training,logs/training/br-superhuman-reimu-combat-context-long-20261001,logs/training/br-superhuman-reimu-combat-context-long-20261001/replays/ffef8f93d32d41da8fd5d89e91a983d9/episode-00000058-slot-2.json,200,1aed2fe8a8cb246c9e2f47575e48cd1317a747f98c792bfae862f600d4f03ac0
training,logs/training/br-superhuman-reimu-combat-context-long-20261001,logs/training/br-superhuman-reimu-combat-context-long-20261001/replays/ffef8f93d32d41da8fd5d89e91a983d9/episode-00000059-slot-3.json,198,9ea452c3a21eaf74910dddcee92f7a2e362a3085201d6b2d5d923e73dccf3368
training,logs/training/br-superhuman-reimu-combat-context-long-20261001,logs/training/br-superhuman-reimu-combat-context-long-20261001/replays/ffef8f93d32d41da8fd5d89e91a983d9/episode-00000060-slot-1.json,200,6396f7b7d3a0a7a36ae3fd91f67cf8044256224df29884e825a9181e15b765b8
training,logs/training/br-superhuman-reimu-combat-context-long-20261001,logs/training/br-superhuman-reimu-combat-context-long-20261001/replays/ffef8f93d32d41da8fd5d89e91a983d9/episode-00000061-slot-0.json,200,1ec1af2a3244699ee26b23f8b1fdd34fc7ab792835b5ce28fdec88a42168d804
training,logs/training/br-superhuman-reimu-combat-context-long-20261001,logs/training/br-superhuman-reimu-combat-context-long-20261001/replays/ffef8f93d32d41da8fd5d89e91a983d9/episode-00000062-slot-3.json,200,a8a66b74b3e1cea2d016737acc535327f0630a48bdc1db30a30c1f076dfb5427
training,logs/training/br-superhuman-reimu-combat-context-long-20261001,logs/training/br-superhuman-reimu-combat-context-long-20261001/replays/ffef8f93d32d41da8fd5d89e91a983d9/episode-00000063-slot-2.json,200,45c61193403a4dfa113f0f33e86c5b48497bb520017f85fe6bab863b27af0312
training,logs/training/br-superhuman-reimu-combat-context-long-20261001,logs/training/br-superhuman-reimu-combat-context-long-20261001/replays/ffef8f93d32d41da8fd5d89e91a983d9/episode-00000064-slot-0.json,199,6b32c1f1c5fe8374f0941be356789cdc948626297274ea342c0c9ae8f956ab97
training,logs/training/br-superhuman-reimu-combat-context-long-20261001,logs/training/br-superhuman-reimu-combat-context-long-20261001/replays/ffef8f93d32d41da8fd5d89e91a983d9/episode-00000065-slot-1.json,199,635c968098a22e8997077c85521c099b7ec9e0acffd360a9bffee893a2da7787
training,logs/training/br-superhuman-reimu-combat-context-long-20261001,logs/training/br-superhuman-reimu-combat-context-long-20261001/replays/ffef8f93d32d41da8fd5d89e91a983d9/episode-00000066-slot-3.json,198,74941b2da3ca7add40c7e51948ad973243551213e0eaa2f463ba6f11f039651d
training,logs/training/br-superhuman-reimu-combat-context-long-20261001,logs/training/br-superhuman-reimu-combat-context-long-20261001/result.json,1715,8003587b70c0b4b86efa468a5c8582d7b77f105f75f331e638f4e327ad47867a
training,logs/training/br-superhuman-reimu-combat-context-long-20261001,logs/training/br-superhuman-reimu-combat-context-long-20261001/scalars/progress.csv,7931,7e68c80b8735e8d8423796349d19f397057111711041b969f10c56da165a76c0
training,logs/training/br-superhuman-reimu-combat-context-long-20261001,logs/training/br-superhuman-reimu-combat-context-long-20261001/timing.json,5155,4d253e834ee92fd75d0f8c1120de850f40b58f0700581a0d91dcc246b01b11da
training,logs/training/br-superhuman-reimu-noise90-warmup-20261001,logs/training/br-superhuman-reimu-noise90-warmup-20261001/config.yaml,4633,9151b61016eed0742aa8e7f3a397b2187f74b0c76c2d8508e8c5a0cd67effc87
training,logs/training/br-superhuman-reimu-noise90-warmup-20261001,logs/training/br-superhuman-reimu-noise90-warmup-20261001/identity.json,40269,70ddd254ea3f244168417288cd2e6e94d03afcdcc33252cc80866852eb59557d
training,logs/training/br-superhuman-reimu-noise90-warmup-20261001,logs/training/br-superhuman-reimu-noise90-warmup-20261001/progress.json,39218,fde55e4585228a506c43abb1f3295a1c3ca4eca840a6254e8548a72bd087a885
training,logs/training/br-superhuman-reimu-noise90-warmup-20261001,logs/training/br-superhuman-reimu-noise90-warmup-20261001/replays/6d56f5d195dc4368887b24f769ba1edf/episode-00000001-slot-3.json,194,aed3543ea3a2f4627e5ec152234faf04b596a980eac13746ec0a7e61162c6118
training,logs/training/br-superhuman-reimu-noise90-warmup-20261001,logs/training/br-superhuman-reimu-noise90-warmup-20261001/replays/6d56f5d195dc4368887b24f769ba1edf/episode-00000002-slot-1.json,194,d1bf60d845c800f43b21fa82f0d183650bf036695d8686a54b6d565f29efc9e3
training,logs/training/br-superhuman-reimu-noise90-warmup-20261001,logs/training/br-superhuman-reimu-noise90-warmup-20261001/replays/6d56f5d195dc4368887b24f769ba1edf/episode-00000003-slot-2.json,194,f3d2ed26f78bd14381cedd98ee61e0cf3d7493edcb96eabd4892bc51b98b0f75
training,logs/training/br-superhuman-reimu-noise90-warmup-20261001,logs/training/br-superhuman-reimu-noise90-warmup-20261001/replays/6d56f5d195dc4368887b24f769ba1edf/episode-00000004-slot-0.json,194,925a3d5d1f0359000a416647a196168b7f6a3101deb30d4db2b351a54ba5c7a5
training,logs/training/br-superhuman-reimu-noise90-warmup-20261001,logs/training/br-superhuman-reimu-noise90-warmup-20261001/replays/6d56f5d195dc4368887b24f769ba1edf/episode-00000005-slot-1.json,199,d69227ec5cc8b75125cee97cde6f4207c625544d9241b8b9f78f44664a98b1de
training,logs/training/br-superhuman-reimu-noise90-warmup-20261001,logs/training/br-superhuman-reimu-noise90-warmup-20261001/replays/6d56f5d195dc4368887b24f769ba1edf/episode-00000006-slot-3.json,200,7333cc19fbc9778369760cb62d0ba101bc571d90de4a6ff2d352c2c995096ba8
training,logs/training/br-superhuman-reimu-noise90-warmup-20261001,logs/training/br-superhuman-reimu-noise90-warmup-20261001/replays/6d56f5d195dc4368887b24f769ba1edf/episode-00000007-slot-0.json,200,4dba2ccbf39c51eac396382db7cbe29fd87c448427f4fd8805d696e0a0af19a0
training,logs/training/br-superhuman-reimu-noise90-warmup-20261001,logs/training/br-superhuman-reimu-noise90-warmup-20261001/replays/6d56f5d195dc4368887b24f769ba1edf/episode-00000008-slot-2.json,200,1265b62ff5cfea3f7ecf51dcd78b130c04ad2f2bb14a76cd65066a46b4c86825
training,logs/training/br-superhuman-reimu-noise90-warmup-20261001,logs/training/br-superhuman-reimu-noise90-warmup-20261001/replays/6d56f5d195dc4368887b24f769ba1edf/episode-00000009-slot-1.json,200,4638c2e073db7fcde40979d883cb7518418d2e2f9727574a2b32d6e60a624d9d
training,logs/training/br-superhuman-reimu-noise90-warmup-20261001,logs/training/br-superhuman-reimu-noise90-warmup-20261001/replays/6d56f5d195dc4368887b24f769ba1edf/episode-00000010-slot-3.json,200,9a25dba959d7ed912413348c47d13b6fdc3ea4e44e65aafd42aee80031aeef81
training,logs/training/br-superhuman-reimu-noise90-warmup-20261001,logs/training/br-superhuman-reimu-noise90-warmup-20261001/replays/6d56f5d195dc4368887b24f769ba1edf/episode-00000011-slot-0.json,198,7dc272c7e2a6639ccebbac26d0670307c177db600a0150136489f4bded8d4296
training,logs/training/br-superhuman-reimu-noise90-warmup-20261001,logs/training/br-superhuman-reimu-noise90-warmup-20261001/replays/6d56f5d195dc4368887b24f769ba1edf/episode-00000012-slot-1.json,198,a96a8414247c7f5c8b8ec9677892c666b6787faf3533bced2f369c007726fcc3
training,logs/training/br-superhuman-reimu-noise90-warmup-20261001,logs/training/br-superhuman-reimu-noise90-warmup-20261001/replays/6d56f5d195dc4368887b24f769ba1edf/episode-00000013-slot-2.json,198,0cb476ffd47ac3b1c0aba12e2c4b51c4d039f7edef1e1cc3247107262d8e2e9a
training,logs/training/br-superhuman-reimu-noise90-warmup-20261001,logs/training/br-superhuman-reimu-noise90-warmup-20261001/replays/6d56f5d195dc4368887b24f769ba1edf/episode-00000014-slot-3.json,198,defce6a071ddb62e28edd3265c6a5f6b16867d7d5260363e397188cdd3d1286c
training,logs/training/br-superhuman-reimu-noise90-warmup-20261001,logs/training/br-superhuman-reimu-noise90-warmup-20261001/result.json,758,5c6033d41c9f240b4dcdb5abb445d96b63b025690b9d0d84ef208ef9acde8a50
training,logs/training/br-superhuman-reimu-noise90-warmup-20261001,logs/training/br-superhuman-reimu-noise90-warmup-20261001/scalars/progress.csv,2312,8cafe0fd628019384cfca3dd178397c818a60328c36242afdcc9d78347be1a02
training,logs/training/br-superhuman-reimu-noise90-warmup-20261001,logs/training/br-superhuman-reimu-noise90-warmup-20261001/timing.json,1593,0a40b5f1770cdffdc4ef6d9a0c6af72eff115f4c8b3fff72b9935a2925896683
training,logs/training/br-superhuman-reimu-persistent-20261001,logs/training/br-superhuman-reimu-persistent-20261001/config.yaml,4725,1cb12b57a2b91f686bd2f94e8ca503cc889c36e492827431ba21a4da08b959fb
training,logs/training/br-superhuman-reimu-persistent-20261001,logs/training/br-superhuman-reimu-persistent-20261001/identity.json,40495,db89f0dd7dbb483ee2c7156547840b9289e9b1bc49f1068c1ab4eb8da2d272cc
training,logs/training/br-superhuman-reimu-persistent-20261001,logs/training/br-superhuman-reimu-persistent-20261001/progress.json,106149,9e04ca33258774a870cb8da4f7c72478523bf93bb8e0b3cef3872ab3fc1512d4
training,logs/training/br-superhuman-reimu-persistent-20261001,logs/training/br-superhuman-reimu-persistent-20261001/replays/f1011d221b0f41c79177754248c985ec/episode-00000001-slot-3.json,194,645ad8d9674649b8de0a10ae3de4ec69bd86750bbf2ab2ffec8f4f3e4439ccc4
training,logs/training/br-superhuman-reimu-persistent-20261001,logs/training/br-superhuman-reimu-persistent-20261001/replays/f1011d221b0f41c79177754248c985ec/episode-00000002-slot-0.json,194,0244ed17b9304b08ed366219ad5241141a7a82d04e265520b00f150e8f83eb3d
training,logs/training/br-superhuman-reimu-persistent-20261001,logs/training/br-superhuman-reimu-persistent-20261001/replays/f1011d221b0f41c79177754248c985ec/episode-00000003-slot-1.json,194,0296e5febf422d3e09c7292aa51121c7413102f1263335460d306bd1159e8c7c
training,logs/training/br-superhuman-reimu-persistent-20261001,logs/training/br-superhuman-reimu-persistent-20261001/replays/f1011d221b0f41c79177754248c985ec/episode-00000004-slot-2.json,194,4c680f2d20c880c8766e18d1f194e812d29571e6bef7fe4da2aff3ab0c12f3d7
training,logs/training/br-superhuman-reimu-persistent-20261001,logs/training/br-superhuman-reimu-persistent-20261001/replays/f1011d221b0f41c79177754248c985ec/episode-00000005-slot-0.json,199,7afcd4eb84afc0878a8356f41afaef5ffe7a02a643f9ad43c17c7793d119f6fd
training,logs/training/br-superhuman-reimu-persistent-20261001,logs/training/br-superhuman-reimu-persistent-20261001/replays/f1011d221b0f41c79177754248c985ec/episode-00000006-slot-1.json,200,2ace4c775624daff00c1fd2e58dd09a2fa209abb1dc34fc9307534d6f43ba982
training,logs/training/br-superhuman-reimu-persistent-20261001,logs/training/br-superhuman-reimu-persistent-20261001/replays/f1011d221b0f41c79177754248c985ec/episode-00000007-slot-2.json,200,f0280aa29367140b0e70b68f4b7431cf7514437cd8b17d6471d9a4260a93217c
training,logs/training/br-superhuman-reimu-persistent-20261001,logs/training/br-superhuman-reimu-persistent-20261001/replays/f1011d221b0f41c79177754248c985ec/episode-00000008-slot-3.json,200,076f6a927d2e9254eb62ddc81c179e88255becc41f9834170c362b07bd3923c6
training,logs/training/br-superhuman-reimu-persistent-20261001,logs/training/br-superhuman-reimu-persistent-20261001/replays/f1011d221b0f41c79177754248c985ec/episode-00000009-slot-0.json,200,50ba195d5e8aee41cceea4052cf18bab4cbd6c7750f637f203e810d7f042a222
training,logs/training/br-superhuman-reimu-persistent-20261001,logs/training/br-superhuman-reimu-persistent-20261001/replays/f1011d221b0f41c79177754248c985ec/episode-00000010-slot-2.json,199,a4974daa559f95caad38d2c36a23e8b35b8057bb4e58c9b67ae68945cbf34182
training,logs/training/br-superhuman-reimu-persistent-20261001,logs/training/br-superhuman-reimu-persistent-20261001/replays/f1011d221b0f41c79177754248c985ec/episode-00000011-slot-1.json,200,7e1d0e9ce92691a7333595bc64a54dca807e33c018218071febc1a567bf3b1de
training,logs/training/br-superhuman-reimu-persistent-20261001,logs/training/br-superhuman-reimu-persistent-20261001/replays/f1011d221b0f41c79177754248c985ec/episode-00000012-slot-3.json,199,4b350acf05f10449cb62199f9708cd609a74374969c40d61504a40583dcbd025
training,logs/training/br-superhuman-reimu-persistent-20261001,logs/training/br-superhuman-reimu-persistent-20261001/replays/f1011d221b0f41c79177754248c985ec/episode-00000013-slot-0.json,199,7a826be8246da49e2660894b5c92fb6e9e3198220fd3beba071726c65372e952
training,logs/training/br-superhuman-reimu-persistent-20261001,logs/training/br-superhuman-reimu-persistent-20261001/replays/f1011d221b0f41c79177754248c985ec/episode-00000014-slot-1.json,200,e7c0913429f82c94138eff269019a3c5a75a5f27a88756c8edbd32dab8db873e
training,logs/training/br-superhuman-reimu-persistent-20261001,logs/training/br-superhuman-reimu-persistent-20261001/replays/f1011d221b0f41c79177754248c985ec/episode-00000015-slot-3.json,200,ad5aa0230f049a2ce7a3ceb20c4071e57d13f0e816b206134b4a4f2f5eaadd5b
training,logs/training/br-superhuman-reimu-persistent-20261001,logs/training/br-superhuman-reimu-persistent-20261001/replays/f1011d221b0f41c79177754248c985ec/episode-00000016-slot-2.json,199,a208e4d07290baffd7936d34f6d87a532bb5404fd15388e1da7c491d922197c7
training,logs/training/br-superhuman-reimu-persistent-20261001,logs/training/br-superhuman-reimu-persistent-20261001/replays/f1011d221b0f41c79177754248c985ec/episode-00000017-slot-0.json,200,f70da00c832aa9db1e334cdb4768675511e11b9fd279ab66a7e992a376113f5b
training,logs/training/br-superhuman-reimu-persistent-20261001,logs/training/br-superhuman-reimu-persistent-20261001/replays/f1011d221b0f41c79177754248c985ec/episode-00000018-slot-2.json,200,546006719dba60125face49566dbed9a709b16fcdc115ab8a5b863b0319fda8c
training,logs/training/br-superhuman-reimu-persistent-20261001,logs/training/br-superhuman-reimu-persistent-20261001/replays/f1011d221b0f41c79177754248c985ec/episode-00000019-slot-1.json,200,2f7ffd9fd41a8cb5ed9a0639221918c01eecfe77640b2f694a4a80b9dcb2668f
training,logs/training/br-superhuman-reimu-persistent-20261001,logs/training/br-superhuman-reimu-persistent-20261001/replays/f1011d221b0f41c79177754248c985ec/episode-00000020-slot-3.json,200,8146c20962fc3594eabea264983a252bc7d8ce2a3b409dd8638fa3b2c22b94db
training,logs/training/br-superhuman-reimu-persistent-20261001,logs/training/br-superhuman-reimu-persistent-20261001/replays/f1011d221b0f41c79177754248c985ec/episode-00000021-slot-2.json,200,4319bea478c9fada62647fd1d09e9aea3815a83b24aaa6ee15796b7002274dfc
training,logs/training/br-superhuman-reimu-persistent-20261001,logs/training/br-superhuman-reimu-persistent-20261001/replays/f1011d221b0f41c79177754248c985ec/episode-00000022-slot-0.json,200,8165866ee545536154ee7202547928f233392d3afac7a00a7b362e758d8e2801
training,logs/training/br-superhuman-reimu-persistent-20261001,logs/training/br-superhuman-reimu-persistent-20261001/replays/f1011d221b0f41c79177754248c985ec/episode-00000023-slot-1.json,200,a5d68f91ad252bc2db07d1120a792633466c6ca57838cea099220ef002c48bc6
training,logs/training/br-superhuman-reimu-persistent-20261001,logs/training/br-superhuman-reimu-persistent-20261001/replays/f1011d221b0f41c79177754248c985ec/episode-00000024-slot-2.json,199,005650dbb4c1c5c975d613c36fb5712d3de48832a2cc418162c67c9db6fe94a7
training,logs/training/br-superhuman-reimu-persistent-20261001,logs/training/br-superhuman-reimu-persistent-20261001/replays/f1011d221b0f41c79177754248c985ec/episode-00000025-slot-3.json,200,23a21292eabdc566286453781cb3643377ae13edd8fd1d8206a9fbb58c4cc000
training,logs/training/br-superhuman-reimu-persistent-20261001,logs/training/br-superhuman-reimu-persistent-20261001/replays/f1011d221b0f41c79177754248c985ec/episode-00000026-slot-0.json,200,cd0667f4700733434ac09912c7ef2f0757f9eca98dfaed2fddb80f24ea2c1b37
training,logs/training/br-superhuman-reimu-persistent-20261001,logs/training/br-superhuman-reimu-persistent-20261001/replays/f1011d221b0f41c79177754248c985ec/episode-00000027-slot-1.json,200,b5ce7321d4659482ea3040bbe4c906adbb8c12c9d5f9cd97331d36a7929b69d8
training,logs/training/br-superhuman-reimu-persistent-20261001,logs/training/br-superhuman-reimu-persistent-20261001/replays/f1011d221b0f41c79177754248c985ec/episode-00000028-slot-0.json,199,12b5598ae653a58b772de6127afcbd5202ce851402504b31a0356a0323d9d7b3
training,logs/training/br-superhuman-reimu-persistent-20261001,logs/training/br-superhuman-reimu-persistent-20261001/replays/f1011d221b0f41c79177754248c985ec/episode-00000029-slot-2.json,200,f1dc9a93077196462ba320b23e29230fa3f25f22b6fcd1bb061a6cb7a0bab16d
training,logs/training/br-superhuman-reimu-persistent-20261001,logs/training/br-superhuman-reimu-persistent-20261001/replays/f1011d221b0f41c79177754248c985ec/episode-00000030-slot-3.json,200,18236bf9953cabba460bd62167a72326a0ffd70a9878c1d2af1fd7cd4615ea78
training,logs/training/br-superhuman-reimu-persistent-20261001,logs/training/br-superhuman-reimu-persistent-20261001/replays/f1011d221b0f41c79177754248c985ec/episode-00000031-slot-1.json,200,2af4538c962cf58487c99a59d69774a0d9b598690c8b7916e9ea0cd1bdeb26dc
training,logs/training/br-superhuman-reimu-persistent-20261001,logs/training/br-superhuman-reimu-persistent-20261001/replays/f1011d221b0f41c79177754248c985ec/episode-00000032-slot-0.json,200,98aeea6ccedfcbcb770e3aa93d01b3018408061657161e6f6803359b6cbc1676
training,logs/training/br-superhuman-reimu-persistent-20261001,logs/training/br-superhuman-reimu-persistent-20261001/replays/f1011d221b0f41c79177754248c985ec/episode-00000033-slot-3.json,199,a7c8469225e1b6c1e7b7b6503df051fc641c994726501c66581e98a9889a40da
training,logs/training/br-superhuman-reimu-persistent-20261001,logs/training/br-superhuman-reimu-persistent-20261001/replays/f1011d221b0f41c79177754248c985ec/episode-00000034-slot-1.json,199,77162075e53d340d9d990ba7035f887c919ba2e3261e8b96a39c572284f54969
training,logs/training/br-superhuman-reimu-persistent-20261001,logs/training/br-superhuman-reimu-persistent-20261001/replays/f1011d221b0f41c79177754248c985ec/episode-00000035-slot-0.json,199,05af66248a6d9cc3c8fb0e6c3ac671618194bdcb40065fbf2340d960da8e0a95
training,logs/training/br-superhuman-reimu-persistent-20261001,logs/training/br-superhuman-reimu-persistent-20261001/replays/f1011d221b0f41c79177754248c985ec/episode-00000036-slot-0.json,198,492c22ed45395213e514d49e0615faf6e5c0046e16e5e241b3efed72714cb5a0
training,logs/training/br-superhuman-reimu-persistent-20261001,logs/training/br-superhuman-reimu-persistent-20261001/replays/f1011d221b0f41c79177754248c985ec/episode-00000037-slot-1.json,199,38683e87c20adb8d7550037c1f693e998b0385bf227005b3eb8b5d122496c450
training,logs/training/br-superhuman-reimu-persistent-20261001,logs/training/br-superhuman-reimu-persistent-20261001/replays/f1011d221b0f41c79177754248c985ec/episode-00000038-slot-2.json,199,4c29076c6b6e4166e05358a92ec9a3b0fac63d73db64bbeb42f3826903b592aa
training,logs/training/br-superhuman-reimu-persistent-20261001,logs/training/br-superhuman-reimu-persistent-20261001/replays/f1011d221b0f41c79177754248c985ec/episode-00000039-slot-3.json,199,3c3d4205a06e4de70a004acfe4b4d16a87b2bc56f13a78a6e9201bb7e4de25e6
training,logs/training/br-superhuman-reimu-persistent-20261001,logs/training/br-superhuman-reimu-persistent-20261001/result.json,747,d0314f93486aaa1ed777f555d5af254db6865a7735923150ace7586e4399c093
training,logs/training/br-superhuman-reimu-persistent-20261001,logs/training/br-superhuman-reimu-persistent-20261001/scalars/progress.csv,4576,5442f38c9df1d3ce54c53256e6570373a052d82e7a2ff7aeaba81658258f7f65
training,logs/training/br-superhuman-reimu-persistent-20261001,logs/training/br-superhuman-reimu-persistent-20261001/timing.json,2959,411456664c6221a3e1e6717b40530b6ee066823d264006f1b9cbfc0f938a1017
training,logs/training/br-superhuman-reimu-recurrent-bc-adaptive-20261001,logs/training/br-superhuman-reimu-recurrent-bc-adaptive-20261001/checkpoints/ppo_131072_steps.curriculum.json,944,491dc3eb59062d9c73131f48b5905e83310fc51696e5fad5040490d68ff6e2e9
training,logs/training/br-superhuman-reimu-recurrent-bc-adaptive-20261001,logs/training/br-superhuman-reimu-recurrent-bc-adaptive-20261001/checkpoints/ppo_65536_steps.curriculum.json,929,32623e005a8aa3aa00127a7914f029096bf8916e97046806e0a58e38a043e7ee
training,logs/training/br-superhuman-reimu-recurrent-bc-adaptive-20261001,logs/training/br-superhuman-reimu-recurrent-bc-adaptive-20261001/checkpoints/updated_1024_steps.curriculum.json,852,d332fb355313b306ef1d350b6d94b6a4dd6a7c38379a70e182e7bcbe02b2df4c
training,logs/training/br-superhuman-reimu-recurrent-bc-adaptive-20261001,logs/training/br-superhuman-reimu-recurrent-bc-adaptive-20261001/checkpoints/updated_131072_steps.curriculum.json,944,1413fba7000d89dbe62f25f89c3b28c76801d7a5b32fd065bcd3094ff274a4c7
training,logs/training/br-superhuman-reimu-recurrent-bc-adaptive-20261001,logs/training/br-superhuman-reimu-recurrent-bc-adaptive-20261001/checkpoints/updated_65536_steps.curriculum.json,929,2c5140491292a59466ba5da0f389ed3c731a7f79b4e03d6485491dd5ee795b96
training,logs/training/br-superhuman-reimu-recurrent-bc-adaptive-20261001,logs/training/br-superhuman-reimu-recurrent-bc-adaptive-20261001/config.yaml,5064,873e17c4f063b0b4e17755f59a02cd5e1f3564acdf9b867b1158cf3ee84f0e10
training,logs/training/br-superhuman-reimu-recurrent-bc-adaptive-20261001,logs/training/br-superhuman-reimu-recurrent-bc-adaptive-20261001/final.curriculum.json,944,e66d144b4d5ab83124235a26b5eafb66e803e8e17b0a0d89b917170a58ec15b7
training,logs/training/br-superhuman-reimu-recurrent-bc-adaptive-20261001,logs/training/br-superhuman-reimu-recurrent-bc-adaptive-20261001/identity.json,42297,8d0974758731fe030ab35968d88c6ff7f6bc15fbfe3e007aeb2a6b64f8fa7e1a
training,logs/training/br-superhuman-reimu-recurrent-bc-adaptive-20261001,logs/training/br-superhuman-reimu-recurrent-bc-adaptive-20261001/progress.json,83357,8f4ac0f69957bdd637b37baa29d1701ca4f38db121152470092cbef223bee825
training,logs/training/br-superhuman-reimu-recurrent-bc-adaptive-20261001,logs/training/br-superhuman-reimu-recurrent-bc-adaptive-20261001/replays/c28bc65f620f458390c55168fcec9955/episode-00000001-slot-2.json,194,89d45d1f84c5734abe7be88417e6d4967002a486115217b1a81479133a4553cb
training,logs/training/br-superhuman-reimu-recurrent-bc-adaptive-20261001,logs/training/br-superhuman-reimu-recurrent-bc-adaptive-20261001/replays/c28bc65f620f458390c55168fcec9955/episode-00000002-slot-1.json,194,2bc04fc22c607ab70e6336ac155e7ad7b4930ac7e453e986d19e390bf0843a0d
training,logs/training/br-superhuman-reimu-recurrent-bc-adaptive-20261001,logs/training/br-superhuman-reimu-recurrent-bc-adaptive-20261001/replays/c28bc65f620f458390c55168fcec9955/episode-00000003-slot-3.json,194,c808a64c52c2e576c088d4b05415bb59b22903e1bae75a2446a532052acd3db6
training,logs/training/br-superhuman-reimu-recurrent-bc-adaptive-20261001,logs/training/br-superhuman-reimu-recurrent-bc-adaptive-20261001/replays/c28bc65f620f458390c55168fcec9955/episode-00000004-slot-0.json,194,9fa17a1c04acca7a58340026f826d3494147662a88477015911ae79557e0c71f
training,logs/training/br-superhuman-reimu-recurrent-bc-adaptive-20261001,logs/training/br-superhuman-reimu-recurrent-bc-adaptive-20261001/replays/c28bc65f620f458390c55168fcec9955/episode-00000005-slot-3.json,200,6d65bcda43bc572835833f3931d187fb405a3bc88e260f928a9f6e0d18c38a33
training,logs/training/br-superhuman-reimu-recurrent-bc-adaptive-20261001,logs/training/br-superhuman-reimu-recurrent-bc-adaptive-20261001/replays/c28bc65f620f458390c55168fcec9955/episode-00000006-slot-2.json,204,7a2f6290bef17a9a0c75a4ae2f27bc96503aae7a8ae90425ccc6255fa016b531
training,logs/training/br-superhuman-reimu-recurrent-bc-adaptive-20261001,logs/training/br-superhuman-reimu-recurrent-bc-adaptive-20261001/replays/c28bc65f620f458390c55168fcec9955/episode-00000007-slot-1.json,203,494e8805b6c826dd9907835619b4a98e9440c9619142e6c03e0c0d5c5e26bc27
training,logs/training/br-superhuman-reimu-recurrent-bc-adaptive-20261001,logs/training/br-superhuman-reimu-recurrent-bc-adaptive-20261001/replays/c28bc65f620f458390c55168fcec9955/episode-00000008-slot-0.json,200,61c777342d76ee430c3b7388ba00a128ebc4155ce13d205b056ffc559d0460d3
training,logs/training/br-superhuman-reimu-recurrent-bc-adaptive-20261001,logs/training/br-superhuman-reimu-recurrent-bc-adaptive-20261001/replays/c28bc65f620f458390c55168fcec9955/episode-00000009-slot-3.json,200,7d259efddadf2a8814818c3333f2a4b9c7178f06797e3e943b49129a61efa66e
training,logs/training/br-superhuman-reimu-recurrent-bc-adaptive-20261001,logs/training/br-superhuman-reimu-recurrent-bc-adaptive-20261001/replays/c28bc65f620f458390c55168fcec9955/episode-00000010-slot-2.json,200,1d4bac115002d45951244a6c01daa3c0fd49a0017321221c32b8509ac2cf78e5
training,logs/training/br-superhuman-reimu-recurrent-bc-adaptive-20261001,logs/training/br-superhuman-reimu-recurrent-bc-adaptive-20261001/replays/c28bc65f620f458390c55168fcec9955/episode-00000011-slot-0.json,199,8b66da1096426b674c98f075df15f8d6afdcabf99bf3370ce8a8195b70b63d8b
training,logs/training/br-superhuman-reimu-recurrent-bc-adaptive-20261001,logs/training/br-superhuman-reimu-recurrent-bc-adaptive-20261001/replays/c28bc65f620f458390c55168fcec9955/episode-00000012-slot-1.json,203,d7ec88086bb63889a56e61aa924f04f620bb7e8dda960e9713752261c8edbcad
training,logs/training/br-superhuman-reimu-recurrent-bc-adaptive-20261001,logs/training/br-superhuman-reimu-recurrent-bc-adaptive-20261001/replays/c28bc65f620f458390c55168fcec9955/episode-00000013-slot-1.json,200,cd8b8ebebda35be2788805453f7ecd36b42dc51f3fe194ecf554c85f5da37081
training,logs/training/br-superhuman-reimu-recurrent-bc-adaptive-20261001,logs/training/br-superhuman-reimu-recurrent-bc-adaptive-20261001/replays/c28bc65f620f458390c55168fcec9955/episode-00000014-slot-3.json,203,5f4fe279a7125d0e408c40429c5131aaf0d0f84c592d60ceecdf82e3ac5005cc
training,logs/training/br-superhuman-reimu-recurrent-bc-adaptive-20261001,logs/training/br-superhuman-reimu-recurrent-bc-adaptive-20261001/replays/c28bc65f620f458390c55168fcec9955/episode-00000015-slot-0.json,200,5db8d87102255ee59053b90156fc22d7ebf46b8b21ca17e2323086f38e95aaaf
training,logs/training/br-superhuman-reimu-recurrent-bc-adaptive-20261001,logs/training/br-superhuman-reimu-recurrent-bc-adaptive-20261001/replays/c28bc65f620f458390c55168fcec9955/episode-00000016-slot-2.json,203,13119a5484df46618cd9713cdfc0b2ec5ad3f587d10bc17634174370d241103c
training,logs/training/br-superhuman-reimu-recurrent-bc-adaptive-20261001,logs/training/br-superhuman-reimu-recurrent-bc-adaptive-20261001/replays/c28bc65f620f458390c55168fcec9955/episode-00000017-slot-3.json,200,866d5d894c2fba6ac0b6b7bdc33f4258309b695e9f1effece209cd2d9587be57
training,logs/training/br-superhuman-reimu-recurrent-bc-adaptive-20261001,logs/training/br-superhuman-reimu-recurrent-bc-adaptive-20261001/replays/c28bc65f620f458390c55168fcec9955/episode-00000018-slot-1.json,204,dfd9ed7256c2806de58c541c98ad480a6d8fa29c3ecb3f038d1b516c2fc83bfd
training,logs/training/br-superhuman-reimu-recurrent-bc-adaptive-20261001,logs/training/br-superhuman-reimu-recurrent-bc-adaptive-20261001/replays/c28bc65f620f458390c55168fcec9955/episode-00000019-slot-0.json,204,166897819802c10a7697905f724430a6601c6f36153d1faa0099206794f9672f
training,logs/training/br-superhuman-reimu-recurrent-bc-adaptive-20261001,logs/training/br-superhuman-reimu-recurrent-bc-adaptive-20261001/replays/c28bc65f620f458390c55168fcec9955/episode-00000020-slot-2.json,204,cad0aa42528f21572686895efab745ac8d40da70cefa5ce06c94d68a38c4506b
training,logs/training/br-superhuman-reimu-recurrent-bc-adaptive-20261001,logs/training/br-superhuman-reimu-recurrent-bc-adaptive-20261001/replays/c28bc65f620f458390c55168fcec9955/episode-00000021-slot-0.json,198,1565e3db3efc80d78e2f0b1a5539bed4a0f699da64a311a115cfa6bc3e0eccc9
training,logs/training/br-superhuman-reimu-recurrent-bc-adaptive-20261001,logs/training/br-superhuman-reimu-recurrent-bc-adaptive-20261001/replays/c28bc65f620f458390c55168fcec9955/episode-00000022-slot-1.json,199,9565b2321cc3eae506e276dfb70236009413d8e8361a9123b594fd2b68f186ff
training,logs/training/br-superhuman-reimu-recurrent-bc-adaptive-20261001,logs/training/br-superhuman-reimu-recurrent-bc-adaptive-20261001/replays/c28bc65f620f458390c55168fcec9955/episode-00000023-slot-2.json,198,6310d34a7d2cbe206f7bb04daa691954b2b843464c2c046947432d0afeb757f2
training,logs/training/br-superhuman-reimu-recurrent-bc-adaptive-20261001,logs/training/br-superhuman-reimu-recurrent-bc-adaptive-20261001/replays/c28bc65f620f458390c55168fcec9955/episode-00000024-slot-3.json,199,9a9405a6800b0750606723306c78bbdfe07736e61bb6c5d2e15ef4cc94472672
training,logs/training/br-superhuman-reimu-recurrent-bc-adaptive-20261001,logs/training/br-superhuman-reimu-recurrent-bc-adaptive-20261001/result.json,2027,5e3598e0c1e2b696fa25560a2521aae73b581e69b9649000d74f232e88af2599
training,logs/training/br-superhuman-reimu-recurrent-bc-adaptive-20261001,logs/training/br-superhuman-reimu-recurrent-bc-adaptive-20261001/scalars/progress.csv,31616,537f48d38f26488ddbd4b5cb0db14259f8dac494d08cf7230b7930045d7b8944
training,logs/training/br-superhuman-reimu-recurrent-bc-adaptive-20261001,logs/training/br-superhuman-reimu-recurrent-bc-adaptive-20261001/timing.json,19724,04f786f1b28bda7040489c94ba935b1383cf20a5e9f657e98ec94247601ba08c
training,logs/training/br-superhuman-reimu-recurrent-rehearsal-adaptive-20261001,logs/training/br-superhuman-reimu-recurrent-rehearsal-adaptive-20261001/config.yaml,5261,48232d5b3d7a486d480a1c1467115966d733ff40c501e7c6309e71598a1c828f
training,logs/training/br-superhuman-reimu-recurrent-rehearsal-adaptive-20261001,logs/training/br-superhuman-reimu-recurrent-rehearsal-adaptive-20261001/identity.json,42719,576f77d0de9bf7f706fb9e6b3637b739848156874f216a5fa2810fd5a64c7336
training,logs/training/br-superhuman-reimu-recurrent-rehearsal-adaptive-20261001,logs/training/br-superhuman-reimu-recurrent-rehearsal-adaptive-20261001/progress.json,1661,4e8dda42c4652ac5eb22d2cf018021598e2ae5090d9dbd08638197fee0722837
training,logs/training/br-superhuman-reimu-recurrent-rehearsal-adaptive-20261001,logs/training/br-superhuman-reimu-recurrent-rehearsal-adaptive-20261001/replays/5a1aa3999d494474a4dd4665fb27bca2/episode-00000001-slot-0.json,192,6daa2c176027e1eaf38bda05e6cad24652b73d9c54ba0e9153e2d6eb735cbe4e
training,logs/training/br-superhuman-reimu-recurrent-rehearsal-adaptive-20261001,logs/training/br-superhuman-reimu-recurrent-rehearsal-adaptive-20261001/replays/5a1aa3999d494474a4dd4665fb27bca2/episode-00000002-slot-1.json,192,6e6fcc534163e913d980c5d736d8ee7852def98d6769bc2d519627ff41564567
training,logs/training/br-superhuman-reimu-recurrent-rehearsal-adaptive-20261001,logs/training/br-superhuman-reimu-recurrent-rehearsal-adaptive-20261001/replays/5a1aa3999d494474a4dd4665fb27bca2/episode-00000003-slot-2.json,192,5f09d57ac7271b02c659f6d5cc8e079fbb8d3b025adffeb078236c5a99c42c61
training,logs/training/br-superhuman-reimu-recurrent-rehearsal-adaptive-20261001,logs/training/br-superhuman-reimu-recurrent-rehearsal-adaptive-20261001/replays/5a1aa3999d494474a4dd4665fb27bca2/episode-00000004-slot-3.json,192,f9d2923c3230a843da9992e480e3bbffbabeec49252f19442364d95c295bc696
training,logs/training/br-superhuman-reimu-recurrent-rehearsal-adaptive-20261001,logs/training/br-superhuman-reimu-recurrent-rehearsal-adaptive-20261001/result.json,167,783129a37b15dc8d579ed46ebfb30f95891e451ed7bf47e6ee2555f77f6945b8
training,logs/training/br-superhuman-reimu-recurrent-rehearsal-adaptive-20261001,logs/training/br-superhuman-reimu-recurrent-rehearsal-adaptive-20261001/scalars/progress.csv,270,ad0381b5171df703563d91e4ef6c5f7bb5618656397aeee8db77d243a77fa5b0
training,logs/training/br-superhuman-reimu-recurrent-rehearsal-adaptive-20261001,logs/training/br-superhuman-reimu-recurrent-rehearsal-adaptive-20261001/timing.json,122,99d0033e64991280e7b45955dfc995a198e63562932ba8ff343c2218833df9cd
training,logs/training/br-superhuman-reimu-recurrent-rehearsal-adaptive-20261001-v2,logs/training/br-superhuman-reimu-recurrent-rehearsal-adaptive-20261001-v2/checkpoints/ppo_131072_steps.curriculum.json,945,dff9f285e911936397a40bfe225e617d6f1f045bc53c57ba3d084e638db65336
training,logs/training/br-superhuman-reimu-recurrent-rehearsal-adaptive-20261001-v2,logs/training/br-superhuman-reimu-recurrent-rehearsal-adaptive-20261001-v2/checkpoints/ppo_65536_steps.curriculum.json,896,965aae6d334d7694edc7c3ffa52e90795d0a7777672459a9c79a4a38d320b722
training,logs/training/br-superhuman-reimu-recurrent-rehearsal-adaptive-20261001-v2,logs/training/br-superhuman-reimu-recurrent-rehearsal-adaptive-20261001-v2/checkpoints/updated_1024_steps.curriculum.json,852,23c3c11068db53684180a89382c33ea27017c9d7d405d5bfae5afdc44b4cbd4a
training,logs/training/br-superhuman-reimu-recurrent-rehearsal-adaptive-20261001-v2,logs/training/br-superhuman-reimu-recurrent-rehearsal-adaptive-20261001-v2/checkpoints/updated_131072_steps.curriculum.json,945,643c55d2ca62a131508df1370cfc9cf04dc12c5d442c4c388d9c8032bd2386a6
training,logs/training/br-superhuman-reimu-recurrent-rehearsal-adaptive-20261001-v2,logs/training/br-superhuman-reimu-recurrent-rehearsal-adaptive-20261001-v2/checkpoints/updated_65536_steps.curriculum.json,896,e4fa6aee78d3dca0df0192d8c13a08dfb369f8f418ef036bef526d5114985a67
training,logs/training/br-superhuman-reimu-recurrent-rehearsal-adaptive-20261001-v2,logs/training/br-superhuman-reimu-recurrent-rehearsal-adaptive-20261001-v2/config.yaml,5264,c69d46e406e071255b314eb70775e76b871ecf7254476719c8b2e5400d4fa1e7
training,logs/training/br-superhuman-reimu-recurrent-rehearsal-adaptive-20261001-v2,logs/training/br-superhuman-reimu-recurrent-rehearsal-adaptive-20261001-v2/final.curriculum.json,945,643c55d2ca62a131508df1370cfc9cf04dc12c5d442c4c388d9c8032bd2386a6
training,logs/training/br-superhuman-reimu-recurrent-rehearsal-adaptive-20261001-v2,logs/training/br-superhuman-reimu-recurrent-rehearsal-adaptive-20261001-v2/identity.json,42719,adaba7cac9ed803c16ca3a33300a00b82318c5c78741206b9df743b49c55b275
training,logs/training/br-superhuman-reimu-recurrent-rehearsal-adaptive-20261001-v2,logs/training/br-superhuman-reimu-recurrent-rehearsal-adaptive-20261001-v2/progress.json,82724,ff8d5c0de10cdfbe1a2e1c7f38795f7df1d40bee9d3edb36283415709a6feb79
training,logs/training/br-superhuman-reimu-recurrent-rehearsal-adaptive-20261001-v2,logs/training/br-superhuman-reimu-recurrent-rehearsal-adaptive-20261001-v2/replays/94467c224d434b369458e6e32e4bcc2d/episode-00000001-slot-1.json,194,7a4dfc5f5e4ac6c1ff763ae0d3107e7c4fdce587d1cd8352d6e1c70b08d284a1
training,logs/training/br-superhuman-reimu-recurrent-rehearsal-adaptive-20261001-v2,logs/training/br-superhuman-reimu-recurrent-rehearsal-adaptive-20261001-v2/replays/94467c224d434b369458e6e32e4bcc2d/episode-00000002-slot-0.json,194,bd890b7d3e30bf5d9b085d47f59ba0758e63c3b462004edbcfc283ebc913c9dc
training,logs/training/br-superhuman-reimu-recurrent-rehearsal-adaptive-20261001-v2,logs/training/br-superhuman-reimu-recurrent-rehearsal-adaptive-20261001-v2/replays/94467c224d434b369458e6e32e4bcc2d/episode-00000003-slot-2.json,194,41e1f29f4e7827867e24530492faf659f412bcb44014d7edbd5e974e94500446
training,logs/training/br-superhuman-reimu-recurrent-rehearsal-adaptive-20261001-v2,logs/training/br-superhuman-reimu-recurrent-rehearsal-adaptive-20261001-v2/replays/94467c224d434b369458e6e32e4bcc2d/episode-00000004-slot-3.json,194,55753323476b6f19772042a58842dcb0dbbc224f116f0069bf55ccf7842908f2
training,logs/training/br-superhuman-reimu-recurrent-rehearsal-adaptive-20261001-v2,logs/training/br-superhuman-reimu-recurrent-rehearsal-adaptive-20261001-v2/replays/94467c224d434b369458e6e32e4bcc2d/episode-00000005-slot-0.json,199,e9eb3b241a8e4a78be02e0c98c0d853b6b9710000fbcbe5556d54dd5f4fcc1db
training,logs/training/br-superhuman-reimu-recurrent-rehearsal-adaptive-20261001-v2,logs/training/br-superhuman-reimu-recurrent-rehearsal-adaptive-20261001-v2/replays/94467c224d434b369458e6e32e4bcc2d/episode-00000006-slot-1.json,200,e278ade60a4facf615452271859ad73d1168efd0eec53d9b9237423f6dba05f2
training,logs/training/br-superhuman-reimu-recurrent-rehearsal-adaptive-20261001-v2,logs/training/br-superhuman-reimu-recurrent-rehearsal-adaptive-20261001-v2/replays/94467c224d434b369458e6e32e4bcc2d/episode-00000007-slot-2.json,204,1e5c3f592832059badb75b6e7bc70fedfbcd5f719e652c5a572ae0653072370e
training,logs/training/br-superhuman-reimu-recurrent-rehearsal-adaptive-20261001-v2,logs/training/br-superhuman-reimu-recurrent-rehearsal-adaptive-20261001-v2/replays/94467c224d434b369458e6e32e4bcc2d/episode-00000008-slot-3.json,204,751cdfa1bf73411582c1180269eb83e9444c09289dfeb20c0b3fd7ce1c949887
training,logs/training/br-superhuman-reimu-recurrent-rehearsal-adaptive-20261001-v2,logs/training/br-superhuman-reimu-recurrent-rehearsal-adaptive-20261001-v2/replays/94467c224d434b369458e6e32e4bcc2d/episode-00000009-slot-0.json,204,b2b22d1a2f3488ca05d4f76ac88be9879eda33de4e9cb466947ddfa5ef934882
training,logs/training/br-superhuman-reimu-recurrent-rehearsal-adaptive-20261001-v2,logs/training/br-superhuman-reimu-recurrent-rehearsal-adaptive-20261001-v2/replays/94467c224d434b369458e6e32e4bcc2d/episode-00000010-slot-1.json,204,60b3fd4036dc431c936d56a18bbc0a0b556150182e918f6066785d74fe63da2c
training,logs/training/br-superhuman-reimu-recurrent-rehearsal-adaptive-20261001-v2,logs/training/br-superhuman-reimu-recurrent-rehearsal-adaptive-20261001-v2/replays/94467c224d434b369458e6e32e4bcc2d/episode-00000011-slot-2.json,203,487ace8b5b0255f5eb5e160418585217967f5060414334f0bfb495ebeca8d692
training,logs/training/br-superhuman-reimu-recurrent-rehearsal-adaptive-20261001-v2,logs/training/br-superhuman-reimu-recurrent-rehearsal-adaptive-20261001-v2/replays/94467c224d434b369458e6e32e4bcc2d/episode-00000012-slot-3.json,203,b9edd4070e9c0fe64fb0fd742d557e0733371e169bffb95a9fe4e81611907826
training,logs/training/br-superhuman-reimu-recurrent-rehearsal-adaptive-20261001-v2,logs/training/br-superhuman-reimu-recurrent-rehearsal-adaptive-20261001-v2/replays/94467c224d434b369458e6e32e4bcc2d/episode-00000013-slot-0.json,199,ac15619fdca31408a35342c74cd73ac8d4ca7d4b0eb663ea4e8248251e22e0fb
training,logs/training/br-superhuman-reimu-recurrent-rehearsal-adaptive-20261001-v2,logs/training/br-superhuman-reimu-recurrent-rehearsal-adaptive-20261001-v2/replays/94467c224d434b369458e6e32e4bcc2d/episode-00000014-slot-1.json,203,9afb022443c722fecb2c372dfab070131bfe11a95438486d8a980f5f48fc7604
training,logs/training/br-superhuman-reimu-recurrent-rehearsal-adaptive-20261001-v2,logs/training/br-superhuman-reimu-recurrent-rehearsal-adaptive-20261001-v2/replays/94467c224d434b369458e6e32e4bcc2d/episode-00000015-slot-2.json,200,8b7e55ddaeb952e5df674cd5cca78d1fa076ca1c49b1994a48e38db5a6117b87
training,logs/training/br-superhuman-reimu-recurrent-rehearsal-adaptive-20261001-v2,logs/training/br-superhuman-reimu-recurrent-rehearsal-adaptive-20261001-v2/replays/94467c224d434b369458e6e32e4bcc2d/episode-00000016-slot-3.json,200,67440810e7117eb8bf94a2ff55e43d9312b97773c2f7338d529cb87f138a3f43
training,logs/training/br-superhuman-reimu-recurrent-rehearsal-adaptive-20261001-v2,logs/training/br-superhuman-reimu-recurrent-rehearsal-adaptive-20261001-v2/replays/94467c224d434b369458e6e32e4bcc2d/episode-00000017-slot-0.json,200,647cbb2b3c7aa5313aaee566e07cc42e1e0248aa946a1d9fd0c53d2dccb28561
training,logs/training/br-superhuman-reimu-recurrent-rehearsal-adaptive-20261001-v2,logs/training/br-superhuman-reimu-recurrent-rehearsal-adaptive-20261001-v2/replays/94467c224d434b369458e6e32e4bcc2d/episode-00000018-slot-1.json,200,e56323991de8b0dc451fb0310446c9b22f7a003189a0dbc773ce8cf21025db2d
training,logs/training/br-superhuman-reimu-recurrent-rehearsal-adaptive-20261001-v2,logs/training/br-superhuman-reimu-recurrent-rehearsal-adaptive-20261001-v2/replays/94467c224d434b369458e6e32e4bcc2d/episode-00000019-slot-2.json,200,9b3eb329bcc403d4e5ea92003b365ed49691cd2a853b714c6d2b5ad09752e76a
training,logs/training/br-superhuman-reimu-recurrent-rehearsal-adaptive-20261001-v2,logs/training/br-superhuman-reimu-recurrent-rehearsal-adaptive-20261001-v2/replays/94467c224d434b369458e6e32e4bcc2d/episode-00000020-slot-3.json,200,58372888fee4b46be2129c75268b387132f7e854e5ac67dc6c0dc24510018c83
training,logs/training/br-superhuman-reimu-recurrent-rehearsal-adaptive-20261001-v2,logs/training/br-superhuman-reimu-recurrent-rehearsal-adaptive-20261001-v2/replays/94467c224d434b369458e6e32e4bcc2d/episode-00000021-slot-0.json,199,11896ad56a1d32caa57fb407fa2eba0b85f3d72b1d35a06ae26fe1029370b29b
training,logs/training/br-superhuman-reimu-recurrent-rehearsal-adaptive-20261001-v2,logs/training/br-superhuman-reimu-recurrent-rehearsal-adaptive-20261001-v2/replays/94467c224d434b369458e6e32e4bcc2d/episode-00000022-slot-1.json,199,97fd84a9ef628812a943f883566bf4c54fe5b0ab7a56def8868f2fc8c9248792
training,logs/training/br-superhuman-reimu-recurrent-rehearsal-adaptive-20261001-v2,logs/training/br-superhuman-reimu-recurrent-rehearsal-adaptive-20261001-v2/replays/94467c224d434b369458e6e32e4bcc2d/episode-00000023-slot-2.json,199,12a1ceca4184632b2e6af7e86feda82970488be105551ea3fecb6584f0757133
training,logs/training/br-superhuman-reimu-recurrent-rehearsal-adaptive-20261001-v2,logs/training/br-superhuman-reimu-recurrent-rehearsal-adaptive-20261001-v2/replays/94467c224d434b369458e6e32e4bcc2d/episode-00000024-slot-3.json,199,8c088e38c3f9b881d390f2350cd34c128ca269c6eb60fb3047a6f118931ed5c6
training,logs/training/br-superhuman-reimu-recurrent-rehearsal-adaptive-20261001-v2,logs/training/br-superhuman-reimu-recurrent-rehearsal-adaptive-20261001-v2/result.json,2038,26e841d9b70e4eb39c8f2e7222ccd37a3c84f05d46d3f57975b93e94f13546a2
training,logs/training/br-superhuman-reimu-recurrent-rehearsal-adaptive-20261001-v2,logs/training/br-superhuman-reimu-recurrent-rehearsal-adaptive-20261001-v2/scalars/progress.csv,40104,17d53b2246c9197cc73c2624e7c4bf66f92d412870a9d01d6fc816da9756e5a6
training,logs/training/br-superhuman-reimu-recurrent-rehearsal-adaptive-20261001-v2,logs/training/br-superhuman-reimu-recurrent-rehearsal-adaptive-20261001-v2/timing.json,54708,8fb04b90507d33cf984fb677a30abc2654b285d45b25ead6e91c88ca6a24cf65
training,logs/training/br-superhuman-reimu-recurrent-separate-adaptive-20261001,logs/training/br-superhuman-reimu-recurrent-separate-adaptive-20261001/checkpoints/ppo_131072_steps.curriculum.json,897,4e625c39a0bdcbc73a4db9067d77bdce5e18e154168f85727fcb147c8c14b320
training,logs/training/br-superhuman-reimu-recurrent-separate-adaptive-20261001,logs/training/br-superhuman-reimu-recurrent-separate-adaptive-20261001/checkpoints/ppo_65536_steps.curriculum.json,896,c4738ae3a28d1df5dee777fc3697dbe8d6ed4c0c599c02cab3973e6fc40dcfd9
training,logs/training/br-superhuman-reimu-recurrent-separate-adaptive-20261001,logs/training/br-superhuman-reimu-recurrent-separate-adaptive-20261001/checkpoints/updated_1024_steps.curriculum.json,852,30006269befe3afd296f4735585e4fa53a92a1ec4663d49fb19549cd9e80f892
training,logs/training/br-superhuman-reimu-recurrent-separate-adaptive-20261001,logs/training/br-superhuman-reimu-recurrent-separate-adaptive-20261001/checkpoints/updated_131072_steps.curriculum.json,897,92217b3c510d67337d87340208c0d8fc5baa331777f87c9fe7576079bbaafa8c
training,logs/training/br-superhuman-reimu-recurrent-separate-adaptive-20261001,logs/training/br-superhuman-reimu-recurrent-separate-adaptive-20261001/checkpoints/updated_65536_steps.curriculum.json,896,f29302d21e5090804ae7c16f3dfe61e6053bc13d495cc64381d61c5901d59b9c
training,logs/training/br-superhuman-reimu-recurrent-separate-adaptive-20261001,logs/training/br-superhuman-reimu-recurrent-separate-adaptive-20261001/config.yaml,5164,7439cb0997447f55ec7d3b3a3f8555bca4f1f8a36203b5eb77954804254157cc
training,logs/training/br-superhuman-reimu-recurrent-separate-adaptive-20261001,logs/training/br-superhuman-reimu-recurrent-separate-adaptive-20261001/final.curriculum.json,897,92217b3c510d67337d87340208c0d8fc5baa331777f87c9fe7576079bbaafa8c
training,logs/training/br-superhuman-reimu-recurrent-separate-adaptive-20261001,logs/training/br-superhuman-reimu-recurrent-separate-adaptive-20261001/identity.json,42509,24225c9bf06dbe0543db44aa0dbac28bd3973120c0d07a87b2b8f54b369f4ad8
training,logs/training/br-superhuman-reimu-recurrent-separate-adaptive-20261001,logs/training/br-superhuman-reimu-recurrent-separate-adaptive-20261001/progress.json,78393,ab58ce37ecf52dd35a829d125bd419dde45d71f2291aaabad9dad59790731458
training,logs/training/br-superhuman-reimu-recurrent-separate-adaptive-20261001,logs/training/br-superhuman-reimu-recurrent-separate-adaptive-20261001/replays/45dfe05418374ec6ba44198931c603a9/episode-00000001-slot-2.json,194,4014fcc023db7ba1c1b2de9ede94488da42f8953baf456ef66f6f8bd8d7ce783
training,logs/training/br-superhuman-reimu-recurrent-separate-adaptive-20261001,logs/training/br-superhuman-reimu-recurrent-separate-adaptive-20261001/replays/45dfe05418374ec6ba44198931c603a9/episode-00000002-slot-3.json,194,8adef24fff6486d7980431b2b71fad541a7e4bac878871fdc616f2d717a5ce63
training,logs/training/br-superhuman-reimu-recurrent-separate-adaptive-20261001,logs/training/br-superhuman-reimu-recurrent-separate-adaptive-20261001/replays/45dfe05418374ec6ba44198931c603a9/episode-00000003-slot-0.json,198,aeeed7b9fd1f715882488f2c02848debf34d896e0f2d7adc505f48bd25f934a0
training,logs/training/br-superhuman-reimu-recurrent-separate-adaptive-20261001,logs/training/br-superhuman-reimu-recurrent-separate-adaptive-20261001/replays/45dfe05418374ec6ba44198931c603a9/episode-00000004-slot-1.json,198,80caee65b7ffc958e3bd1700c9976ba0eae2c86c54dad775fb89121adfc53f2c
training,logs/training/br-superhuman-reimu-recurrent-separate-adaptive-20261001,logs/training/br-superhuman-reimu-recurrent-separate-adaptive-20261001/replays/45dfe05418374ec6ba44198931c603a9/episode-00000005-slot-2.json,200,8f455426723acc678ef7a482252830cccd402ffe53fc24229aa414bb310b9a55
training,logs/training/br-superhuman-reimu-recurrent-separate-adaptive-20261001,logs/training/br-superhuman-reimu-recurrent-separate-adaptive-20261001/replays/45dfe05418374ec6ba44198931c603a9/episode-00000006-slot-3.json,203,b225792139a65f0555ff9440e04ba7c21a5dc581ebe5105db591fae0cce245d7
training,logs/training/br-superhuman-reimu-recurrent-separate-adaptive-20261001,logs/training/br-superhuman-reimu-recurrent-separate-adaptive-20261001/replays/45dfe05418374ec6ba44198931c603a9/episode-00000007-slot-0.json,200,48ae946947675d8e580b831105d6eae633b419c44af0207e851e900aff012553
training,logs/training/br-superhuman-reimu-recurrent-separate-adaptive-20261001,logs/training/br-superhuman-reimu-recurrent-separate-adaptive-20261001/replays/45dfe05418374ec6ba44198931c603a9/episode-00000008-slot-1.json,200,fb6def6394b8daa8436b9c4d072419b5c6c1d81a0ceafc14f809ddf25c7e752d
training,logs/training/br-superhuman-reimu-recurrent-separate-adaptive-20261001,logs/training/br-superhuman-reimu-recurrent-separate-adaptive-20261001/replays/45dfe05418374ec6ba44198931c603a9/episode-00000009-slot-2.json,204,ac836cc9e5bbcd80681ee364219c7de423ed8f128facbc56430fceb733b019b7
training,logs/training/br-superhuman-reimu-recurrent-separate-adaptive-20261001,logs/training/br-superhuman-reimu-recurrent-separate-adaptive-20261001/replays/45dfe05418374ec6ba44198931c603a9/episode-00000010-slot-3.json,200,364e20864deb8a71e0fbeba6f662f4ab483607d9f7ed4db428dfdae6bc829274
training,logs/training/br-superhuman-reimu-recurrent-separate-adaptive-20261001,logs/training/br-superhuman-reimu-recurrent-separate-adaptive-20261001/replays/45dfe05418374ec6ba44198931c603a9/episode-00000011-slot-0.json,203,2ff4dd8f0918b05b71f6d1c88c3cfa74fc51940c62511fce9b5048db4977aa8f
training,logs/training/br-superhuman-reimu-recurrent-separate-adaptive-20261001,logs/training/br-superhuman-reimu-recurrent-separate-adaptive-20261001/replays/45dfe05418374ec6ba44198931c603a9/episode-00000012-slot-1.json,199,1ed919cd86db15297570bfe60a041825907300efed5c35bef2cb7316fb537669
training,logs/training/br-superhuman-reimu-recurrent-separate-adaptive-20261001,logs/training/br-superhuman-reimu-recurrent-separate-adaptive-20261001/replays/45dfe05418374ec6ba44198931c603a9/episode-00000013-slot-2.json,199,31efafa75eabdefd9c66cf6d566441139208fdfa5c382ad5f384a9f3338decb7
training,logs/training/br-superhuman-reimu-recurrent-separate-adaptive-20261001,logs/training/br-superhuman-reimu-recurrent-separate-adaptive-20261001/replays/45dfe05418374ec6ba44198931c603a9/episode-00000014-slot-3.json,199,e2f8a98f037bdd353321634cf53ee520b25b33bdb227d73339ed744eb515caeb
training,logs/training/br-superhuman-reimu-recurrent-separate-adaptive-20261001,logs/training/br-superhuman-reimu-recurrent-separate-adaptive-20261001/replays/45dfe05418374ec6ba44198931c603a9/episode-00000015-slot-0.json,200,da83b823a45fb2f563366936e22a0673b40e587385d4fcb1468a28e867bb03d6
training,logs/training/br-superhuman-reimu-recurrent-separate-adaptive-20261001,logs/training/br-superhuman-reimu-recurrent-separate-adaptive-20261001/replays/45dfe05418374ec6ba44198931c603a9/episode-00000016-slot-1.json,200,f9b752a1c41c098a4716a48fdc06d83137f4f41a7b3adbe45c98b2509421b466
