kind,run,path,bytes,sha256
training,logs/training/linux-ppo-human,logs/training/linux-ppo-human/replays/2972881c1cf8430bafdf8bb4b1168d34/episode-00000317-slot-10.json,202,fdceb69bdb89beeef1022057dd9db6c8c745f98385b50ba6ede7655cf380e347
training,logs/training/linux-ppo-human,logs/training/linux-ppo-human/replays/2972881c1cf8430bafdf8bb4b1168d34/episode-00000318-slot-2.json,199,bf8ede207c7a7dad79578febb51b117a7149133534a340b4240138f8f8630f4e
training,logs/training/linux-ppo-human,logs/training/linux-ppo-human/replays/2972881c1cf8430bafdf8bb4b1168d34/episode-00000319-slot-1.json,200,14efea7d7ed1059c90f58ab577a7233833e6678b7cdbcf93b2a68adc44ffef42
training,logs/training/linux-ppo-human,logs/training/linux-ppo-human/replays/2972881c1cf8430bafdf8bb4b1168d34/episode-00000320-slot-5.json,200,7fdfbc7eabaa78a24bf41bffc1a1cd72728643ef1701799f60e738001670931b
training,logs/training/linux-ppo-human,logs/training/linux-ppo-human/replays/2972881c1cf8430bafdf8bb4b1168d34/episode-00000321-slot-3.json,200,f51981da26e4e2f745362ed7af160b9d8c3f42aae58b9893ee880dbe0afd3be8
training,logs/training/linux-ppo-human,logs/training/linux-ppo-human/replays/2972881c1cf8430bafdf8bb4b1168d34/episode-00000322-slot-6.json,200,35a2c36b4006668f7f3bde0b0041ea653db3dc743973d0b5ad8581e1d2e50056
training,logs/training/linux-ppo-human,logs/training/linux-ppo-human/replays/2972881c1cf8430bafdf8bb4b1168d34/episode-00000323-slot-11.json,201,7e51c575cb5d0f8895709ba58cc81c1e9d1782aa247f2546e62ff3b73e91089a
training,logs/training/linux-ppo-human,logs/training/linux-ppo-human/replays/2972881c1cf8430bafdf8bb4b1168d34/episode-00000324-slot-7.json,200,a39ee9be59928d9882243b507bf85901d2cee4a520a79689fde471eec296995b
training,logs/training/linux-ppo-human,logs/training/linux-ppo-human/replays/2972881c1cf8430bafdf8bb4b1168d34/episode-00000325-slot-13.json,202,d8c9be7389312b0cd7f66c84aa184d582925353ec36b44e6c53194aaa9cb9b52
training,logs/training/linux-ppo-human,logs/training/linux-ppo-human/replays/2972881c1cf8430bafdf8bb4b1168d34/episode-00000326-slot-15.json,202,dd5eef326027b6bc833a00cd0f7a26b0eeee9ae2173642da824b1035b30f9cd7
training,logs/training/linux-ppo-human,logs/training/linux-ppo-human/replays/2972881c1cf8430bafdf8bb4b1168d34/episode-00000327-slot-14.json,202,8c4c300537aecf94f323d0ec815e32533197beef73ed83643ef27d3f12e40b24
training,logs/training/linux-ppo-human,logs/training/linux-ppo-human/replays/2972881c1cf8430bafdf8bb4b1168d34/episode-00000328-slot-8.json,200,8e031811b88b95a86588e4abc7a1097f76d258d130dfc2b1dacf22d38f9a52fa
training,logs/training/linux-ppo-human,logs/training/linux-ppo-human/replays/2972881c1cf8430bafdf8bb4b1168d34/episode-00000329-slot-12.json,202,807e09ff1ace5240fe965230fba3853822dd98c74f316db56fc297eeb6c799fb
training,logs/training/linux-ppo-human,logs/training/linux-ppo-human/replays/2972881c1cf8430bafdf8bb4b1168d34/episode-00000330-slot-2.json,200,ffae18fe4b17a154ba8365ef9aa5525759a0a9efe2e50cc39b1ab3b4c73ac47c
training,logs/training/linux-ppo-human,logs/training/linux-ppo-human/replays/2972881c1cf8430bafdf8bb4b1168d34/episode-00000331-slot-0.json,200,df9e0a2dc30490de6e875dee7a71ec17077ddd58e5dc8f588403948567e3ee78
training,logs/training/linux-ppo-human,logs/training/linux-ppo-human/replays/2972881c1cf8430bafdf8bb4b1168d34/episode-00000332-slot-5.json,200,54210e882f9ec7ee13c1dfdc78c5371d9c48608fa4e404bb724004e5a02914cd
training,logs/training/linux-ppo-human,logs/training/linux-ppo-human/replays/2972881c1cf8430bafdf8bb4b1168d34/episode-00000333-slot-9.json,200,26e20f22125fc810ec5e46829f9701a27f8ce0a3655dd1fcfd51f962bb2b41c6
training,logs/training/linux-ppo-human,logs/training/linux-ppo-human/replays/2972881c1cf8430bafdf8bb4b1168d34/episode-00000334-slot-3.json,199,c592ec2375d1f9ba4707f925ee1d52b1b95a45531a8fa4fd927755eb6ce4da4a
training,logs/training/linux-ppo-human,logs/training/linux-ppo-human/replays/2972881c1cf8430bafdf8bb4b1168d34/episode-00000335-slot-14.json,201,f10947d0d235db4b148aa78fece7f683d89ff83c5fea24cc8ef17e9db1c24114
training,logs/training/linux-ppo-human,logs/training/linux-ppo-human/replays/2972881c1cf8430bafdf8bb4b1168d34/episode-00000336-slot-10.json,202,b240547fb103d684054a80305c62438988dc38cda0de58fbe222e8a361689a6d
training,logs/training/linux-ppo-human,logs/training/linux-ppo-human/replays/2972881c1cf8430bafdf8bb4b1168d34/episode-00000337-slot-4.json,200,febc224f1c7c08710a2fea0250441854f165736f56f0278264e1ba340f0bad1c
training,logs/training/linux-ppo-human,logs/training/linux-ppo-human/replays/2972881c1cf8430bafdf8bb4b1168d34/episode-00000338-slot-6.json,200,6804dd2f9d7713284cada4ed9e3065c199673baf677f1646dee66aaea986002e
training,logs/training/linux-ppo-human,logs/training/linux-ppo-human/replays/2972881c1cf8430bafdf8bb4b1168d34/episode-00000339-slot-11.json,200,3829685f8a646e243c4d26b8d238ac18965230434c41207b9db5150960408aa3
training,logs/training/linux-ppo-human,logs/training/linux-ppo-human/replays/2972881c1cf8430bafdf8bb4b1168d34/episode-00000340-slot-9.json,200,18ff711b1e862638c1aec4414f9f7fab35301be613cb091e96d042d9195b8377
training,logs/training/linux-ppo-human,logs/training/linux-ppo-human/replays/2972881c1cf8430bafdf8bb4b1168d34/episode-00000341-slot-7.json,200,8b0924afbde9806cd9d2514322086b0308a38ef1d58233ae289d852fabdf0058
training,logs/training/linux-ppo-human,logs/training/linux-ppo-human/replays/2972881c1cf8430bafdf8bb4b1168d34/episode-00000342-slot-1.json,200,af7e3630bfcc2092d7486fd3463091170a8f3330adc23a171d29628b73169788
training,logs/training/linux-ppo-human,logs/training/linux-ppo-human/replays/2972881c1cf8430bafdf8bb4b1168d34/episode-00000343-slot-15.json,201,2f78c9ec61ce30923582e5960328f578f78ad256bf315ad218cb667f28e0e024
training,logs/training/linux-ppo-human,logs/training/linux-ppo-human/replays/2972881c1cf8430bafdf8bb4b1168d34/episode-00000344-slot-5.json,200,8e8d90cf86ee0597ecc698af0bded89d283d411d64e4839bd36ab980ddea543e
training,logs/training/linux-ppo-human,logs/training/linux-ppo-human/replays/2972881c1cf8430bafdf8bb4b1168d34/episode-00000345-slot-13.json,202,0b8fd0bcdf461268cce3084492c8732b4b7280a89fbe3e1d1e6d92b08acd09d3
training,logs/training/linux-ppo-human,logs/training/linux-ppo-human/replays/2972881c1cf8430bafdf8bb4b1168d34/episode-00000346-slot-0.json,199,f783d2a6441e6493cd5a66b29a85ff31064066a0eaaec41a6acbb5a4a1ed7017
training,logs/training/linux-ppo-human,logs/training/linux-ppo-human/replays/2972881c1cf8430bafdf8bb4b1168d34/episode-00000347-slot-0.json,198,6ac6d1167add5ad39d9a49d13da14ab62bab964632202d022174d5a947583bd9
training,logs/training/linux-ppo-human,logs/training/linux-ppo-human/replays/2972881c1cf8430bafdf8bb4b1168d34/episode-00000348-slot-1.json,198,c0fd318a053c9166990741b355f27486517687ca44ea505a74a22a05b6b79016
training,logs/training/linux-ppo-human,logs/training/linux-ppo-human/replays/2972881c1cf8430bafdf8bb4b1168d34/episode-00000349-slot-2.json,199,68e32f95d6f341ba79eb1570cf1a36422a1d979e6866a809816a1b4ba6c8da5e
training,logs/training/linux-ppo-human,logs/training/linux-ppo-human/replays/2972881c1cf8430bafdf8bb4b1168d34/episode-00000350-slot-3.json,199,a83c80381a49d3e07d227e8b220ac25cc18586520f21fdd0b833bcb28455fb1c
training,logs/training/linux-ppo-human,logs/training/linux-ppo-human/replays/2972881c1cf8430bafdf8bb4b1168d34/episode-00000351-slot-4.json,199,42b318075ceb583d6aadb9436265a28d676d796e01806542f95a0b8c67e61c58
training,logs/training/linux-ppo-human,logs/training/linux-ppo-human/replays/2972881c1cf8430bafdf8bb4b1168d34/episode-00000352-slot-5.json,199,1202911fbbe5fd2c57bf5c10745d1c92c2a0ecbf6fc53c2a2ed8e0e9fe462bff
training,logs/training/linux-ppo-human,logs/training/linux-ppo-human/replays/2972881c1cf8430bafdf8bb4b1168d34/episode-00000353-slot-6.json,199,aab31b2933e7f2c5ef0080997ab345895ac11f0ca6eb4c1134e6a50ce9075535
training,logs/training/linux-ppo-human,logs/training/linux-ppo-human/replays/2972881c1cf8430bafdf8bb4b1168d34/episode-00000354-slot-7.json,199,b8af1694d01c72b5b627d742ee50d259c1b2202f5f25bb11a9cc4dda752f8a3d
training,logs/training/linux-ppo-human,logs/training/linux-ppo-human/replays/2972881c1cf8430bafdf8bb4b1168d34/episode-00000355-slot-8.json,199,857cb4dd25a724c9d7652abe5797b1534c037a3468f915df8cf032aaaa040627
training,logs/training/linux-ppo-human,logs/training/linux-ppo-human/replays/2972881c1cf8430bafdf8bb4b1168d34/episode-00000356-slot-9.json,199,2c3c7b8dab775622a42e3e04a5cd343ec6d7108cde71ce0d6bf945ef55476621
training,logs/training/linux-ppo-human,logs/training/linux-ppo-human/replays/2972881c1cf8430bafdf8bb4b1168d34/episode-00000357-slot-10.json,201,27373cf883a0871b9431461931bd585f298194bd9c911289ada7dbd5d26f7a5e
training,logs/training/linux-ppo-human,logs/training/linux-ppo-human/replays/2972881c1cf8430bafdf8bb4b1168d34/episode-00000358-slot-11.json,201,d9df93c41653fde4f9e183ef322f83bb9ff36a7820c039c388b337b14bf6037c
training,logs/training/linux-ppo-human,logs/training/linux-ppo-human/replays/2972881c1cf8430bafdf8bb4b1168d34/episode-00000359-slot-12.json,201,5d5832b6c4eeecf31c5ed9f1cc3083b064b9b2bcfbc2994f2e83478f10d6a3c8
training,logs/training/linux-ppo-human,logs/training/linux-ppo-human/replays/2972881c1cf8430bafdf8bb4b1168d34/episode-00000360-slot-13.json,201,4fe292b266af069dfa8f7f1885817ea1498f0d2a5f63deac2276dd1e9aa0c5b2
training,logs/training/linux-ppo-human,logs/training/linux-ppo-human/replays/2972881c1cf8430bafdf8bb4b1168d34/episode-00000361-slot-14.json,201,766cbcea634681ad49665f0cd78f99bb2d9bc12ee769cbb33eb598d662d0116a
training,logs/training/linux-ppo-human,logs/training/linux-ppo-human/replays/2972881c1cf8430bafdf8bb4b1168d34/episode-00000362-slot-15.json,201,804c97386990c4a9afb5bcdc865508f6594bd5510152381d9231f5cd7d829494
training,logs/training/linux-ppo-human,logs/training/linux-ppo-human/result.json,3819,b325d05fad995ed9bf2f999bcb97709d2767a8d44062da8053e272a597670866
training,logs/training/nfsp-human-state-v1,logs/training/nfsp-human-state-v1/config.yaml,1280,8bf074d823d69aaac78fd1d1159878ef31b41b5fc8f448f51eea952a94176fd4
training,logs/training/nfsp-human-state-v1,logs/training/nfsp-human-state-v1/identity.json,14724,a18255e0c82b45ca8298ecc39a4e0ceaaedc53bb8df07043cb0b15849d778095
training,logs/training/nfsp-human-state-v1,logs/training/nfsp-human-state-v1/progress.json,88356,6263e939df82653fe8d48249cc097f0ee9cf73e2dd35e1b4d9d171264a6f8f05
training,logs/training/nfsp-human-state-v1,logs/training/nfsp-human-state-v1/result.json,96667,cd9a7730d3cccd48cba487f7bd9c736850f3cb89b69c36cbfce5531f511bc0e4
pretraining,logs/pretraining/address-noisy-marisa-reimu-20261003,logs/pretraining/address-noisy-marisa-reimu-20261003/config.yaml,8224,0f2895346c1986081d7aed06a08a6a0b780b088ba87cd81a7d5f9ff96573dd3a
pretraining,logs/pretraining/address-noisy-marisa-reimu-20261003,logs/pretraining/address-noisy-marisa-reimu-20261003/identity.json,29269,c41227d7cbef03da7b1e67bf5b322058ad7591cffc5d59233650b965f1fdf870
pretraining,logs/pretraining/address-noisy-marisa-reimu-20261003,logs/pretraining/address-noisy-marisa-reimu-20261003/progress.json,36695,96fde7ae1b0cafbd0cafecbf6b1df22a0d5e857fa7de7388ed1994fa2be6eaca
pretraining,logs/pretraining/address-noisy-marisa-reimu-20261003,logs/pretraining/address-noisy-marisa-reimu-20261003/result.json,55501,b0e57491fdcf5e11047ed07b6a320a01ab4a8bcb572a92b57c6add23ad334f51
pretraining,logs/pretraining/address-recovery-marisa-reimu-20261002,logs/pretraining/address-recovery-marisa-reimu-20261002/config.yaml,8230,930763d2d1a7611fb4391576d1ceed01e3e97ea3400ba956b7cbdbeaa3572191
pretraining,logs/pretraining/address-recovery-marisa-reimu-20261002,logs/pretraining/address-recovery-marisa-reimu-20261002/identity.json,27585,ca8909e2914b98fe9d07bf6b96d9a69ffe52a4b6a09fb13b32cec00c3daf551c
pretraining,logs/pretraining/address-recovery-marisa-reimu-20261002,logs/pretraining/address-recovery-marisa-reimu-20261002/progress.json,36723,624cd3933b3c2e7105cbd943f585b688039c486faa2976d374c56d4310052197
pretraining,logs/pretraining/address-recovery-marisa-reimu-20261002,logs/pretraining/address-recovery-marisa-reimu-20261002/result.json,55534,c9cdde8cc34960cf35b317320f3c924e2c5f8f044a75e4a67e0530cddcb93f13
pretraining,logs/pretraining/god-marisa-reimu-action-id-20261002,logs/pretraining/god-marisa-reimu-action-id-20261002/config.yaml,7970,8575518e029abe81092cc03ddbb2832169bfb90616657e6498ffb25fbcafc415
pretraining,logs/pretraining/god-marisa-reimu-action-id-20261002,logs/pretraining/god-marisa-reimu-action-id-20261002/identity.json,23264,4dcc124f3764a7573712137b8199438cd66d217cd9fc5ca7171bb5905a9b6204
pretraining,logs/pretraining/god-marisa-reimu-action-id-20261002,logs/pretraining/god-marisa-reimu-action-id-20261002/progress.json,36424,67e82e55cee0097ec27e986174545312840ba76b0bcc80521ebc6b9b2d41b445
pretraining,logs/pretraining/god-marisa-reimu-action-id-20261002,logs/pretraining/god-marisa-reimu-action-id-20261002/result.json,54788,d92f46088f08826563d94ffe6ad958f95a7fcea857553581bb9730e27121c0b9
pretraining,logs/pretraining/god-marisa-reimu-address-aggregate-20261002,logs/pretraining/god-marisa-reimu-address-aggregate-20261002/config.yaml,8194,c271ec55e19f75441357fcbe47b7010a42993ef01804633dd31d6df90e3538c8
pretraining,logs/pretraining/god-marisa-reimu-address-aggregate-20261002,logs/pretraining/god-marisa-reimu-address-aggregate-20261002/identity.json,24811,114feca78962565dd91d1a3a31d7e34ae070c163434764732aeb1eaa2e5faae2
pretraining,logs/pretraining/god-marisa-reimu-address-aggregate-20261002,logs/pretraining/god-marisa-reimu-address-aggregate-20261002/progress.json,36699,33fadb9e04c0acc396b4fce7cc4cd98862bec5089633f5d2656aae22684d11eb
pretraining,logs/pretraining/god-marisa-reimu-address-aggregate-20261002,logs/pretraining/god-marisa-reimu-address-aggregate-20261002/result.json,55385,91a4c02dae0d4d169edade946107dff3efc80ddee5c8edcd50b25f63afc26464
pretraining,logs/pretraining/god-marisa-reimu-address-change1-20261003,logs/pretraining/god-marisa-reimu-address-change1-20261003/config.yaml,8169,72a8f056f334681e4757bcee8e1273c1983e0f78fd9c6076b7fc1d4923a274cd
pretraining,logs/pretraining/god-marisa-reimu-address-change1-20261003,logs/pretraining/god-marisa-reimu-address-change1-20261003/identity.json,26704,ad5693b761147a03ca9c3248ea10e2563dac64c6b0cd045cb6a0bbadb9548bb1
pretraining,logs/pretraining/god-marisa-reimu-address-change1-20261003,logs/pretraining/god-marisa-reimu-address-change1-20261003/progress.json,10466,6f295d4b4c22c9fa5c56df93797549029ba8c3fb3d99b5737b8b4835f72905e3
pretraining,logs/pretraining/god-marisa-reimu-address-change1-20261003,logs/pretraining/god-marisa-reimu-address-change1-20261003/result.json,28070,bbc685561edbe4e8c1fac62e55b075c4257a184408851b9e1f830de564dada19
pretraining,logs/pretraining/god-marisa-reimu-address-change4-20261003,logs/pretraining/god-marisa-reimu-address-change4-20261003/config.yaml,8169,26234141cf55c2fab3b5008068a6be6823d7fb50ffbeb3ad69514d9d7d1ffc40
pretraining,logs/pretraining/god-marisa-reimu-address-change4-20261003,logs/pretraining/god-marisa-reimu-address-change4-20261003/identity.json,26704,da4ea8f542ae098cde852cbbd83bd285cc861551b755c626d9738877562be1cf
pretraining,logs/pretraining/god-marisa-reimu-address-change4-20261003,logs/pretraining/god-marisa-reimu-address-change4-20261003/progress.json,10447,d96c54ca5ce02fff8ca47a4341213ada6b509a4a38e24188ebbd3f10d1262bc8
pretraining,logs/pretraining/god-marisa-reimu-address-change4-20261003,logs/pretraining/god-marisa-reimu-address-change4-20261003/result.json,28051,d71c1da22440b57602cfb52dcee701b3ce8ca8a21741fcb7ac313274ba432e49
pretraining,logs/pretraining/god-marisa-reimu-address-expansion64-20261002,logs/pretraining/god-marisa-reimu-address-expansion64-20261002/config.yaml,8010,dd1c25a53829a9265796dac0a8c316058d09ee5134be844f6a59084f4b718584
pretraining,logs/pretraining/god-marisa-reimu-address-expansion64-20261002,logs/pretraining/god-marisa-reimu-address-expansion64-20261002/identity.json,25303,22e06dc330beaa817ffd8825d00dd4c2648f0df3a4c11a9adc8c9bccae8396e5
pretraining,logs/pretraining/god-marisa-reimu-address-expansion64-20261002,logs/pretraining/god-marisa-reimu-address-expansion64-20261002/progress.json,36596,5e22ded51a09641f6d4c4dec105a05589994445af6c04af437479a12876efc9d
pretraining,logs/pretraining/god-marisa-reimu-address-expansion64-20261002,logs/pretraining/god-marisa-reimu-address-expansion64-20261002/result.json,55017,0c10ad430477819d81d640b18e2dbfac9b9ef70ec1ea5e65142b683460502cab
pretraining,logs/pretraining/god-marisa-reimu-address-invariant-20261002,logs/pretraining/god-marisa-reimu-address-invariant-20261002/config.yaml,7946,cf5c9585a9defc53afa2b02bd78d2b3aa2afc401f0ef8fa9dc31bf3931e35a8f
pretraining,logs/pretraining/god-marisa-reimu-address-invariant-20261002,logs/pretraining/god-marisa-reimu-address-invariant-20261002/identity.json,23039,eb459360fbb6516784becb9e54f0b8322588663e18b5d196fc64935f6a43bd1a
pretraining,logs/pretraining/god-marisa-reimu-address-invariant-20261002,logs/pretraining/god-marisa-reimu-address-invariant-20261002/progress.json,36375,3b3c23dc083f34351e2de5b3936db2c9b8519879996a825c0ab68140e3be3a6d
pretraining,logs/pretraining/god-marisa-reimu-address-invariant-20261002,logs/pretraining/god-marisa-reimu-address-invariant-20261002/result.json,54755,82da3859ee08afdf49c83165861a6b0882f2980ab0a22daf4b983c67252c3b52
pretraining,logs/pretraining/god-marisa-reimu-address-lstm512-20261002,logs/pretraining/god-marisa-reimu-address-lstm512-20261002/config.yaml,7944,7ab4c595fc6e2e2ac7c2f4ce5d129a1547ab03637273cb25e60cd6ccb891a00a
pretraining,logs/pretraining/god-marisa-reimu-address-lstm512-20261002,logs/pretraining/god-marisa-reimu-address-lstm512-20261002/identity.json,23039,3dd17038e347f58c56314a419c6d659ad2c26b2ef15bff4fd71928b5f679c3cb
pretraining,logs/pretraining/god-marisa-reimu-address-lstm512-20261002,logs/pretraining/god-marisa-reimu-address-lstm512-20261002/progress.json,36401,220f4fc8462fd28de865139c0574b39aec7cf8fcc21b85fbea33847c9d3b6596
pretraining,logs/pretraining/god-marisa-reimu-address-lstm512-20261002,logs/pretraining/god-marisa-reimu-address-lstm512-20261002/result.json,54777,92706beeced58a13ba0f528160a7cee2e856eb69f8b7a71926e9a0d751871b8f
pretraining,logs/pretraining/god-marisa-reimu-aggregate-20261001,logs/pretraining/god-marisa-reimu-aggregate-20261001/config.yaml,7943,fd5c820387142c25006f776b86d49ea5b00cdf9aeed5f9d3ab560b553c6b6c06
pretraining,logs/pretraining/god-marisa-reimu-aggregate-20261001,logs/pretraining/god-marisa-reimu-aggregate-20261001/identity.json,21484,bc36dde7595039249b5c66ac86d55b855293e128ae4ba20732ac072d74f1e346
pretraining,logs/pretraining/god-marisa-reimu-aggregate-20261001,logs/pretraining/god-marisa-reimu-aggregate-20261001/progress.json,9175,fcdee793bb8ec423d14318390b13e2354509954aeb020aac17c7a87f26aca48d
pretraining,logs/pretraining/god-marisa-reimu-aggregate-20261001,logs/pretraining/god-marisa-reimu-aggregate-20261001/result.json,26461,c362e0789208ae8f2051291b6648850e043914eb6aae07d70165ab7a0a2f7a93
pretraining,logs/pretraining/god-marisa-reimu-aggregate-20261001,logs/pretraining/god-marisa-reimu-aggregate-20261001/validation_by_dataset.json,4490,5c86d32db13ce26a551f514b70d219175065a1d1cb1b5d2994e099c93ce1ecd5
pretraining,logs/pretraining/god-marisa-reimu-aggregate2-20261001,logs/pretraining/god-marisa-reimu-aggregate2-20261001/config.yaml,8023,e3f8e935992c43faa87747a8398c486277aa85a94dd1d56b6f47abac21694ed6
pretraining,logs/pretraining/god-marisa-reimu-aggregate2-20261001,logs/pretraining/god-marisa-reimu-aggregate2-20261001/identity.json,22527,dac675c99d5dc602f4f4cf31ede154130178d83d72e1dc8c86b43610ea34642a
pretraining,logs/pretraining/god-marisa-reimu-aggregate2-20261001,logs/pretraining/god-marisa-reimu-aggregate2-20261001/progress.json,9199,8ac8e1d26a92323e5de7e84e40b88be7b5152d38d35a87c8b3a216af5f689a79
pretraining,logs/pretraining/god-marisa-reimu-aggregate2-20261001,logs/pretraining/god-marisa-reimu-aggregate2-20261001/result.json,26510,6766c363aabd5f97a502aa18aa81c5ce2c67f171a97268cf6d7748708aa6fc14
pretraining,logs/pretraining/god-marisa-reimu-aggregate2-20261001,logs/pretraining/god-marisa-reimu-aggregate2-20261001/validation_by_dataset.json,2963,a8176df700ddc2376899e6648464c289416faef583fed34b461b937bc1433985
pretraining,logs/pretraining/god-marisa-reimu-bc-20261001,logs/pretraining/god-marisa-reimu-bc-20261001/config.yaml,7633,84e6017df13cf4dd7cf2397d5dfbc5f389d386e2de36d3f4c23db8ab8eb8e647
pretraining,logs/pretraining/god-marisa-reimu-bc-20261001,logs/pretraining/god-marisa-reimu-bc-20261001/identity.json,19643,a5816381d1c5f1e8207c0068c1f24ebc47a82f4341d0a9123660ead76d65fbc9
pretraining,logs/pretraining/god-marisa-reimu-bc-20261001,logs/pretraining/god-marisa-reimu-bc-20261001/progress.json,9167,ba596a4962c8b0615ea83c26cf811e28a410ed1868e5fa588c65bdcae4dd4d3f
pretraining,logs/pretraining/god-marisa-reimu-bc-20261001,logs/pretraining/god-marisa-reimu-bc-20261001/result.json,26111,2e4ae67825a142c4c0d671f9c4854aa73452f6de4e7ee8363cc7416710e76d86
pretraining,logs/pretraining/god-marisa-reimu-canonical-20261003,logs/pretraining/god-marisa-reimu-canonical-20261003/config.yaml,8072,dd4484e6126d40b3ff078ba495cf025a3b72815bdd792385432aebbae0f8ecb7
pretraining,logs/pretraining/god-marisa-reimu-canonical-20261003,logs/pretraining/god-marisa-reimu-canonical-20261003/identity.json,28045,63e1f29f28359248f83d5c846c9d70d22a7d0161efda79025e7fb1540c402dad
pretraining,logs/pretraining/god-marisa-reimu-canonical-20261003,logs/pretraining/god-marisa-reimu-canonical-20261003/progress.json,36371,81212f1fb2265d9c94d6cd7effa4c0b3ef3ec86f771cdaa4e4704522fd0a9a3d
pretraining,logs/pretraining/god-marisa-reimu-canonical-20261003,logs/pretraining/god-marisa-reimu-canonical-20261003/result.json,54865,1f2f70fd636e82746f2cf44078320c294e7e134e17081fa0bebe57cb544d69b4
pretraining,logs/pretraining/god-marisa-reimu-critic-calibrated-20261002,logs/pretraining/god-marisa-reimu-critic-calibrated-20261002/config.yaml,8451,10e9419b562a82218f2b1ca7735b3261959b7215eda3b69547fc796ab21287a8
pretraining,logs/pretraining/god-marisa-reimu-critic-calibrated-20261002,logs/pretraining/god-marisa-reimu-critic-calibrated-20261002/identity.json,73946,25d2d186af887663116eba6f0997b3e778e7d322601987b4871125aea2908635
pretraining,logs/pretraining/god-marisa-reimu-critic-calibrated-20261002,logs/pretraining/god-marisa-reimu-critic-calibrated-20261002/result.json,637,36325ca654554cc84e7564450a917a02dc925ebef00fe320df3cc0de54a0aad9
pretraining,logs/pretraining/god-marisa-reimu-critic-calibrated-v2-20261002,logs/pretraining/god-marisa-reimu-critic-calibrated-v2-20261002/config.yaml,8457,cc6bd426de408a60bc889c2e475049a8b51293ac7dd16ae38587a81777ce401e
pretraining,logs/pretraining/god-marisa-reimu-critic-calibrated-v2-20261002,logs/pretraining/god-marisa-reimu-critic-calibrated-v2-20261002/identity.json,74052,9d985b382b0f7678594bca1cc2a95b76300b4652a888e0c72309c1b1d4d28c4b
pretraining,logs/pretraining/god-marisa-reimu-critic-calibrated-v2-20261002,logs/pretraining/god-marisa-reimu-critic-calibrated-v2-20261002/result.json,3863,61cd84766f1a5d489cadee2823ce634c086a4563a14b8529cac5f0fce90a55ae
pretraining,logs/pretraining/god-marisa-reimu-facing-20261003,logs/pretraining/god-marisa-reimu-facing-20261003/config.yaml,8043,cceefed67abbfcfa01f576c1a2b82b61a2b79cd48e77eec24d0e52546865402e
pretraining,logs/pretraining/god-marisa-reimu-facing-20261003,logs/pretraining/god-marisa-reimu-facing-20261003/identity.json,27480,71ccc2a66c7925a123f7c2b9468a97ade7ec94c852410dea9b1e78ff421140f1
pretraining,logs/pretraining/god-marisa-reimu-facing-20261003,logs/pretraining/god-marisa-reimu-facing-20261003/progress.json,36304,d42e6c81b068f1546a8688e5c13ce118a60a55a38efc158c309c968d93d6086b
pretraining,logs/pretraining/god-marisa-reimu-facing-20261003,logs/pretraining/god-marisa-reimu-facing-20261003/result.json,54791,a30d966d23bda740d96ea3e9b0af7cab6c5076956d4b1236a8adc4c8c86661e3
pretraining,logs/pretraining/god-marisa-reimu-factorized-20261001,logs/pretraining/god-marisa-reimu-factorized-20261001/config.yaml,7861,7fcffd13aa8d2154530dcbd0c47590521138e71aaf256f10984d28da65a6ca94
pretraining,logs/pretraining/god-marisa-reimu-factorized-20261001,logs/pretraining/god-marisa-reimu-factorized-20261001/identity.json,20675,b7b34674af84b156930fa40502f519e388f1c6a36ac4e3e5e1d0a0ac1d9ee80a
pretraining,logs/pretraining/god-marisa-reimu-factorized-20261001,logs/pretraining/god-marisa-reimu-factorized-20261001/progress.json,9159,5ddde5957f8b6f01870ea3cd49b97fb435eada3c1a6bbebb32c6f25019b0a7a5
pretraining,logs/pretraining/god-marisa-reimu-factorized-20261001,logs/pretraining/god-marisa-reimu-factorized-20261001/result.json,26173,8bbc8cafd1834b7cb289e234fa0b938627a5c5e1a5b8c10a8c13b1ec86de57cb
pretraining,logs/pretraining/god-marisa-reimu-feature-split-20261002,logs/pretraining/god-marisa-reimu-feature-split-20261002/config.yaml,8336,46e412026a09b2e86bb3c3a7b5b9cf2b97b6c1b1f8093e5811b53c8e69edbebf
pretraining,logs/pretraining/god-marisa-reimu-feature-split-20261002,logs/pretraining/god-marisa-reimu-feature-split-20261002/identity.json,22719,dc45a0cce52274d224c681bd23b908fd270f853e6370b5bfa957f48c16781ea6
pretraining,logs/pretraining/god-marisa-reimu-feature-split-20261002,logs/pretraining/god-marisa-reimu-feature-split-20261002/result.json,731,29db5bd758a23b5ceb7215cd99d4cd0455ee8fe8da6a92367ac0b99517437916
pretraining,logs/pretraining/god-marisa-reimu-feedforward-address-20261003,logs/pretraining/god-marisa-reimu-feedforward-address-20261003/config.yaml,7926,3563a6fd0ec1681de418188e474aca1fd8b364b7b4f56aecfdc1f7c6f0471384
pretraining,logs/pretraining/god-marisa-reimu-feedforward-address-20261003,logs/pretraining/god-marisa-reimu-feedforward-address-20261003/identity.json,26791,02a7ea0612a7faca727a109c1cca4d4d499e9e1c13aad57b101ed2160214631d
pretraining,logs/pretraining/god-marisa-reimu-feedforward-address-20261003,logs/pretraining/god-marisa-reimu-feedforward-address-20261003/progress.json,36573,0b25b77c1d9f5d004980eb19bda27e1f2974d6fdd151331d2fa4c1489987851e
pretraining,logs/pretraining/god-marisa-reimu-feedforward-address-20261003,logs/pretraining/god-marisa-reimu-feedforward-address-20261003/result.json,54914,0964e3e52825872a6ee635aff19a7c3600fa6a38f5d67e8d96713b7e3e84bb48
pretraining,logs/pretraining/god-marisa-reimu-numeric-change1-20261002,logs/pretraining/god-marisa-reimu-numeric-change1-20261002/config.yaml,8113,2587f57cee68dd876dc12edeb9ba53820c9a6761bbf11ca7842e3498b82588f5
pretraining,logs/pretraining/god-marisa-reimu-numeric-change1-20261002,logs/pretraining/god-marisa-reimu-numeric-change1-20261002/identity.json,22919,be3b815bcdf6d7868415f3cb04426fc59f76f31925495a544a8bad85ea293946
pretraining,logs/pretraining/god-marisa-reimu-numeric-change1-20261002,logs/pretraining/god-marisa-reimu-numeric-change1-20261002/progress.json,10452,c9b70e070f38c6a981d43037434fe528a95c2e1a13fa0e8f0014d048401440db
pretraining,logs/pretraining/god-marisa-reimu-numeric-change1-20261002,logs/pretraining/god-marisa-reimu-numeric-change1-20261002/result.json,27940,425b6087955ac4dab7ca09c59a3588767cb97d021f58472db8e61a90e1e9ed70
pretraining,logs/pretraining/god-marisa-reimu-numeric-change4-20261002,logs/pretraining/god-marisa-reimu-numeric-change4-20261002/config.yaml,8113,dee33e573603185066e05028889487ef764b32bcac7948a2a9c478b590552816
pretraining,logs/pretraining/god-marisa-reimu-numeric-change4-20261002,logs/pretraining/god-marisa-reimu-numeric-change4-20261002/identity.json,22919,9969e375ab5fad53f115048757e9013a86c6015d41d09f2e415f0e13db873380
pretraining,logs/pretraining/god-marisa-reimu-numeric-change4-20261002,logs/pretraining/god-marisa-reimu-numeric-change4-20261002/progress.json,10443,afb75df53903aa43e466a8605a70b383aa2a861b39591f06a2434bb872322bee
pretraining,logs/pretraining/god-marisa-reimu-numeric-change4-20261002,logs/pretraining/god-marisa-reimu-numeric-change4-20261002/result.json,27931,b2268c51d4e81d829ad08606eafaa757cbbf28243279a5156f78ecca2990b835
pretraining,logs/pretraining/god-marisa-reimu-numeric-control-20261002,logs/pretraining/god-marisa-reimu-numeric-control-20261002/config.yaml,7924,b09ce476472e873f682667ee5017c583c1b62cc0752081d0b4a7a39365818df9
pretraining,logs/pretraining/god-marisa-reimu-numeric-control-20261002,logs/pretraining/god-marisa-reimu-numeric-control-20261002/identity.json,23039,fc35a565b3b26079610484fa588c03975e63e4e5b7d50b70839ececb8fb2e24a
pretraining,logs/pretraining/god-marisa-reimu-numeric-control-20261002,logs/pretraining/god-marisa-reimu-numeric-control-20261002/progress.json,36433,2fcd640b18e92e1b92c5dcab23500a37275bc7eb83c2d77dc88dacf1d5368a05
pretraining,logs/pretraining/god-marisa-reimu-numeric-control-20261002,logs/pretraining/god-marisa-reimu-numeric-control-20261002/result.json,54808,e8ae4dbdf8f80bb97e6079ade833383534bf7163d4e6c2964476ce4c95681dd2
pretraining,logs/pretraining/god-marisa-reimu-recurrent-20261001,logs/pretraining/god-marisa-reimu-recurrent-20261001/config.yaml,7820,5eeb4d1fdd5081cc0b7474ea966c1bf70cc176862ce0f12f03bf564d31a185b7
pretraining,logs/pretraining/god-marisa-reimu-recurrent-20261001,logs/pretraining/god-marisa-reimu-recurrent-20261001/identity.json,20814,c5f005ccb6c14ddfbc503911dfee285531cf0d78ac8b720730970f112059f311
pretraining,logs/pretraining/god-marisa-reimu-recurrent-20261001,logs/pretraining/god-marisa-reimu-recurrent-20261001/online_probability_audit.json,2597,ba1aa80ad71e1cbaa3e65a10a7ca7fbd9d381b6d2f8827dc63bd756a5e0424f4
pretraining,logs/pretraining/god-marisa-reimu-recurrent-20261001,logs/pretraining/god-marisa-reimu-recurrent-20261001/progress.json,9215,b4ecc0712ebd7a5a7c0d7e4533d98e0098e758c0da471f72645cfc3ef4c3a9f4
pretraining,logs/pretraining/god-marisa-reimu-recurrent-20261001,logs/pretraining/god-marisa-reimu-recurrent-20261001/result.json,26400,45c2e3a6dbf48863c7a4ffdcf2851a39452e99b03bde3f03cbb01ad335c86017
pretraining,logs/pretraining/god-marisa-reimu-recurrent-aggregate-20261001,logs/pretraining/god-marisa-reimu-recurrent-aggregate-20261001/config.yaml,8126,125d1bba070e71b36a2e49414eed6cb584c4b268e67d46ed1ad4403f7f08b450
pretraining,logs/pretraining/god-marisa-reimu-recurrent-aggregate-20261001,logs/pretraining/god-marisa-reimu-recurrent-aggregate-20261001/identity.json,23921,dccd3a1cce29d6eff39b21981a6a73196d51a77bcd8c5bf9b1266e6863846564
pretraining,logs/pretraining/god-marisa-reimu-recurrent-aggregate-20261001,logs/pretraining/god-marisa-reimu-recurrent-aggregate-20261001/progress.json,9249,882ccadbec379ea48100b10b854e7974399796fa684d03ed381ebbf3bd2defa2
pretraining,logs/pretraining/god-marisa-reimu-recurrent-aggregate-20261001,logs/pretraining/god-marisa-reimu-recurrent-aggregate-20261001/result.json,26809,cf54e5422c800f97bffd8fcfad3615b8950be8d9ad2eb1addbc7a8bc9d2fd2b2
pretraining,logs/pretraining/god-marisa-reimu-recurrent-expanded-20261001,logs/pretraining/god-marisa-reimu-recurrent-expanded-20261001/config.yaml,7885,a34dfb611bcf2c9c6e1dd2eadd435d15b4c5b88700a50c74d4ea5a31c1d45a1c
pretraining,logs/pretraining/god-marisa-reimu-recurrent-expanded-20261001,logs/pretraining/god-marisa-reimu-recurrent-expanded-20261001/identity.json,22365,dbc4f4535599ea9721793eb7630875da56973f38fc78963be61674b5e3c7fc8f
pretraining,logs/pretraining/god-marisa-reimu-recurrent-expanded-20261001,logs/pretraining/god-marisa-reimu-recurrent-expanded-20261001/progress.json,9223,d8d017a34182dbbd7f8b1a1440c17d929c09d88318e4bea29fd2b8ac89d02d9f
pretraining,logs/pretraining/god-marisa-reimu-recurrent-expanded-20261001,logs/pretraining/god-marisa-reimu-recurrent-expanded-20261001/result.json,26463,e5b30a0ca6c25e3fd9549079090362456d4b9378e3ddea332843390e6dde56a3
pretraining,logs/pretraining/god-marisa-reimu-recurrent-factorized-address-20261002,logs/pretraining/god-marisa-reimu-recurrent-factorized-address-20261002/config.yaml,8119,dc92e1a7133844e9a1ee5e55f2339bb95448bb1357dfa7ef3e03431ffff0d983
pretraining,logs/pretraining/god-marisa-reimu-recurrent-factorized-address-20261002,logs/pretraining/god-marisa-reimu-recurrent-factorized-address-20261002/identity.json,26164,5d60711851d9fe0e8dcf4635a7d4625836e274ca13498d794431156f190e6846
pretraining,logs/pretraining/god-marisa-reimu-recurrent-factorized-address-20261002,logs/pretraining/god-marisa-reimu-recurrent-factorized-address-20261002/progress.json,36426,bf0bcfa9405f5721845ce37dc667e28b0a69ccc952b80dc6582e8ebed20d69db
pretraining,logs/pretraining/god-marisa-reimu-recurrent-factorized-address-20261002,logs/pretraining/god-marisa-reimu-recurrent-factorized-address-20261002/result.json,54874,a6bfdebb977131d3ea38fef26dc8a589e99776acb6c451775253a6a6809b2b27
pretraining,logs/pretraining/god-marisa-reimu-recurrent-numeric-combat-20261001,logs/pretraining/god-marisa-reimu-recurrent-numeric-combat-20261001/config.yaml,7905,fed496f6cd8992150e3d07ac54716b6634224e78f4b4bfac9b8e718d540846ed
pretraining,logs/pretraining/god-marisa-reimu-recurrent-numeric-combat-20261001,logs/pretraining/god-marisa-reimu-recurrent-numeric-combat-20261001/identity.json,22694,7c7397ab923cecc1f88be0c26d2bdf29d61400d6bc08b9a44c267c3f3d872f50
pretraining,logs/pretraining/god-marisa-reimu-recurrent-numeric-combat-20261001,logs/pretraining/god-marisa-reimu-recurrent-numeric-combat-20261001/progress.json,9234,deb219cb74a0f2bf20760593112060218190013ef59f9c3b633c33e9a8d55b37
pretraining,logs/pretraining/god-marisa-reimu-recurrent-numeric-combat-20261001,logs/pretraining/god-marisa-reimu-recurrent-numeric-combat-20261001/result.json,26486,171b8903a6847b89f346daa32a15af2ebe1288328f9e5cbe1b285bd9328cb1e9
pretraining,logs/pretraining/god-marisa-reimu-recurrent-persistent-20261003,logs/pretraining/god-marisa-reimu-recurrent-persistent-20261003/config.yaml,8107,79766efe09c89211589457f8b9f8e67c1fb07bddf3a268b2d07931e68e051ba8
pretraining,logs/pretraining/god-marisa-reimu-recurrent-persistent-20261003,logs/pretraining/god-marisa-reimu-recurrent-persistent-20261003/identity.json,27933,2e875d2ddb952db06058b36886d8826d2468cd686673798eea47b22f1b2d6c92
pretraining,logs/pretraining/god-marisa-reimu-recurrent-persistent-20261003,logs/pretraining/god-marisa-reimu-recurrent-persistent-20261003/progress.json,36587,c62f148f7ca5f262f79967e4db71fc24582620b43734f803dbfafd13f46b48ab
pretraining,logs/pretraining/god-marisa-reimu-recurrent-persistent-20261003,logs/pretraining/god-marisa-reimu-recurrent-persistent-20261003/result.json,55102,c5ee6a6b6550db8b1ded8dfa61745c1ec75bf79dc116e5ec8d4f09ea48669cfe
pretraining,logs/pretraining/god-marisa-reimu-recurrent-separate-20261001,logs/pretraining/god-marisa-reimu-recurrent-separate-20261001/config.yaml,7905,e69cfda6d37ccf95f75b0c9ddf581968c5a694900fb48dd0bedc4a4902bbd017
pretraining,logs/pretraining/god-marisa-reimu-recurrent-separate-20261001,logs/pretraining/god-marisa-reimu-recurrent-separate-20261001/identity.json,20918,a45d784f7fb8226fdb69b800622ee97a15b89aeb5f83daefc63f61a7ff51c471
pretraining,logs/pretraining/god-marisa-reimu-recurrent-separate-20261001,logs/pretraining/god-marisa-reimu-recurrent-separate-20261001/progress.json,9208,38772a96d1a77ed014479c990542072364f9ec2caafdc421f8b32264a0ff6e5b
pretraining,logs/pretraining/god-marisa-reimu-recurrent-separate-20261001,logs/pretraining/god-marisa-reimu-recurrent-separate-20261001/result.json,26410,7c7685446e7979593495a3f6a07505cbe05b3b4c75820bceb1d8128e7e516be8
pretraining,logs/pretraining/god-marisa-reimu-relational-20261002,logs/pretraining/god-marisa-reimu-relational-20261002/config.yaml,8025,a6f2d84fe78f7b86d99b3d11dab731a18fd18393db6e2aa81a5ac84ea4cc82a4
pretraining,logs/pretraining/god-marisa-reimu-relational-20261002,logs/pretraining/god-marisa-reimu-relational-20261002/identity.json,23152,7b7b72bdb950f99c82991aa1847c49a56b8a68afcc61fa52931fb2524213fdc6
pretraining,logs/pretraining/god-marisa-reimu-relational-20261002,logs/pretraining/god-marisa-reimu-relational-20261002/progress.json,36393,cad2ec06d3876018d5bd309e94e3d9976f33f7a445771feb9bb97121def1a17c
pretraining,logs/pretraining/god-marisa-reimu-relational-20261002,logs/pretraining/god-marisa-reimu-relational-20261002/result.json,54758,ce39742233f5815a72b6491e969166ec48349da62eafb4bad54bfd5597fbe938
pretraining,logs/pretraining/god-marisa-reimu-split-calibrated-20261002,logs/pretraining/god-marisa-reimu-split-calibrated-20261002/config.yaml,8846,698d3991597524a50b1a248676140236dafe40aafc11d7ff6584c86e176a0473
pretraining,logs/pretraining/god-marisa-reimu-split-calibrated-20261002,logs/pretraining/god-marisa-reimu-split-calibrated-20261002/identity.json,23158,0e151222925d257ae8efe28ca830e5f82f5f13e1977d0bcf21ee902bee296740
pretraining,logs/pretraining/god-marisa-reimu-split-calibrated-20261002,logs/pretraining/god-marisa-reimu-split-calibrated-20261002/result.json,731,1e58fae731fb746ece98b532115577b33dda31c41414a229fca5d2a9cc1a7c9f
benchmark,logs/benchmark/br-address-action-mix50-final-20261002,logs/benchmark/br-address-action-mix50-final-20261002/config.yaml,13753,af973eb4d6c5bc3571aa3fb8bb83ba6de975a388b02b3d1ab18ac27cec0e34f5
benchmark,logs/benchmark/br-address-action-mix50-final-20261002,logs/benchmark/br-address-action-mix50-final-20261002/plan.json,12796,f39f9b5ac526d288ef45460de97818db61345f22c8bf8cfc48befc2a4ec41d9f
benchmark,logs/benchmark/br-address-action-mix50-final-20261002,logs/benchmark/br-address-action-mix50-final-20261002/progress.json,93047,4c009c1e5a8dce977517477d74e14e0327fd06d9fe5268063d66e19fafda94c6
benchmark,logs/benchmark/br-address-action-mix50-final-20261002,logs/benchmark/br-address-action-mix50-final-20261002/replays/a32b349d598441d988906e26c7b3c23f/episode-00000001-slot-3.json,200,cb40be4f330461aac54be3debbd9fb62e671b7ae92075efefdec19226b2e4aec
benchmark,logs/benchmark/br-address-action-mix50-final-20261002,logs/benchmark/br-address-action-mix50-final-20261002/replays/a32b349d598441d988906e26c7b3c23f/episode-00000002-slot-4.json,200,5ab290b6b1149caf1311e3155e2037579e736cb8270d0f726b6e1903ec484c79
benchmark,logs/benchmark/br-address-action-mix50-final-20261002,logs/benchmark/br-address-action-mix50-final-20261002/replays/a32b349d598441d988906e26c7b3c23f/episode-00000003-slot-6.json,200,595a045bd40c4e977c9d1fc80080bf41b6048ea5fb58d793a73b198360f54d52
benchmark,logs/benchmark/br-address-action-mix50-final-20261002,logs/benchmark/br-address-action-mix50-final-20261002/replays/a32b349d598441d988906e26c7b3c23f/episode-00000004-slot-7.json,200,8c8d8a3e10253df11670286e335fb1d9a2cb23bcbbb852887633167b53df6bb3
benchmark,logs/benchmark/br-address-action-mix50-final-20261002,logs/benchmark/br-address-action-mix50-final-20261002/replays/a32b349d598441d988906e26c7b3c23f/episode-00000005-slot-2.json,199,3ea168d3f98097f15938e2bd3da41496f5c3dd249f7ed7a6667aa30df03c867e
benchmark,logs/benchmark/br-address-action-mix50-final-20261002,logs/benchmark/br-address-action-mix50-final-20261002/replays/a32b349d598441d988906e26c7b3c23f/episode-00000006-slot-5.json,200,3569a3f6f81954bb5e972a5342c87617b971f23464e308a24108a3d64b861b8d
benchmark,logs/benchmark/br-address-action-mix50-final-20261002,logs/benchmark/br-address-action-mix50-final-20261002/replays/a32b349d598441d988906e26c7b3c23f/episode-00000007-slot-1.json,199,bb8262929ecd3e51be728f836863b45a75c8955ce6a0449a9c74d8444fe472bf
benchmark,logs/benchmark/br-address-action-mix50-final-20261002,logs/benchmark/br-address-action-mix50-final-20261002/replays/a32b349d598441d988906e26c7b3c23f/episode-00000008-slot-0.json,199,f172960ef3cfbba2da7e772f3a8dd29491713cbbc766d0edffa676d860f617ae
benchmark,logs/benchmark/br-address-action-mix50-final-20261002,logs/benchmark/br-address-action-mix50-final-20261002/replays/a32b349d598441d988906e26c7b3c23f/episode-00000009-slot-4.json,200,ff17ffef656564d4dee6303f31692e8b8171d849802afe4d4f3d40e6909a6a8f
benchmark,logs/benchmark/br-address-action-mix50-final-20261002,logs/benchmark/br-address-action-mix50-final-20261002/replays/a32b349d598441d988906e26c7b3c23f/episode-00000010-slot-1.json,199,ef19337eed645bee0b297fea68483024c76b3b9b234409bf22fbc928be9e73d5
benchmark,logs/benchmark/br-address-action-mix50-final-20261002,logs/benchmark/br-address-action-mix50-final-20261002/replays/a32b349d598441d988906e26c7b3c23f/episode-00000011-slot-5.json,200,6f502eb7ff821612a610c45cac0c9ad50cc18b9c1cbde9d60637b279d8b36dd9
benchmark,logs/benchmark/br-address-action-mix50-final-20261002,logs/benchmark/br-address-action-mix50-final-20261002/replays/a32b349d598441d988906e26c7b3c23f/episode-00000012-slot-6.json,200,033f3df7feb5681551677429d5a8e9c82f3e37218ab7afb1dd65193191f7133b
benchmark,logs/benchmark/br-address-action-mix50-final-20261002,logs/benchmark/br-address-action-mix50-final-20261002/replays/a32b349d598441d988906e26c7b3c23f/episode-00000013-slot-0.json,199,0a1027e95679bbd5396000bfd0273b7722ef20f88c0bca421d8ccefd1dccc0a6
benchmark,logs/benchmark/br-address-action-mix50-final-20261002,logs/benchmark/br-address-action-mix50-final-20261002/replays/a32b349d598441d988906e26c7b3c23f/episode-00000014-slot-7.json,200,885ae56afe550e0cf462dc11f20c209327fc7b758217f78d78c93271196d5862
benchmark,logs/benchmark/br-address-action-mix50-final-20261002,logs/benchmark/br-address-action-mix50-final-20261002/replays/a32b349d598441d988906e26c7b3c23f/episode-00000015-slot-2.json,199,5a1572175b0581934719ccb6ae69ac5b777443f04116dbf3332e4b6c45767b06
benchmark,logs/benchmark/br-address-action-mix50-final-20261002,logs/benchmark/br-address-action-mix50-final-20261002/replays/a32b349d598441d988906e26c7b3c23f/episode-00000016-slot-3.json,200,8704e93d80e4643f8b359f6e4d52731fe5374025595d7ec6f9ab722196538d85
benchmark,logs/benchmark/br-address-action-mix50-final-20261002,logs/benchmark/br-address-action-mix50-final-20261002/result.json,130217,e0ae7abea121dca1012df5be3fdb0891f164549874779688039ff0de2e38ec0b
benchmark,logs/benchmark/br-address-action-mix50-mid-20261002,logs/benchmark/br-address-action-mix50-mid-20261002/config.yaml,13804,c6b0184d9993dbce4cb3e4f819266d501c5084c3e8359a5885c64e2bd1e2297e
benchmark,logs/benchmark/br-address-action-mix50-mid-20261002,logs/benchmark/br-address-action-mix50-mid-20261002/plan.json,12796,27057f68e2077394c620a4617512a2261accebfb7115b421a5dd138787be1f46
benchmark,logs/benchmark/br-address-action-mix50-mid-20261002,logs/benchmark/br-address-action-mix50-mid-20261002/progress.json,93783,40929627d2680ebea0572401c28b42656c66acb8296c715967550a3d8f971931
benchmark,logs/benchmark/br-address-action-mix50-mid-20261002,logs/benchmark/br-address-action-mix50-mid-20261002/replays/f9e829731a9249b3812a88082c274f8e/episode-00000001-slot-4.json,200,3ca392020f15cee9454e60a691e89320540a270f2985dd449310f7e8a422f813
benchmark,logs/benchmark/br-address-action-mix50-mid-20261002,logs/benchmark/br-address-action-mix50-mid-20261002/replays/f9e829731a9249b3812a88082c274f8e/episode-00000002-slot-6.json,200,2a69f41653438fb7241cc33aaeaa77e1f92ca4c8c776692a4acc94144985b966
benchmark,logs/benchmark/br-address-action-mix50-mid-20261002,logs/benchmark/br-address-action-mix50-mid-20261002/replays/f9e829731a9249b3812a88082c274f8e/episode-00000003-slot-2.json,199,277895ce2cc430fd97fcfbb04fe36ead5288fcd9ba414ff78b241ed6289198bd
benchmark,logs/benchmark/br-address-action-mix50-mid-20261002,logs/benchmark/br-address-action-mix50-mid-20261002/replays/f9e829731a9249b3812a88082c274f8e/episode-00000004-slot-7.json,200,f9bf04e71ed6661b7a9b1fd41ac858957612f86586510ecc3eb9aec496777275
benchmark,logs/benchmark/br-address-action-mix50-mid-20261002,logs/benchmark/br-address-action-mix50-mid-20261002/replays/f9e829731a9249b3812a88082c274f8e/episode-00000005-slot-1.json,199,254f3dea4a80e4bc450ad9e14f36137e29b82adcb701691624bf4adef54bc432
benchmark,logs/benchmark/br-address-action-mix50-mid-20261002,logs/benchmark/br-address-action-mix50-mid-20261002/replays/f9e829731a9249b3812a88082c274f8e/episode-00000006-slot-3.json,200,b2f19e6e0526c6801c1ae60252a2d772a346b13b2d9cf67e2526b2d24f5ad921
benchmark,logs/benchmark/br-address-action-mix50-mid-20261002,logs/benchmark/br-address-action-mix50-mid-20261002/replays/f9e829731a9249b3812a88082c274f8e/episode-00000007-slot-5.json,200,737c7183300693c33df357c0f0efba37ca66e7f58333b90a0ee5c380d8666a91
benchmark,logs/benchmark/br-address-action-mix50-mid-20261002,logs/benchmark/br-address-action-mix50-mid-20261002/replays/f9e829731a9249b3812a88082c274f8e/episode-00000008-slot-0.json,199,78c344f9e27b6b31410cc86a8633c228cfbe0c44833517f7c9b22e50cb349a3b
benchmark,logs/benchmark/br-address-action-mix50-mid-20261002,logs/benchmark/br-address-action-mix50-mid-20261002/replays/f9e829731a9249b3812a88082c274f8e/episode-00000009-slot-7.json,200,f3e45003fe6b092fe4d4723f66df528017fce0bcf823e467b8a0571e55cd1e99
benchmark,logs/benchmark/br-address-action-mix50-mid-20261002,logs/benchmark/br-address-action-mix50-mid-20261002/replays/f9e829731a9249b3812a88082c274f8e/episode-00000010-slot-0.json,199,ec839f655b9f0891053a97d01a42f1b9862e48004466bc37e99b9889d9ac90b8
benchmark,logs/benchmark/br-address-action-mix50-mid-20261002,logs/benchmark/br-address-action-mix50-mid-20261002/replays/f9e829731a9249b3812a88082c274f8e/episode-00000011-slot-1.json,199,4e9975c55dee622a8c8e62c1936cac29665784d62698a81d1f44117e525ccb5b
benchmark,logs/benchmark/br-address-action-mix50-mid-20261002,logs/benchmark/br-address-action-mix50-mid-20261002/replays/f9e829731a9249b3812a88082c274f8e/episode-00000012-slot-4.json,200,5eecce9ffce1ce468ad62be695b2e57f7070cab8ab7d157734d5f13b6c4255b6
benchmark,logs/benchmark/br-address-action-mix50-mid-20261002,logs/benchmark/br-address-action-mix50-mid-20261002/replays/f9e829731a9249b3812a88082c274f8e/episode-00000013-slot-5.json,200,0d227d7ff780225c7de1a2c5e564ca550573ab5d24f19e723c8cb94cfea511df
benchmark,logs/benchmark/br-address-action-mix50-mid-20261002,logs/benchmark/br-address-action-mix50-mid-20261002/replays/f9e829731a9249b3812a88082c274f8e/episode-00000014-slot-3.json,200,eca14199048cf59a6c0afc3e8d214a11b0e32e252ac9c087de1195f02c68dbf0
benchmark,logs/benchmark/br-address-action-mix50-mid-20261002,logs/benchmark/br-address-action-mix50-mid-20261002/replays/f9e829731a9249b3812a88082c274f8e/episode-00000015-slot-2.json,199,805958e4d0cf49beeaa67de906f64b051ce9d4e04fbcbf595fc538adb899e027
benchmark,logs/benchmark/br-address-action-mix50-mid-20261002,logs/benchmark/br-address-action-mix50-mid-20261002/replays/f9e829731a9249b3812a88082c274f8e/episode-00000016-slot-6.json,200,ea66ae3a9358cc6d18abfdda10bdc9f309d5379103edc8e1def7adf09cdbdc03
benchmark,logs/benchmark/br-address-action-mix50-mid-20261002,logs/benchmark/br-address-action-mix50-mid-20261002/result.json,131015,51e606bc5dd54a0240a970590c9c97f8c5deb5ff99e43b653414a5f47676bd10
benchmark,logs/benchmark/br-address-aggregate-20261002,logs/benchmark/br-address-aggregate-20261002/config.yaml,16865,932d481d06738427de6d8282fab2699222576fd4ac234e9a9befa9064897da10
benchmark,logs/benchmark/br-address-aggregate-20261002,logs/benchmark/br-address-aggregate-20261002/plan.json,3198,9376a0f276706af8d2ffbc2593b11131b58c50ab4111a1b2147f5d5ab102afde
benchmark,logs/benchmark/br-address-aggregate-20261002,logs/benchmark/br-address-aggregate-20261002/progress.json,28365,0c1c05f6287d05b35b70d217e4a73eb5f655d087f834a213191dd658e2a0d1b7
benchmark,logs/benchmark/br-address-aggregate-20261002,logs/benchmark/br-address-aggregate-20261002/replays/9a316f0e386143a598d1bbb761e2270f/episode-00000001-slot-0.json,199,cc9737b3ea302cdf820fe94c361237e987502b0e5ef40e05db88d99193bd7549
benchmark,logs/benchmark/br-address-aggregate-20261002,logs/benchmark/br-address-aggregate-20261002/replays/9a316f0e386143a598d1bbb761e2270f/episode-00000002-slot-3.json,200,fdde06fd98335188a11c061c5261a8d6f210577e1a3aef7766aa6f436d6ef7ef
benchmark,logs/benchmark/br-address-aggregate-20261002,logs/benchmark/br-address-aggregate-20261002/replays/9a316f0e386143a598d1bbb761e2270f/episode-00000003-slot-1.json,200,5f2b401b934b5743613ccfcf67a6c0a257dce7e2ca6b1d654415396d149e7896
benchmark,logs/benchmark/br-address-aggregate-20261002,logs/benchmark/br-address-aggregate-20261002/replays/9a316f0e386143a598d1bbb761e2270f/episode-00000004-slot-2.json,199,25dee4265e80a7739ee57e6ef9a97bca59391b2f7218b2ad79be457fc12ab554
benchmark,logs/benchmark/br-address-aggregate-20261002,logs/benchmark/br-address-aggregate-20261002/result.json,57269,de3d77615928169b9ecad359ceb5bb65a8bc03ef3e5b406d9748425d3d526bf9
benchmark,logs/benchmark/br-address-balanced-budget-final-20261003,logs/benchmark/br-address-balanced-budget-final-20261003/config.yaml,13824,f4f25573e2cf32e55fac80a8669181afda7b4f57b799157b18136874854f55e3
benchmark,logs/benchmark/br-address-balanced-budget-final-20261003,logs/benchmark/br-address-balanced-budget-final-20261003/plan.json,12796,762b839a7c1e151dfd8a243ff6de284cf19ffec54c0e35974774372a5efb095c
benchmark,logs/benchmark/br-address-balanced-budget-final-20261003,logs/benchmark/br-address-balanced-budget-final-20261003/progress.json,157595,cc50e9cb5ea800ac5a6c3f52c1be1a410a121148aac1fde15355b973a85ad4fe
benchmark,logs/benchmark/br-address-balanced-budget-final-20261003,logs/benchmark/br-address-balanced-budget-final-20261003/replays/8db3e4a34c81462180012e229fe40fc7/episode-00000001-slot-3.json,200,21033e3b70021738db4074e22b721e8229afab5bc58e8f1973203c9fba55c136
benchmark,logs/benchmark/br-address-balanced-budget-final-20261003,logs/benchmark/br-address-balanced-budget-final-20261003/replays/8db3e4a34c81462180012e229fe40fc7/episode-00000002-slot-4.json,200,01998345c45d865128855383ee48196e790ebf1157291bd66b7868875160afb5
benchmark,logs/benchmark/br-address-balanced-budget-final-20261003,logs/benchmark/br-address-balanced-budget-final-20261003/replays/8db3e4a34c81462180012e229fe40fc7/episode-00000003-slot-5.json,200,46b860afa6631fde27dfe634c4ed9754f1b55b99856324a07681d88755e44e1a
benchmark,logs/benchmark/br-address-balanced-budget-final-20261003,logs/benchmark/br-address-balanced-budget-final-20261003/replays/8db3e4a34c81462180012e229fe40fc7/episode-00000004-slot-6.json,200,91b5e7a5440d9e7b9f85211d00cec2d9d6bfb149cf3848b823a6e99bbb7a8294
benchmark,logs/benchmark/br-address-balanced-budget-final-20261003,logs/benchmark/br-address-balanced-budget-final-20261003/replays/8db3e4a34c81462180012e229fe40fc7/episode-00000005-slot-7.json,200,cd829e7fa98f69ac8fedf7b6ffcce3b6e87d730ccae7a3d782b6cc77dbf19c01
benchmark,logs/benchmark/br-address-balanced-budget-final-20261003,logs/benchmark/br-address-balanced-budget-final-20261003/replays/8db3e4a34c81462180012e229fe40fc7/episode-00000006-slot-1.json,199,939fcb54bf435701a9273359b492b772b5931a0b5a3f6be8ca09af0a936bf409
benchmark,logs/benchmark/br-address-balanced-budget-final-20261003,logs/benchmark/br-address-balanced-budget-final-20261003/replays/8db3e4a34c81462180012e229fe40fc7/episode-00000007-slot-0.json,199,efb2f86e6e89222a349adca1c244e129792dfc7be6339cdc00b455db2a98c325
benchmark,logs/benchmark/br-address-balanced-budget-final-20261003,logs/benchmark/br-address-balanced-budget-final-20261003/replays/8db3e4a34c81462180012e229fe40fc7/episode-00000008-slot-2.json,199,c3173c27f589dadeea41f96d254cd00a7612e14c8114beb4c229d2ae6a925d51
benchmark,logs/benchmark/br-address-balanced-budget-final-20261003,logs/benchmark/br-address-balanced-budget-final-20261003/replays/8db3e4a34c81462180012e229fe40fc7/episode-00000009-slot-1.json,199,e7d5ffef1c1db77a412dd6bbb1909a44e7e70721c367fd2aee22b5a3da885b64
benchmark,logs/benchmark/br-address-balanced-budget-final-20261003,logs/benchmark/br-address-balanced-budget-final-20261003/replays/8db3e4a34c81462180012e229fe40fc7/episode-00000010-slot-6.json,200,5cef2a4c28fdc7e6ae95eb9b940241e1e52e6dd7762b7c3a488b9ce4a20dd99d
benchmark,logs/benchmark/br-address-balanced-budget-final-20261003,logs/benchmark/br-address-balanced-budget-final-20261003/replays/8db3e4a34c81462180012e229fe40fc7/episode-00000011-slot-7.json,200,e4046d4ea8d12d5efbb3b829913f1ae526f0b11cbb3f7c2561b6933cd5a10a9e
benchmark,logs/benchmark/br-address-balanced-budget-final-20261003,logs/benchmark/br-address-balanced-budget-final-20261003/replays/8db3e4a34c81462180012e229fe40fc7/episode-00000012-slot-2.json,199,87fc48f655ea9a384435515521472b1fcf046fba98f7dc60552131c82008c433
benchmark,logs/benchmark/br-address-balanced-budget-final-20261003,logs/benchmark/br-address-balanced-budget-final-20261003/replays/8db3e4a34c81462180012e229fe40fc7/episode-00000013-slot-0.json,199,ed59cfa645fe211398fa75269c6d4c788341501d70336eaa5da967607769672e
benchmark,logs/benchmark/br-address-balanced-budget-final-20261003,logs/benchmark/br-address-balanced-budget-final-20261003/replays/8db3e4a34c81462180012e229fe40fc7/episode-00000014-slot-4.json,200,5cd3aadfabfcd8dab4106b56227aa7e1a90e9ba0ecd54a51243d1077576eb835
benchmark,logs/benchmark/br-address-balanced-budget-final-20261003,logs/benchmark/br-address-balanced-budget-final-20261003/replays/8db3e4a34c81462180012e229fe40fc7/episode-00000015-slot-5.json,200,8e6579c305f54f8978be9cbf6a1e2fa8bf50f08fb5f201ea021d9d2257c07595
benchmark,logs/benchmark/br-address-balanced-budget-final-20261003,logs/benchmark/br-address-balanced-budget-final-20261003/replays/8db3e4a34c81462180012e229fe40fc7/episode-00000016-slot-3.json,200,93677ca89f3bde3d2572dd0e9a690e90ba50cde521c699aff66c2962d31b9571
benchmark,logs/benchmark/br-address-balanced-budget-final-20261003,logs/benchmark/br-address-balanced-budget-final-20261003/result.json,205107,47aae1494829c49d1d6f38110009303a2b7c3545c978554ef4881f53981b036e
benchmark,logs/benchmark/br-address-balanced-budget-half-20261003,logs/benchmark/br-address-balanced-budget-half-20261003/config.yaml,13878,a81258e95449bc0f7627f2b0f60ecd51e44eab090e0fa6596df8b436062c6e36
benchmark,logs/benchmark/br-address-balanced-budget-half-20261003,logs/benchmark/br-address-balanced-budget-half-20261003/plan.json,12796,5fcd004b9bd78f745da23140363b978c98b8d0b7b22c60e86e8b3a18874b84a3
benchmark,logs/benchmark/br-address-balanced-budget-half-20261003,logs/benchmark/br-address-balanced-budget-half-20261003/progress.json,87601,ee18c8bd29e1329ccf11e982598eea47c650c46cc8e45b640697fe7aa2fd184b
benchmark,logs/benchmark/br-address-balanced-budget-half-20261003,logs/benchmark/br-address-balanced-budget-half-20261003/replays/c2a898e216cc4ad3b15ea889612ad97c/episode-00000001-slot-6.json,200,f9e785903a5d1fc7e528d39a1f3830278805cb6b8acedffdcea8619cdf5ba2e8
benchmark,logs/benchmark/br-address-balanced-budget-half-20261003,logs/benchmark/br-address-balanced-budget-half-20261003/replays/c2a898e216cc4ad3b15ea889612ad97c/episode-00000002-slot-5.json,200,495ad4827c18911019eae919376a4c9b07c883151cc9f9aa8fafdf5cd0432e8b
benchmark,logs/benchmark/br-address-balanced-budget-half-20261003,logs/benchmark/br-address-balanced-budget-half-20261003/replays/c2a898e216cc4ad3b15ea889612ad97c/episode-00000003-slot-3.json,200,6c05f4289ff23b3924d47c8fc841e0b3296c1945c6553177e1aea870b6bbcc45
benchmark,logs/benchmark/br-address-balanced-budget-half-20261003,logs/benchmark/br-address-balanced-budget-half-20261003/replays/c2a898e216cc4ad3b15ea889612ad97c/episode-00000004-slot-4.json,200,b3acc23e53b31648ea9c67270cae898786919b899fece8ca0db9e4f29414110a
benchmark,logs/benchmark/br-address-balanced-budget-half-20261003,logs/benchmark/br-address-balanced-budget-half-20261003/replays/c2a898e216cc4ad3b15ea889612ad97c/episode-00000005-slot-7.json,200,25d37c0945ebc4cfffeff0009bcccb23191a27e3a670e90e3b6617648f8f52d9
benchmark,logs/benchmark/br-address-balanced-budget-half-20261003,logs/benchmark/br-address-balanced-budget-half-20261003/replays/c2a898e216cc4ad3b15ea889612ad97c/episode-00000006-slot-0.json,199,38e1252edf3670598870fe39d56b5043db81f55ac48692de4abab8c69f5cee34
benchmark,logs/benchmark/br-address-balanced-budget-half-20261003,logs/benchmark/br-address-balanced-budget-half-20261003/replays/c2a898e216cc4ad3b15ea889612ad97c/episode-00000007-slot-2.json,199,82e93c35c32e579c91cd7c95884843ec40d342dde9cad44d3ba41765f6f48303
benchmark,logs/benchmark/br-address-balanced-budget-half-20261003,logs/benchmark/br-address-balanced-budget-half-20261003/replays/c2a898e216cc4ad3b15ea889612ad97c/episode-00000008-slot-1.json,199,44fa121e3f71e3a394627f90f6756d63ae8f34dcce74b4e13dc952acccff6495
benchmark,logs/benchmark/br-address-balanced-budget-half-20261003,logs/benchmark/br-address-balanced-budget-half-20261003/replays/c2a898e216cc4ad3b15ea889612ad97c/episode-00000009-slot-6.json,200,f90a4ee1d32d30736d139fe2a5768922c8e6755a8e0748fdba50673ffaaa3d76
benchmark,logs/benchmark/br-address-balanced-budget-half-20261003,logs/benchmark/br-address-balanced-budget-half-20261003/replays/c2a898e216cc4ad3b15ea889612ad97c/episode-00000010-slot-2.json,199,bf6596f74d261d86056275cf3158f24eb94fde11ef77ada5d7e711bfa140ab55
benchmark,logs/benchmark/br-address-balanced-budget-half-20261003,logs/benchmark/br-address-balanced-budget-half-20261003/replays/c2a898e216cc4ad3b15ea889612ad97c/episode-00000011-slot-3.json,200,c8edc8928568141996c7d0a4ab07337e759f20e461c612209d4ac1bb9fa5c756
benchmark,logs/benchmark/br-address-balanced-budget-half-20261003,logs/benchmark/br-address-balanced-budget-half-20261003/replays/c2a898e216cc4ad3b15ea889612ad97c/episode-00000012-slot-4.json,200,8a289a037b48b0d8886a4783bdca1dca71a23d6f73d0f97161566357e6f1fa4e
benchmark,logs/benchmark/br-address-balanced-budget-half-20261003,logs/benchmark/br-address-balanced-budget-half-20261003/replays/c2a898e216cc4ad3b15ea889612ad97c/episode-00000013-slot-1.json,199,737750a16eb8ca86db790bc82f18d4fa6cbe52e4f9d8db7e976d2331a35d67d5
benchmark,logs/benchmark/br-address-balanced-budget-half-20261003,logs/benchmark/br-address-balanced-budget-half-20261003/replays/c2a898e216cc4ad3b15ea889612ad97c/episode-00000014-slot-0.json,199,19c2086b4d4915d2caf4c4b5f872b041fc7f224491c3c8ec564105a617d606b1
benchmark,logs/benchmark/br-address-balanced-budget-half-20261003,logs/benchmark/br-address-balanced-budget-half-20261003/replays/c2a898e216cc4ad3b15ea889612ad97c/episode-00000015-slot-7.json,200,44f8e29a23d146a4fd99d917a5d65d8d26ba8ef40c40e35c6a349aba5ba92b0b
benchmark,logs/benchmark/br-address-balanced-budget-half-20261003,logs/benchmark/br-address-balanced-budget-half-20261003/replays/c2a898e216cc4ad3b15ea889612ad97c/episode-00000016-slot-5.json,200,3e5a2b154bfd310e24cb932c3f81c7d445bd211de427e5e0d8bea36e316259be
benchmark,logs/benchmark/br-address-balanced-budget-half-20261003,logs/benchmark/br-address-balanced-budget-half-20261003/result.json,125217,274148504008e677a03b6e2352773120e61086784bd70df8cd565e541f1ffc7b
benchmark,logs/benchmark/br-address-balanced-budget-quarter-20261003,logs/benchmark/br-address-balanced-budget-quarter-20261003/config.yaml,13881,d8f7d7b3b8d12acb10e4a1893659a09cbac55769b12195ee142d2ff870011ea9
benchmark,logs/benchmark/br-address-balanced-budget-quarter-20261003,logs/benchmark/br-address-balanced-budget-quarter-20261003/plan.json,12796,6a9cfb5c4f72487b2e6317ce3d7982a65146a35444e6b58bafa97460633a4918
benchmark,logs/benchmark/br-address-balanced-budget-quarter-20261003,logs/benchmark/br-address-balanced-budget-quarter-20261003/progress.json,91670,8cb580775e403711a35fa9b05fdcf18d70bcc90fd29223cad2dc23ce9682ceef
benchmark,logs/benchmark/br-address-balanced-budget-quarter-20261003,logs/benchmark/br-address-balanced-budget-quarter-20261003/replays/6a1112d776c949299b69a6e8c3b400e8/episode-00000001-slot-5.json,200,3a1ec36528e3ffab1ce3eedd47c736b107058c24a64dd27632a8c14d512f1c1d
benchmark,logs/benchmark/br-address-balanced-budget-quarter-20261003,logs/benchmark/br-address-balanced-budget-quarter-20261003/replays/6a1112d776c949299b69a6e8c3b400e8/episode-00000002-slot-6.json,200,1e8e0e999fe03ffb85c1dbcbddb3ce22f056b8c54080373fcc770412fa048daa
benchmark,logs/benchmark/br-address-balanced-budget-quarter-20261003,logs/benchmark/br-address-balanced-budget-quarter-20261003/replays/6a1112d776c949299b69a6e8c3b400e8/episode-00000003-slot-1.json,199,8679faf4df8f4da9153231f0bc8622fd5d67500a05099018276a59025e0d3334
benchmark,logs/benchmark/br-address-balanced-budget-quarter-20261003,logs/benchmark/br-address-balanced-budget-quarter-20261003/replays/6a1112d776c949299b69a6e8c3b400e8/episode-00000004-slot-3.json,200,4ecfed09e638b661f2355777bf649bde10b458c780d0830e5e72856fba193a9d
benchmark,logs/benchmark/br-address-balanced-budget-quarter-20261003,logs/benchmark/br-address-balanced-budget-quarter-20261003/replays/6a1112d776c949299b69a6e8c3b400e8/episode-00000005-slot-4.json,200,cd5e88832d9d17f23477a9c2dbeccfbda885ea95566c2bd55b5c61447e73b6ef
benchmark,logs/benchmark/br-address-balanced-budget-quarter-20261003,logs/benchmark/br-address-balanced-budget-quarter-20261003/replays/6a1112d776c949299b69a6e8c3b400e8/episode-00000006-slot-0.json,199,531c8b7234d26430a7df0e207df8d248134c58c83fb2e48c92bd2f2a7f8d1b7b
benchmark,logs/benchmark/br-address-balanced-budget-quarter-20261003,logs/benchmark/br-address-balanced-budget-quarter-20261003/replays/6a1112d776c949299b69a6e8c3b400e8/episode-00000007-slot-7.json,200,9d5f2caae363277b814d825ba783a91db38f581279f5a7a77d9cd64b62c135ba
benchmark,logs/benchmark/br-address-balanced-budget-quarter-20261003,logs/benchmark/br-address-balanced-budget-quarter-20261003/replays/6a1112d776c949299b69a6e8c3b400e8/episode-00000008-slot-2.json,199,5578a50fc811d4a853db8000b5c3e2da785abb6221a7a71fad27b3ec11bc8a17
benchmark,logs/benchmark/br-address-balanced-budget-quarter-20261003,logs/benchmark/br-address-balanced-budget-quarter-20261003/replays/6a1112d776c949299b69a6e8c3b400e8/episode-00000009-slot-4.json,200,c0f7e2f00f952b63419050d78e2daadde2f1c473d621b4c3b9c4076a78c9da50
benchmark,logs/benchmark/br-address-balanced-budget-quarter-20261003,logs/benchmark/br-address-balanced-budget-quarter-20261003/replays/6a1112d776c949299b69a6e8c3b400e8/episode-00000010-slot-3.json,200,cc2d9df5795f75a4ec194f5e8bd0a58080626daa3df03c2de91e2b4c57d927c4
benchmark,logs/benchmark/br-address-balanced-budget-quarter-20261003,logs/benchmark/br-address-balanced-budget-quarter-20261003/replays/6a1112d776c949299b69a6e8c3b400e8/episode-00000011-slot-1.json,199,161d9ff9fa9606aa890074f983c7abe38652d5948c23d57dbfc005d4e924a32e
benchmark,logs/benchmark/br-address-balanced-budget-quarter-20261003,logs/benchmark/br-address-balanced-budget-quarter-20261003/replays/6a1112d776c949299b69a6e8c3b400e8/episode-00000012-slot-5.json,200,ea6d97d0df2ef9194b1f7edf6d42fb35ec5ab9467e9f1920bbacce7d797bc50e
benchmark,logs/benchmark/br-address-balanced-budget-quarter-20261003,logs/benchmark/br-address-balanced-budget-quarter-20261003/replays/6a1112d776c949299b69a6e8c3b400e8/episode-00000013-slot-0.json,199,a6178d5fc6cc53429c028d18f6948cca338663095d01fce9d966c7b4ec9b7518
benchmark,logs/benchmark/br-address-balanced-budget-quarter-20261003,logs/benchmark/br-address-balanced-budget-quarter-20261003/replays/6a1112d776c949299b69a6e8c3b400e8/episode-00000014-slot-7.json,200,359f195ecaa568e988c40df5f40a9dcb588b79d5c18bf6ca8d6e80fb8c538777
benchmark,logs/benchmark/br-address-balanced-budget-quarter-20261003,logs/benchmark/br-address-balanced-budget-quarter-20261003/replays/6a1112d776c949299b69a6e8c3b400e8/episode-00000015-slot-6.json,200,995c4232df7275f4a914adadd03f9ed9afd63493b6195eef150a88dc47fa694d
benchmark,logs/benchmark/br-address-balanced-budget-quarter-20261003,logs/benchmark/br-address-balanced-budget-quarter-20261003/replays/6a1112d776c949299b69a6e8c3b400e8/episode-00000016-slot-2.json,199,e78a25039f9fda25095dfd178d2d0357db0bc2c130d698b21f471df8391df1f6
benchmark,logs/benchmark/br-address-balanced-budget-quarter-20261003,logs/benchmark/br-address-balanced-budget-quarter-20261003/result.json,129654,1fae6ed28d5f651fd77a8868e8089c70c6ae98c4860ac1d66624950b8f80a069
benchmark,logs/benchmark/br-address-balanced-budget-three_quarter-20261003,logs/benchmark/br-address-balanced-budget-three_quarter-20261003/config.yaml,13887,288982051e7d999dacc6ec24f153609d2f3ba291ae4b6bcd52d220fd7c2f1be7
benchmark,logs/benchmark/br-address-balanced-budget-three_quarter-20261003,logs/benchmark/br-address-balanced-budget-three_quarter-20261003/plan.json,12796,bc09cb8bbc875a8771df4e368eec2f071241830be1cb626aa791cdb1a58ba2f0
benchmark,logs/benchmark/br-address-balanced-budget-three_quarter-20261003,logs/benchmark/br-address-balanced-budget-three_quarter-20261003/progress.json,90225,bc57b42a17badb6907124b0c1ad512d51bf27a1c56334357afbbe63771d885bd
benchmark,logs/benchmark/br-address-balanced-budget-three_quarter-20261003,logs/benchmark/br-address-balanced-budget-three_quarter-20261003/replays/e24f2be17fd04760ac20595428a5f1fc/episode-00000001-slot-3.json,200,4fd19ad1a75510c08d2665e90dc90d7ad7562f0f8080eede1acc45c181ed7382
benchmark,logs/benchmark/br-address-balanced-budget-three_quarter-20261003,logs/benchmark/br-address-balanced-budget-three_quarter-20261003/replays/e24f2be17fd04760ac20595428a5f1fc/episode-00000002-slot-1.json,199,24d95618bc284dcc6948f023ab71dcd9a8f2506c80655efe1d94c2340119dead
benchmark,logs/benchmark/br-address-balanced-budget-three_quarter-20261003,logs/benchmark/br-address-balanced-budget-three_quarter-20261003/replays/e24f2be17fd04760ac20595428a5f1fc/episode-00000003-slot-0.json,199,abc3fdbc3c15c079b725dae07c6b079f9ac48e71a3716f8357332f75cb030236
benchmark,logs/benchmark/br-address-balanced-budget-three_quarter-20261003,logs/benchmark/br-address-balanced-budget-three_quarter-20261003/replays/e24f2be17fd04760ac20595428a5f1fc/episode-00000004-slot-4.json,200,5f2a0cee834cbf40e224768a14c4fbd36ff0e9be0de9455f74043dcb573da1bf
benchmark,logs/benchmark/br-address-balanced-budget-three_quarter-20261003,logs/benchmark/br-address-balanced-budget-three_quarter-20261003/replays/e24f2be17fd04760ac20595428a5f1fc/episode-00000005-slot-5.json,200,80ab470ac400a956f55de9fbc1bd6b35a42b49b42e2532f02b0489345024f79a
benchmark,logs/benchmark/br-address-balanced-budget-three_quarter-20261003,logs/benchmark/br-address-balanced-budget-three_quarter-20261003/replays/e24f2be17fd04760ac20595428a5f1fc/episode-00000006-slot-7.json,200,4ef5bc5465a41695003632303435d520456231aad21572bf5c5a98b1ae1dcc54
benchmark,logs/benchmark/br-address-balanced-budget-three_quarter-20261003,logs/benchmark/br-address-balanced-budget-three_quarter-20261003/replays/e24f2be17fd04760ac20595428a5f1fc/episode-00000007-slot-2.json,199,ab06c2fe798fb2ead88bf972981dbd7e42ffe7d4128a7c9afbaeedc3912df172
benchmark,logs/benchmark/br-address-balanced-budget-three_quarter-20261003,logs/benchmark/br-address-balanced-budget-three_quarter-20261003/replays/e24f2be17fd04760ac20595428a5f1fc/episode-00000008-slot-6.json,200,2957af8cce718879469d2c87e4d927597a9f31555d17a36ca0beacc11a8034b1
benchmark,logs/benchmark/br-address-balanced-budget-three_quarter-20261003,logs/benchmark/br-address-balanced-budget-three_quarter-20261003/replays/e24f2be17fd04760ac20595428a5f1fc/episode-00000009-slot-7.json,200,cd7b7b08d4deb9d3f7fc03c1a2858d46aefbb886d1791f3061183a28416440f9
benchmark,logs/benchmark/br-address-balanced-budget-three_quarter-20261003,logs/benchmark/br-address-balanced-budget-three_quarter-20261003/replays/e24f2be17fd04760ac20595428a5f1fc/episode-00000010-slot-4.json,200,05824c3c5badc9b18fc97cdc692b0b0d10ea1c771acbdd68c0ee70eec54bd01b
benchmark,logs/benchmark/br-address-balanced-budget-three_quarter-20261003,logs/benchmark/br-address-balanced-budget-three_quarter-20261003/replays/e24f2be17fd04760ac20595428a5f1fc/episode-00000011-slot-0.json,199,3d2687a383402499a48287849797805cc01ae22826c068342d0a8e6435d330fc
benchmark,logs/benchmark/br-address-balanced-budget-three_quarter-20261003,logs/benchmark/br-address-balanced-budget-three_quarter-20261003/replays/e24f2be17fd04760ac20595428a5f1fc/episode-00000012-slot-1.json,199,b294da69dff8c7d44c6d447699c0f3973e4f0f1c27f029c884922b797fee66a5
benchmark,logs/benchmark/br-address-balanced-budget-three_quarter-20261003,logs/benchmark/br-address-balanced-budget-three_quarter-20261003/replays/e24f2be17fd04760ac20595428a5f1fc/episode-00000013-slot-5.json,200,8ff20480160af86c78c6e085e7cadab6422b82864cd09c65a07dc155b715ecd7
benchmark,logs/benchmark/br-address-balanced-budget-three_quarter-20261003,logs/benchmark/br-address-balanced-budget-three_quarter-20261003/replays/e24f2be17fd04760ac20595428a5f1fc/episode-00000014-slot-2.json,199,2d9f260ed91dc550362c57ee713398d31f111550f70f991ecacf2206ab7f958c
benchmark,logs/benchmark/br-address-balanced-budget-three_quarter-20261003,logs/benchmark/br-address-balanced-budget-three_quarter-20261003/replays/e24f2be17fd04760ac20595428a5f1fc/episode-00000015-slot-3.json,200,ce4d3f9c8e768ea8c05f7393838ba7119a5b80d6a5049dd646a893ae01fce672
benchmark,logs/benchmark/br-address-balanced-budget-three_quarter-20261003,logs/benchmark/br-address-balanced-budget-three_quarter-20261003/replays/e24f2be17fd04760ac20595428a5f1fc/episode-00000016-slot-6.json,200,8d1b23d70ced089c295766e81c589fbe635bc1d2ec59c55751f9d0aec3fc6d90
benchmark,logs/benchmark/br-address-balanced-budget-three_quarter-20261003,logs/benchmark/br-address-balanced-budget-three_quarter-20261003/result.json,128074,d0a229aefcbe2531fb0e7960fbd7fea076ddb2fb2a33a68ace61212ccc75737d
benchmark,logs/benchmark/br-address-block-feedback-final-20261003,logs/benchmark/br-address-block-feedback-final-20261003/config.yaml,13839,33eb9bad3dcdb46f2cabe499405b140f554ba43cc208849fd35a1c2837414f02
benchmark,logs/benchmark/br-address-block-feedback-final-20261003,logs/benchmark/br-address-block-feedback-final-20261003/plan.json,12796,d21a017b5e7e80dd8b6f95dd1c62b7ebc561940d5c4d18921c699f0d7c863dcf
benchmark,logs/benchmark/br-address-block-feedback-final-20261003,logs/benchmark/br-address-block-feedback-final-20261003/progress.json,145687,a0622b531d812afa53170356f768be701f96ba2cd3e9e7960b0ff7399b7a782b
benchmark,logs/benchmark/br-address-block-feedback-final-20261003,logs/benchmark/br-address-block-feedback-final-20261003/replays/7b5c904085a644dca6a7a9387c56ce46/episode-00000001-slot-6.json,200,149fc39eac82116f183657e8e8dd3a9402fb4cddf58e39b852130441560e9087
benchmark,logs/benchmark/br-address-block-feedback-final-20261003,logs/benchmark/br-address-block-feedback-final-20261003/replays/7b5c904085a644dca6a7a9387c56ce46/episode-00000002-slot-5.json,200,923c48faf70fa2cfcdd3af4e2884726c3b0c29db1d4eedb34e0c658c80f776a7
benchmark,logs/benchmark/br-address-block-feedback-final-20261003,logs/benchmark/br-address-block-feedback-final-20261003/replays/7b5c904085a644dca6a7a9387c56ce46/episode-00000003-slot-2.json,199,93c659e185fa2b1b0454ea0c418bc422eccec889a95e8cb28d3621379fe446c7
benchmark,logs/benchmark/br-address-block-feedback-final-20261003,logs/benchmark/br-address-block-feedback-final-20261003/replays/7b5c904085a644dca6a7a9387c56ce46/episode-00000004-slot-7.json,200,3cfe3f806fc9ee85d13bc5a56adb3ed75165dff2a8317419cab4ac9b7909845d
benchmark,logs/benchmark/br-address-block-feedback-final-20261003,logs/benchmark/br-address-block-feedback-final-20261003/replays/7b5c904085a644dca6a7a9387c56ce46/episode-00000005-slot-0.json,199,e66071732d84481d29e99a2b3e8cc2ff47d81e2c60ee947f945318aae2b8bea9
benchmark,logs/benchmark/br-address-block-feedback-final-20261003,logs/benchmark/br-address-block-feedback-final-20261003/replays/7b5c904085a644dca6a7a9387c56ce46/episode-00000006-slot-1.json,199,c475d3ecadbede530914340c3694875faa05554c4dfef6df1f22c23d1987bbab
benchmark,logs/benchmark/br-address-block-feedback-final-20261003,logs/benchmark/br-address-block-feedback-final-20261003/replays/7b5c904085a644dca6a7a9387c56ce46/episode-00000007-slot-3.json,204,52ca70dfdf9ecb8200d8f2c2376aa93e3f7a70bd6f6907cd39240ca6e901be57
benchmark,logs/benchmark/br-address-block-feedback-final-20261003,logs/benchmark/br-address-block-feedback-final-20261003/replays/7b5c904085a644dca6a7a9387c56ce46/episode-00000008-slot-4.json,204,42d686f50444ba9bc721f86054fabe1aba5a8edb2f9b927ac12df2a8d4e698fd
benchmark,logs/benchmark/br-address-block-feedback-final-20261003,logs/benchmark/br-address-block-feedback-final-20261003/replays/7b5c904085a644dca6a7a9387c56ce46/episode-00000009-slot-7.json,200,8e8b6891f4375ce799a4e3212a2efb04efd359cc40e8139cb682934f37c157ce
benchmark,logs/benchmark/br-address-block-feedback-final-20261003,logs/benchmark/br-address-block-feedback-final-20261003/replays/7b5c904085a644dca6a7a9387c56ce46/episode-00000010-slot-5.json,200,ba9d8403d6801d3e85957fbbab858b1f5147cc08a987936d68f3fc9da06cc09f
benchmark,logs/benchmark/br-address-block-feedback-final-20261003,logs/benchmark/br-address-block-feedback-final-20261003/replays/7b5c904085a644dca6a7a9387c56ce46/episode-00000011-slot-6.json,200,b9e1e0b1146efdb004e98b30806a36a0d93d55c6b24039077a2b28fd7fdbd641
benchmark,logs/benchmark/br-address-block-feedback-final-20261003,logs/benchmark/br-address-block-feedback-final-20261003/replays/7b5c904085a644dca6a7a9387c56ce46/episode-00000012-slot-0.json,199,53d05f570445232044768ea4955d5003a9356d37dcc2492d315bc7ab5d4a1ee9
benchmark,logs/benchmark/br-address-block-feedback-final-20261003,logs/benchmark/br-address-block-feedback-final-20261003/replays/7b5c904085a644dca6a7a9387c56ce46/episode-00000013-slot-1.json,199,424c1e25e2cc400924cbb77ff9ee15ff1cadd651f14508c64bab73d2f946c53a
benchmark,logs/benchmark/br-address-block-feedback-final-20261003,logs/benchmark/br-address-block-feedback-final-20261003/replays/7b5c904085a644dca6a7a9387c56ce46/episode-00000014-slot-2.json,203,f15ce25bcb64474e864b1398eca03c9b862e0a9d4210a09fcaa85f693f186041
benchmark,logs/benchmark/br-address-block-feedback-final-20261003,logs/benchmark/br-address-block-feedback-final-20261003/replays/7b5c904085a644dca6a7a9387c56ce46/episode-00000015-slot-3.json,204,599bbc71053005544e5c656b6d780d09a5aa8044924f4524daea8b1125e6cbbf
benchmark,logs/benchmark/br-address-block-feedback-final-20261003,logs/benchmark/br-address-block-feedback-final-20261003/replays/7b5c904085a644dca6a7a9387c56ce46/episode-00000016-slot-4.json,204,12c53d34ca8d5080411812bda21ab4c5fed9349a498070d4e5e1f2cae503380f
benchmark,logs/benchmark/br-address-block-feedback-final-20261003,logs/benchmark/br-address-block-feedback-final-20261003/result.json,192916,587da214079df64a66ee2f0c5a8a8d551487f7ecd336bcdbd8f77f6009f70cc9
benchmark,logs/benchmark/br-address-block-feedback-half-20261003,logs/benchmark/br-address-block-feedback-half-20261003/config.yaml,13893,065733f83529c179432102f54f2d05bc590db6252ebd07ce7feb80926eca34de
benchmark,logs/benchmark/br-address-block-feedback-half-20261003,logs/benchmark/br-address-block-feedback-half-20261003/plan.json,12796,52a136cd245371896783eb009cc5475007efd8221f86ba7db2ba44fcb1b577e6
benchmark,logs/benchmark/br-address-block-feedback-half-20261003,logs/benchmark/br-address-block-feedback-half-20261003/progress.json,143661,df54b822dff484198565aa397b9b4d73671c3d14b83d9c14027e86b171b6200f
benchmark,logs/benchmark/br-address-block-feedback-half-20261003,logs/benchmark/br-address-block-feedback-half-20261003/replays/b05b304719cd487c92c089fbd38780a7/episode-00000001-slot-3.json,200,54b81576242c094874a74623515ae973b9f85d05e4bf1de73fc58b6b49cb4d8f
benchmark,logs/benchmark/br-address-block-feedback-half-20261003,logs/benchmark/br-address-block-feedback-half-20261003/replays/b05b304719cd487c92c089fbd38780a7/episode-00000002-slot-4.json,200,ae7a925a9994cb0a748e1380122f4f844ad0b87278e9ddf196ceacfb2fbe2ef2
benchmark,logs/benchmark/br-address-block-feedback-half-20261003,logs/benchmark/br-address-block-feedback-half-20261003/replays/b05b304719cd487c92c089fbd38780a7/episode-00000003-slot-6.json,200,9aa6878aef3e26b2ce1a4088857cd47e491b3ba787344870cb232484ede452ae
benchmark,logs/benchmark/br-address-block-feedback-half-20261003,logs/benchmark/br-address-block-feedback-half-20261003/replays/b05b304719cd487c92c089fbd38780a7/episode-00000004-slot-2.json,199,7749279e7257f973883b873fd46e41ba529a39a7ff60417debf80b0f86bf0e66
benchmark,logs/benchmark/br-address-block-feedback-half-20261003,logs/benchmark/br-address-block-feedback-half-20261003/replays/b05b304719cd487c92c089fbd38780a7/episode-00000005-slot-1.json,199,ab766283f463e1d2b560c611a5b1f3a9e133d733ea2a54fff5d43cc64220bcba
benchmark,logs/benchmark/br-address-block-feedback-half-20261003,logs/benchmark/br-address-block-feedback-half-20261003/replays/b05b304719cd487c92c089fbd38780a7/episode-00000006-slot-5.json,200,d89aa2feb80e5468a2be567b2e18f120326339d9ccde49feded8fa9fc1b2f914
benchmark,logs/benchmark/br-address-block-feedback-half-20261003,logs/benchmark/br-address-block-feedback-half-20261003/replays/b05b304719cd487c92c089fbd38780a7/episode-00000007-slot-0.json,199,02ecfac07112af5314ea216ef91d968a626ae7cdaba5b96b7a3d707d6fd4017b
benchmark,logs/benchmark/br-address-block-feedback-half-20261003,logs/benchmark/br-address-block-feedback-half-20261003/replays/b05b304719cd487c92c089fbd38780a7/episode-00000008-slot-7.json,204,615bafe29eb6828d1eba46e2b2256b8b8cf7dce9cb9442c7d1aba1700bb54b4b
benchmark,logs/benchmark/br-address-block-feedback-half-20261003,logs/benchmark/br-address-block-feedback-half-20261003/replays/b05b304719cd487c92c089fbd38780a7/episode-00000009-slot-1.json,199,b16b10b07dab02d6f75bd2145ae9cfd887858d4fec6c7ae80d06c89b11a59625
benchmark,logs/benchmark/br-address-block-feedback-half-20261003,logs/benchmark/br-address-block-feedback-half-20261003/replays/b05b304719cd487c92c089fbd38780a7/episode-00000010-slot-7.json,200,b390e125337d015c658c7fbdb5a34d9b7a4895c57e5ef0e67a6e8daea1b18d4c
benchmark,logs/benchmark/br-address-block-feedback-half-20261003,logs/benchmark/br-address-block-feedback-half-20261003/replays/b05b304719cd487c92c089fbd38780a7/episode-00000011-slot-5.json,200,f57d1baaa2b125f63c777a3ad8097f35b906209eadf1df65c5f8e1637e0c6a77
benchmark,logs/benchmark/br-address-block-feedback-half-20261003,logs/benchmark/br-address-block-feedback-half-20261003/replays/b05b304719cd487c92c089fbd38780a7/episode-00000012-slot-6.json,200,a850f205eb7b32255dba09c134f027a756ddb073879512b0e3767bf1fcd4d517
benchmark,logs/benchmark/br-address-block-feedback-half-20261003,logs/benchmark/br-address-block-feedback-half-20261003/replays/b05b304719cd487c92c089fbd38780a7/episode-00000013-slot-3.json,200,98fa5578fc6f57dd37e5327e215d93627b661f7d8217e743d5c17b13cc3c1521
benchmark,logs/benchmark/br-address-block-feedback-half-20261003,logs/benchmark/br-address-block-feedback-half-20261003/replays/b05b304719cd487c92c089fbd38780a7/episode-00000014-slot-2.json,199,c76f06be147f3ec44f968df96f885563aff389a4036484cae6333f2b2c8228d8
benchmark,logs/benchmark/br-address-block-feedback-half-20261003,logs/benchmark/br-address-block-feedback-half-20261003/replays/b05b304719cd487c92c089fbd38780a7/episode-00000015-slot-4.json,200,43047483d8d2cb04282694fd3140d4bed9f78f78574672935f031e9cfaed4d76
benchmark,logs/benchmark/br-address-block-feedback-half-20261003,logs/benchmark/br-address-block-feedback-half-20261003/replays/b05b304719cd487c92c089fbd38780a7/episode-00000016-slot-0.json,203,082a72c87ff2ed2b6c809762a2e4f547b43c12682a4e645ad5057ac18bba469e
benchmark,logs/benchmark/br-address-block-feedback-half-20261003,logs/benchmark/br-address-block-feedback-half-20261003/result.json,190751,0598854ce86eac01889ea2763763e05cb399b215af04aeeee329670977c231ee
benchmark,logs/benchmark/br-address-block-feedback-quarter-20261003,logs/benchmark/br-address-block-feedback-quarter-20261003/config.yaml,13896,8dfddb4e32af56ca6d6954dafb3b4fbe9bb8334edbea1e0ef77acde1728e54f8
benchmark,logs/benchmark/br-address-block-feedback-quarter-20261003,logs/benchmark/br-address-block-feedback-quarter-20261003/plan.json,12796,7221838e634bbdc7dab31fb83e1d54941627ae968ab67707e32384128c51fe7c
benchmark,logs/benchmark/br-address-block-feedback-quarter-20261003,logs/benchmark/br-address-block-feedback-quarter-20261003/progress.json,143585,8037ec505d931280e3a071d022c090afa45f848a713995b6ac899cb37da208d1
benchmark,logs/benchmark/br-address-block-feedback-quarter-20261003,logs/benchmark/br-address-block-feedback-quarter-20261003/replays/c5e60b124467487abec6e264211c6b03/episode-00000001-slot-0.json,199,f969cf7321489b1a9faae3dcadb03ef783a5fe016d754523edf84e3638641303
benchmark,logs/benchmark/br-address-block-feedback-quarter-20261003,logs/benchmark/br-address-block-feedback-quarter-20261003/replays/c5e60b124467487abec6e264211c6b03/episode-00000002-slot-3.json,200,2912f65060102cd5f85b5165ba86ea6d90f7d5c90ee1b92fb15251723dacfefb
benchmark,logs/benchmark/br-address-block-feedback-quarter-20261003,logs/benchmark/br-address-block-feedback-quarter-20261003/replays/c5e60b124467487abec6e264211c6b03/episode-00000003-slot-2.json,199,0021e10841631d3c24c96d40a1900f65b1c17638cd0a534452857fd184d67ce8
benchmark,logs/benchmark/br-address-block-feedback-quarter-20261003,logs/benchmark/br-address-block-feedback-quarter-20261003/replays/c5e60b124467487abec6e264211c6b03/episode-00000004-slot-5.json,200,dc59cad4db5df70260641e8e64113cfba87d31da79e72ba9c88ad7ebc7208f6d
benchmark,logs/benchmark/br-address-block-feedback-quarter-20261003,logs/benchmark/br-address-block-feedback-quarter-20261003/replays/c5e60b124467487abec6e264211c6b03/episode-00000005-slot-6.json,200,af9b6d62e97ee9af7b23e2e0dd2ab85bf3ae729f0dd78016f8c93ee0bc424d01
benchmark,logs/benchmark/br-address-block-feedback-quarter-20261003,logs/benchmark/br-address-block-feedback-quarter-20261003/replays/c5e60b124467487abec6e264211c6b03/episode-00000006-slot-4.json,200,623ca6d5de14a03d51510abd13af87814bfd7408ce5628d55c2eba70ebabc4bc
benchmark,logs/benchmark/br-address-block-feedback-quarter-20261003,logs/benchmark/br-address-block-feedback-quarter-20261003/replays/c5e60b124467487abec6e264211c6b03/episode-00000007-slot-7.json,200,912e8c55a2330028c82c8ded439b78134ea0236da4619930fd600e4d941f6318
benchmark,logs/benchmark/br-address-block-feedback-quarter-20261003,logs/benchmark/br-address-block-feedback-quarter-20261003/replays/c5e60b124467487abec6e264211c6b03/episode-00000008-slot-1.json,203,58c39b4c3955b968ece8065fdad399a33e0e6be689e0e2a52a4a263a35f7918c
benchmark,logs/benchmark/br-address-block-feedback-quarter-20261003,logs/benchmark/br-address-block-feedback-quarter-20261003/replays/c5e60b124467487abec6e264211c6b03/episode-00000009-slot-0.json,199,0f7dadd4abc27b50cb34cc99c31c9710b5384cf73259b927e4021e454573e7a0
benchmark,logs/benchmark/br-address-block-feedback-quarter-20261003,logs/benchmark/br-address-block-feedback-quarter-20261003/replays/c5e60b124467487abec6e264211c6b03/episode-00000010-slot-2.json,199,463b5aa551645b71177e272540aaced1e0a246aab926b069207467ea6f9570c2
benchmark,logs/benchmark/br-address-block-feedback-quarter-20261003,logs/benchmark/br-address-block-feedback-quarter-20261003/replays/c5e60b124467487abec6e264211c6b03/episode-00000011-slot-1.json,199,acfcb1226f7685bd3d1e8614506d6e7b9af261188d961304f6a237b6d9cd11c9
benchmark,logs/benchmark/br-address-block-feedback-quarter-20261003,logs/benchmark/br-address-block-feedback-quarter-20261003/replays/c5e60b124467487abec6e264211c6b03/episode-00000012-slot-5.json,200,04146f89fccbd3846a24e6d8b50d5fac91d525cdb58811b685cbba05477ed73f
benchmark,logs/benchmark/br-address-block-feedback-quarter-20261003,logs/benchmark/br-address-block-feedback-quarter-20261003/replays/c5e60b124467487abec6e264211c6b03/episode-00000013-slot-7.json,200,7bbecc180a9b665a50deab150b64acbce773cd894b25d88c4cc5d5e65c522c3f
benchmark,logs/benchmark/br-address-block-feedback-quarter-20261003,logs/benchmark/br-address-block-feedback-quarter-20261003/replays/c5e60b124467487abec6e264211c6b03/episode-00000014-slot-3.json,204,7a0bd97e96303e4c08bb5d54279f0a2cd1d308ab76cd309d07c2a70d8ccfae8b
benchmark,logs/benchmark/br-address-block-feedback-quarter-20261003,logs/benchmark/br-address-block-feedback-quarter-20261003/replays/c5e60b124467487abec6e264211c6b03/episode-00000015-slot-4.json,204,93b27ea9a87510a9099fac195f799062ea0530d9e11f79fcf6d4d45029cba5c3
benchmark,logs/benchmark/br-address-block-feedback-quarter-20261003,logs/benchmark/br-address-block-feedback-quarter-20261003/replays/c5e60b124467487abec6e264211c6b03/episode-00000016-slot-6.json,204,96599dd36d58a4ac5a24b958fec0b4dbb26f18c6a70b65ac95239935dad16513
benchmark,logs/benchmark/br-address-block-feedback-quarter-20261003,logs/benchmark/br-address-block-feedback-quarter-20261003/result.json,190613,444349867ac3854eda96705b1846374dd0df2de8919602bbabae3d713aa02bbc
benchmark,logs/benchmark/br-address-block-feedback-three_quarter-20261003,logs/benchmark/br-address-block-feedback-three_quarter-20261003/config.yaml,13902,145cb9156d3de153c8a995962f528a147b2e71602b6c7ee9409323191c27f1a9
benchmark,logs/benchmark/br-address-block-feedback-three_quarter-20261003,logs/benchmark/br-address-block-feedback-three_quarter-20261003/plan.json,12796,7f31fcf893ac630f616d491f6492fd07bcfc4efbfb937e9e059a05dba399ac38
benchmark,logs/benchmark/br-address-block-feedback-three_quarter-20261003,logs/benchmark/br-address-block-feedback-three_quarter-20261003/progress.json,145731,1d1b2c6eedf9c60996791568883c96deb23efffdeef7f23ecc3db8834730d108
benchmark,logs/benchmark/br-address-block-feedback-three_quarter-20261003,logs/benchmark/br-address-block-feedback-three_quarter-20261003/replays/ccd797041bb646878d44e84017b1354e/episode-00000001-slot-6.json,200,8f610d00d6e40a01969cbb5b8b97d769aeb4457417d5d0a6b85ba589c6059db4
benchmark,logs/benchmark/br-address-block-feedback-three_quarter-20261003,logs/benchmark/br-address-block-feedback-three_quarter-20261003/replays/ccd797041bb646878d44e84017b1354e/episode-00000002-slot-0.json,199,d694e478987204a77353cfbcf2d3061d26ddae9c21da098c01a13f1341c4f378
benchmark,logs/benchmark/br-address-block-feedback-three_quarter-20261003,logs/benchmark/br-address-block-feedback-three_quarter-20261003/replays/ccd797041bb646878d44e84017b1354e/episode-00000003-slot-7.json,200,abe8c7bff21d06c723b8aa3311cb912d41f17b3df493302b9d76824812933930
benchmark,logs/benchmark/br-address-block-feedback-three_quarter-20261003,logs/benchmark/br-address-block-feedback-three_quarter-20261003/replays/ccd797041bb646878d44e84017b1354e/episode-00000004-slot-1.json,199,848df835cb2790cfe41a5050a40fda567f5dfa58382dbee242b0536f7da6a2d6
benchmark,logs/benchmark/br-address-block-feedback-three_quarter-20261003,logs/benchmark/br-address-block-feedback-three_quarter-20261003/replays/ccd797041bb646878d44e84017b1354e/episode-00000005-slot-4.json,200,0f01762e76df784d59c0992ae32118fccdc8128b1a0a977c0b06a08de66cabb8
benchmark,logs/benchmark/br-address-block-feedback-three_quarter-20261003,logs/benchmark/br-address-block-feedback-three_quarter-20261003/replays/ccd797041bb646878d44e84017b1354e/episode-00000006-slot-2.json,203,f69db1fbd9245f025bb429d45a24114a5e75d96bbf7400665df47e3cc4a59cf5
benchmark,logs/benchmark/br-address-block-feedback-three_quarter-20261003,logs/benchmark/br-address-block-feedback-three_quarter-20261003/replays/ccd797041bb646878d44e84017b1354e/episode-00000007-slot-3.json,204,49e5de186dd1d6315df1cd2b93cefd7b1abc12fffb364e21a40905a5ddeda9c1
benchmark,logs/benchmark/br-address-block-feedback-three_quarter-20261003,logs/benchmark/br-address-block-feedback-three_quarter-20261003/replays/ccd797041bb646878d44e84017b1354e/episode-00000008-slot-5.json,204,94c42372fe7b2d3a4bf2aa154081e1c89aae8b45fdb95635b2f3f07dc0ba32bb
benchmark,logs/benchmark/br-address-block-feedback-three_quarter-20261003,logs/benchmark/br-address-block-feedback-three_quarter-20261003/replays/ccd797041bb646878d44e84017b1354e/episode-00000009-slot-3.json,200,2918d9b48e3ac51a90bb5cc55b48a66908f15f745249fa650b676f3d7c73ab00
benchmark,logs/benchmark/br-address-block-feedback-three_quarter-20261003,logs/benchmark/br-address-block-feedback-three_quarter-20261003/replays/ccd797041bb646878d44e84017b1354e/episode-00000010-slot-1.json,199,14600f00c8e7fdb29cd823804e9bd7602f09b8e25ba92dcd96193fb6207cb8c5
benchmark,logs/benchmark/br-address-block-feedback-three_quarter-20261003,logs/benchmark/br-address-block-feedback-three_quarter-20261003/replays/ccd797041bb646878d44e84017b1354e/episode-00000011-slot-7.json,200,b7f31b630caf975039ddd87c88957ec25a44389114f82c7a27619607914f3793
benchmark,logs/benchmark/br-address-block-feedback-three_quarter-20261003,logs/benchmark/br-address-block-feedback-three_quarter-20261003/replays/ccd797041bb646878d44e84017b1354e/episode-00000012-slot-5.json,200,48a39a227a7d0215ccd37c869b537e94025c287d26f6a2a1d45fc9022e8e93a1
benchmark,logs/benchmark/br-address-block-feedback-three_quarter-20261003,logs/benchmark/br-address-block-feedback-three_quarter-20261003/replays/ccd797041bb646878d44e84017b1354e/episode-00000013-slot-4.json,200,fcf8fb55d82f8046da42221a0b16a19451109a7e822d557065f42b0543d8730d
benchmark,logs/benchmark/br-address-block-feedback-three_quarter-20261003,logs/benchmark/br-address-block-feedback-three_quarter-20261003/replays/ccd797041bb646878d44e84017b1354e/episode-00000014-slot-0.json,199,95847561055fc9baa2c094e55c3bb5f2190308ce5614508e453d306e625ac474
benchmark,logs/benchmark/br-address-block-feedback-three_quarter-20261003,logs/benchmark/br-address-block-feedback-three_quarter-20261003/replays/ccd797041bb646878d44e84017b1354e/episode-00000015-slot-2.json,199,d14b7c3309b15861af2826f81867301447ec034b1ae610273e80fd02e0768255
benchmark,logs/benchmark/br-address-block-feedback-three_quarter-20261003,logs/benchmark/br-address-block-feedback-three_quarter-20261003/replays/ccd797041bb646878d44e84017b1354e/episode-00000016-slot-6.json,204,3e25da585f4dcb2089ff061c8548510ca3369fb2338414dcb3f5516e5541e9c0
benchmark,logs/benchmark/br-address-block-feedback-three_quarter-20261003,logs/benchmark/br-address-block-feedback-three_quarter-20261003/result.json,192989,644206ed52d8fa48e8ce2e2c40d1d6ae00ca30873dff28214782dc842d161f79
benchmark,logs/benchmark/br-address-canonical-bc-20261003,logs/benchmark/br-address-canonical-bc-20261003/config.yaml,16934,f5bd75d798d5769298dcaa496a0c814511eea7d18e3229f743c494287287e4d0
benchmark,logs/benchmark/br-address-canonical-bc-20261003,logs/benchmark/br-address-canonical-bc-20261003/plan.json,12796,1ed4c45942695b1412bdee39ccfb335a9f3370e050328c51ce2f2ed8795f031c
benchmark,logs/benchmark/br-address-canonical-bc-20261003,logs/benchmark/br-address-canonical-bc-20261003/progress.json,169373,fb8a58eb71ebc00d528f717e4fdb2b764224383ef0430c0bae1d80042215b22c
benchmark,logs/benchmark/br-address-canonical-bc-20261003,logs/benchmark/br-address-canonical-bc-20261003/replays/456bd89919d942f9aec6ed04c13ecb59/episode-00000001-slot-6.json,200,e4089da9172aff8c61796b782e3373579ac07735ce704546afc4ecc565ad08c4
benchmark,logs/benchmark/br-address-canonical-bc-20261003,logs/benchmark/br-address-canonical-bc-20261003/replays/456bd89919d942f9aec6ed04c13ecb59/episode-00000002-slot-2.json,199,1f863f71c9146d7a30d2c8033b75d0ae19b0b16d3fa0fb8f5aaad00020a559b3
benchmark,logs/benchmark/br-address-canonical-bc-20261003,logs/benchmark/br-address-canonical-bc-20261003/replays/456bd89919d942f9aec6ed04c13ecb59/episode-00000003-slot-4.json,200,ea61d0acc5ac963b2129d83a0399113d67490c5c0fc697c40e1797ea63c349d2
benchmark,logs/benchmark/br-address-canonical-bc-20261003,logs/benchmark/br-address-canonical-bc-20261003/replays/456bd89919d942f9aec6ed04c13ecb59/episode-00000004-slot-7.json,200,54cd54537074ac8f509a994fa3dc799920827eddde699da29c41af6eacdb0ad0
benchmark,logs/benchmark/br-address-canonical-bc-20261003,logs/benchmark/br-address-canonical-bc-20261003/replays/456bd89919d942f9aec6ed04c13ecb59/episode-00000005-slot-1.json,199,f6cdd2c726dc83f2e4fc32e248b52bf6fbe81603182834456835b944d3cf30de
benchmark,logs/benchmark/br-address-canonical-bc-20261003,logs/benchmark/br-address-canonical-bc-20261003/replays/456bd89919d942f9aec6ed04c13ecb59/episode-00000006-slot-3.json,200,731ff0c211b8dc54879c191cba250991bdfc7f77bc68e0318a2543d6cfa3d6da
benchmark,logs/benchmark/br-address-canonical-bc-20261003,logs/benchmark/br-address-canonical-bc-20261003/replays/456bd89919d942f9aec6ed04c13ecb59/episode-00000007-slot-5.json,200,594f5dff31fcb2d16f4f7efaaa515b752ff84fd88c0b9957696144ca8cd9aa65
benchmark,logs/benchmark/br-address-canonical-bc-20261003,logs/benchmark/br-address-canonical-bc-20261003/replays/456bd89919d942f9aec6ed04c13ecb59/episode-00000008-slot-0.json,199,ce0fd3692bd5ffc49c59b4473f0534f6f1df7b6b4872327fa0d21a95eee245e1
benchmark,logs/benchmark/br-address-canonical-bc-20261003,logs/benchmark/br-address-canonical-bc-20261003/replays/456bd89919d942f9aec6ed04c13ecb59/episode-00000009-slot-1.json,199,ef5a45df8f9f34b09eb8b4a9f48e6b3008fdcb16f78163540dea83f3257dbc41
benchmark,logs/benchmark/br-address-canonical-bc-20261003,logs/benchmark/br-address-canonical-bc-20261003/replays/456bd89919d942f9aec6ed04c13ecb59/episode-00000010-slot-3.json,200,9dbaba5667e3470ba205265ac3611bc91478edee104db72e8bf3320a7fd45982
benchmark,logs/benchmark/br-address-canonical-bc-20261003,logs/benchmark/br-address-canonical-bc-20261003/replays/456bd89919d942f9aec6ed04c13ecb59/episode-00000011-slot-4.json,200,f6f896117f283f6e358d1f69ee28586b173343e2aa020ab683382fe139e050aa
benchmark,logs/benchmark/br-address-canonical-bc-20261003,logs/benchmark/br-address-canonical-bc-20261003/replays/456bd89919d942f9aec6ed04c13ecb59/episode-00000012-slot-2.json,199,ba8980af79288b78c9bce8f390e09f4b030247401a70f79133993f75634b6fbd
benchmark,logs/benchmark/br-address-canonical-bc-20261003,logs/benchmark/br-address-canonical-bc-20261003/replays/456bd89919d942f9aec6ed04c13ecb59/episode-00000013-slot-0.json,199,58dedae9102d1b7f7ba3dd1c201051eec1db5d3267e4322814df0068a3cc8cd4
benchmark,logs/benchmark/br-address-canonical-bc-20261003,logs/benchmark/br-address-canonical-bc-20261003/replays/456bd89919d942f9aec6ed04c13ecb59/episode-00000014-slot-6.json,200,d292d3eaaef350e200bbb2c132e61bb6dce5cbe5081774d809b2b6c3ab55c13a
benchmark,logs/benchmark/br-address-canonical-bc-20261003,logs/benchmark/br-address-canonical-bc-20261003/replays/456bd89919d942f9aec6ed04c13ecb59/episode-00000015-slot-7.json,200,2c606df0669999ee64f313501afd7a6f17bdcc4999b153b0e1ceda1666781079
benchmark,logs/benchmark/br-address-canonical-bc-20261003,logs/benchmark/br-address-canonical-bc-20261003/replays/456bd89919d942f9aec6ed04c13ecb59/episode-00000016-slot-5.json,200,dfa982296681203f84aadb4f3c8552aa5b7709ddc5ea4777e53e20fa63173c0a
benchmark,logs/benchmark/br-address-canonical-bc-20261003,logs/benchmark/br-address-canonical-bc-20261003/result.json,218977,ef914ca7297418cf708c00f3099dc1e14729b262b3b022019b27e1aa4aaeb9f7
benchmark,logs/benchmark/br-address-control-continued-20261002,logs/benchmark/br-address-control-continued-20261002/config.yaml,13591,d71af4f993a21ce9f3bfce177359c9c5bf66ce2612e6800553f1ea497d850d82
benchmark,logs/benchmark/br-address-control-continued-20261002,logs/benchmark/br-address-control-continued-20261002/plan.json,3198,e5c5935bdea75831aca76d40f766130d6a1515f8436ef3332aeb6a3e9c455bb5
benchmark,logs/benchmark/br-address-control-continued-20261002,logs/benchmark/br-address-control-continued-20261002/progress.json,25977,f7af631949caa382bf6ef3e1dcc35857ebc3f41da4267d723d3e2f5e104e0b75
benchmark,logs/benchmark/br-address-control-continued-20261002,logs/benchmark/br-address-control-continued-20261002/replays/a5d042cd02aa4f75b3d415d2d934b656/episode-00000001-slot-1.json,200,276f58987da6b04f7e1abbf5200392b91d381431454d9a912b0032255ebf13c5
benchmark,logs/benchmark/br-address-control-continued-20261002,logs/benchmark/br-address-control-continued-20261002/replays/a5d042cd02aa4f75b3d415d2d934b656/episode-00000002-slot-2.json,199,def93e60ea04c0bc03fe4dcf2bb296e2702899e68ea515cd58aded9079711f8f
benchmark,logs/benchmark/br-address-control-continued-20261002,logs/benchmark/br-address-control-continued-20261002/replays/a5d042cd02aa4f75b3d415d2d934b656/episode-00000003-slot-3.json,200,6c041f9ca4ea0fdac6699f9c17ff300bd2a11513b9d99b04408f68e22044ea73
benchmark,logs/benchmark/br-address-control-continued-20261002,logs/benchmark/br-address-control-continued-20261002/replays/a5d042cd02aa4f75b3d415d2d934b656/episode-00000004-slot-0.json,199,ffbef60ee7d185ae63feefab9e8d6f299f3a351c113dcd0ded09f074ff47d259
benchmark,logs/benchmark/br-address-control-continued-20261002,logs/benchmark/br-address-control-continued-20261002/result.json,56079,ccb629cb103860746deba7f807dee0f314bfe63d3405c2992f42484b9253b862
benchmark,logs/benchmark/br-address-diverse-rollouts-final-20261002,logs/benchmark/br-address-diverse-rollouts-final-20261002/config.yaml,13709,74197ed318786256b2f893d9d1414c2508a454e75fceac922ffddb9335bf92d8
benchmark,logs/benchmark/br-address-diverse-rollouts-final-20261002,logs/benchmark/br-address-diverse-rollouts-final-20261002/plan.json,12796,a49bdaf9c137569acdc450b4ef3da6dc7b18149e1d7a811378dc91fc8e170eea
benchmark,logs/benchmark/br-address-diverse-rollouts-final-20261002,logs/benchmark/br-address-diverse-rollouts-final-20261002/progress.json,95609,4f190142f591a0984bfc116ebb950aaf5bb48c274ad56a495e22ba44a6c4b1e3
benchmark,logs/benchmark/br-address-diverse-rollouts-final-20261002,logs/benchmark/br-address-diverse-rollouts-final-20261002/replays/8cb906a0b24643f0a425ee3a0fe03264/episode-00000001-slot-5.json,200,759f70af86e8df3b0ce06d0b4ef266ac5756479f7cc617226688844fc27bd77d
benchmark,logs/benchmark/br-address-diverse-rollouts-final-20261002,logs/benchmark/br-address-diverse-rollouts-final-20261002/replays/8cb906a0b24643f0a425ee3a0fe03264/episode-00000002-slot-7.json,200,a88a72163855885bc044b603ce88e8bb1cf5ad75928957f92cbf94a16f71b700
benchmark,logs/benchmark/br-address-diverse-rollouts-final-20261002,logs/benchmark/br-address-diverse-rollouts-final-20261002/replays/8cb906a0b24643f0a425ee3a0fe03264/episode-00000003-slot-2.json,199,0e3eb3049b73b9ede8dd10879ea7c5786cbf8632fb8e13ef5bf0b1dc1aa0940d
benchmark,logs/benchmark/br-address-diverse-rollouts-final-20261002,logs/benchmark/br-address-diverse-rollouts-final-20261002/replays/8cb906a0b24643f0a425ee3a0fe03264/episode-00000004-slot-0.json,199,d5d0bdcc11039a5096719c7dc1a97ea2a7d1f0b09efb1a1ec9c996bb05298c69
benchmark,logs/benchmark/br-address-diverse-rollouts-final-20261002,logs/benchmark/br-address-diverse-rollouts-final-20261002/replays/8cb906a0b24643f0a425ee3a0fe03264/episode-00000005-slot-6.json,200,a838be5f22482d40cd9e39df55857fe28106773376bd57b20704685f2082cfd0
benchmark,logs/benchmark/br-address-diverse-rollouts-final-20261002,logs/benchmark/br-address-diverse-rollouts-final-20261002/replays/8cb906a0b24643f0a425ee3a0fe03264/episode-00000006-slot-1.json,199,c86150d8b41991f7f7a5476b1f4eaf8c6fa6f7caab676713eb8ca477a3628098
benchmark,logs/benchmark/br-address-diverse-rollouts-final-20261002,logs/benchmark/br-address-diverse-rollouts-final-20261002/replays/8cb906a0b24643f0a425ee3a0fe03264/episode-00000007-slot-3.json,200,668a4c8de196e619c97e59885f589ab257587c019a0c4fbaff96386f59499b9d
benchmark,logs/benchmark/br-address-diverse-rollouts-final-20261002,logs/benchmark/br-address-diverse-rollouts-final-20261002/replays/8cb906a0b24643f0a425ee3a0fe03264/episode-00000008-slot-4.json,200,dcf586cc6f7edc50471eced73f1d15c53f09cd789ad85f01f12de0251075f808
benchmark,logs/benchmark/br-address-diverse-rollouts-final-20261002,logs/benchmark/br-address-diverse-rollouts-final-20261002/replays/8cb906a0b24643f0a425ee3a0fe03264/episode-00000009-slot-1.json,199,41a888a9b4d007d9e495f5fe8362d738b3fe842670fde3309d31afea031ebaea
benchmark,logs/benchmark/br-address-diverse-rollouts-final-20261002,logs/benchmark/br-address-diverse-rollouts-final-20261002/replays/8cb906a0b24643f0a425ee3a0fe03264/episode-00000010-slot-3.json,200,368dc3baf07fd0e57f2e3a117db336e14ec95c301deed591587bbc453903727a
benchmark,logs/benchmark/br-address-diverse-rollouts-final-20261002,logs/benchmark/br-address-diverse-rollouts-final-20261002/replays/8cb906a0b24643f0a425ee3a0fe03264/episode-00000011-slot-5.json,200,a6e6ec7f18e7936dfb33dbcaf4b6908a2bd228c281fb95086bb333edf7fa7298
benchmark,logs/benchmark/br-address-diverse-rollouts-final-20261002,logs/benchmark/br-address-diverse-rollouts-final-20261002/replays/8cb906a0b24643f0a425ee3a0fe03264/episode-00000012-slot-2.json,199,15c32d5ba0eced59c1031141e9cb533d6b307dc303e9622373d6d2f6c8f2e6d1
benchmark,logs/benchmark/br-address-diverse-rollouts-final-20261002,logs/benchmark/br-address-diverse-rollouts-final-20261002/replays/8cb906a0b24643f0a425ee3a0fe03264/episode-00000013-slot-4.json,200,e5ea887fb63bb8f6cdd6776acbff9f050272fe0861eb8b540c64cc8eb09f8b84
benchmark,logs/benchmark/br-address-diverse-rollouts-final-20261002,logs/benchmark/br-address-diverse-rollouts-final-20261002/replays/8cb906a0b24643f0a425ee3a0fe03264/episode-00000014-slot-7.json,200,a2d7fcd80df3ad4af08c804c895d136cd77e9de80eb9ed614e5731b6889d1493
benchmark,logs/benchmark/br-address-diverse-rollouts-final-20261002,logs/benchmark/br-address-diverse-rollouts-final-20261002/replays/8cb906a0b24643f0a425ee3a0fe03264/episode-00000015-slot-6.json,200,e6442d2ff60cf7a23b45c2aca8c3d4c78a65b1d0c3782fed9195b0e63a0bece5
benchmark,logs/benchmark/br-address-diverse-rollouts-final-20261002,logs/benchmark/br-address-diverse-rollouts-final-20261002/replays/8cb906a0b24643f0a425ee3a0fe03264/episode-00000016-slot-0.json,199,5459af1738a43274f6bbde75f9be82e58a529d45c1da42bf81f7a23570ea8697
benchmark,logs/benchmark/br-address-diverse-rollouts-final-20261002,logs/benchmark/br-address-diverse-rollouts-final-20261002/result.json,132771,3658b9f5209e2a690ae610849967d8239146eefb88b3e7632cd34da9fce06ce1
benchmark,logs/benchmark/br-address-diverse-rollouts-mid-20261002,logs/benchmark/br-address-diverse-rollouts-mid-20261002/config.yaml,13760,37fadee5c1d285e9016eca9167ea95e92b87b6972215e45b0ae79c0175244e43
benchmark,logs/benchmark/br-address-diverse-rollouts-mid-20261002,logs/benchmark/br-address-diverse-rollouts-mid-20261002/plan.json,12796,dbf4e5a76b823dbc4afd49bd14591ff845b4b0c900a1d10f95751a51c6babf34
benchmark,logs/benchmark/br-address-diverse-rollouts-mid-20261002,logs/benchmark/br-address-diverse-rollouts-mid-20261002/progress.json,99865,2ad9bbcdb65603f128fd03fbd171d1c1d2b57bd1782023eb5c58c79b5d31100b
benchmark,logs/benchmark/br-address-diverse-rollouts-mid-20261002,logs/benchmark/br-address-diverse-rollouts-mid-20261002/replays/dce57784523f401cb23b2577e274944a/episode-00000001-slot-5.json,200,55f418b20fa471564592700dd6f7dcbf196cc0b13f2ee2653249151191ff5580
benchmark,logs/benchmark/br-address-diverse-rollouts-mid-20261002,logs/benchmark/br-address-diverse-rollouts-mid-20261002/replays/dce57784523f401cb23b2577e274944a/episode-00000002-slot-2.json,199,45b9a638504b4eba5b1602de204f38dbd577d629b1127089b4be5ced61b23e90
benchmark,logs/benchmark/br-address-diverse-rollouts-mid-20261002,logs/benchmark/br-address-diverse-rollouts-mid-20261002/replays/dce57784523f401cb23b2577e274944a/episode-00000003-slot-7.json,200,1940760bd276c5e470a8c9ee662ea2810a2523df0fdc3a9af12bbcf3c55d9922
benchmark,logs/benchmark/br-address-diverse-rollouts-mid-20261002,logs/benchmark/br-address-diverse-rollouts-mid-20261002/replays/dce57784523f401cb23b2577e274944a/episode-00000004-slot-3.json,200,2943dcf864acb08e3fd4269bf02092d0b21db0e8e703ab6eb90b7abd2e969aa9
benchmark,logs/benchmark/br-address-diverse-rollouts-mid-20261002,logs/benchmark/br-address-diverse-rollouts-mid-20261002/replays/dce57784523f401cb23b2577e274944a/episode-00000005-slot-1.json,199,5fbf11763fbc3ae83eb128e296d73b435214efa76bca5907c8cd0de75982b827
benchmark,logs/benchmark/br-address-diverse-rollouts-mid-20261002,logs/benchmark/br-address-diverse-rollouts-mid-20261002/replays/dce57784523f401cb23b2577e274944a/episode-00000006-slot-0.json,199,e56d330714cbe96ba00d20035f861c573838616243bc08ba68e686083943fcc2
benchmark,logs/benchmark/br-address-diverse-rollouts-mid-20261002,logs/benchmark/br-address-diverse-rollouts-mid-20261002/replays/dce57784523f401cb23b2577e274944a/episode-00000007-slot-4.json,200,938b2f607ea7a21d490b4ee8ba7a15e2f8f30b7c3f2e096c0e5438fe2a37bf1e
benchmark,logs/benchmark/br-address-diverse-rollouts-mid-20261002,logs/benchmark/br-address-diverse-rollouts-mid-20261002/replays/dce57784523f401cb23b2577e274944a/episode-00000008-slot-6.json,200,247c5388d7ba8213711e1e068b937433cc507ed8b14153636bfe07f0ebd780cc
benchmark,logs/benchmark/br-address-diverse-rollouts-mid-20261002,logs/benchmark/br-address-diverse-rollouts-mid-20261002/replays/dce57784523f401cb23b2577e274944a/episode-00000009-slot-5.json,200,f34fa6723c48de44f5d29f71d51aaf8f9aed9e56a0eed94aaee01d8c9eb6ba00
benchmark,logs/benchmark/br-address-diverse-rollouts-mid-20261002,logs/benchmark/br-address-diverse-rollouts-mid-20261002/replays/dce57784523f401cb23b2577e274944a/episode-00000010-slot-0.json,199,1e996185af1034a86baa4fcb507f7075fa9db015cb655fbfaffc13ec0eb6a0fe
benchmark,logs/benchmark/br-address-diverse-rollouts-mid-20261002,logs/benchmark/br-address-diverse-rollouts-mid-20261002/replays/dce57784523f401cb23b2577e274944a/episode-00000011-slot-7.json,200,5627f9f54d391a409318c6a99ce0457a3ce9164396be513b11e464b63a054009
benchmark,logs/benchmark/br-address-diverse-rollouts-mid-20261002,logs/benchmark/br-address-diverse-rollouts-mid-20261002/replays/dce57784523f401cb23b2577e274944a/episode-00000012-slot-6.json,200,e659435f063221dd00144250ee6eeeea455b120aaf219b824309c17875d4e25d
benchmark,logs/benchmark/br-address-diverse-rollouts-mid-20261002,logs/benchmark/br-address-diverse-rollouts-mid-20261002/replays/dce57784523f401cb23b2577e274944a/episode-00000013-slot-2.json,199,4f2c28cdca1b9271f8087e5472269f05a1cc29132132dd43809e23ae462bf0e7
benchmark,logs/benchmark/br-address-diverse-rollouts-mid-20261002,logs/benchmark/br-address-diverse-rollouts-mid-20261002/replays/dce57784523f401cb23b2577e274944a/episode-00000014-slot-4.json,200,a624389735d08ce7f111729d799596868fd5748cdec032133fc73cc0d5b84cfd
benchmark,logs/benchmark/br-address-diverse-rollouts-mid-20261002,logs/benchmark/br-address-diverse-rollouts-mid-20261002/replays/dce57784523f401cb23b2577e274944a/episode-00000015-slot-3.json,200,59a15ae748b0ecc74a5afb74d7377dcc6c54449f3afd98f8f98bc1737c774704
benchmark,logs/benchmark/br-address-diverse-rollouts-mid-20261002,logs/benchmark/br-address-diverse-rollouts-mid-20261002/replays/dce57784523f401cb23b2577e274944a/episode-00000016-slot-1.json,199,edd3f431038e2a53898ec44e2eeecb71e46f9d7c27f0e57895e98a27af09a8d4
benchmark,logs/benchmark/br-address-diverse-rollouts-mid-20261002,logs/benchmark/br-address-diverse-rollouts-mid-20261002/result.json,137290,14b1430e60c95c549fca686e6c6a4ce9c4a5bc3231762ac5d5f7ab49d602853a
benchmark,logs/benchmark/br-address-entropy-high-20261002,logs/benchmark/br-address-entropy-high-20261002/config.yaml,13601,33ecc72492472dff8b5ac24b30c7b00cf201130a10fe1ad1dd19e2954fc7a770
benchmark,logs/benchmark/br-address-entropy-high-20261002,logs/benchmark/br-address-entropy-high-20261002/plan.json,3198,5cbe28c7946611321411f7a6d6e85176b83fa9ad5618d71f7c5843cdcd901a08
benchmark,logs/benchmark/br-address-entropy-high-20261002,logs/benchmark/br-address-entropy-high-20261002/progress.json,24972,1271ecf7d6ac4b9e98092a1d249ba53dad830746cdf748095984f81a1bae6b99
benchmark,logs/benchmark/br-address-entropy-high-20261002,logs/benchmark/br-address-entropy-high-20261002/replays/dac58cfefd914f31b3660ef7f1c546a5/episode-00000001-slot-1.json,200,757ef440ae2cf2ff3477554feb1a57d5b4e03b213bb0a55aa90a967fa73c6557
benchmark,logs/benchmark/br-address-entropy-high-20261002,logs/benchmark/br-address-entropy-high-20261002/replays/dac58cfefd914f31b3660ef7f1c546a5/episode-00000002-slot-2.json,199,2a6d607b2bf78412d39e0983ac93b4b6317710c1a8dd8cfe82dda746d8425050
benchmark,logs/benchmark/br-address-entropy-high-20261002,logs/benchmark/br-address-entropy-high-20261002/replays/dac58cfefd914f31b3660ef7f1c546a5/episode-00000003-slot-3.json,200,cd03d1519ce4ba9c1ea64cf6151eefb4cc3d06514e7a47da471319d1b85fd9d7
benchmark,logs/benchmark/br-address-entropy-high-20261002,logs/benchmark/br-address-entropy-high-20261002/replays/dac58cfefd914f31b3660ef7f1c546a5/episode-00000004-slot-0.json,199,79f6390e78c408bd4b3e4c6d6bb1421d137f66e14ca84963b9b0ee2390f7f919
benchmark,logs/benchmark/br-address-entropy-high-20261002,logs/benchmark/br-address-entropy-high-20261002/result.json,55652,e7a22a6b21630626a528429cfda2de98fcadc672270d4590978ecf5e901db11b
benchmark,logs/benchmark/br-address-entropy-medium-20261002,logs/benchmark/br-address-entropy-medium-20261002/config.yaml,13613,0ddcc3a122220a014289436747648db6297e73cdbe2816d773ffb86fdfeb45b2
benchmark,logs/benchmark/br-address-entropy-medium-20261002,logs/benchmark/br-address-entropy-medium-20261002/plan.json,3198,e780e2f0d5e85a86eb512374ce6b192c89b1b1f548b3446ce7c6e93573b035ac
benchmark,logs/benchmark/br-address-entropy-medium-20261002,logs/benchmark/br-address-entropy-medium-20261002/progress.json,20703,fe1de83c0cae0ca5229980236cb4a99f82cb5422f683377b34e7d9969297b83d
benchmark,logs/benchmark/br-address-entropy-medium-20261002,logs/benchmark/br-address-entropy-medium-20261002/replays/627c235c67ed49929654d966075c3dd2/episode-00000001-slot-2.json,199,5c3f15432cd34214971ab2a6b0869c6021e4d4984e41a3f819dc27add49dc7e0
benchmark,logs/benchmark/br-address-entropy-medium-20261002,logs/benchmark/br-address-entropy-medium-20261002/replays/627c235c67ed49929654d966075c3dd2/episode-00000002-slot-3.json,200,4375c55fcb6cbccf579a5ec24e43b0769f25e418bc189cd329b1f646cd83ea25
benchmark,logs/benchmark/br-address-entropy-medium-20261002,logs/benchmark/br-address-entropy-medium-20261002/replays/627c235c67ed49929654d966075c3dd2/episode-00000003-slot-1.json,200,4dcfbcb9dca436c014f4baaae04231ea563512dcc0b20dc9a2f23eedb3fd6da4
benchmark,logs/benchmark/br-address-entropy-medium-20261002,logs/benchmark/br-address-entropy-medium-20261002/replays/627c235c67ed49929654d966075c3dd2/episode-00000004-slot-0.json,199,b03523b931bc1ddf7f122840575e1440cfebdca76eae8405d0406c4eb0928e8a
benchmark,logs/benchmark/br-address-entropy-medium-20261002,logs/benchmark/br-address-entropy-medium-20261002/result.json,50993,f1233b3c409a2952e71f9a3fdd659e09a98cb0d2d05ab47d982035d8c349f55f
benchmark,logs/benchmark/br-address-entropy-zero-20261003,logs/benchmark/br-address-entropy-zero-20261003/config.yaml,13689,593a9b3b75b7403c7dd6ac8bae31a0ccbbdd4a0613ccaba46b7c701e2e25faea
benchmark,logs/benchmark/br-address-entropy-zero-20261003,logs/benchmark/br-address-entropy-zero-20261003/plan.json,12796,f21f416fb93fca809609d6424412f968ff586bf90950023412f78ca646ff45d5
benchmark,logs/benchmark/br-address-entropy-zero-20261003,logs/benchmark/br-address-entropy-zero-20261003/progress.json,164903,aec0ee9c0958fde2d53cfd8f81a79f2ef1f60c9af4823ff0d415d845356cf551
benchmark,logs/benchmark/br-address-entropy-zero-20261003,logs/benchmark/br-address-entropy-zero-20261003/replays/2389e5c7304a4f148beeed6ef2e86597/episode-00000001-slot-4.json,200,13a1c90d61501e02d25683a33c372d1a94256f5f9d6aa43324730e5608167307
benchmark,logs/benchmark/br-address-entropy-zero-20261003,logs/benchmark/br-address-entropy-zero-20261003/replays/2389e5c7304a4f148beeed6ef2e86597/episode-00000002-slot-5.json,200,60e190a7237ab242c87486b54d592b5ddfcbbd6ab717646605ac5781ad9d9639
benchmark,logs/benchmark/br-address-entropy-zero-20261003,logs/benchmark/br-address-entropy-zero-20261003/replays/2389e5c7304a4f148beeed6ef2e86597/episode-00000003-slot-7.json,200,73f6f010076dfc54f47fe2d2d426fc50cb09e3ab388a7d79eb947f0ed823d87d
benchmark,logs/benchmark/br-address-entropy-zero-20261003,logs/benchmark/br-address-entropy-zero-20261003/replays/2389e5c7304a4f148beeed6ef2e86597/episode-00000004-slot-3.json,200,ff7ae6430162d6a9f5a34e4404b87b4f3da2fc65f8653def9d4762e2e431516a
benchmark,logs/benchmark/br-address-entropy-zero-20261003,logs/benchmark/br-address-entropy-zero-20261003/replays/2389e5c7304a4f148beeed6ef2e86597/episode-00000005-slot-2.json,199,a3ed87f00e50d67d4221f39d4e59e8d151033a2aa4aa71e73099f21af11cf883
benchmark,logs/benchmark/br-address-entropy-zero-20261003,logs/benchmark/br-address-entropy-zero-20261003/replays/2389e5c7304a4f148beeed6ef2e86597/episode-00000006-slot-0.json,199,bddfc266b249679c4975469818fc54b3ac7c26a66eeeceed49cbdfa9a52a95dc
benchmark,logs/benchmark/br-address-entropy-zero-20261003,logs/benchmark/br-address-entropy-zero-20261003/replays/2389e5c7304a4f148beeed6ef2e86597/episode-00000007-slot-6.json,200,2381f83527cf2a3fa85cfb1a428db7ab9dfbf0f2854ef973df16136239c20547
benchmark,logs/benchmark/br-address-entropy-zero-20261003,logs/benchmark/br-address-entropy-zero-20261003/replays/2389e5c7304a4f148beeed6ef2e86597/episode-00000008-slot-1.json,199,4132a0cae2e994d34e06c2db19fa51d87c0121e0a45f79b25af2124f7d55e095
benchmark,logs/benchmark/br-address-entropy-zero-20261003,logs/benchmark/br-address-entropy-zero-20261003/replays/2389e5c7304a4f148beeed6ef2e86597/episode-00000009-slot-3.json,200,f6f9e8a33bd03f66b0504cb057ca95ec5b78236d023a4368d374768b449903af
benchmark,logs/benchmark/br-address-entropy-zero-20261003,logs/benchmark/br-address-entropy-zero-20261003/replays/2389e5c7304a4f148beeed6ef2e86597/episode-00000010-slot-5.json,200,c8cc603e1594b3eca36ff060de5d0baea222632e3ae563af75cd2c2efd89441f
benchmark,logs/benchmark/br-address-entropy-zero-20261003,logs/benchmark/br-address-entropy-zero-20261003/replays/2389e5c7304a4f148beeed6ef2e86597/episode-00000011-slot-7.json,200,eea41a3130bb31baf27b4a1c2b2394f7369b83c4f48ca38bb98e0357e0da9865
benchmark,logs/benchmark/br-address-entropy-zero-20261003,logs/benchmark/br-address-entropy-zero-20261003/replays/2389e5c7304a4f148beeed6ef2e86597/episode-00000012-slot-2.json,199,b6be47b4ed718bbce45b0bcbd473e3d160cd2336c2846a276ffe2fe7f51e1021
benchmark,logs/benchmark/br-address-entropy-zero-20261003,logs/benchmark/br-address-entropy-zero-20261003/replays/2389e5c7304a4f148beeed6ef2e86597/episode-00000013-slot-4.json,200,e89d8336442811510b47db81af23c988caff1150c2d0001fef30cf3a33bb07ff
benchmark,logs/benchmark/br-address-entropy-zero-20261003,logs/benchmark/br-address-entropy-zero-20261003/replays/2389e5c7304a4f148beeed6ef2e86597/episode-00000014-slot-6.json,200,4565f58f67ebdce49a8ea8adc3e9a6906f41c40f0071fe2d28ab9e5e46245db2
benchmark,logs/benchmark/br-address-entropy-zero-20261003,logs/benchmark/br-address-entropy-zero-20261003/replays/2389e5c7304a4f148beeed6ef2e86597/episode-00000015-slot-0.json,199,f0939e5d0ca6b9103ff353b44488c54726d5c3148b1393ce33d4c2e48f6c320a
benchmark,logs/benchmark/br-address-entropy-zero-20261003,logs/benchmark/br-address-entropy-zero-20261003/replays/2389e5c7304a4f148beeed6ef2e86597/episode-00000016-slot-1.json,199,c666c779c8f872cdd6716bdfc614cc1f4aa0f3bb8b80e20160a1816ef970a5b0
benchmark,logs/benchmark/br-address-entropy-zero-20261003,logs/benchmark/br-address-entropy-zero-20261003/result.json,214007,0cbefa6d4d98f4541f78cea817955f46dafa9f28c41f7c05b6c0d9f2f4c979d1
benchmark,logs/benchmark/br-address-episode-mix50-final-20261002,logs/benchmark/br-address-episode-mix50-final-20261002/config.yaml,13761,7ead05ec0d78d9ea589264c6871eb4a3fa7c76d3772e75240e944c313a078adc
benchmark,logs/benchmark/br-address-episode-mix50-final-20261002,logs/benchmark/br-address-episode-mix50-final-20261002/plan.json,12796,56d01553ab68b2239338aaa2e9255a0a87c5171dda0a9f0804c890d04494e072
benchmark,logs/benchmark/br-address-episode-mix50-final-20261002,logs/benchmark/br-address-episode-mix50-final-20261002/progress.json,81652,ae333c88ae4fc7a917d3235d2ea6257338183aa4b74beeebfd704c28ab8fcd6b
benchmark,logs/benchmark/br-address-episode-mix50-final-20261002,logs/benchmark/br-address-episode-mix50-final-20261002/replays/c9babd2ccf7d44d5bcd61c43646ae328/episode-00000001-slot-6.json,200,bed8a309f082866d9cb33497ba15d096914a220bfad1c4c45e27b75aa6188288
benchmark,logs/benchmark/br-address-episode-mix50-final-20261002,logs/benchmark/br-address-episode-mix50-final-20261002/replays/c9babd2ccf7d44d5bcd61c43646ae328/episode-00000002-slot-0.json,199,13f1227c9eded947310b749bd72b8509e9ec58687d12e5a7d9da9c70d0574575
benchmark,logs/benchmark/br-address-episode-mix50-final-20261002,logs/benchmark/br-address-episode-mix50-final-20261002/replays/c9babd2ccf7d44d5bcd61c43646ae328/episode-00000003-slot-7.json,200,9b8ab42cf97f3e2147a4c292fb8da777efa39bbc38ac8c63ad35fdb891b1d1a5
benchmark,logs/benchmark/br-address-episode-mix50-final-20261002,logs/benchmark/br-address-episode-mix50-final-20261002/replays/c9babd2ccf7d44d5bcd61c43646ae328/episode-00000004-slot-2.json,199,b4718f11845207eb20708547207f3e66464205faacf55e42d9f89204d7368fd9
benchmark,logs/benchmark/br-address-episode-mix50-final-20261002,logs/benchmark/br-address-episode-mix50-final-20261002/replays/c9babd2ccf7d44d5bcd61c43646ae328/episode-00000005-slot-1.json,199,34b4d6e5a4393ca26bd3517bc013e55f72cfb0c99a4b47813c6cffae2f116f83
benchmark,logs/benchmark/br-address-episode-mix50-final-20261002,logs/benchmark/br-address-episode-mix50-final-20261002/replays/c9babd2ccf7d44d5bcd61c43646ae328/episode-00000006-slot-4.json,200,356336091cccca9e527b1f634545edc9c4a2b895b80eb0ae3e01e477692c090b
benchmark,logs/benchmark/br-address-episode-mix50-final-20261002,logs/benchmark/br-address-episode-mix50-final-20261002/replays/c9babd2ccf7d44d5bcd61c43646ae328/episode-00000007-slot-3.json,200,439f523e802570acdfb303a2139106daa0271b38a2fff9e42c38968f520c97df
benchmark,logs/benchmark/br-address-episode-mix50-final-20261002,logs/benchmark/br-address-episode-mix50-final-20261002/replays/c9babd2ccf7d44d5bcd61c43646ae328/episode-00000008-slot-5.json,200,946bcc52893ebd29d0f69f4b52c9fc02d19272877a569aec15a0d3152133aae6
benchmark,logs/benchmark/br-address-episode-mix50-final-20261002,logs/benchmark/br-address-episode-mix50-final-20261002/replays/c9babd2ccf7d44d5bcd61c43646ae328/episode-00000009-slot-3.json,200,55fdb091daa6852f7fe77a9d8d2649fe0af504360fe8dd6ab3f952aae8d4e8a3
benchmark,logs/benchmark/br-address-episode-mix50-final-20261002,logs/benchmark/br-address-episode-mix50-final-20261002/replays/c9babd2ccf7d44d5bcd61c43646ae328/episode-00000010-slot-6.json,200,d6b8f8af7957498817038ff385b7484bae9e9584960efa409ec36a53cbdec964
benchmark,logs/benchmark/br-address-episode-mix50-final-20261002,logs/benchmark/br-address-episode-mix50-final-20261002/replays/c9babd2ccf7d44d5bcd61c43646ae328/episode-00000011-slot-4.json,200,76065b5cd505396fe7fd2ddafab697062a87128e8fc2f580fd4665ab46e83d3e
