kind,run,path,bytes,sha256
training,logs/training/br-superhuman-reimu-recurrent-separate-adaptive-20261001,logs/training/br-superhuman-reimu-recurrent-separate-adaptive-20261001/replays/45dfe05418374ec6ba44198931c603a9/episode-00000017-slot-2.json,204,e867629d2e57ce4667ba7b931f6380d4e0bf99d58847a102676c58b3d27b9830
training,logs/training/br-superhuman-reimu-recurrent-separate-adaptive-20261001,logs/training/br-superhuman-reimu-recurrent-separate-adaptive-20261001/replays/45dfe05418374ec6ba44198931c603a9/episode-00000018-slot-0.json,200,5472ad27dc306a9b9ded61cdd5be9dbf7cfc561e298dec5059eabc83f526f6c4
training,logs/training/br-superhuman-reimu-recurrent-separate-adaptive-20261001,logs/training/br-superhuman-reimu-recurrent-separate-adaptive-20261001/replays/45dfe05418374ec6ba44198931c603a9/episode-00000019-slot-3.json,204,eae8e18ceb61bf1ced2bb1015850dbd52a829ebf2e4c6b706acedc1a33b31b9d
training,logs/training/br-superhuman-reimu-recurrent-separate-adaptive-20261001,logs/training/br-superhuman-reimu-recurrent-separate-adaptive-20261001/replays/45dfe05418374ec6ba44198931c603a9/episode-00000020-slot-0.json,198,fb593d4a37b325b13d3dc2692689a3a4b13381b55b2fced90977304222306817
training,logs/training/br-superhuman-reimu-recurrent-separate-adaptive-20261001,logs/training/br-superhuman-reimu-recurrent-separate-adaptive-20261001/replays/45dfe05418374ec6ba44198931c603a9/episode-00000021-slot-1.json,199,e0c2906f47ac4cf20f52b00df02ea47fabb487b42c102b4018122ea1ed452c98
training,logs/training/br-superhuman-reimu-recurrent-separate-adaptive-20261001,logs/training/br-superhuman-reimu-recurrent-separate-adaptive-20261001/replays/45dfe05418374ec6ba44198931c603a9/episode-00000022-slot-2.json,199,186a3d2cf6817fbf793cf57e39d5fb50cf55cc07a8c2839205314f2caf7c103d
training,logs/training/br-superhuman-reimu-recurrent-separate-adaptive-20261001,logs/training/br-superhuman-reimu-recurrent-separate-adaptive-20261001/replays/45dfe05418374ec6ba44198931c603a9/episode-00000023-slot-3.json,198,93aa3f7b10a9afe36a6cee7d1f0b663cba59912d0957a5fe0dd7335ef1ca6786
training,logs/training/br-superhuman-reimu-recurrent-separate-adaptive-20261001,logs/training/br-superhuman-reimu-recurrent-separate-adaptive-20261001/result.json,2003,19ee5cb10dbbf839f8b9dbdaea266ba8de6234df9fb0ede214d3a7a081a8f8f0
training,logs/training/br-superhuman-reimu-recurrent-separate-adaptive-20261001,logs/training/br-superhuman-reimu-recurrent-separate-adaptive-20261001/scalars/progress.csv,29990,85e63071074c4e8c4981a5d2352f7676a675c88b0f022ad425ea49b34ebe1693
training,logs/training/br-superhuman-reimu-recurrent-separate-adaptive-20261001,logs/training/br-superhuman-reimu-recurrent-separate-adaptive-20261001/timing.json,19760,37d3e95a34e4909322c7cba2e3609e91797f26f8b71637b62194f45d7c86f4c3
training,logs/training/br-superhuman-reimu-sparse-fresh-20261001,logs/training/br-superhuman-reimu-sparse-fresh-20261001/config.yaml,4481,eb1d439e8108794e98e3c5abefbc90d961a67653a693bc615dd8e11217891908
training,logs/training/br-superhuman-reimu-sparse-fresh-20261001,logs/training/br-superhuman-reimu-sparse-fresh-20261001/identity.json,39163,c1edc7e1f9bbf72b9c71a4dc1f93afeace647982ea7c8531886f554fd5af1081
training,logs/training/br-superhuman-reimu-sparse-fresh-20261001,logs/training/br-superhuman-reimu-sparse-fresh-20261001/progress.json,145,73a2989af00f7ea006ebf7afb392906df7688d66e272ed7ecc08a9d57942be58
training,logs/training/br-superhuman-reimu-sparse-fresh-20261001,logs/training/br-superhuman-reimu-sparse-fresh-20261001/replays/34e95580a7334859882baa3663b62591/episode-00000001-slot-0.json,193,64595a2a78ad3bccd91a4abe23e91061dfa1be7fbcdc0e510e8f8c643dc1aee4
training,logs/training/br-superhuman-reimu-sparse-fresh-20261001,logs/training/br-superhuman-reimu-sparse-fresh-20261001/replays/34e95580a7334859882baa3663b62591/episode-00000002-slot-1.json,193,c24a2e3dcf267a0f06b4efccb0bc7680bfedd54e7638f1d74aa5287379ab2ae3
training,logs/training/br-superhuman-reimu-sparse-fresh-20261001,logs/training/br-superhuman-reimu-sparse-fresh-20261001/replays/34e95580a7334859882baa3663b62591/episode-00000003-slot-2.json,193,621326f3e41ba6c0cde3112bdf8380f867d3c6061a022f9a15fa41b3bbe43e81
training,logs/training/br-superhuman-reimu-sparse-fresh-20261001,logs/training/br-superhuman-reimu-sparse-fresh-20261001/replays/34e95580a7334859882baa3663b62591/episode-00000004-slot-3.json,193,b94834e0900d6e6fe1c0c8dc575743ce89a917f1573eb48e45c7ea659d9fce19
training,logs/training/br-superhuman-reimu-sparse-fresh-20261001,logs/training/br-superhuman-reimu-sparse-fresh-20261001/result.json,682,98d9be66cdc1b53ef2607b2aa314c04e1b306cdf8ff102aa99363f1958b4b908
training,logs/training/br-superhuman-reimu-sparse-fresh-20261001,logs/training/br-superhuman-reimu-sparse-fresh-20261001/scalars/progress.csv,78,afc9169485b24dd2193fc03d8fe2917cab1a953a5d6a3af9b8f35c1a5c7d0c47
training,logs/training/br-superhuman-reimu-sparse-fresh-20261001,logs/training/br-superhuman-reimu-sparse-fresh-20261001/timing.json,123,f395f39ccc2467a654e187c810066f2b3dbedd4d77e7d492684e7d619fc298ee
training,logs/training/br-superhuman-reimu-sparse-fresh-20261001-v2,logs/training/br-superhuman-reimu-sparse-fresh-20261001-v2/config.yaml,4484,1e568cba15636a0ccea26479b67e852fe84283eed4b007122e6cac9ea24e8166
training,logs/training/br-superhuman-reimu-sparse-fresh-20261001-v2,logs/training/br-superhuman-reimu-sparse-fresh-20261001-v2/identity.json,39163,46ae0f5d59e6388c05d2ccc72f7ab291c52a83c31c38896fdbc254c7c0aaaf6d
training,logs/training/br-superhuman-reimu-sparse-fresh-20261001-v2,logs/training/br-superhuman-reimu-sparse-fresh-20261001-v2/progress.json,93863,81d5dcb3861755b9fc2f71d1ef913bb92abc318c0e6985a63fa8eb5714017076
training,logs/training/br-superhuman-reimu-sparse-fresh-20261001-v2,logs/training/br-superhuman-reimu-sparse-fresh-20261001-v2/replays/29719c5890b542f39f6aed81e1d426e1/episode-00000001-slot-2.json,194,596fa7de4d29b6b03c203401d287a1fce525e5ca4b7875d5c6d69165dea88790
training,logs/training/br-superhuman-reimu-sparse-fresh-20261001-v2,logs/training/br-superhuman-reimu-sparse-fresh-20261001-v2/replays/29719c5890b542f39f6aed81e1d426e1/episode-00000002-slot-0.json,194,573710d1040550279999f2b680f76fcbc0a0a4862082129d1fa2c0fa7b07919f
training,logs/training/br-superhuman-reimu-sparse-fresh-20261001-v2,logs/training/br-superhuman-reimu-sparse-fresh-20261001-v2/replays/29719c5890b542f39f6aed81e1d426e1/episode-00000003-slot-1.json,194,915244d1f8a5d202c975a9af8ce4f093f0521eb65a0f36de13d1d7fa8f2dc84d
training,logs/training/br-superhuman-reimu-sparse-fresh-20261001-v2,logs/training/br-superhuman-reimu-sparse-fresh-20261001-v2/replays/29719c5890b542f39f6aed81e1d426e1/episode-00000004-slot-3.json,194,1efaea9f99be948fa275015be3b25fe745f6485185adcd148ec2cc2342ec1146
training,logs/training/br-superhuman-reimu-sparse-fresh-20261001-v2,logs/training/br-superhuman-reimu-sparse-fresh-20261001-v2/replays/29719c5890b542f39f6aed81e1d426e1/episode-00000005-slot-2.json,200,fb7429d80984dc53df0b1797cb961f1f17ef2cbe18749dda1dfb3392eeb3615a
training,logs/training/br-superhuman-reimu-sparse-fresh-20261001-v2,logs/training/br-superhuman-reimu-sparse-fresh-20261001-v2/replays/29719c5890b542f39f6aed81e1d426e1/episode-00000006-slot-0.json,199,9f78c590401392a16bbf580c3fb0869318b3613fb390ddffb167b447b2e0881d
training,logs/training/br-superhuman-reimu-sparse-fresh-20261001-v2,logs/training/br-superhuman-reimu-sparse-fresh-20261001-v2/replays/29719c5890b542f39f6aed81e1d426e1/episode-00000007-slot-1.json,200,386b05ce2632b3b735279d701583b37f396c76459a45038842dec9206d20b036
training,logs/training/br-superhuman-reimu-sparse-fresh-20261001-v2,logs/training/br-superhuman-reimu-sparse-fresh-20261001-v2/replays/29719c5890b542f39f6aed81e1d426e1/episode-00000008-slot-3.json,200,01fd79062b63bede7b09ff297df70b776931fbaf31148b8987814f596946f4c0
training,logs/training/br-superhuman-reimu-sparse-fresh-20261001-v2,logs/training/br-superhuman-reimu-sparse-fresh-20261001-v2/replays/29719c5890b542f39f6aed81e1d426e1/episode-00000009-slot-0.json,200,31114bbc60b5573bedfdd08184f18b6050cabbe5168449586addfdfbe6ff6763
training,logs/training/br-superhuman-reimu-sparse-fresh-20261001-v2,logs/training/br-superhuman-reimu-sparse-fresh-20261001-v2/replays/29719c5890b542f39f6aed81e1d426e1/episode-00000010-slot-2.json,200,6cb4ddf6bba72feedce1f799456ff603623244287426bf78a1c99e094c893c93
training,logs/training/br-superhuman-reimu-sparse-fresh-20261001-v2,logs/training/br-superhuman-reimu-sparse-fresh-20261001-v2/replays/29719c5890b542f39f6aed81e1d426e1/episode-00000011-slot-3.json,199,7fa525bd07d8936b5131286590c2f45e7cbe246ac689c3ddc473d58c77502aaf
training,logs/training/br-superhuman-reimu-sparse-fresh-20261001-v2,logs/training/br-superhuman-reimu-sparse-fresh-20261001-v2/replays/29719c5890b542f39f6aed81e1d426e1/episode-00000012-slot-1.json,199,ecf217ebb7c6875ba28f229dc12539fe9b17d259ec4520c4c738b3ee59794d64
training,logs/training/br-superhuman-reimu-sparse-fresh-20261001-v2,logs/training/br-superhuman-reimu-sparse-fresh-20261001-v2/replays/29719c5890b542f39f6aed81e1d426e1/episode-00000013-slot-0.json,199,7b80ce602e088ce5cf8e0bb7e2c3911dd1dd22e9b62fd4d1d81dd68310a512ae
training,logs/training/br-superhuman-reimu-sparse-fresh-20261001-v2,logs/training/br-superhuman-reimu-sparse-fresh-20261001-v2/replays/29719c5890b542f39f6aed81e1d426e1/episode-00000014-slot-2.json,199,02118e9d0fc34f5c45e8587da594d65fd895e1ef03d217c661f04074e5e3c2e4
training,logs/training/br-superhuman-reimu-sparse-fresh-20261001-v2,logs/training/br-superhuman-reimu-sparse-fresh-20261001-v2/replays/29719c5890b542f39f6aed81e1d426e1/episode-00000015-slot-3.json,200,658fcc1ce3e0b54973b658901a93687c528881af030cb9f8922af70348a8d841
training,logs/training/br-superhuman-reimu-sparse-fresh-20261001-v2,logs/training/br-superhuman-reimu-sparse-fresh-20261001-v2/replays/29719c5890b542f39f6aed81e1d426e1/episode-00000016-slot-1.json,200,cf96f8704ab686ca0e990d23d1fc88a0ba26e2b9fc51a0a11a94b64d22b9e1ab
training,logs/training/br-superhuman-reimu-sparse-fresh-20261001-v2,logs/training/br-superhuman-reimu-sparse-fresh-20261001-v2/replays/29719c5890b542f39f6aed81e1d426e1/episode-00000017-slot-0.json,200,21fe222b7289f55f32090aa5c62b2f5f9bdd934ea75a2fc2a62bfd9fa7cb379a
training,logs/training/br-superhuman-reimu-sparse-fresh-20261001-v2,logs/training/br-superhuman-reimu-sparse-fresh-20261001-v2/replays/29719c5890b542f39f6aed81e1d426e1/episode-00000018-slot-2.json,200,598a5f6a162b90adce3752915cf3494537be932e3281bceb82c40c0e3ebbffdc
training,logs/training/br-superhuman-reimu-sparse-fresh-20261001-v2,logs/training/br-superhuman-reimu-sparse-fresh-20261001-v2/replays/29719c5890b542f39f6aed81e1d426e1/episode-00000019-slot-0.json,200,1474d35b2d02b4d026875c3c8d39ada1ab28b36d4c4a0b197884c419788eab1a
training,logs/training/br-superhuman-reimu-sparse-fresh-20261001-v2,logs/training/br-superhuman-reimu-sparse-fresh-20261001-v2/replays/29719c5890b542f39f6aed81e1d426e1/episode-00000020-slot-3.json,200,554029cea4b832362ba2b91b65b6338c825be474921fb0e19cd46c8a9c86dbea
training,logs/training/br-superhuman-reimu-sparse-fresh-20261001-v2,logs/training/br-superhuman-reimu-sparse-fresh-20261001-v2/replays/29719c5890b542f39f6aed81e1d426e1/episode-00000021-slot-1.json,200,7e66ba7f1760be5f69b90b83ee2645d9f8d2a7e78ddfa7954e2623cff13f4def
training,logs/training/br-superhuman-reimu-sparse-fresh-20261001-v2,logs/training/br-superhuman-reimu-sparse-fresh-20261001-v2/replays/29719c5890b542f39f6aed81e1d426e1/episode-00000022-slot-0.json,200,c448e2b9028bf3875ccdef882552aec3e69347b956403660385476504165f417
training,logs/training/br-superhuman-reimu-sparse-fresh-20261001-v2,logs/training/br-superhuman-reimu-sparse-fresh-20261001-v2/replays/29719c5890b542f39f6aed81e1d426e1/episode-00000023-slot-2.json,200,a14a171cc29c52e38aaa4165a35adde60c6c4cd226a8529da72c522bf658c00c
training,logs/training/br-superhuman-reimu-sparse-fresh-20261001-v2,logs/training/br-superhuman-reimu-sparse-fresh-20261001-v2/replays/29719c5890b542f39f6aed81e1d426e1/episode-00000024-slot-1.json,199,b928e76bd7c39507a2dca6caad10426aea6334edc9562808a4656bb2a148f91a
training,logs/training/br-superhuman-reimu-sparse-fresh-20261001-v2,logs/training/br-superhuman-reimu-sparse-fresh-20261001-v2/replays/29719c5890b542f39f6aed81e1d426e1/episode-00000025-slot-3.json,200,3d3b1ad51354961fb90c1c9fffab1f5de90ef8e6a726c7b0a808bd1175bd33cc
training,logs/training/br-superhuman-reimu-sparse-fresh-20261001-v2,logs/training/br-superhuman-reimu-sparse-fresh-20261001-v2/replays/29719c5890b542f39f6aed81e1d426e1/episode-00000026-slot-0.json,200,16f35978192bf1a7fa3b0152d5ae97644d1ae61b7e826a8ee1d75f860a03a17d
training,logs/training/br-superhuman-reimu-sparse-fresh-20261001-v2,logs/training/br-superhuman-reimu-sparse-fresh-20261001-v2/replays/29719c5890b542f39f6aed81e1d426e1/episode-00000027-slot-2.json,200,f54d2ffefead2715cac2d2d7ede372bf1bb0605e8b30d32c2de99a0f1d794d27
training,logs/training/br-superhuman-reimu-sparse-fresh-20261001-v2,logs/training/br-superhuman-reimu-sparse-fresh-20261001-v2/replays/29719c5890b542f39f6aed81e1d426e1/episode-00000028-slot-1.json,200,7c29a59378c03e82c8a8577f70daaa65e750300c83673309107d6324f60c967e
training,logs/training/br-superhuman-reimu-sparse-fresh-20261001-v2,logs/training/br-superhuman-reimu-sparse-fresh-20261001-v2/replays/29719c5890b542f39f6aed81e1d426e1/episode-00000029-slot-3.json,200,54ccb10c38217251484248428acb54e3095a2e63129f0b4041049b77c9261c98
training,logs/training/br-superhuman-reimu-sparse-fresh-20261001-v2,logs/training/br-superhuman-reimu-sparse-fresh-20261001-v2/replays/29719c5890b542f39f6aed81e1d426e1/episode-00000030-slot-0.json,199,db648c38540ad38e83b96629349786a13741b4452c387bb845e3c9fdef3756a9
training,logs/training/br-superhuman-reimu-sparse-fresh-20261001-v2,logs/training/br-superhuman-reimu-sparse-fresh-20261001-v2/replays/29719c5890b542f39f6aed81e1d426e1/episode-00000031-slot-2.json,200,9f71de81658eb29aafe897765581ed112e0d5c1147fc9b2ee78b49ef3eedc098
training,logs/training/br-superhuman-reimu-sparse-fresh-20261001-v2,logs/training/br-superhuman-reimu-sparse-fresh-20261001-v2/replays/29719c5890b542f39f6aed81e1d426e1/episode-00000032-slot-1.json,200,2fc4825f6c3e37cbbe77c22023a30b5b6f90ed798b618622e04aeecbb3e6bfa8
training,logs/training/br-superhuman-reimu-sparse-fresh-20261001-v2,logs/training/br-superhuman-reimu-sparse-fresh-20261001-v2/replays/29719c5890b542f39f6aed81e1d426e1/episode-00000033-slot-3.json,200,58218f7c758a62b6a093b5351e12a2eff415332b26b99792c1945894dc4749df
training,logs/training/br-superhuman-reimu-sparse-fresh-20261001-v2,logs/training/br-superhuman-reimu-sparse-fresh-20261001-v2/replays/29719c5890b542f39f6aed81e1d426e1/episode-00000034-slot-0.json,199,7b8209c60871d33fd3a184b9a8b91f39d332cf4390c1ca8fb3d4d62275d1fb2b
training,logs/training/br-superhuman-reimu-sparse-fresh-20261001-v2,logs/training/br-superhuman-reimu-sparse-fresh-20261001-v2/replays/29719c5890b542f39f6aed81e1d426e1/episode-00000035-slot-0.json,198,cb5ef47378108c59c3b3efb9bf03468cb292e3c2191f4f69afc99c995e35ab59
training,logs/training/br-superhuman-reimu-sparse-fresh-20261001-v2,logs/training/br-superhuman-reimu-sparse-fresh-20261001-v2/replays/29719c5890b542f39f6aed81e1d426e1/episode-00000036-slot-1.json,198,9259030f945abb62677f09c25c6bc26f019a4d24f9437c516e1012e5662b3035
training,logs/training/br-superhuman-reimu-sparse-fresh-20261001-v2,logs/training/br-superhuman-reimu-sparse-fresh-20261001-v2/replays/29719c5890b542f39f6aed81e1d426e1/episode-00000037-slot-2.json,198,1f6cda1aa940be00f0af7cdae4a3d1029a33face8dd490ed7d70aedc1d1616e7
training,logs/training/br-superhuman-reimu-sparse-fresh-20261001-v2,logs/training/br-superhuman-reimu-sparse-fresh-20261001-v2/replays/29719c5890b542f39f6aed81e1d426e1/episode-00000038-slot-3.json,199,3d711253329e9c0362fb58e899bde7ab607f4eed4e07767ab3a2d0b8f16de690
training,logs/training/br-superhuman-reimu-sparse-fresh-20261001-v2,logs/training/br-superhuman-reimu-sparse-fresh-20261001-v2/result.json,752,405229ed5d4f111cf7cf225c6a6d3036844ffd5570031fb9df846d901c380ef2
training,logs/training/br-superhuman-reimu-sparse-fresh-20261001-v2,logs/training/br-superhuman-reimu-sparse-fresh-20261001-v2/scalars/progress.csv,3228,a37f308b54ec9251f5f4641bb1cb81d996639f9518db65316c5953f07d2eb1bd
training,logs/training/br-superhuman-reimu-sparse-fresh-20261001-v2,logs/training/br-superhuman-reimu-sparse-fresh-20261001-v2/timing.json,2796,597187ad7fb3a5015c264568fa628921767d7583891b43fe7ec7dcd9d9f307f9
training,logs/training/br-superhuman-reimu-two-epochs-20261001,logs/training/br-superhuman-reimu-two-epochs-20261001/config.yaml,4477,c33a752f976851b6880b587d1d1d497becfa5f5fe2a7e093b9638b92f7006095
training,logs/training/br-superhuman-reimu-two-epochs-20261001,logs/training/br-superhuman-reimu-two-epochs-20261001/identity.json,39385,b866e3a8e3ad742819cda239d3bea256041f10b5f7c495a03f9386174d7a7961
training,logs/training/br-superhuman-reimu-two-epochs-20261001,logs/training/br-superhuman-reimu-two-epochs-20261001/progress.json,105279,9fcbd4420fb65914ec2f459c0fd001b98a557e920e105c0b75d00dbcf637d82b
training,logs/training/br-superhuman-reimu-two-epochs-20261001,logs/training/br-superhuman-reimu-two-epochs-20261001/replays/a69b37eb10a04645a2967195c921fc56/episode-00000001-slot-2.json,194,bb933311850a48fe4d9b2fa73a1c14bb1a6b1350da494c5b61597ff8966083fb
training,logs/training/br-superhuman-reimu-two-epochs-20261001,logs/training/br-superhuman-reimu-two-epochs-20261001/replays/a69b37eb10a04645a2967195c921fc56/episode-00000002-slot-1.json,194,437a2e0a2c244dac12ca3b167743f7c9685eb9ff9a917437acaa5c5624ea6f34
training,logs/training/br-superhuman-reimu-two-epochs-20261001,logs/training/br-superhuman-reimu-two-epochs-20261001/replays/a69b37eb10a04645a2967195c921fc56/episode-00000003-slot-0.json,194,f32bfb5c904ee57c1f2220aeda4bb63dc329876bf04da8c4fc97948294a41214
training,logs/training/br-superhuman-reimu-two-epochs-20261001,logs/training/br-superhuman-reimu-two-epochs-20261001/replays/a69b37eb10a04645a2967195c921fc56/episode-00000004-slot-3.json,194,958e68737344fb8c4f86eef7b68129d5ec205aaddca7e8956ffa844ae8b5eb07
training,logs/training/br-superhuman-reimu-two-epochs-20261001,logs/training/br-superhuman-reimu-two-epochs-20261001/replays/a69b37eb10a04645a2967195c921fc56/episode-00000005-slot-3.json,200,57b1341429e13c87b2a3fae899becb8d2016222f90f8abe842f9f6561b3deb4d
training,logs/training/br-superhuman-reimu-two-epochs-20261001,logs/training/br-superhuman-reimu-two-epochs-20261001/replays/a69b37eb10a04645a2967195c921fc56/episode-00000006-slot-1.json,199,f6077cd7d77d3119dfa1ecedc19243c1e813d7193408a9b66390630f818bbb7e
training,logs/training/br-superhuman-reimu-two-epochs-20261001,logs/training/br-superhuman-reimu-two-epochs-20261001/replays/a69b37eb10a04645a2967195c921fc56/episode-00000007-slot-2.json,200,12695d128954d84778ca4d2ff28292a3503d4fcdd5ac012fa44cbe37af769b3d
training,logs/training/br-superhuman-reimu-two-epochs-20261001,logs/training/br-superhuman-reimu-two-epochs-20261001/replays/a69b37eb10a04645a2967195c921fc56/episode-00000008-slot-0.json,200,3ed562cf098e5856348601e6206f64a6cb0856b6e8491ef25b5ca70d0decd0fe
training,logs/training/br-superhuman-reimu-two-epochs-20261001,logs/training/br-superhuman-reimu-two-epochs-20261001/replays/a69b37eb10a04645a2967195c921fc56/episode-00000009-slot-3.json,200,22599c335770a8dfdc5f42184479664d35057b566c1e0c1bae407fef59aaecde
training,logs/training/br-superhuman-reimu-two-epochs-20261001,logs/training/br-superhuman-reimu-two-epochs-20261001/replays/a69b37eb10a04645a2967195c921fc56/episode-00000010-slot-2.json,199,a032eaf73268e057baeb85154e9054f087e98fec3ce70db6dd9e17e228c47856
training,logs/training/br-superhuman-reimu-two-epochs-20261001,logs/training/br-superhuman-reimu-two-epochs-20261001/replays/a69b37eb10a04645a2967195c921fc56/episode-00000011-slot-1.json,200,46e44d58e0df4faa6924c40ba6ec5214caa7093a3a69226cbb1b586d2d373a54
training,logs/training/br-superhuman-reimu-two-epochs-20261001,logs/training/br-superhuman-reimu-two-epochs-20261001/replays/a69b37eb10a04645a2967195c921fc56/episode-00000012-slot-0.json,199,614327bfb0023612a454e66005d04f15338ba867f9107b40ef721adbf4993e7f
training,logs/training/br-superhuman-reimu-two-epochs-20261001,logs/training/br-superhuman-reimu-two-epochs-20261001/replays/a69b37eb10a04645a2967195c921fc56/episode-00000013-slot-3.json,199,43cb73c849a115393ebba8722cb97d8f0e9f15d1b6bcc2ba3550e03841b488a8
training,logs/training/br-superhuman-reimu-two-epochs-20261001,logs/training/br-superhuman-reimu-two-epochs-20261001/replays/a69b37eb10a04645a2967195c921fc56/episode-00000014-slot-2.json,199,7e1d7adb58ec9fef1b8d99820c503c5f470f767cf0066c9e585da4a1334cd67c
training,logs/training/br-superhuman-reimu-two-epochs-20261001,logs/training/br-superhuman-reimu-two-epochs-20261001/replays/a69b37eb10a04645a2967195c921fc56/episode-00000015-slot-1.json,200,cfc05cbe32d00f22c1dbe40c6d5b2e6697264d76f5675da7f8f7a0e885afa575
training,logs/training/br-superhuman-reimu-two-epochs-20261001,logs/training/br-superhuman-reimu-two-epochs-20261001/replays/a69b37eb10a04645a2967195c921fc56/episode-00000016-slot-3.json,200,6e7af3f30260682e48df8f0375ec9a215fd82c74e0c3b3c85826f6742640bdda
training,logs/training/br-superhuman-reimu-two-epochs-20261001,logs/training/br-superhuman-reimu-two-epochs-20261001/replays/a69b37eb10a04645a2967195c921fc56/episode-00000017-slot-2.json,200,c0e6d4f728916149543c983189a110ac519e6ec7a9cb36bc479908ab3967c7d4
training,logs/training/br-superhuman-reimu-two-epochs-20261001,logs/training/br-superhuman-reimu-two-epochs-20261001/replays/a69b37eb10a04645a2967195c921fc56/episode-00000018-slot-0.json,200,1370b690e356de61ee84fbdcc9f9a26a23e6b93aa521c5c12911bc23a14c5e2b
training,logs/training/br-superhuman-reimu-two-epochs-20261001,logs/training/br-superhuman-reimu-two-epochs-20261001/replays/a69b37eb10a04645a2967195c921fc56/episode-00000019-slot-1.json,200,ac425f15be3b82c0a8ed2faf4e5c923cd76a2d422aec3a5cce64b1a73bd68d71
training,logs/training/br-superhuman-reimu-two-epochs-20261001,logs/training/br-superhuman-reimu-two-epochs-20261001/replays/a69b37eb10a04645a2967195c921fc56/episode-00000020-slot-3.json,200,8bf0630a8c1e4b46dd3932fef141f7e65f8559bedbe3c6beed3abbf419478d68
training,logs/training/br-superhuman-reimu-two-epochs-20261001,logs/training/br-superhuman-reimu-two-epochs-20261001/replays/a69b37eb10a04645a2967195c921fc56/episode-00000021-slot-1.json,200,2a893b4100e7ac845a5d8a8129f90b609014dacc9b219fadc094932d4e60cac6
training,logs/training/br-superhuman-reimu-two-epochs-20261001,logs/training/br-superhuman-reimu-two-epochs-20261001/replays/a69b37eb10a04645a2967195c921fc56/episode-00000022-slot-0.json,200,0dc7e5b80374b5e197097010d5478ecd2021fb0a883a3dd331b67b94c2c4e807
training,logs/training/br-superhuman-reimu-two-epochs-20261001,logs/training/br-superhuman-reimu-two-epochs-20261001/replays/a69b37eb10a04645a2967195c921fc56/episode-00000023-slot-2.json,200,9993fe6eab12430886023a1592c3e8a59325cfe5bf3805fe7e18976fd54a57a2
training,logs/training/br-superhuman-reimu-two-epochs-20261001,logs/training/br-superhuman-reimu-two-epochs-20261001/replays/a69b37eb10a04645a2967195c921fc56/episode-00000024-slot-3.json,200,a573b5ca34a37912efa4cb433c5c255991cd1537b5b3aacc2f2069f493238559
training,logs/training/br-superhuman-reimu-two-epochs-20261001,logs/training/br-superhuman-reimu-two-epochs-20261001/replays/a69b37eb10a04645a2967195c921fc56/episode-00000025-slot-2.json,200,84b510ce9f42a41890bee09f380cde61125fdd906eb4d9c74c0cab9cede71c2d
training,logs/training/br-superhuman-reimu-two-epochs-20261001,logs/training/br-superhuman-reimu-two-epochs-20261001/replays/a69b37eb10a04645a2967195c921fc56/episode-00000026-slot-1.json,199,cd303b08002a2f9a4290fe78e24811fb655a63e1a2aeeb578a54a955f23de448
training,logs/training/br-superhuman-reimu-two-epochs-20261001,logs/training/br-superhuman-reimu-two-epochs-20261001/replays/a69b37eb10a04645a2967195c921fc56/episode-00000027-slot-0.json,200,21208f0d581b80eb37e1e38d69199749963054ab05cf545d4f4f8b6c5f22dbe9
training,logs/training/br-superhuman-reimu-two-epochs-20261001,logs/training/br-superhuman-reimu-two-epochs-20261001/replays/a69b37eb10a04645a2967195c921fc56/episode-00000028-slot-3.json,200,5b3d14ffc07bbc817fc50a94f9d184f8c85fe82d89c904302848b67d69df18e0
training,logs/training/br-superhuman-reimu-two-epochs-20261001,logs/training/br-superhuman-reimu-two-epochs-20261001/replays/a69b37eb10a04645a2967195c921fc56/episode-00000029-slot-2.json,200,f88435ef15f116cadc11dbe1b5bed257caa2290ec8d16cbdb06de2150ca6ff20
training,logs/training/br-superhuman-reimu-two-epochs-20261001,logs/training/br-superhuman-reimu-two-epochs-20261001/replays/a69b37eb10a04645a2967195c921fc56/episode-00000030-slot-0.json,200,381a1c715078851921a10dd2ea28b482c6ffaf0e44b7ad20d19f5a2b686f6a78
training,logs/training/br-superhuman-reimu-two-epochs-20261001,logs/training/br-superhuman-reimu-two-epochs-20261001/replays/a69b37eb10a04645a2967195c921fc56/episode-00000031-slot-1.json,199,daf15a65976f70fe6cb1d9009454e3236313b3fb47800b88dabe325bb13e8d9e
training,logs/training/br-superhuman-reimu-two-epochs-20261001,logs/training/br-superhuman-reimu-two-epochs-20261001/replays/a69b37eb10a04645a2967195c921fc56/episode-00000032-slot-3.json,200,610bb58ee5a1d8cb65406f24ea4435fd740719e1dc297a2a18c8d6744435445d
training,logs/training/br-superhuman-reimu-two-epochs-20261001,logs/training/br-superhuman-reimu-two-epochs-20261001/replays/a69b37eb10a04645a2967195c921fc56/episode-00000033-slot-2.json,200,01455c9c27ebb842f271a52877047683ba4c4ff2444c8f67ecb821066cd20357
training,logs/training/br-superhuman-reimu-two-epochs-20261001,logs/training/br-superhuman-reimu-two-epochs-20261001/replays/a69b37eb10a04645a2967195c921fc56/episode-00000034-slot-1.json,199,81180c390098e517f6e7f53f1ade57d231110ca564397f4cd331457d7704ccbc
training,logs/training/br-superhuman-reimu-two-epochs-20261001,logs/training/br-superhuman-reimu-two-epochs-20261001/replays/a69b37eb10a04645a2967195c921fc56/episode-00000035-slot-0.json,199,116b1c4fb29028febf579ef9ae696a7e7858e3939f223c1f9682a883c6d76e7e
training,logs/training/br-superhuman-reimu-two-epochs-20261001,logs/training/br-superhuman-reimu-two-epochs-20261001/replays/a69b37eb10a04645a2967195c921fc56/episode-00000036-slot-0.json,199,f6bf8ae499a7b493e6169cf55786c4f96e026fd9efb0c29f9e7d7f69b7495161
training,logs/training/br-superhuman-reimu-two-epochs-20261001,logs/training/br-superhuman-reimu-two-epochs-20261001/replays/a69b37eb10a04645a2967195c921fc56/episode-00000037-slot-1.json,199,db23eb8fa5dc347cfec2bdcf7c710d681488279ee201d4f3474a2b49890a11e9
training,logs/training/br-superhuman-reimu-two-epochs-20261001,logs/training/br-superhuman-reimu-two-epochs-20261001/replays/a69b37eb10a04645a2967195c921fc56/episode-00000038-slot-2.json,199,84effcf8e27f9f6d856848f6a57bbc1d398af4e050f584f69f1d7332fe7fadfc
training,logs/training/br-superhuman-reimu-two-epochs-20261001,logs/training/br-superhuman-reimu-two-epochs-20261001/replays/a69b37eb10a04645a2967195c921fc56/episode-00000039-slot-3.json,198,e8189d880aadd288ac41a3eb50f0a33264ef4006edc21ca713ff2e741c3c73a4
training,logs/training/br-superhuman-reimu-two-epochs-20261001,logs/training/br-superhuman-reimu-two-epochs-20261001/result.json,747,3b85e364a3b809cfc8fd5a220d4d1c683d7724b7b414a4dcae680b12ecfe153c
training,logs/training/br-superhuman-reimu-two-epochs-20261001,logs/training/br-superhuman-reimu-two-epochs-20261001/scalars/progress.csv,4557,a74858827e06ef5cf10ce6283819f88c0628fd13c065472b02ff9351e67eca8a
training,logs/training/br-superhuman-reimu-two-epochs-20261001,logs/training/br-superhuman-reimu-two-epochs-20261001/timing.json,2787,07bbc9c047a2e15870baaf5d85c0a5a1fb715c7346eb2d389e4e66da3d7ba9c7
training,logs/training/ippo-human-state-v1,logs/training/ippo-human-state-v1/benchmarl-config.json,2398,44185b209ca233ca6fffb0b28ebaad4d0b18b2b9e616e5e92615acb1132b9b5f
training,logs/training/ippo-human-state-v1,logs/training/ippo-human-state-v1/config.yaml,1382,214822fa0e695263fa4aa11f57992e1555b22020d692bc176aa388c039ae8dfe
training,logs/training/ippo-human-state-v1,logs/training/ippo-human-state-v1/identity.json,7133,9faa15b57bc31605cddd003f2a1c3942574507c91931e6099331817b56fd1634
training,logs/training/ippo-human-state-v1,logs/training/ippo-human-state-v1/ippo_vs_mlp__edf248ce_26_09_28-22_08_28/ippo_vs_mlp__edf248ce_26_09_28-22_08_28/scalars/collection_player_0_info_decision_frames.csv,116,a8d703efdf7c93ef34d5743376eb4b6a29df26c20b9f5a5f93cb3731601d8194
training,logs/training/ippo-human-state-v1,logs/training/ippo-human-state-v1/ippo_vs_mlp__edf248ce_26_09_28-22_08_28/ippo_vs_mlp__edf248ce_26_09_28-22_08_28/scalars/collection_player_0_info_episode.csv,159,b1e7ade12dd37f385f9d4723456c0e1bb615442fe8b58b44aead065af5cd2fd9
training,logs/training/ippo-human-state-v1,logs/training/ippo-human-state-v1/ippo_vs_mlp__edf248ce_26_09_28-22_08_28/ippo_vs_mlp__edf248ce_26_09_28-22_08_28/scalars/collection_player_0_info_frame.csv,218,edc844b0e6c34e69053b0cba895fe0717141885c49b75449c9c18d10f53f682f
training,logs/training/ippo-human-state-v1,logs/training/ippo-human-state-v1/ippo_vs_mlp__edf248ce_26_09_28-22_08_28/ippo_vs_mlp__edf248ce_26_09_28-22_08_28/scalars/collection_player_0_info_latency_frames.csv,134,67f19b63bca12c9be0c2f8685ff3fd2dfa9394eaa55c252a5f4a943cc6be919c
training,logs/training/ippo-human-state-v1,logs/training/ippo-human-state-v1/ippo_vs_mlp__edf248ce_26_09_28-22_08_28/ippo_vs_mlp__edf248ce_26_09_28-22_08_28/scalars/collection_player_0_reward_episode_reward_max.csv,36,5038caa4aae29fab9d05798438c93cebb3375b833fe3c34b4f56c0d577459681
training,logs/training/ippo-human-state-v1,logs/training/ippo-human-state-v1/ippo_vs_mlp__edf248ce_26_09_28-22_08_28/ippo_vs_mlp__edf248ce_26_09_28-22_08_28/scalars/collection_player_0_reward_episode_reward_mean.csv,51,b6ff59fba38aa2addaff3d7c120b12a2b63239c1e1ce44b965813dc6702fdfe5
training,logs/training/ippo-human-state-v1,logs/training/ippo-human-state-v1/ippo_vs_mlp__edf248ce_26_09_28-22_08_28/ippo_vs_mlp__edf248ce_26_09_28-22_08_28/scalars/collection_player_0_reward_episode_reward_min.csv,38,498c27e63332b2537c3023e02eeaca43e59820d794a7ae5e648f319fd172b493
training,logs/training/ippo-human-state-v1,logs/training/ippo-human-state-v1/ippo_vs_mlp__edf248ce_26_09_28-22_08_28/ippo_vs_mlp__edf248ce_26_09_28-22_08_28/scalars/collection_player_1_info_decision_frames.csv,116,a8d703efdf7c93ef34d5743376eb4b6a29df26c20b9f5a5f93cb3731601d8194
training,logs/training/ippo-human-state-v1,logs/training/ippo-human-state-v1/ippo_vs_mlp__edf248ce_26_09_28-22_08_28/ippo_vs_mlp__edf248ce_26_09_28-22_08_28/scalars/collection_player_1_info_episode.csv,159,b1e7ade12dd37f385f9d4723456c0e1bb615442fe8b58b44aead065af5cd2fd9
training,logs/training/ippo-human-state-v1,logs/training/ippo-human-state-v1/ippo_vs_mlp__edf248ce_26_09_28-22_08_28/ippo_vs_mlp__edf248ce_26_09_28-22_08_28/scalars/collection_player_1_info_frame.csv,218,edc844b0e6c34e69053b0cba895fe0717141885c49b75449c9c18d10f53f682f
training,logs/training/ippo-human-state-v1,logs/training/ippo-human-state-v1/ippo_vs_mlp__edf248ce_26_09_28-22_08_28/ippo_vs_mlp__edf248ce_26_09_28-22_08_28/scalars/collection_player_1_info_latency_frames.csv,134,67f19b63bca12c9be0c2f8685ff3fd2dfa9394eaa55c252a5f4a943cc6be919c
training,logs/training/ippo-human-state-v1,logs/training/ippo-human-state-v1/ippo_vs_mlp__edf248ce_26_09_28-22_08_28/ippo_vs_mlp__edf248ce_26_09_28-22_08_28/scalars/collection_player_1_reward_episode_reward_max.csv,37,148891cf5c98ae21880e4811f567a6a9122151bbb68a619378d9f981fa8d1856
training,logs/training/ippo-human-state-v1,logs/training/ippo-human-state-v1/ippo_vs_mlp__edf248ce_26_09_28-22_08_28/ippo_vs_mlp__edf248ce_26_09_28-22_08_28/scalars/collection_player_1_reward_episode_reward_mean.csv,53,c8278c403110238ec2f0c962e6674b33e59ebbd540fe2120966047363afaf8a9
training,logs/training/ippo-human-state-v1,logs/training/ippo-human-state-v1/ippo_vs_mlp__edf248ce_26_09_28-22_08_28/ippo_vs_mlp__edf248ce_26_09_28-22_08_28/scalars/collection_player_1_reward_episode_reward_min.csv,39,9c50d52bce58f597b7fd6b67c5977cc8c1dcf7b665638648f5b0aa4c7ddda8b4
training,logs/training/ippo-human-state-v1,logs/training/ippo-human-state-v1/ippo_vs_mlp__edf248ce_26_09_28-22_08_28/ippo_vs_mlp__edf248ce_26_09_28-22_08_28/scalars/collection_reward_episode_reward_max.csv,35,0bd10d34fd71ef7eb37357d9dc992e2c885b8ca20a44f71b1b47ad59b2271a31
training,logs/training/ippo-human-state-v1,logs/training/ippo-human-state-v1/ippo_vs_mlp__edf248ce_26_09_28-22_08_28/ippo_vs_mlp__edf248ce_26_09_28-22_08_28/scalars/collection_reward_episode_reward_mean.csv,35,0bd10d34fd71ef7eb37357d9dc992e2c885b8ca20a44f71b1b47ad59b2271a31
training,logs/training/ippo-human-state-v1,logs/training/ippo-human-state-v1/ippo_vs_mlp__edf248ce_26_09_28-22_08_28/ippo_vs_mlp__edf248ce_26_09_28-22_08_28/scalars/collection_reward_episode_reward_min.csv,35,0bd10d34fd71ef7eb37357d9dc992e2c885b8ca20a44f71b1b47ad59b2271a31
training,logs/training/ippo-human-state-v1,logs/training/ippo-human-state-v1/ippo_vs_mlp__edf248ce_26_09_28-22_08_28/ippo_vs_mlp__edf248ce_26_09_28-22_08_28/scalars/collection_reward_reward_max.csv,116,04ba0a1cb457d5abfa234b15007592696ebbf58cb737572dfd2d292f994917e2
training,logs/training/ippo-human-state-v1,logs/training/ippo-human-state-v1/ippo_vs_mlp__edf248ce_26_09_28-22_08_28/ippo_vs_mlp__edf248ce_26_09_28-22_08_28/scalars/collection_reward_reward_mean.csv,158,37695dbc8b7f8fc81cc2ad72c86e954e552855966895ca30aa608065f7da973d
training,logs/training/ippo-human-state-v1,logs/training/ippo-human-state-v1/ippo_vs_mlp__edf248ce_26_09_28-22_08_28/ippo_vs_mlp__edf248ce_26_09_28-22_08_28/scalars/collection_reward_reward_min.csv,120,b370d651679d30c1032035557346b7b0226811014dc10a2cf62541a6e4f73ccd
training,logs/training/ippo-human-state-v1,logs/training/ippo-human-state-v1/ippo_vs_mlp__edf248ce_26_09_28-22_08_28/ippo_vs_mlp__edf248ce_26_09_28-22_08_28/scalars/counters_current_frames.csv,170,0c6a0426f0be57b4a9acddb9a5cf8777adfd84aac505bb1c256ad2375d0fbcf3
training,logs/training/ippo-human-state-v1,logs/training/ippo-human-state-v1/ippo_vs_mlp__edf248ce_26_09_28-22_08_28/ippo_vs_mlp__edf248ce_26_09_28-22_08_28/scalars/counters_iter.csv,124,f57c58baf8d13d398001c23b480ffcff428361aeb039767bd2452d1cc3ea5546
training,logs/training/ippo-human-state-v1,logs/training/ippo-human-state-v1/ippo_vs_mlp__edf248ce_26_09_28-22_08_28/ippo_vs_mlp__edf248ce_26_09_28-22_08_28/scalars/counters_total_frames.csv,184,7dd0c1346b269d44ed6c837c7c1fb2436e622cef0efe4cd111effbb6ff193cb3
training,logs/training/ippo-human-state-v1,logs/training/ippo-human-state-v1/ippo_vs_mlp__edf248ce_26_09_28-22_08_28/ippo_vs_mlp__edf248ce_26_09_28-22_08_28/scalars/timers_collection_time.csv,371,42110e56e567424fc8fdd0b95b2da4ba806cbb7a95a0f09584969492e9e62a32
training,logs/training/ippo-human-state-v1,logs/training/ippo-human-state-v1/ippo_vs_mlp__edf248ce_26_09_28-22_08_28/ippo_vs_mlp__edf248ce_26_09_28-22_08_28/scalars/timers_iteration_time.csv,367,f69d3fc080d7ad85d6e7a89753e62f21f9dd32a85c785d35e4077a1c0858c354
training,logs/training/ippo-human-state-v1,logs/training/ippo-human-state-v1/ippo_vs_mlp__edf248ce_26_09_28-22_08_28/ippo_vs_mlp__edf248ce_26_09_28-22_08_28/scalars/timers_total_time.csv,374,f2f162cfdaa8ec86732714613dd7fb5f78ba25124621e7f88b886b100307eb24
training,logs/training/ippo-human-state-v1,logs/training/ippo-human-state-v1/ippo_vs_mlp__edf248ce_26_09_28-22_08_28/ippo_vs_mlp__edf248ce_26_09_28-22_08_28/scalars/timers_training_time.csv,381,b829913721bc69246c8dff1251da7e0b892f0292a36ff13b4db5f6f58dee14c8
training,logs/training/ippo-human-state-v1,logs/training/ippo-human-state-v1/ippo_vs_mlp__edf248ce_26_09_28-22_08_28/ippo_vs_mlp__edf248ce_26_09_28-22_08_28/scalars/train_player_0_ESS.csv,385,ba51409bf69a06a148925bf662ab34751954aff97ae91bac595520cc789c8156
training,logs/training/ippo-human-state-v1,logs/training/ippo-human-state-v1/ippo_vs_mlp__edf248ce_26_09_28-22_08_28/ippo_vs_mlp__edf248ce_26_09_28-22_08_28/scalars/train_player_0_clip_fraction.csv,365,16fc0168e0006f51200149a4eaf8c3794bd33caecd879b83047ba093f6b93c42
training,logs/training/ippo-human-state-v1,logs/training/ippo-human-state-v1/ippo_vs_mlp__edf248ce_26_09_28-22_08_28/ippo_vs_mlp__edf248ce_26_09_28-22_08_28/scalars/train_player_0_entropy.csv,364,c1db629652f8c33a7e526b8946ab50d16d8010fdfb87ba3950a37fc7b34cccc8
training,logs/training/ippo-human-state-v1,logs/training/ippo-human-state-v1/ippo_vs_mlp__edf248ce_26_09_28-22_08_28/ippo_vs_mlp__edf248ce_26_09_28-22_08_28/scalars/train_player_0_explained_variance.csv,388,70bcd68ab19eac92c57fb508a8e22dd912ef3cadd58deb45bdd0551d9e50dd0c
training,logs/training/ippo-human-state-v1,logs/training/ippo-human-state-v1/ippo_vs_mlp__edf248ce_26_09_28-22_08_28/ippo_vs_mlp__edf248ce_26_09_28-22_08_28/scalars/train_player_0_grad_norm_loss_critic.csv,427,6d00ed83216dfda3a7f2d3c3213f969b50c83dc36f77c0598e4db8a2dc5fccbd
training,logs/training/ippo-human-state-v1,logs/training/ippo-human-state-v1/ippo_vs_mlp__edf248ce_26_09_28-22_08_28/ippo_vs_mlp__edf248ce_26_09_28-22_08_28/scalars/train_player_0_grad_norm_loss_objective.csv,432,ad1491eec1a2ed6e1a855f83e3add0366e28d7f2150e4644c77117bf4bf516ed
training,logs/training/ippo-human-state-v1,logs/training/ippo-human-state-v1/ippo_vs_mlp__edf248ce_26_09_28-22_08_28/ippo_vs_mlp__edf248ce_26_09_28-22_08_28/scalars/train_player_0_kl_approx.csv,431,9d17444334016ba2d9bffc972bf6413c8cdc7dd284ce825e8cb1f89821b87f1f
training,logs/training/ippo-human-state-v1,logs/training/ippo-human-state-v1/ippo_vs_mlp__edf248ce_26_09_28-22_08_28/ippo_vs_mlp__edf248ce_26_09_28-22_08_28/scalars/train_player_0_loss_critic.csv,437,be01bc678288adb6e369127bda0342e4d1695c2d3b953bb1eb5f7a97817497f9
training,logs/training/ippo-human-state-v1,logs/training/ippo-human-state-v1/ippo_vs_mlp__edf248ce_26_09_28-22_08_28/ippo_vs_mlp__edf248ce_26_09_28-22_08_28/scalars/train_player_0_loss_entropy.csv,419,f2f2fdb8fec302b18d0b3a6ed7c15242bd816c86641329d4d6f8ee49805e27a7
training,logs/training/ippo-human-state-v1,logs/training/ippo-human-state-v1/ippo_vs_mlp__edf248ce_26_09_28-22_08_28/ippo_vs_mlp__edf248ce_26_09_28-22_08_28/scalars/train_player_0_loss_objective.csv,446,b06ff12f0c8791735fa52bdb81e93e83043aa5aab5a3829fc61eadf0afe10837
training,logs/training/ippo-human-state-v1,logs/training/ippo-human-state-v1/ippo_vs_mlp__edf248ce_26_09_28-22_08_28/ippo_vs_mlp__edf248ce_26_09_28-22_08_28/scalars/train_player_1_ESS.csv,385,2ca34b724f3ecad61d108910d45676ec9ebb9385692a1cbead05f571d2499686
training,logs/training/ippo-human-state-v1,logs/training/ippo-human-state-v1/ippo_vs_mlp__edf248ce_26_09_28-22_08_28/ippo_vs_mlp__edf248ce_26_09_28-22_08_28/scalars/train_player_1_clip_fraction.csv,371,30330e91f64324938f49d6625e7e4e305cecf7a980275f6174ca0f8941f8fa22
training,logs/training/ippo-human-state-v1,logs/training/ippo-human-state-v1/ippo_vs_mlp__edf248ce_26_09_28-22_08_28/ippo_vs_mlp__edf248ce_26_09_28-22_08_28/scalars/train_player_1_entropy.csv,368,6d0a8c57b6dd60217c385df9056954f02c33287d8ad0c912558990850f5555ac
training,logs/training/ippo-human-state-v1,logs/training/ippo-human-state-v1/ippo_vs_mlp__edf248ce_26_09_28-22_08_28/ippo_vs_mlp__edf248ce_26_09_28-22_08_28/scalars/train_player_1_explained_variance.csv,381,c5fa564d9ca8e7f9733a1cb044932cb9df7be7cb33afa33a44f822b46244798f
training,logs/training/ippo-human-state-v1,logs/training/ippo-human-state-v1/ippo_vs_mlp__edf248ce_26_09_28-22_08_28/ippo_vs_mlp__edf248ce_26_09_28-22_08_28/scalars/train_player_1_grad_norm_loss_critic.csv,423,341a506c368fccb15aeccad5909ce76876a673385c748144001475156fe13c92
training,logs/training/ippo-human-state-v1,logs/training/ippo-human-state-v1/ippo_vs_mlp__edf248ce_26_09_28-22_08_28/ippo_vs_mlp__edf248ce_26_09_28-22_08_28/scalars/train_player_1_grad_norm_loss_objective.csv,433,7cd551e159ff9912b001441abf3e6eec1cd7ae1cd94b2226d3e53c7b64ecd7df
training,logs/training/ippo-human-state-v1,logs/training/ippo-human-state-v1/ippo_vs_mlp__edf248ce_26_09_28-22_08_28/ippo_vs_mlp__edf248ce_26_09_28-22_08_28/scalars/train_player_1_kl_approx.csv,430,91c8f8bd673baee913fce4e292071db24793e78bf0d49e693fd0dbfefb850e34
training,logs/training/ippo-human-state-v1,logs/training/ippo-human-state-v1/ippo_vs_mlp__edf248ce_26_09_28-22_08_28/ippo_vs_mlp__edf248ce_26_09_28-22_08_28/scalars/train_player_1_loss_critic.csv,439,328db938da15cbf64b79d39b5e400b1756ebb26144636fa84366c9f566894484
training,logs/training/ippo-human-state-v1,logs/training/ippo-human-state-v1/ippo_vs_mlp__edf248ce_26_09_28-22_08_28/ippo_vs_mlp__edf248ce_26_09_28-22_08_28/scalars/train_player_1_loss_entropy.csv,418,bc14ad05a863867746f93e45a6b3f30c2f5afd515d6c52bf14f5c4d8c96f379c
training,logs/training/ippo-human-state-v1,logs/training/ippo-human-state-v1/ippo_vs_mlp__edf248ce_26_09_28-22_08_28/ippo_vs_mlp__edf248ce_26_09_28-22_08_28/scalars/train_player_1_loss_objective.csv,446,c510be5a8b86d5098d0f196c3928e05a376a8413f41f0e3a91685170b4bc69d6
training,logs/training/ippo-human-state-v1,logs/training/ippo-human-state-v1/result.json,206,56c08f1c990286701258c2e753879e9262f83e9788ddb5b7735065b79e611925
training,logs/training/ippo-human-state-v1,logs/training/ippo-human-state-v1/workers/worker-090d3dc7a9864a448693817c1de1f409.json,8036,f93f1c1f241039de6ebf33524e93678beb511d6a35a383a7f2543e2d5bbdf57b
training,logs/training/ippo-human-state-v1,logs/training/ippo-human-state-v1/workers/worker-35c50cb49978473b8368627a3f9a13bd.json,8036,f93f1c1f241039de6ebf33524e93678beb511d6a35a383a7f2543e2d5bbdf57b
training,logs/training/ippo-human-state-v1,logs/training/ippo-human-state-v1/workers/worker-3ac167c0eb8746e7ad4a6fa9df54c60f.json,8036,f93f1c1f241039de6ebf33524e93678beb511d6a35a383a7f2543e2d5bbdf57b
training,logs/training/ippo-human-state-v1,logs/training/ippo-human-state-v1/workers/worker-40ba053addb447ab8ae9b63c6e35a1aa.json,8036,f93f1c1f241039de6ebf33524e93678beb511d6a35a383a7f2543e2d5bbdf57b
training,logs/training/ippo-human-state-v1,logs/training/ippo-human-state-v1/workers/worker-45f2b839ff54433d92a02af6a2e41ab2.json,8036,42d039911cd39e80806fa8f93e4a144b3d2c88c4ae96a482c9ed42268772c7b3
training,logs/training/ippo-human-state-v1,logs/training/ippo-human-state-v1/workers/worker-618744dd455b4fce851b3ef9bdc04daf.json,8036,f93f1c1f241039de6ebf33524e93678beb511d6a35a383a7f2543e2d5bbdf57b
training,logs/training/ippo-human-state-v1,logs/training/ippo-human-state-v1/workers/worker-6fe998ace46d4f5792f465c2965fa141.json,8036,f93f1c1f241039de6ebf33524e93678beb511d6a35a383a7f2543e2d5bbdf57b
training,logs/training/ippo-human-state-v1,logs/training/ippo-human-state-v1/workers/worker-75e5dcd43d874f3ba30f3bfc9123101e.json,8036,f93f1c1f241039de6ebf33524e93678beb511d6a35a383a7f2543e2d5bbdf57b
training,logs/training/ippo-human-state-v1,logs/training/ippo-human-state-v1/workers/worker-76196cb96ce04df4bc4facbf20b20838.json,8036,f93f1c1f241039de6ebf33524e93678beb511d6a35a383a7f2543e2d5bbdf57b
training,logs/training/ippo-human-state-v1,logs/training/ippo-human-state-v1/workers/worker-8ff63e37761a451eb57dcbc94224c269.json,8036,f93f1c1f241039de6ebf33524e93678beb511d6a35a383a7f2543e2d5bbdf57b
training,logs/training/ippo-human-state-v1,logs/training/ippo-human-state-v1/workers/worker-958d7d7fbff74ffe85053c511e3a83ba.json,8036,f93f1c1f241039de6ebf33524e93678beb511d6a35a383a7f2543e2d5bbdf57b
training,logs/training/ippo-human-state-v1,logs/training/ippo-human-state-v1/workers/worker-b00a1f2b29fd47ed890edf0c01e16939.json,8036,f93f1c1f241039de6ebf33524e93678beb511d6a35a383a7f2543e2d5bbdf57b
training,logs/training/ippo-human-state-v1,logs/training/ippo-human-state-v1/workers/worker-c5490c66ff9f4c3ea12b5bd3172ce54b.json,8036,f93f1c1f241039de6ebf33524e93678beb511d6a35a383a7f2543e2d5bbdf57b
training,logs/training/ippo-human-state-v1,logs/training/ippo-human-state-v1/workers/worker-d08000f1540446d0a06476d07fb68e15.json,8036,f93f1c1f241039de6ebf33524e93678beb511d6a35a383a7f2543e2d5bbdf57b
training,logs/training/ippo-human-state-v1,logs/training/ippo-human-state-v1/workers/worker-e70eec8ba8c34096952ede6e90798cdf.json,8036,42d039911cd39e80806fa8f93e4a144b3d2c88c4ae96a482c9ed42268772c7b3
training,logs/training/ippo-human-state-v1,logs/training/ippo-human-state-v1/workers/worker-ea5ed8f18f24482191b41ad58f5f87dd.json,8036,f93f1c1f241039de6ebf33524e93678beb511d6a35a383a7f2543e2d5bbdf57b
training,logs/training/ippo-human-state-v1,logs/training/ippo-human-state-v1/workers/worker-f418a793f6114a47871f0bff50870860.json,8036,42d039911cd39e80806fa8f93e4a144b3d2c88c4ae96a482c9ed42268772c7b3
training,logs/training/ippo-human-state-v1,logs/training/ippo-human-state-v1/workers/worker-fe685715ce9440dbbff98d722afdb277.json,8036,f93f1c1f241039de6ebf33524e93678beb511d6a35a383a7f2543e2d5bbdf57b
training,logs/training/linux-ppo-human,logs/training/linux-ppo-human/config.yaml,5581,9f395ec7c5f0e77bc4b7a382be556981c79e6d2bf32594e809b25947c96bf441
training,logs/training/linux-ppo-human,logs/training/linux-ppo-human/identity.json,36311,c110fd2e26ac7e6e2c8391511c1f261b6a8374d861a628c24a072300b1ef469f
training,logs/training/linux-ppo-human,logs/training/linux-ppo-human/player_0/progress.json,75521,290b0edb509f8d77d7f1ffa356ac938653b629e5b55f273bdc50106d697a6b74
training,logs/training/linux-ppo-human,logs/training/linux-ppo-human/player_0/scalars/progress.csv,1703,5c1b3e6ec69d4f8d17d2eb949f4cf06dc922e8b604e64c946f08f5f9e362cdfd
training,logs/training/linux-ppo-human,logs/training/linux-ppo-human/player_1/progress.json,80500,7c0965abc5bc8856ebcb0f83513b41682322c0231477897ebb11db1e27ae869c
training,logs/training/linux-ppo-human,logs/training/linux-ppo-human/player_1/scalars/progress.csv,1701,c695de8b6f4e826dbec5fad3b8c13d67c27dee4e74d7ec9063fbe1018bd18b5c
training,logs/training/linux-ppo-human,logs/training/linux-ppo-human/replays/2972881c1cf8430bafdf8bb4b1168d34/episode-00000001-slot-9.json,194,75eb35d45098e50764c6e9d4f15c79ca653ed7cb24a9c8e02b31725adf837f51
training,logs/training/linux-ppo-human,logs/training/linux-ppo-human/replays/2972881c1cf8430bafdf8bb4b1168d34/episode-00000002-slot-13.json,196,d31eb5fcbe03ad24f783de7f9d9029ea8045f60d68a31a3166c3606d3537af77
training,logs/training/linux-ppo-human,logs/training/linux-ppo-human/replays/2972881c1cf8430bafdf8bb4b1168d34/episode-00000003-slot-6.json,194,38ecb6a888a7b6bc96c739c7f74e68a314b16b3f96085d87d873ded3e1104385
training,logs/training/linux-ppo-human,logs/training/linux-ppo-human/replays/2972881c1cf8430bafdf8bb4b1168d34/episode-00000004-slot-4.json,194,eee80f7a8cc78115ebf60a3271e469b70b3c23061c8f109d590d500df1aa840e
training,logs/training/linux-ppo-human,logs/training/linux-ppo-human/replays/2972881c1cf8430bafdf8bb4b1168d34/episode-00000005-slot-1.json,194,39b293aa2aa8932c1faaa413b5bf296c76700de4273208b523bb2c3af044d0d1
training,logs/training/linux-ppo-human,logs/training/linux-ppo-human/replays/2972881c1cf8430bafdf8bb4b1168d34/episode-00000006-slot-10.json,196,70a897396ebbf60488a2dd6489be0e5380e9ecbd187d7aa2224872dcbce17298
training,logs/training/linux-ppo-human,logs/training/linux-ppo-human/replays/2972881c1cf8430bafdf8bb4b1168d34/episode-00000007-slot-7.json,194,d04d5faf9bac7c5c29521444d606c79e3dba9406694a129a2113a4afe92f7d8c
training,logs/training/linux-ppo-human,logs/training/linux-ppo-human/replays/2972881c1cf8430bafdf8bb4b1168d34/episode-00000008-slot-5.json,194,83ae3aa04aeee6508c098f795dde01476a3f3f1f028e91b0aee2b52cb90d28c3
training,logs/training/linux-ppo-human,logs/training/linux-ppo-human/replays/2972881c1cf8430bafdf8bb4b1168d34/episode-00000009-slot-12.json,196,fb42dddf47dbe55ae0dd51a65bf00d540334d76167209245565379e831aedfa0
training,logs/training/linux-ppo-human,logs/training/linux-ppo-human/replays/2972881c1cf8430bafdf8bb4b1168d34/episode-00000010-slot-2.json,194,05e6b3a4a3334315442dc8ff9b42b0ce9d6e4c145fecafd8c06a01b892be70f7
training,logs/training/linux-ppo-human,logs/training/linux-ppo-human/replays/2972881c1cf8430bafdf8bb4b1168d34/episode-00000011-slot-15.json,196,a12936d0ed777c71cf2eced61466bc32bc16ff00c93d8c550b0777c748feba6f
training,logs/training/linux-ppo-human,logs/training/linux-ppo-human/replays/2972881c1cf8430bafdf8bb4b1168d34/episode-00000012-slot-0.json,194,6ac0a4699380c3eaaacb904ad52dc452c94e5d7deb8d86e9a4a6ff7ab72353da
training,logs/training/linux-ppo-human,logs/training/linux-ppo-human/replays/2972881c1cf8430bafdf8bb4b1168d34/episode-00000013-slot-14.json,196,1cd76c8cec2a4fdadb9eef4e5a5a6d259fa40c3c1b2898a798b9bdac15fc6964
training,logs/training/linux-ppo-human,logs/training/linux-ppo-human/replays/2972881c1cf8430bafdf8bb4b1168d34/episode-00000014-slot-11.json,196,26cf031c4f7abcaf557aa442781180ab3e46b3880be79d7565f5e255e9f69dad
training,logs/training/linux-ppo-human,logs/training/linux-ppo-human/replays/2972881c1cf8430bafdf8bb4b1168d34/episode-00000015-slot-3.json,194,13dd51f14c84d8f906576a8b30e8be4335ec39f5f2f561d6c33ebca65afc2b53
training,logs/training/linux-ppo-human,logs/training/linux-ppo-human/replays/2972881c1cf8430bafdf8bb4b1168d34/episode-00000016-slot-8.json,194,37d7e0bb4a61ecf4e092c83e93153ab3d35764576b4d5abe475b6e06c7c91161
training,logs/training/linux-ppo-human,logs/training/linux-ppo-human/replays/2972881c1cf8430bafdf8bb4b1168d34/episode-00000017-slot-9.json,200,796ac6bd879a91575b1476d3198aa6fe1ec543e8bc9b9aee1d8985841b280be1
training,logs/training/linux-ppo-human,logs/training/linux-ppo-human/replays/2972881c1cf8430bafdf8bb4b1168d34/episode-00000018-slot-1.json,200,86efd976937982f0798b31ff83e3b58baa4f436f82e43e98c35d29241af82d79
training,logs/training/linux-ppo-human,logs/training/linux-ppo-human/replays/2972881c1cf8430bafdf8bb4b1168d34/episode-00000019-slot-7.json,199,2707b7f9945e2a758a108049fda1083359979a2272eec1a333ae1d71e29d0568
training,logs/training/linux-ppo-human,logs/training/linux-ppo-human/replays/2972881c1cf8430bafdf8bb4b1168d34/episode-00000020-slot-6.json,199,6910d22bd78e3a5905ed51164d00646d0db688d7ccda86935e89e2be1c36cc0b
training,logs/training/linux-ppo-human,logs/training/linux-ppo-human/replays/2972881c1cf8430bafdf8bb4b1168d34/episode-00000021-slot-10.json,202,e6534c236c04aac1063fa57b9bb92040622e169b856f31d9a5d2279ba2c2f390
training,logs/training/linux-ppo-human,logs/training/linux-ppo-human/replays/2972881c1cf8430bafdf8bb4b1168d34/episode-00000022-slot-13.json,201,eabacf5cc25d7af18e1fb1db80483422c45963463d502780ce6e021f44969652
training,logs/training/linux-ppo-human,logs/training/linux-ppo-human/replays/2972881c1cf8430bafdf8bb4b1168d34/episode-00000023-slot-4.json,199,4ce57736a35321844921b0d97928c35d7ad4b74b45bdb423b77c6a2f29a1bc2e
training,logs/training/linux-ppo-human,logs/training/linux-ppo-human/replays/2972881c1cf8430bafdf8bb4b1168d34/episode-00000024-slot-5.json,200,0d0102145f58e8ebc39dcf51310b6e30a6c71274039f1c345e839184e17da30e
training,logs/training/linux-ppo-human,logs/training/linux-ppo-human/replays/2972881c1cf8430bafdf8bb4b1168d34/episode-00000025-slot-15.json,202,3675ccb4e7c5e82fc3f0882c5b1eb6cb447602dc398f939f24093b55ebcd3afd
training,logs/training/linux-ppo-human,logs/training/linux-ppo-human/replays/2972881c1cf8430bafdf8bb4b1168d34/episode-00000026-slot-12.json,201,e2693f66dddae9af61b4abb826197c0ca5ab4c1e1db92f64e3d91fe0f702eb60
training,logs/training/linux-ppo-human,logs/training/linux-ppo-human/replays/2972881c1cf8430bafdf8bb4b1168d34/episode-00000027-slot-14.json,202,8f760ba9eb9ec7fdea0f14d27025332dfc5ec3f6996ea0296c29b1a9dc2dc757
training,logs/training/linux-ppo-human,logs/training/linux-ppo-human/replays/2972881c1cf8430bafdf8bb4b1168d34/episode-00000028-slot-2.json,200,fc81e6db4b8a8cfbf4576053e0ab474ea5d380f9c46a10da71de210e9ab7d21a
training,logs/training/linux-ppo-human,logs/training/linux-ppo-human/replays/2972881c1cf8430bafdf8bb4b1168d34/episode-00000029-slot-8.json,200,57278996d72ef808280931c6cf3c38eadfce9f153caa053ef6fe7f4c41e2c38a
training,logs/training/linux-ppo-human,logs/training/linux-ppo-human/replays/2972881c1cf8430bafdf8bb4b1168d34/episode-00000030-slot-0.json,200,be7b31730566e1e7f90dc393a991e4593c33c707642c819bbf1c820083526766
training,logs/training/linux-ppo-human,logs/training/linux-ppo-human/replays/2972881c1cf8430bafdf8bb4b1168d34/episode-00000031-slot-3.json,199,2f17a149e8b7be8d75990304d10bd197fa568aa6bd8086bcc3158a7640c25a86
training,logs/training/linux-ppo-human,logs/training/linux-ppo-human/replays/2972881c1cf8430bafdf8bb4b1168d34/episode-00000032-slot-11.json,201,0ac19eb3e5c75fca9aa9b94ca8b3641a89ce08d90d8fd05648eebb1e029aaf86
training,logs/training/linux-ppo-human,logs/training/linux-ppo-human/replays/2972881c1cf8430bafdf8bb4b1168d34/episode-00000033-slot-7.json,200,6b05a13a64d55d48f623a989887ee2737fff71bc7f2a801e05984e03ced2476f
training,logs/training/linux-ppo-human,logs/training/linux-ppo-human/replays/2972881c1cf8430bafdf8bb4b1168d34/episode-00000034-slot-10.json,202,4e91864fdd2071a01c53d7ce68727ffa7799751b95beaa153e10392ba5bfc5ba
training,logs/training/linux-ppo-human,logs/training/linux-ppo-human/replays/2972881c1cf8430bafdf8bb4b1168d34/episode-00000035-slot-9.json,200,6150698d37cd54e0cdc8391334b4c42b07042c63cbfcbd88efb90bf0b0018f0a
training,logs/training/linux-ppo-human,logs/training/linux-ppo-human/replays/2972881c1cf8430bafdf8bb4b1168d34/episode-00000036-slot-6.json,200,9948ccf980b6933cccf8c4dccca77e1ed67cb05bec8ade839d5f592510783c67
training,logs/training/linux-ppo-human,logs/training/linux-ppo-human/replays/2972881c1cf8430bafdf8bb4b1168d34/episode-00000037-slot-13.json,202,606bf5e2724641a8c3877d499cdbe9706c2e9546b89a1707ed8553c2fa127e44
training,logs/training/linux-ppo-human,logs/training/linux-ppo-human/replays/2972881c1cf8430bafdf8bb4b1168d34/episode-00000038-slot-4.json,200,2058863c1395cae2c94ed73645180b90354362cba650935e7c6809f67ad9a45a
training,logs/training/linux-ppo-human,logs/training/linux-ppo-human/replays/2972881c1cf8430bafdf8bb4b1168d34/episode-00000039-slot-1.json,199,0e4b85399b18e0b14f5766b3795a5423c01fe0d9a7a04cf444f133ea2dd4a2cf
training,logs/training/linux-ppo-human,logs/training/linux-ppo-human/replays/2972881c1cf8430bafdf8bb4b1168d34/episode-00000040-slot-5.json,200,c3c4437bc6dd47b5a358de735906231b851978c54e55d856d4159a50b33d23f9
training,logs/training/linux-ppo-human,logs/training/linux-ppo-human/replays/2972881c1cf8430bafdf8bb4b1168d34/episode-00000041-slot-12.json,201,73564142c5b31219bb8845e5fdf21b823a98c529a789e9679ba2b06946d178d8
training,logs/training/linux-ppo-human,logs/training/linux-ppo-human/replays/2972881c1cf8430bafdf8bb4b1168d34/episode-00000042-slot-2.json,200,5466ce54f9248757ea26af17f6e89564fbb25631c9ca3b1f085cdec57510c9e0
training,logs/training/linux-ppo-human,logs/training/linux-ppo-human/replays/2972881c1cf8430bafdf8bb4b1168d34/episode-00000043-slot-15.json,202,03abf367850156df035d7e561291df53fe38f9085d9d9ce49dddae3947118fd4
training,logs/training/linux-ppo-human,logs/training/linux-ppo-human/replays/2972881c1cf8430bafdf8bb4b1168d34/episode-00000044-slot-3.json,200,eb1a85b1f6837da784e455fe1c60761cc3862730c14f00f91f2c1eb3448e4c2c
training,logs/training/linux-ppo-human,logs/training/linux-ppo-human/replays/2972881c1cf8430bafdf8bb4b1168d34/episode-00000045-slot-10.json,202,d5fa251e4068141d2ac6af098f24953bbec57ca09b4379da258548c170f13f74
training,logs/training/linux-ppo-human,logs/training/linux-ppo-human/replays/2972881c1cf8430bafdf8bb4b1168d34/episode-00000046-slot-0.json,200,c4984bdc8c46d1b113201fb0d0d4cc5a1ef5fac61b12df148d5cb4668cf3b0b3
training,logs/training/linux-ppo-human,logs/training/linux-ppo-human/replays/2972881c1cf8430bafdf8bb4b1168d34/episode-00000047-slot-14.json,202,fa4f13ae5c449369753cae41d55fa0d18ceae931978c4d5c6a14d8c6491e66d6
training,logs/training/linux-ppo-human,logs/training/linux-ppo-human/replays/2972881c1cf8430bafdf8bb4b1168d34/episode-00000048-slot-13.json,202,c501707c548cf1d78709e8c107865946bcea4580996c50483f3445d0220be3cf
training,logs/training/linux-ppo-human,logs/training/linux-ppo-human/replays/2972881c1cf8430bafdf8bb4b1168d34/episode-00000049-slot-9.json,200,b7a9037c4652f11a3daa3bcb68ec5e1eef196596f982456e82f18ad97378e876
training,logs/training/linux-ppo-human,logs/training/linux-ppo-human/replays/2972881c1cf8430bafdf8bb4b1168d34/episode-00000050-slot-6.json,200,d0455ec6d747bcf1dde78a418ff7bd7e13827af29dcdbcf6711fca5b10d3cb7d
training,logs/training/linux-ppo-human,logs/training/linux-ppo-human/replays/2972881c1cf8430bafdf8bb4b1168d34/episode-00000051-slot-12.json,202,be0fd8c63bef0ac274d20008dce6c087df89bcfe4a523650731793a2d3aa3b5b
training,logs/training/linux-ppo-human,logs/training/linux-ppo-human/replays/2972881c1cf8430bafdf8bb4b1168d34/episode-00000052-slot-8.json,204,3535f912f2b06233983c93de00037db0e3f7b01e9090e9dfe7ef3dbcd36a64da
training,logs/training/linux-ppo-human,logs/training/linux-ppo-human/replays/2972881c1cf8430bafdf8bb4b1168d34/episode-00000053-slot-11.json,202,c83dbeae2b7e1c804d35ea5230a91f925b7a3fa9d3e7a6d4ca69d75b451b26a5
training,logs/training/linux-ppo-human,logs/training/linux-ppo-human/replays/2972881c1cf8430bafdf8bb4b1168d34/episode-00000054-slot-5.json,200,be65adc6cd90302f1029aaa5833d70b14bb119833206e06432d56a87d6a9a0be
training,logs/training/linux-ppo-human,logs/training/linux-ppo-human/replays/2972881c1cf8430bafdf8bb4b1168d34/episode-00000055-slot-7.json,204,d3fd9ef16d8dbb85591a18a10dfea5ec4babeddbf365b70eea51ab8d0f6b5f87
training,logs/training/linux-ppo-human,logs/training/linux-ppo-human/replays/2972881c1cf8430bafdf8bb4b1168d34/episode-00000056-slot-3.json,200,7337b0718249516497d966d439f6bc3b2e600c4e9bb9d743dcdec050f553773f
training,logs/training/linux-ppo-human,logs/training/linux-ppo-human/replays/2972881c1cf8430bafdf8bb4b1168d34/episode-00000057-slot-4.json,200,d6902eabeed447a1a576ea52f25a380462b01aeb11ebab8b3d2fa6a35e29a042
training,logs/training/linux-ppo-human,logs/training/linux-ppo-human/replays/2972881c1cf8430bafdf8bb4b1168d34/episode-00000058-slot-1.json,200,e1a15d99524c1f99cfb9563b4d2b2930c6e8a8787551e15839c8fcc84010c756
training,logs/training/linux-ppo-human,logs/training/linux-ppo-human/replays/2972881c1cf8430bafdf8bb4b1168d34/episode-00000059-slot-10.json,202,38ce88f790bf11b41aeda22df1b55a61698d4109648967b6b9d520b22f423e8a
training,logs/training/linux-ppo-human,logs/training/linux-ppo-human/replays/2972881c1cf8430bafdf8bb4b1168d34/episode-00000060-slot-13.json,202,7bddc2bfe79ad7e1d10279499752bdec7da4e2f06c5e8cefcd634180380a7900
training,logs/training/linux-ppo-human,logs/training/linux-ppo-human/replays/2972881c1cf8430bafdf8bb4b1168d34/episode-00000061-slot-14.json,202,8d638c0a7acc5917472927f1b638c5a7e814e811b23e23851b9b68bdf681840c
training,logs/training/linux-ppo-human,logs/training/linux-ppo-human/replays/2972881c1cf8430bafdf8bb4b1168d34/episode-00000062-slot-0.json,200,6dea1f6d5fed1e7162aadf3f8a6e4a4d60b43723dc6b72e7c9662aac84f791de
training,logs/training/linux-ppo-human,logs/training/linux-ppo-human/replays/2972881c1cf8430bafdf8bb4b1168d34/episode-00000063-slot-2.json,200,cd814726c3d248c25483e4793fd9b58fc787c175fe4e67cc3668e8ec9b4dcc20
training,logs/training/linux-ppo-human,logs/training/linux-ppo-human/replays/2972881c1cf8430bafdf8bb4b1168d34/episode-00000064-slot-6.json,199,251a3c389523d960fb0ff8a74b45dd4a545bdabefbf4f38041da794d280c8b43
training,logs/training/linux-ppo-human,logs/training/linux-ppo-human/replays/2972881c1cf8430bafdf8bb4b1168d34/episode-00000065-slot-9.json,200,c6c052da3eff112ae0250ffed81d523a373f44daa3f3be3e0dc51a20ddbd6211
training,logs/training/linux-ppo-human,logs/training/linux-ppo-human/replays/2972881c1cf8430bafdf8bb4b1168d34/episode-00000066-slot-8.json,200,cc2bb272ba92e9d2b3907ceec0b579f44a96fb16b948417608b466d32648ee4a
training,logs/training/linux-ppo-human,logs/training/linux-ppo-human/replays/2972881c1cf8430bafdf8bb4b1168d34/episode-00000067-slot-11.json,202,250992b3b6eacd1fa3cae722a7e2159dc6d7c1dd12e7cd203ea1987e26afd47f
training,logs/training/linux-ppo-human,logs/training/linux-ppo-human/replays/2972881c1cf8430bafdf8bb4b1168d34/episode-00000068-slot-15.json,205,83c268625755c7cbc842768cf0cb045cca612287817fab09cc906ab450a447fb
training,logs/training/linux-ppo-human,logs/training/linux-ppo-human/replays/2972881c1cf8430bafdf8bb4b1168d34/episode-00000069-slot-12.json,202,6bf468abe48aa4c45fd774b7c94017daa0444f2bd5291353bce84cf937d96bdb
training,logs/training/linux-ppo-human,logs/training/linux-ppo-human/replays/2972881c1cf8430bafdf8bb4b1168d34/episode-00000070-slot-5.json,200,6ccdf8ac9fcd94c6010887778be81423707017295b3b63448b2e820e138748f8
training,logs/training/linux-ppo-human,logs/training/linux-ppo-human/replays/2972881c1cf8430bafdf8bb4b1168d34/episode-00000071-slot-4.json,200,e31d2eab814525ff3da64d7882a03ab33e67764fc970986c9d50bed543d7a5c8
training,logs/training/linux-ppo-human,logs/training/linux-ppo-human/replays/2972881c1cf8430bafdf8bb4b1168d34/episode-00000072-slot-13.json,202,8978c08a869e2030ad30fd6e31102db0eb7d7a3d51a19b3ad4b34362f0178a02
training,logs/training/linux-ppo-human,logs/training/linux-ppo-human/replays/2972881c1cf8430bafdf8bb4b1168d34/episode-00000073-slot-1.json,198,c809e57681b3476ffc603672cd839b0050d3d2897bdb905ec32b2634a0e5ad25
training,logs/training/linux-ppo-human,logs/training/linux-ppo-human/replays/2972881c1cf8430bafdf8bb4b1168d34/episode-00000074-slot-14.json,202,cd6a7210a6e38287054834343d36ff1c10d9aa24bb828cd2d7778996f4c438d0
training,logs/training/linux-ppo-human,logs/training/linux-ppo-human/replays/2972881c1cf8430bafdf8bb4b1168d34/episode-00000075-slot-0.json,198,02c404e4e3c9bbb3419b1a8bedc9a5b1818f1cc29b8c9d1007e4019dcd77abf4
training,logs/training/linux-ppo-human,logs/training/linux-ppo-human/replays/2972881c1cf8430bafdf8bb4b1168d34/episode-00000076-slot-3.json,199,be55c3ccc8cffd651895c5d2bd7ed56f38eb5ea915b11e5e17456a08032b6e69
training,logs/training/linux-ppo-human,logs/training/linux-ppo-human/replays/2972881c1cf8430bafdf8bb4b1168d34/episode-00000077-slot-10.json,202,5908460a857ec7318c81082791d6eeb72ffccf9fee471eecaa0b9d3426de5194
training,logs/training/linux-ppo-human,logs/training/linux-ppo-human/replays/2972881c1cf8430bafdf8bb4b1168d34/episode-00000078-slot-6.json,199,0e4a0be5e3db8cbff3dbc491b7ac63dd99357edf89b78e5b00e16354053e6707
training,logs/training/linux-ppo-human,logs/training/linux-ppo-human/replays/2972881c1cf8430bafdf8bb4b1168d34/episode-00000079-slot-7.json,200,339c6bed17eb11dd994b837d8671d53e17b285013e2fe760de83924a8e12249b
training,logs/training/linux-ppo-human,logs/training/linux-ppo-human/replays/2972881c1cf8430bafdf8bb4b1168d34/episode-00000080-slot-5.json,200,d4499541b3c2c036c38893a22b4ea96361897c99c981e6145cbe2201287952e9
training,logs/training/linux-ppo-human,logs/training/linux-ppo-human/replays/2972881c1cf8430bafdf8bb4b1168d34/episode-00000081-slot-12.json,202,9b5e394f6dacbec0ba0e4f686b770d137039babb4321e9d7a9f9ddef5e48afa6
training,logs/training/linux-ppo-human,logs/training/linux-ppo-human/replays/2972881c1cf8430bafdf8bb4b1168d34/episode-00000082-slot-2.json,200,0c35f1addaf56ec4af04e757777cdcbeda5b78019d7390a776456a992d5924ad
training,logs/training/linux-ppo-human,logs/training/linux-ppo-human/replays/2972881c1cf8430bafdf8bb4b1168d34/episode-00000083-slot-15.json,202,9380eac5e4adee01cd60cfe733c3bc87105a4340d90faf5ca33e9b6dda5dd9ed
training,logs/training/linux-ppo-human,logs/training/linux-ppo-human/replays/2972881c1cf8430bafdf8bb4b1168d34/episode-00000084-slot-11.json,202,36a322317b2e6a7bec0551ab1ac6d34802af7c6614552fd54c63b0333230bad2
training,logs/training/linux-ppo-human,logs/training/linux-ppo-human/replays/2972881c1cf8430bafdf8bb4b1168d34/episode-00000085-slot-8.json,199,cf24f83e9405f5d7fdde183d220669e578f46dd63037243623a70ed44466bc98
training,logs/training/linux-ppo-human,logs/training/linux-ppo-human/replays/2972881c1cf8430bafdf8bb4b1168d34/episode-00000086-slot-4.json,200,730f21d9d8edd636a7c166a11f15fcf1453e442504036827cd91aecbf77b63b2
training,logs/training/linux-ppo-human,logs/training/linux-ppo-human/replays/2972881c1cf8430bafdf8bb4b1168d34/episode-00000087-slot-5.json,200,bd666f4668a1c8e499c9163944f7fe3ae0ccb96a52136c2c9516061dfeb0b457
training,logs/training/linux-ppo-human,logs/training/linux-ppo-human/replays/2972881c1cf8430bafdf8bb4b1168d34/episode-00000088-slot-9.json,199,e137541dbbc11cde2707bc8faab1d64c46d7dbd6281dfd4862122e02a5db382b
training,logs/training/linux-ppo-human,logs/training/linux-ppo-human/replays/2972881c1cf8430bafdf8bb4b1168d34/episode-00000089-slot-14.json,202,745f44ac90dd7e11c2f21571d3f8efd9ce8d36a0d35fec383dd9805a9205fa24
training,logs/training/linux-ppo-human,logs/training/linux-ppo-human/replays/2972881c1cf8430bafdf8bb4b1168d34/episode-00000090-slot-7.json,200,010eb7a8e4f1bdeeaaeda1086554132068d62d68b92100104f0c392a29be198b
training,logs/training/linux-ppo-human,logs/training/linux-ppo-human/replays/2972881c1cf8430bafdf8bb4b1168d34/episode-00000091-slot-3.json,200,b702c09d0a6599623b126084f5a65ece49c1b6592a452e30a87d3886a37dfb69
training,logs/training/linux-ppo-human,logs/training/linux-ppo-human/replays/2972881c1cf8430bafdf8bb4b1168d34/episode-00000092-slot-1.json,200,ec931b8fcdc69d3329a83346113c92fd6cc706f6133a1d57b88a01c2ffa8c601
training,logs/training/linux-ppo-human,logs/training/linux-ppo-human/replays/2972881c1cf8430bafdf8bb4b1168d34/episode-00000093-slot-8.json,200,6a0a9dbdf835d4ffd820fdfcca77765142099aa1ad3fd3d4e2ef04c1a9bd38fb
training,logs/training/linux-ppo-human,logs/training/linux-ppo-human/replays/2972881c1cf8430bafdf8bb4b1168d34/episode-00000094-slot-15.json,202,6f20191dc0cee7ce2da2f3f268a1b67ce426fed453dd9be23ae2977a2e1b1851
training,logs/training/linux-ppo-human,logs/training/linux-ppo-human/replays/2972881c1cf8430bafdf8bb4b1168d34/episode-00000095-slot-2.json,199,61a9b5476a29c8103b3a09d827db966ac1afea3af728091c5a3c067fbb7bf980
training,logs/training/linux-ppo-human,logs/training/linux-ppo-human/replays/2972881c1cf8430bafdf8bb4b1168d34/episode-00000096-slot-10.json,201,2a87b3b366c032f967e900e40fbe1f72921acb79b5d6cd1548a35e24a3e93c3f
training,logs/training/linux-ppo-human,logs/training/linux-ppo-human/replays/2972881c1cf8430bafdf8bb4b1168d34/episode-00000097-slot-12.json,201,616dc93851c11196fe8617ddab259ec23dfc390c2e060f7ef2968a9c05a2ad72
training,logs/training/linux-ppo-human,logs/training/linux-ppo-human/replays/2972881c1cf8430bafdf8bb4b1168d34/episode-00000098-slot-5.json,198,2d6affb049bee667881f9b4020c034b3a07973e9d83b7bf6e5f29103ca739101
training,logs/training/linux-ppo-human,logs/training/linux-ppo-human/replays/2972881c1cf8430bafdf8bb4b1168d34/episode-00000099-slot-13.json,206,2fc5167b462ed4284f6d1ede3da8cb3be0d95b5beeea1f97b1e3913155edee04
training,logs/training/linux-ppo-human,logs/training/linux-ppo-human/replays/2972881c1cf8430bafdf8bb4b1168d34/episode-00000100-slot-0.json,204,dfd1a3857684d7fed84a72398cd8d9ff06f4df195fac0263517519bd96fe44c8
training,logs/training/linux-ppo-human,logs/training/linux-ppo-human/replays/2972881c1cf8430bafdf8bb4b1168d34/episode-00000101-slot-14.json,202,58b6f5e5cc16a520d173b951673a72d4e22eae373368bdfc804641ada7075b34
training,logs/training/linux-ppo-human,logs/training/linux-ppo-human/replays/2972881c1cf8430bafdf8bb4b1168d34/episode-00000102-slot-6.json,204,8c8dfa5689b4fa0c8efba75b786eb365c2abf13cf00f2f7228f724cb1ee09c8c
training,logs/training/linux-ppo-human,logs/training/linux-ppo-human/replays/2972881c1cf8430bafdf8bb4b1168d34/episode-00000103-slot-11.json,201,3238c734d3ab7871a75ea13c25e62f1f37f6d7ce1dc24629646b376d65230067
training,logs/training/linux-ppo-human,logs/training/linux-ppo-human/replays/2972881c1cf8430bafdf8bb4b1168d34/episode-00000104-slot-7.json,200,687e2062cb5d112c4ab886dab78bab0e878ce2aad98a74fee40407fa3cab7d0c
training,logs/training/linux-ppo-human,logs/training/linux-ppo-human/replays/2972881c1cf8430bafdf8bb4b1168d34/episode-00000105-slot-3.json,198,a9938fb0c9b205724e9d96c1d11e6c10a01ef8014a83a9f1610e1b0fc4eaa57f
training,logs/training/linux-ppo-human,logs/training/linux-ppo-human/replays/2972881c1cf8430bafdf8bb4b1168d34/episode-00000106-slot-8.json,200,a5eaf0ba5d1ecac8e3fc2b93ba2507d6204284101293d16d09f844acd8e2cc01
training,logs/training/linux-ppo-human,logs/training/linux-ppo-human/replays/2972881c1cf8430bafdf8bb4b1168d34/episode-00000107-slot-4.json,204,edc22afbaf89ee0238fdc12f39ccb67e83f74a312ca01a914f6a02eb75b4c8e8
training,logs/training/linux-ppo-human,logs/training/linux-ppo-human/replays/2972881c1cf8430bafdf8bb4b1168d34/episode-00000108-slot-9.json,200,30c3d0a277a2d4d1ceee822c494696b827ccb0177b6acc1bb92b42c24b50ea88
training,logs/training/linux-ppo-human,logs/training/linux-ppo-human/replays/2972881c1cf8430bafdf8bb4b1168d34/episode-00000109-slot-2.json,200,2bf5464e08845547a727b1f9d001d8a66cc908887a9d065f4658aa0fb2d22f1c
training,logs/training/linux-ppo-human,logs/training/linux-ppo-human/replays/2972881c1cf8430bafdf8bb4b1168d34/episode-00000110-slot-1.json,200,aa263c5050d40166283b329aed19e3438016f722e0117d82972d6741e6a6a0f1
training,logs/training/linux-ppo-human,logs/training/linux-ppo-human/replays/2972881c1cf8430bafdf8bb4b1168d34/episode-00000111-slot-5.json,200,72c8b53b7b63c1c0cb746aac1ff2061460b1996b56c3bfdf899e6e066a216d2c
training,logs/training/linux-ppo-human,logs/training/linux-ppo-human/replays/2972881c1cf8430bafdf8bb4b1168d34/episode-00000112-slot-6.json,200,ab6211525eac2cbed36a8ba1fa12d9cfe3c7875723e63096d25c9d5bde9cbfba
training,logs/training/linux-ppo-human,logs/training/linux-ppo-human/replays/2972881c1cf8430bafdf8bb4b1168d34/episode-00000113-slot-15.json,201,2c1ddf88b0605f57914aa62af091ff3d8c950bf05b9eb8239805a1966bfcc522
training,logs/training/linux-ppo-human,logs/training/linux-ppo-human/replays/2972881c1cf8430bafdf8bb4b1168d34/episode-00000114-slot-12.json,202,abe41eeac3506a7cf431e4e3242495a6861333ef83e53ed23daaa7f85ba0e6d1
training,logs/training/linux-ppo-human,logs/training/linux-ppo-human/replays/2972881c1cf8430bafdf8bb4b1168d34/episode-00000115-slot-10.json,201,75d201623c87e92435d4f194bd4a89cfc7e8f28c3c238894f3c73db321a46d7b
training,logs/training/linux-ppo-human,logs/training/linux-ppo-human/replays/2972881c1cf8430bafdf8bb4b1168d34/episode-00000116-slot-7.json,199,9059a30860ec51096bd748ecd43d0d140524a7dfc41118fd1297c4b8f27a3fdf
training,logs/training/linux-ppo-human,logs/training/linux-ppo-human/replays/2972881c1cf8430bafdf8bb4b1168d34/episode-00000117-slot-11.json,202,0d29412dba2ce1f22222a5de1e9423eb1ec4dde3adf1aa95121b16b69133c837
training,logs/training/linux-ppo-human,logs/training/linux-ppo-human/replays/2972881c1cf8430bafdf8bb4b1168d34/episode-00000118-slot-13.json,202,73b50179b29641d1663cc8e61c37305a7a6951785eea4681956f1c30832d652a
training,logs/training/linux-ppo-human,logs/training/linux-ppo-human/replays/2972881c1cf8430bafdf8bb4b1168d34/episode-00000119-slot-5.json,200,3cd0cdd42402f9f4ba2b22e01cbb32d8845e622ea097a6d406f40ccc9163e5e4
training,logs/training/linux-ppo-human,logs/training/linux-ppo-human/replays/2972881c1cf8430bafdf8bb4b1168d34/episode-00000120-slot-12.json,202,0749ae4cd3fc0e1ccbf7a96772859d2ef44d67e1d14859b46f56e06bfb91190c
training,logs/training/linux-ppo-human,logs/training/linux-ppo-human/replays/2972881c1cf8430bafdf8bb4b1168d34/episode-00000121-slot-0.json,203,ad8edeb7e9c5cdbd5fbb108dc8054364ecc3a4f30875b6f22724088c4e9226a6
training,logs/training/linux-ppo-human,logs/training/linux-ppo-human/replays/2972881c1cf8430bafdf8bb4b1168d34/episode-00000122-slot-15.json,202,9baf67c2539f382d5808c3e02840e18e175293e132790d6ce603798825590e75
training,logs/training/linux-ppo-human,logs/training/linux-ppo-human/replays/2972881c1cf8430bafdf8bb4b1168d34/episode-00000123-slot-8.json,200,3178171935870b5dbab1cdc3dfaed28b4f702afd0ecd499310347f17fc814900
training,logs/training/linux-ppo-human,logs/training/linux-ppo-human/replays/2972881c1cf8430bafdf8bb4b1168d34/episode-00000124-slot-1.json,200,cc21055a832c8a7d583a31c6984c21b3188bac2afdd8b8ba9c3de0ef7ff4ddd4
training,logs/training/linux-ppo-human,logs/training/linux-ppo-human/replays/2972881c1cf8430bafdf8bb4b1168d34/episode-00000125-slot-14.json,206,3b48fa5e750f3636d7c24b8cf6d6581721337609c7ac3bafb8a26a7d86043eac
training,logs/training/linux-ppo-human,logs/training/linux-ppo-human/replays/2972881c1cf8430bafdf8bb4b1168d34/episode-00000126-slot-6.json,200,8c5b93c84e3a7e68c3b54f1d0e91f8a43b5c75dba9628cd5773c67b17d3bca2a
training,logs/training/linux-ppo-human,logs/training/linux-ppo-human/replays/2972881c1cf8430bafdf8bb4b1168d34/episode-00000127-slot-2.json,200,2a5b7cd3590bad0d9180ed9d84ad4b522c387c52e051e341056c2e5b2bdcc4f9
training,logs/training/linux-ppo-human,logs/training/linux-ppo-human/replays/2972881c1cf8430bafdf8bb4b1168d34/episode-00000128-slot-7.json,200,cc0fbf5688e3c04da097e5f82ba9d11f8fce2f0b4b2c97fd0697ef4df68013fb
training,logs/training/linux-ppo-human,logs/training/linux-ppo-human/replays/2972881c1cf8430bafdf8bb4b1168d34/episode-00000129-slot-5.json,200,0b5a341ec4149de71ca9b91efd46601c126f39f060400b04102fcd9c39c26daf
training,logs/training/linux-ppo-human,logs/training/linux-ppo-human/replays/2972881c1cf8430bafdf8bb4b1168d34/episode-00000130-slot-4.json,200,a8c1fbb82ebb78308b0331c678ba448feb2b7bddf12020e31d8223626dd05dc4
training,logs/training/linux-ppo-human,logs/training/linux-ppo-human/replays/2972881c1cf8430bafdf8bb4b1168d34/episode-00000131-slot-10.json,202,1a03cbb8f23771c9113a0a3bbcaf0f5b5ee8816307fddcd6e0841b22617d33f2
training,logs/training/linux-ppo-human,logs/training/linux-ppo-human/replays/2972881c1cf8430bafdf8bb4b1168d34/episode-00000132-slot-3.json,200,5dd4ee9538c2c5ecdf77b05591db86f0af5eff994018bfa360cf3f0104655491
training,logs/training/linux-ppo-human,logs/training/linux-ppo-human/replays/2972881c1cf8430bafdf8bb4b1168d34/episode-00000133-slot-13.json,202,90d9f13e855a4b3c609fb0bdf0f2e815bb724d8b99e0beb45a99ffc891227ef7
training,logs/training/linux-ppo-human,logs/training/linux-ppo-human/replays/2972881c1cf8430bafdf8bb4b1168d34/episode-00000134-slot-9.json,199,f39fa65581e13c7d02559fc77984e3deb8018207083782a143872d854dda8b56
training,logs/training/linux-ppo-human,logs/training/linux-ppo-human/replays/2972881c1cf8430bafdf8bb4b1168d34/episode-00000135-slot-15.json,202,4f3b5a7df1b19640ae415428ab153bb43e3450a8d742d0a9700f1f0860bc6842
training,logs/training/linux-ppo-human,logs/training/linux-ppo-human/replays/2972881c1cf8430bafdf8bb4b1168d34/episode-00000136-slot-11.json,201,a6ccf1b94d44461cae56bd33986c06cdbcf3cc8c920b3c8268d41d50109d6bdd
training,logs/training/linux-ppo-human,logs/training/linux-ppo-human/replays/2972881c1cf8430bafdf8bb4b1168d34/episode-00000137-slot-0.json,200,65b460372081a5dcec3b47595bf98417f65fb89070b6825e883b1f3fe2039195
training,logs/training/linux-ppo-human,logs/training/linux-ppo-human/replays/2972881c1cf8430bafdf8bb4b1168d34/episode-00000138-slot-1.json,199,70d62e56a52f32a2093f6a17c1d270fbf0c64d548bbd4b53b00ce59ea531ee88
training,logs/training/linux-ppo-human,logs/training/linux-ppo-human/replays/2972881c1cf8430bafdf8bb4b1168d34/episode-00000139-slot-12.json,202,7baf8d200cb82034dd8ac77188ae42e0050cee5890027bd1a087cc2643f07907
training,logs/training/linux-ppo-human,logs/training/linux-ppo-human/replays/2972881c1cf8430bafdf8bb4b1168d34/episode-00000140-slot-4.json,200,d5f1b01800c9c54fb408e01c5a0ca108eaf7a632b11210e11dccaaabfb349dff
training,logs/training/linux-ppo-human,logs/training/linux-ppo-human/replays/2972881c1cf8430bafdf8bb4b1168d34/episode-00000141-slot-8.json,200,b9daee2fa47f1515c8d6baf1a5a8514c188a092b5ef382dfe7cca661787a0d22
training,logs/training/linux-ppo-human,logs/training/linux-ppo-human/replays/2972881c1cf8430bafdf8bb4b1168d34/episode-00000142-slot-7.json,200,781c2076583ca7e58f95538772b1ead559e781c4ed8bcca2e57bbd8936f0f239
training,logs/training/linux-ppo-human,logs/training/linux-ppo-human/replays/2972881c1cf8430bafdf8bb4b1168d34/episode-00000143-slot-14.json,202,94fcca5e22449826446c07c085c91789c08698c57b4c2c934e7c94c16cb02a92
training,logs/training/linux-ppo-human,logs/training/linux-ppo-human/replays/2972881c1cf8430bafdf8bb4b1168d34/episode-00000144-slot-2.json,199,8e7d20f75ee01c0c4d27201d0001f2136a0519cc43c05ddc56ab40b586e4924d
training,logs/training/linux-ppo-human,logs/training/linux-ppo-human/replays/2972881c1cf8430bafdf8bb4b1168d34/episode-00000145-slot-5.json,200,3a5bddb660547349a80942e79658fde2a9049f14414013a1e1852ee0608d970d
training,logs/training/linux-ppo-human,logs/training/linux-ppo-human/replays/2972881c1cf8430bafdf8bb4b1168d34/episode-00000146-slot-11.json,201,156172415910dbba734595df71a18e233fce51b0aa8353fd5e943ba5fc5a1ca5
training,logs/training/linux-ppo-human,logs/training/linux-ppo-human/replays/2972881c1cf8430bafdf8bb4b1168d34/episode-00000147-slot-6.json,200,f852cacba0b0a3736680cc235d39f6ed3f2244635ecc3e3b1ac27de5badd2a23
training,logs/training/linux-ppo-human,logs/training/linux-ppo-human/replays/2972881c1cf8430bafdf8bb4b1168d34/episode-00000148-slot-13.json,202,a4134be0478a05302c45fb4a40dd6fc8e943c65131bb03443556dad77452e15d
training,logs/training/linux-ppo-human,logs/training/linux-ppo-human/replays/2972881c1cf8430bafdf8bb4b1168d34/episode-00000149-slot-10.json,202,cff3ca0c0747390991c09d17201045bf42966cfeb3ff1c672f8ca460acc7a9ee
training,logs/training/linux-ppo-human,logs/training/linux-ppo-human/replays/2972881c1cf8430bafdf8bb4b1168d34/episode-00000150-slot-0.json,200,403dd48f2d38f453a45dc3d57a3942a68fabaaf2a5570abf91e6838d78c4dd49
training,logs/training/linux-ppo-human,logs/training/linux-ppo-human/replays/2972881c1cf8430bafdf8bb4b1168d34/episode-00000151-slot-12.json,202,7157ead9ce149295d1b52566a755da333655492f8fea722cc98c813f0c44549c
training,logs/training/linux-ppo-human,logs/training/linux-ppo-human/replays/2972881c1cf8430bafdf8bb4b1168d34/episode-00000152-slot-1.json,200,6528459e2b986a299091bfac384d473399fddd0c31c12e26ca7c2577b0e4bb35
training,logs/training/linux-ppo-human,logs/training/linux-ppo-human/replays/2972881c1cf8430bafdf8bb4b1168d34/episode-00000153-slot-3.json,204,1a0e610c2771cb44eda3e31365b61d4bc8b07164501d27c92dc33c36ed7f8c71
training,logs/training/linux-ppo-human,logs/training/linux-ppo-human/replays/2972881c1cf8430bafdf8bb4b1168d34/episode-00000154-slot-15.json,202,1233adcbf2a527d70f54a4f63c3ea575e06b710816b5333cd14fde26bfd62fb1
training,logs/training/linux-ppo-human,logs/training/linux-ppo-human/replays/2972881c1cf8430bafdf8bb4b1168d34/episode-00000155-slot-4.json,200,c88f9e436ae3724f84d4705ce38f4d3fecb215b2ee0bd5a613935332f85e4629
training,logs/training/linux-ppo-human,logs/training/linux-ppo-human/replays/2972881c1cf8430bafdf8bb4b1168d34/episode-00000156-slot-14.json,202,9fe956b0136bd25b4ce6ab2a5c4c024e3243d653c0ee851abafeb475152e5755
training,logs/training/linux-ppo-human,logs/training/linux-ppo-human/replays/2972881c1cf8430bafdf8bb4b1168d34/episode-00000157-slot-9.json,204,da1b646dacc828a433f1d805e7ecb7b79dead78b7b52560d99512da81d54c6cd
training,logs/training/linux-ppo-human,logs/training/linux-ppo-human/replays/2972881c1cf8430bafdf8bb4b1168d34/episode-00000158-slot-5.json,200,4d0541237debf803948bcb7ad0d8d9285c1e5fb840864b9577c84e86b27c8fa7
training,logs/training/linux-ppo-human,logs/training/linux-ppo-human/replays/2972881c1cf8430bafdf8bb4b1168d34/episode-00000159-slot-7.json,200,b05567cd0e82164448e7e2361f08ea165061ceaf219602725224d19ceee2ea41
training,logs/training/linux-ppo-human,logs/training/linux-ppo-human/replays/2972881c1cf8430bafdf8bb4b1168d34/episode-00000160-slot-11.json,202,073425b3eb6b170a34cfec8937a3987eb4b1e790662101d80fcf55d9fae92643
training,logs/training/linux-ppo-human,logs/training/linux-ppo-human/replays/2972881c1cf8430bafdf8bb4b1168d34/episode-00000161-slot-0.json,198,fb3e9bc14b96ce307d3f5255ed708430354b6ce1854294365e3af6e544a49b18
training,logs/training/linux-ppo-human,logs/training/linux-ppo-human/replays/2972881c1cf8430bafdf8bb4b1168d34/episode-00000162-slot-1.json,199,f745f18745cb221b2d24cd853742717ec3b8c65c31276951ea7d774950007d1d
training,logs/training/linux-ppo-human,logs/training/linux-ppo-human/replays/2972881c1cf8430bafdf8bb4b1168d34/episode-00000163-slot-2.json,199,2c951bce1a938ce7dec8ed24a42847697a5b797b88fe9f8926382ac6e7682820
training,logs/training/linux-ppo-human,logs/training/linux-ppo-human/replays/2972881c1cf8430bafdf8bb4b1168d34/episode-00000164-slot-3.json,198,cdef1c14a71f1041c7994c384bf390e4d3e80ba3f1a9cb3acb917c4cc990c165
training,logs/training/linux-ppo-human,logs/training/linux-ppo-human/replays/2972881c1cf8430bafdf8bb4b1168d34/episode-00000165-slot-4.json,199,e79e5b4248459246196e7b0ed2ac65a6c5c78b78484553f00a995029f99f6637
training,logs/training/linux-ppo-human,logs/training/linux-ppo-human/replays/2972881c1cf8430bafdf8bb4b1168d34/episode-00000166-slot-5.json,198,97e1b364b8a39eb3048a20c30dedf5a65b28621a6f5a3280b264a4b367d5226e
training,logs/training/linux-ppo-human,logs/training/linux-ppo-human/replays/2972881c1cf8430bafdf8bb4b1168d34/episode-00000167-slot-6.json,199,4447efbe384639c6c0921ecab4dc7d0b9179bd3d6180e9352ea21d8d07e14483
training,logs/training/linux-ppo-human,logs/training/linux-ppo-human/replays/2972881c1cf8430bafdf8bb4b1168d34/episode-00000168-slot-7.json,198,7022f74d7be7765ca83ceed0b3b2fa1c8132e910825ffb41973aab53d1e64794
training,logs/training/linux-ppo-human,logs/training/linux-ppo-human/replays/2972881c1cf8430bafdf8bb4b1168d34/episode-00000169-slot-8.json,198,9ddc2f804ff6a623f67fbd2b7d1d3469eb2701667792d364bb5528a929a6e960
training,logs/training/linux-ppo-human,logs/training/linux-ppo-human/replays/2972881c1cf8430bafdf8bb4b1168d34/episode-00000170-slot-9.json,198,1d6bc55245e5c86ca203d24e6c8652a6ed0d80f94bb5649321a13678e4b08d97
training,logs/training/linux-ppo-human,logs/training/linux-ppo-human/replays/2972881c1cf8430bafdf8bb4b1168d34/episode-00000171-slot-10.json,201,af78a59c68441311cded05025f5429a7119f0bade290a5a9fa4fb877d0315502
training,logs/training/linux-ppo-human,logs/training/linux-ppo-human/replays/2972881c1cf8430bafdf8bb4b1168d34/episode-00000172-slot-11.json,199,d1d76e317838d648e3c767ec181ec14ccb803d93342632855516f4f44b4182d0
training,logs/training/linux-ppo-human,logs/training/linux-ppo-human/replays/2972881c1cf8430bafdf8bb4b1168d34/episode-00000173-slot-12.json,201,36919a99f29bd539735f452ca71768133f305831cee2100d49a09ca959b0dfcb
training,logs/training/linux-ppo-human,logs/training/linux-ppo-human/replays/2972881c1cf8430bafdf8bb4b1168d34/episode-00000174-slot-13.json,201,b8975c0a25f9aaa1f5c479b1fcb056bf6af04169c090ca135001f360d2a933ca
training,logs/training/linux-ppo-human,logs/training/linux-ppo-human/replays/2972881c1cf8430bafdf8bb4b1168d34/episode-00000175-slot-14.json,200,72e104c528ebf9593dea44707fe1f25c1757083e3d48815731ea41aa9fd422c7
training,logs/training/linux-ppo-human,logs/training/linux-ppo-human/replays/2972881c1cf8430bafdf8bb4b1168d34/episode-00000176-slot-15.json,201,eca4f976348517d6f8461e9cd147dd8b403b920cbf2729157f9f13962f36acd6
training,logs/training/linux-ppo-human,logs/training/linux-ppo-human/replays/2972881c1cf8430bafdf8bb4b1168d34/episode-00000177-slot-6.json,194,b56d3b1a4c0f70f512992525faf50d0ad772a80a3222594acb6d1a2f783fde1c
training,logs/training/linux-ppo-human,logs/training/linux-ppo-human/replays/2972881c1cf8430bafdf8bb4b1168d34/episode-00000178-slot-3.json,194,ae62893dc194c7e66bff2db11b3acfd2631c974ab21ac916d87f60bce0b70bc1
training,logs/training/linux-ppo-human,logs/training/linux-ppo-human/replays/2972881c1cf8430bafdf8bb4b1168d34/episode-00000179-slot-1.json,194,b4dd15a3b1f2935bbb523a8a7b09380959b3fea58055a12a850c8cbdcf4e5f5c
training,logs/training/linux-ppo-human,logs/training/linux-ppo-human/replays/2972881c1cf8430bafdf8bb4b1168d34/episode-00000180-slot-15.json,196,565e0b4c57833a5303e9608e51f515a2fbae9221754e67876e156a07f86d74c7
training,logs/training/linux-ppo-human,logs/training/linux-ppo-human/replays/2972881c1cf8430bafdf8bb4b1168d34/episode-00000181-slot-8.json,194,436e96c4f35c92ef7a1b47a320ab6fa3f2e9dfc61faffa2f2f4b70078a977eec
training,logs/training/linux-ppo-human,logs/training/linux-ppo-human/replays/2972881c1cf8430bafdf8bb4b1168d34/episode-00000182-slot-9.json,194,613bed355da19419dd00c796b08eb9b049ea728adde540f80ca0d89ec5133ef1
training,logs/training/linux-ppo-human,logs/training/linux-ppo-human/replays/2972881c1cf8430bafdf8bb4b1168d34/episode-00000183-slot-13.json,196,be12b624ddcbb798d94a3ad969cb570659c9c8880330538985a8d3f6ee17de28
training,logs/training/linux-ppo-human,logs/training/linux-ppo-human/replays/2972881c1cf8430bafdf8bb4b1168d34/episode-00000184-slot-4.json,194,e4d1268d479c1f6927a140d54d9a51f304189ab16c10a3853e2abca5396d342d
training,logs/training/linux-ppo-human,logs/training/linux-ppo-human/replays/2972881c1cf8430bafdf8bb4b1168d34/episode-00000185-slot-14.json,196,f93b06a58eea667d6cd87bfa0f2793872a267b997fb5f47d37c3516710a16542
training,logs/training/linux-ppo-human,logs/training/linux-ppo-human/replays/2972881c1cf8430bafdf8bb4b1168d34/episode-00000186-slot-0.json,194,1f4b7d56985665d28cc3be6a428873befe86c962116093615636ace54e0d6051
training,logs/training/linux-ppo-human,logs/training/linux-ppo-human/replays/2972881c1cf8430bafdf8bb4b1168d34/episode-00000187-slot-11.json,196,960f57e37528df106a060eadd4f94f192b50642d62b255b7f776f69ff1b2f19d
training,logs/training/linux-ppo-human,logs/training/linux-ppo-human/replays/2972881c1cf8430bafdf8bb4b1168d34/episode-00000188-slot-2.json,194,c46a983a1ba8c92b0dd349c70d23e58019a90cc3ec38ec4b7f9fd2cd4b5f521d
training,logs/training/linux-ppo-human,logs/training/linux-ppo-human/replays/2972881c1cf8430bafdf8bb4b1168d34/episode-00000189-slot-10.json,196,3a116e2aadd44afe27ccca9c83b9f1b6dd8219d8764b06b6cb773bd32e106f25
training,logs/training/linux-ppo-human,logs/training/linux-ppo-human/replays/2972881c1cf8430bafdf8bb4b1168d34/episode-00000190-slot-5.json,194,54000897180d6d05762e746496eacb859605271104cd6b0f8030beef82154f1c
training,logs/training/linux-ppo-human,logs/training/linux-ppo-human/replays/2972881c1cf8430bafdf8bb4b1168d34/episode-00000191-slot-7.json,194,24d7d9235670bfc2cd9ff517436913146a190054c2e59fee42aac91a641b853c
training,logs/training/linux-ppo-human,logs/training/linux-ppo-human/replays/2972881c1cf8430bafdf8bb4b1168d34/episode-00000192-slot-12.json,196,3188bde2320c5f6338b17a37d0b5a06d3299a741f1486c8a7c197af80a3fa8e0
training,logs/training/linux-ppo-human,logs/training/linux-ppo-human/replays/2972881c1cf8430bafdf8bb4b1168d34/episode-00000193-slot-6.json,199,34ecd573a10b02c018066053308b09a45c91817785463e74ad74276b9717c486
training,logs/training/linux-ppo-human,logs/training/linux-ppo-human/replays/2972881c1cf8430bafdf8bb4b1168d34/episode-00000194-slot-15.json,202,0e3134cd0da540d89727bf8d57241b51aab9ddbec21f389e97f03d65137f7009
training,logs/training/linux-ppo-human,logs/training/linux-ppo-human/replays/2972881c1cf8430bafdf8bb4b1168d34/episode-00000195-slot-1.json,200,15af1ee7a63f7c3ab2bd19d5fc7341028edbf36a298e078d1c158b4ab2ed722d
training,logs/training/linux-ppo-human,logs/training/linux-ppo-human/replays/2972881c1cf8430bafdf8bb4b1168d34/episode-00000196-slot-9.json,200,3a115b34f87978cae090584f944425084a01270ae3e7d9d6ff4ab9a5d1e38929
training,logs/training/linux-ppo-human,logs/training/linux-ppo-human/replays/2972881c1cf8430bafdf8bb4b1168d34/episode-00000197-slot-4.json,200,980e09e4c05e4834671de185ec015250bca11cfb509afc2c22405f8e1b4cd1d4
training,logs/training/linux-ppo-human,logs/training/linux-ppo-human/replays/2972881c1cf8430bafdf8bb4b1168d34/episode-00000198-slot-3.json,200,830f50123e6f5f7efc9bf19a1df6454ffe0496f3acba8cb1029f745965207f2b
training,logs/training/linux-ppo-human,logs/training/linux-ppo-human/replays/2972881c1cf8430bafdf8bb4b1168d34/episode-00000199-slot-5.json,200,7cb31a6769637004cd6de9b6bd8fd7c0e36d3661d393b0e94ec9ea9183a058ce
training,logs/training/linux-ppo-human,logs/training/linux-ppo-human/replays/2972881c1cf8430bafdf8bb4b1168d34/episode-00000200-slot-7.json,200,30d04d866bff1c5031b27a218aea319bf39d984b8b50645e13048f0e9b6f3a46
training,logs/training/linux-ppo-human,logs/training/linux-ppo-human/replays/2972881c1cf8430bafdf8bb4b1168d34/episode-00000201-slot-10.json,202,052e4038cdd369341621965133844cb0f6cb38b1f57e0d458f67012fc6dec841
training,logs/training/linux-ppo-human,logs/training/linux-ppo-human/replays/2972881c1cf8430bafdf8bb4b1168d34/episode-00000202-slot-14.json,202,81881163d4d262e44047b3ec743ba1fd6a87027c83df2dff3723d56dced66371
training,logs/training/linux-ppo-human,logs/training/linux-ppo-human/replays/2972881c1cf8430bafdf8bb4b1168d34/episode-00000203-slot-12.json,202,4d6b5273ed99ffd3981343d77530bb7e8ee20b4a11b48a11b74a37749fa6bab3
training,logs/training/linux-ppo-human,logs/training/linux-ppo-human/replays/2972881c1cf8430bafdf8bb4b1168d34/episode-00000204-slot-8.json,200,f346b7a0ab226a00e63a1b36992cd4a1c5eb949b920dec4fa5b46e5e3c13aca6
training,logs/training/linux-ppo-human,logs/training/linux-ppo-human/replays/2972881c1cf8430bafdf8bb4b1168d34/episode-00000205-slot-11.json,202,3ca109c38bd75c88247cb7a168ceec28a2c70ec10b5fd041b9384399b65837d7
training,logs/training/linux-ppo-human,logs/training/linux-ppo-human/replays/2972881c1cf8430bafdf8bb4b1168d34/episode-00000206-slot-13.json,202,e73d217ce8746a64baa8d6e8375958b7fa75f515c548ba51af59f0fe888ae6c2
training,logs/training/linux-ppo-human,logs/training/linux-ppo-human/replays/2972881c1cf8430bafdf8bb4b1168d34/episode-00000207-slot-15.json,201,8b269da8a5ecb4fbc8e268fea3de7381c2044de5659304135c447f933016f582
training,logs/training/linux-ppo-human,logs/training/linux-ppo-human/replays/2972881c1cf8430bafdf8bb4b1168d34/episode-00000208-slot-2.json,200,e312463f5832116df4275b5f5d7c3aa7bb088f5a004efcfcf2c0ab6848520860
training,logs/training/linux-ppo-human,logs/training/linux-ppo-human/replays/2972881c1cf8430bafdf8bb4b1168d34/episode-00000209-slot-4.json,199,39fd5cf329a09559235fcc4acccf81e4eaef9aabdf02983fc9d6b7ef6531f314
training,logs/training/linux-ppo-human,logs/training/linux-ppo-human/replays/2972881c1cf8430bafdf8bb4b1168d34/episode-00000210-slot-0.json,203,83abd476a973220308ea12831198f8980cafde814a7dfbc0ce19e70a3a887f9c
training,logs/training/linux-ppo-human,logs/training/linux-ppo-human/replays/2972881c1cf8430bafdf8bb4b1168d34/episode-00000211-slot-9.json,199,84b7c52028aa6cf2feb19da12317f9f1e834823449dde038e8d3e3eb396564fc
training,logs/training/linux-ppo-human,logs/training/linux-ppo-human/replays/2972881c1cf8430bafdf8bb4b1168d34/episode-00000212-slot-7.json,199,34b90c3f0e0008f015d71a2ee6c797f677e24ad3033ce539340795102d799418
training,logs/training/linux-ppo-human,logs/training/linux-ppo-human/replays/2972881c1cf8430bafdf8bb4b1168d34/episode-00000213-slot-6.json,199,1734e02b93e525a197ec14dce64dd4774bc85e736bd15543f9ce24d101fabf7d
training,logs/training/linux-ppo-human,logs/training/linux-ppo-human/replays/2972881c1cf8430bafdf8bb4b1168d34/episode-00000214-slot-10.json,202,f054291a131fcd9a4858a7b85e54c40f6e539a18a66ed3a13ca30164c03759ff
training,logs/training/linux-ppo-human,logs/training/linux-ppo-human/replays/2972881c1cf8430bafdf8bb4b1168d34/episode-00000215-slot-11.json,202,82edbd12ef9b7eb3509e96b9d2af1033ef351e2fa12b5728c0e6c32a869c7d72
training,logs/training/linux-ppo-human,logs/training/linux-ppo-human/replays/2972881c1cf8430bafdf8bb4b1168d34/episode-00000216-slot-1.json,200,4f91bb5aecbe7cbeba89e1c2cd7664b74f98c77e581cc6eeb61442e6af280a6e
training,logs/training/linux-ppo-human,logs/training/linux-ppo-human/replays/2972881c1cf8430bafdf8bb4b1168d34/episode-00000217-slot-12.json,202,18cd5a0b80fd2d815cb8f7e9f6fa9f98e44103dc98ca86d1c76816528cc1aae9
training,logs/training/linux-ppo-human,logs/training/linux-ppo-human/replays/2972881c1cf8430bafdf8bb4b1168d34/episode-00000218-slot-8.json,200,eef6afc10501e7c234a5e6c5b720d556c76c002133a09c8d6391d86261ed2abf
training,logs/training/linux-ppo-human,logs/training/linux-ppo-human/replays/2972881c1cf8430bafdf8bb4b1168d34/episode-00000219-slot-14.json,202,c1494d02b0534d12d9be788aff1a7ac6cc195f168a5171402a981e6c14406aae
training,logs/training/linux-ppo-human,logs/training/linux-ppo-human/replays/2972881c1cf8430bafdf8bb4b1168d34/episode-00000220-slot-3.json,200,b5b8079f592a4ac6e58806a02dfd9b817cc3971ea8b8556a2b9e6237d913e511
training,logs/training/linux-ppo-human,logs/training/linux-ppo-human/replays/2972881c1cf8430bafdf8bb4b1168d34/episode-00000221-slot-15.json,202,bda840e2e613ff9af343117d8cde69bb50ec1bbd864e6c235bc0e704dc63b416
training,logs/training/linux-ppo-human,logs/training/linux-ppo-human/replays/2972881c1cf8430bafdf8bb4b1168d34/episode-00000222-slot-5.json,200,9b3daf79a17e97afa0dce73f54dac438038b4d20393fadab0f9eddb62b2dddcd
training,logs/training/linux-ppo-human,logs/training/linux-ppo-human/replays/2972881c1cf8430bafdf8bb4b1168d34/episode-00000223-slot-13.json,201,84fad51dafa846a87cc486ae96df0ce356a73a7956915048fe33584acde4b1ca
training,logs/training/linux-ppo-human,logs/training/linux-ppo-human/replays/2972881c1cf8430bafdf8bb4b1168d34/episode-00000224-slot-9.json,199,85c115d2879345ac5951de398156041e7233b621cc604ee79fb32770082114f4
training,logs/training/linux-ppo-human,logs/training/linux-ppo-human/replays/2972881c1cf8430bafdf8bb4b1168d34/episode-00000225-slot-0.json,199,161d4a5ffa81f0f3d2435fb4b6e7ebe2a6730f0ac2f4607411e35985b5d01b5c
training,logs/training/linux-ppo-human,logs/training/linux-ppo-human/replays/2972881c1cf8430bafdf8bb4b1168d34/episode-00000226-slot-4.json,200,b89ed682c21bbcd479d16eb94f7520176f622c75cb7c75833570e940d0325643
training,logs/training/linux-ppo-human,logs/training/linux-ppo-human/replays/2972881c1cf8430bafdf8bb4b1168d34/episode-00000227-slot-2.json,200,b81a854c2a119ce73955579a23669290d789b0e415220d323dddced648926da4
training,logs/training/linux-ppo-human,logs/training/linux-ppo-human/replays/2972881c1cf8430bafdf8bb4b1168d34/episode-00000228-slot-10.json,201,46df6a410bffbf8533ceae41461691301239aad0130033e2cb8aac15615cabeb
training,logs/training/linux-ppo-human,logs/training/linux-ppo-human/replays/2972881c1cf8430bafdf8bb4b1168d34/episode-00000229-slot-6.json,200,3da2096ed7db5a66614bf9766f2343586dc41f16bcc4e935583ab94fd0f7e5d3
training,logs/training/linux-ppo-human,logs/training/linux-ppo-human/replays/2972881c1cf8430bafdf8bb4b1168d34/episode-00000230-slot-8.json,200,ea13b030764fa3eda970214799e11f80228da5eb52f6e29eeece831642469126
training,logs/training/linux-ppo-human,logs/training/linux-ppo-human/replays/2972881c1cf8430bafdf8bb4b1168d34/episode-00000231-slot-14.json,202,92b6e8981910d8577f33f3822ba9947bb8f48242a0572a7d12bbbc89b0ad811f
training,logs/training/linux-ppo-human,logs/training/linux-ppo-human/replays/2972881c1cf8430bafdf8bb4b1168d34/episode-00000232-slot-7.json,199,67793ef81461a0bc4cf615141568eb63c68fccd402f852d115d420c71e67a401
training,logs/training/linux-ppo-human,logs/training/linux-ppo-human/replays/2972881c1cf8430bafdf8bb4b1168d34/episode-00000233-slot-1.json,199,9df4b32fd7847cef6935acece38c97dcb417b17d2e221c951ba86fefa2f25171
training,logs/training/linux-ppo-human,logs/training/linux-ppo-human/replays/2972881c1cf8430bafdf8bb4b1168d34/episode-00000234-slot-12.json,202,275899894b2dd6905569c0c2400f9e679796e846af5622907545f92df786c1ce
training,logs/training/linux-ppo-human,logs/training/linux-ppo-human/replays/2972881c1cf8430bafdf8bb4b1168d34/episode-00000235-slot-3.json,200,3d79dfff165f3a2496d36922f9c08344fce7b3cf2bbb34708864c69bf4dfc934
training,logs/training/linux-ppo-human,logs/training/linux-ppo-human/replays/2972881c1cf8430bafdf8bb4b1168d34/episode-00000236-slot-15.json,201,e76f3277005f48f3e8de6ccb332dbe371fa2941b1addae7cb8ab0ef0ac5e7695
training,logs/training/linux-ppo-human,logs/training/linux-ppo-human/replays/2972881c1cf8430bafdf8bb4b1168d34/episode-00000237-slot-11.json,202,3c4f719ea65a4aee5f18cc5604a923cd60d50e6a5c60709ab47c7bc719e8ec56
training,logs/training/linux-ppo-human,logs/training/linux-ppo-human/replays/2972881c1cf8430bafdf8bb4b1168d34/episode-00000238-slot-5.json,200,cb803c99a3fb93083818d05ca5d55a82c3f446e16acb878537a7587215c980c4
training,logs/training/linux-ppo-human,logs/training/linux-ppo-human/replays/2972881c1cf8430bafdf8bb4b1168d34/episode-00000239-slot-13.json,201,048b950b0487a33a1cc0203c9987b9cee2b9a81cad946e166887aca9f4e65387
training,logs/training/linux-ppo-human,logs/training/linux-ppo-human/replays/2972881c1cf8430bafdf8bb4b1168d34/episode-00000240-slot-0.json,200,6c8fbbc95a448a250538d720731a515a2f79d2916630583281106139b191170f
training,logs/training/linux-ppo-human,logs/training/linux-ppo-human/replays/2972881c1cf8430bafdf8bb4b1168d34/episode-00000241-slot-2.json,200,33948796bde9959642cede567eb14553cc2ba1a33ae27455dd1cc5d6c6fadd36
training,logs/training/linux-ppo-human,logs/training/linux-ppo-human/replays/2972881c1cf8430bafdf8bb4b1168d34/episode-00000242-slot-9.json,200,0afb1b50be4a13d945aacecb5a41edd2a45c80110f849262bee6b276755962ab
training,logs/training/linux-ppo-human,logs/training/linux-ppo-human/replays/2972881c1cf8430bafdf8bb4b1168d34/episode-00000243-slot-4.json,200,91b8567f83ac4722cd25f3e5d10d60494bfccc109049e8322f65706309c0e285
training,logs/training/linux-ppo-human,logs/training/linux-ppo-human/replays/2972881c1cf8430bafdf8bb4b1168d34/episode-00000244-slot-7.json,200,c82d296ce2efa36c467441b246714445ef8afbfbc9c654b5ee20d27a601ba70a
training,logs/training/linux-ppo-human,logs/training/linux-ppo-human/replays/2972881c1cf8430bafdf8bb4b1168d34/episode-00000245-slot-6.json,200,9d9ccfa78a3a654b34aa48f7050b7ee8fe7cf0ca8a912ac5b4f120010164528c
training,logs/training/linux-ppo-human,logs/training/linux-ppo-human/replays/2972881c1cf8430bafdf8bb4b1168d34/episode-00000246-slot-10.json,202,3ada7f726d63861628242e796a788f2819507c451784a2b0054e2c02168366c7
training,logs/training/linux-ppo-human,logs/training/linux-ppo-human/replays/2972881c1cf8430bafdf8bb4b1168d34/episode-00000247-slot-14.json,202,65d5c965398037f59c12bc64590bbb3798c2e36b4697f38b21b6d67b87ec5c43
training,logs/training/linux-ppo-human,logs/training/linux-ppo-human/replays/2972881c1cf8430bafdf8bb4b1168d34/episode-00000248-slot-8.json,200,6f8c9fe2fc1cf7a7407b5323ee07b5833bf923a8345eea4e527484cbaf140a8f
training,logs/training/linux-ppo-human,logs/training/linux-ppo-human/replays/2972881c1cf8430bafdf8bb4b1168d34/episode-00000249-slot-12.json,202,083dbf420abda8686e3225b5bbe107d134a745249040932b31e7c77397e8ba35
training,logs/training/linux-ppo-human,logs/training/linux-ppo-human/replays/2972881c1cf8430bafdf8bb4b1168d34/episode-00000250-slot-13.json,201,76c4d00000295bad82fe9d80aed3e945964bdd9d2f28493f5e4e22685526e627
training,logs/training/linux-ppo-human,logs/training/linux-ppo-human/replays/2972881c1cf8430bafdf8bb4b1168d34/episode-00000251-slot-0.json,200,2ed315601a1edd34058c4448caeece7145a704663d39ceda6e83e5d7de9468d9
training,logs/training/linux-ppo-human,logs/training/linux-ppo-human/replays/2972881c1cf8430bafdf8bb4b1168d34/episode-00000252-slot-2.json,200,ebe6acc52ebb5f5e56474ea695e9ea9ba0073ed3203cff206a54e79252e3d135
training,logs/training/linux-ppo-human,logs/training/linux-ppo-human/replays/2972881c1cf8430bafdf8bb4b1168d34/episode-00000253-slot-1.json,200,0a5fc78a66ec3afe3f23d146a84888e17cc9fbca9253a81ccfb7794c870b27e7
training,logs/training/linux-ppo-human,logs/training/linux-ppo-human/replays/2972881c1cf8430bafdf8bb4b1168d34/episode-00000254-slot-11.json,202,eddf91c10473774de154e3b5c9b3099618a88e8f7679fe29f7963c034a6400e6
training,logs/training/linux-ppo-human,logs/training/linux-ppo-human/replays/2972881c1cf8430bafdf8bb4b1168d34/episode-00000255-slot-3.json,200,5b2cc26e51d726cae8c92a2e430d95eff60c501d10724da53e472cd4dc7a974d
training,logs/training/linux-ppo-human,logs/training/linux-ppo-human/replays/2972881c1cf8430bafdf8bb4b1168d34/episode-00000256-slot-15.json,201,64686bab5190f6384e27ac0668796894d7ddde445138cc7e14bc01daef53cc18
training,logs/training/linux-ppo-human,logs/training/linux-ppo-human/replays/2972881c1cf8430bafdf8bb4b1168d34/episode-00000257-slot-5.json,199,97d20eedf01c19acb8fdd7c3313c60634113f16599cef5d49d55abb6f90a8997
training,logs/training/linux-ppo-human,logs/training/linux-ppo-human/replays/2972881c1cf8430bafdf8bb4b1168d34/episode-00000258-slot-9.json,200,a38a28c6d7d63a945526d75579c731ab80222805fd44ad9ebdfbf7b5e5ef4b74
training,logs/training/linux-ppo-human,logs/training/linux-ppo-human/replays/2972881c1cf8430bafdf8bb4b1168d34/episode-00000259-slot-4.json,200,19c5877cb0bfc4cc59d5c3b02f90a34760c4853bf366baa047db5776413d3c14
training,logs/training/linux-ppo-human,logs/training/linux-ppo-human/replays/2972881c1cf8430bafdf8bb4b1168d34/episode-00000260-slot-7.json,200,39fef312a1a876ab688b0312a00b4f914e717190461aaeed99376e3b90b88795
training,logs/training/linux-ppo-human,logs/training/linux-ppo-human/replays/2972881c1cf8430bafdf8bb4b1168d34/episode-00000261-slot-14.json,202,e37868c7c978a963a53241b5d3c23fcf480a258c357916e0d8a5d7ea26787b07
training,logs/training/linux-ppo-human,logs/training/linux-ppo-human/replays/2972881c1cf8430bafdf8bb4b1168d34/episode-00000262-slot-6.json,200,c345fa2f64f018a3d29c5d3eaf4e4b48d74664b4a73a0efafd1759d4b3ef1fa1
training,logs/training/linux-ppo-human,logs/training/linux-ppo-human/replays/2972881c1cf8430bafdf8bb4b1168d34/episode-00000263-slot-3.json,200,c8b4dcd1f743b96c069d1ea7e42dde31c5cefd537b63b40c5f2e5f1a4dbcfe9d
training,logs/training/linux-ppo-human,logs/training/linux-ppo-human/replays/2972881c1cf8430bafdf8bb4b1168d34/episode-00000264-slot-13.json,202,6e5d01578a504c997975cb19e2d83d05f4b9bf7d32e97b72dccfa9f470808b9a
training,logs/training/linux-ppo-human,logs/training/linux-ppo-human/replays/2972881c1cf8430bafdf8bb4b1168d34/episode-00000265-slot-10.json,202,ff886bc61d92c5f7fc157c826be0422eea8b295d214102bd884cf45d2d9d6802
training,logs/training/linux-ppo-human,logs/training/linux-ppo-human/replays/2972881c1cf8430bafdf8bb4b1168d34/episode-00000266-slot-0.json,200,4302f95b966d6126c2ad8fa24cd0859fda92f19308ffa8fbfc084d28b9dd0e7a
training,logs/training/linux-ppo-human,logs/training/linux-ppo-human/replays/2972881c1cf8430bafdf8bb4b1168d34/episode-00000267-slot-2.json,199,5d143035169ae51f73154c8aede6e7f96849b477a5c05cd19bfca7c3fcf3b705
training,logs/training/linux-ppo-human,logs/training/linux-ppo-human/replays/2972881c1cf8430bafdf8bb4b1168d34/episode-00000268-slot-5.json,200,7925b5725cc366a5cc1cf09c5bbb143dcc65dc346f681fb1e13a4459b6dd18a5
training,logs/training/linux-ppo-human,logs/training/linux-ppo-human/replays/2972881c1cf8430bafdf8bb4b1168d34/episode-00000269-slot-1.json,200,edb82ff38e24c57b1c1f4bb6872253e9786cc73c49d8aa3407db03d7ba2a98a1
training,logs/training/linux-ppo-human,logs/training/linux-ppo-human/replays/2972881c1cf8430bafdf8bb4b1168d34/episode-00000270-slot-11.json,202,6ad374109ded9fff38fb9de3fdbef22ad6f068286b795f6eaf1f6d4f3c7a770f
training,logs/training/linux-ppo-human,logs/training/linux-ppo-human/replays/2972881c1cf8430bafdf8bb4b1168d34/episode-00000271-slot-12.json,201,5c83c652928034eb23c71618f3ea6cda04efc72be4eb5f8ab39f283f7c1d6834
training,logs/training/linux-ppo-human,logs/training/linux-ppo-human/replays/2972881c1cf8430bafdf8bb4b1168d34/episode-00000272-slot-3.json,200,13873bd4fecba7916704e6eb420083e0a3a2dd88aa6dc0f92e61ac2892779d61
training,logs/training/linux-ppo-human,logs/training/linux-ppo-human/replays/2972881c1cf8430bafdf8bb4b1168d34/episode-00000273-slot-4.json,200,0407a4511993ccacf1075f9942f09603789c3519e5b419636dc93a3fec6f43ad
training,logs/training/linux-ppo-human,logs/training/linux-ppo-human/replays/2972881c1cf8430bafdf8bb4b1168d34/episode-00000274-slot-8.json,200,b36a7f5374bd5da4bc3660aeebf3e1d1453099a461eb470ee2842685af3ba065
training,logs/training/linux-ppo-human,logs/training/linux-ppo-human/replays/2972881c1cf8430bafdf8bb4b1168d34/episode-00000275-slot-6.json,199,e9d928048971c2d26b32d8bfcaa840fa3831719e3af65d4d7d175de24f52a6b7
training,logs/training/linux-ppo-human,logs/training/linux-ppo-human/replays/2972881c1cf8430bafdf8bb4b1168d34/episode-00000276-slot-13.json,202,26fd2381df1c5158436e9ad7f0acd81d1dc6ad8b23f22e73a5650b28258d10ae
training,logs/training/linux-ppo-human,logs/training/linux-ppo-human/replays/2972881c1cf8430bafdf8bb4b1168d34/episode-00000277-slot-10.json,202,ab2f0d52632d29dbf15d565028787ffce171a0b606002668ce3d44db7c20269e
training,logs/training/linux-ppo-human,logs/training/linux-ppo-human/replays/2972881c1cf8430bafdf8bb4b1168d34/episode-00000278-slot-9.json,199,fe6c0eaac5382d5b10f69e7d21f358ab89f9881c949c95db2b261824925435d7
training,logs/training/linux-ppo-human,logs/training/linux-ppo-human/replays/2972881c1cf8430bafdf8bb4b1168d34/episode-00000279-slot-14.json,202,90d25f24429701804f987f1ce725612245658b318f6ad4bc2356922ab772f25d
training,logs/training/linux-ppo-human,logs/training/linux-ppo-human/replays/2972881c1cf8430bafdf8bb4b1168d34/episode-00000280-slot-0.json,200,d3058b1eeca0b15e22a2e53caf85fd9c2e7b9a34973b560666dbb0848062b871
training,logs/training/linux-ppo-human,logs/training/linux-ppo-human/replays/2972881c1cf8430bafdf8bb4b1168d34/episode-00000281-slot-7.json,200,3c2ccf2a06b6779a9fbd165cf9f6a763826ef39ea21937721a7b3516bf89b1d6
training,logs/training/linux-ppo-human,logs/training/linux-ppo-human/replays/2972881c1cf8430bafdf8bb4b1168d34/episode-00000282-slot-15.json,206,8cb521fb91b0461bdf8b938b8314e56bd29b52a7bf4f97c75444788a8c851bc1
training,logs/training/linux-ppo-human,logs/training/linux-ppo-human/replays/2972881c1cf8430bafdf8bb4b1168d34/episode-00000283-slot-12.json,201,841aadae53d0d7794437972aa887af4808ddb9a6a1f8935f2976769fb4beae49
training,logs/training/linux-ppo-human,logs/training/linux-ppo-human/replays/2972881c1cf8430bafdf8bb4b1168d34/episode-00000284-slot-5.json,200,b122998b8ae5e28eb23b0fe47439be611fecc3b2df18ce87db0a6b6bc430869c
training,logs/training/linux-ppo-human,logs/training/linux-ppo-human/replays/2972881c1cf8430bafdf8bb4b1168d34/episode-00000285-slot-11.json,202,72f566796781e7634fb7d3bb4529000ddfc7e5103ba51a058547205ae43716d9
training,logs/training/linux-ppo-human,logs/training/linux-ppo-human/replays/2972881c1cf8430bafdf8bb4b1168d34/episode-00000286-slot-2.json,200,b3f11ea1bb4b5788d1d3371ca1deebe052d0768b6bf67e93a2c0ba0a63408010
training,logs/training/linux-ppo-human,logs/training/linux-ppo-human/replays/2972881c1cf8430bafdf8bb4b1168d34/episode-00000287-slot-1.json,200,79edbdf3f7d4cae9ac79b5db5f8f69a49e020686e2f6adb55cd08df23df95805
training,logs/training/linux-ppo-human,logs/training/linux-ppo-human/replays/2972881c1cf8430bafdf8bb4b1168d34/episode-00000288-slot-8.json,200,cb13f09eff62f1839467896a98993d30f11ac192f6b69ebd1de2f726a15c469e
training,logs/training/linux-ppo-human,logs/training/linux-ppo-human/replays/2972881c1cf8430bafdf8bb4b1168d34/episode-00000289-slot-6.json,200,ce63efd9b8b83ff579e6f123c43a73de77223c4c16a0f1f6f645c0111e12821e
training,logs/training/linux-ppo-human,logs/training/linux-ppo-human/replays/2972881c1cf8430bafdf8bb4b1168d34/episode-00000290-slot-10.json,201,d315053b0fef085877db14ad29269141b270546727058d7844936a02cb212ad0
training,logs/training/linux-ppo-human,logs/training/linux-ppo-human/replays/2972881c1cf8430bafdf8bb4b1168d34/episode-00000291-slot-3.json,200,6faf8b81921dd4e84644cd102cfc934ed3fb039f062c20193d1c2aae38b822e7
training,logs/training/linux-ppo-human,logs/training/linux-ppo-human/replays/2972881c1cf8430bafdf8bb4b1168d34/episode-00000292-slot-14.json,202,2b392e664e3c5f3b6667e06a93caf5b444f5e0213090942cbb6844775d508f5a
training,logs/training/linux-ppo-human,logs/training/linux-ppo-human/replays/2972881c1cf8430bafdf8bb4b1168d34/episode-00000293-slot-7.json,199,1eaa7bcf18b30f4c46e05a8f6e7c76f3e772eb1ce02179d99a93cb0bbb432e75
training,logs/training/linux-ppo-human,logs/training/linux-ppo-human/replays/2972881c1cf8430bafdf8bb4b1168d34/episode-00000294-slot-13.json,200,c431ef835d1954150d87fba43be61186afe9a9cb8df100319791b500b200bca3
training,logs/training/linux-ppo-human,logs/training/linux-ppo-human/replays/2972881c1cf8430bafdf8bb4b1168d34/episode-00000295-slot-0.json,200,b062b229b56a01116a3ed4a60942a13815671494d9ebf906a7d8fb82d15ea87c
training,logs/training/linux-ppo-human,logs/training/linux-ppo-human/replays/2972881c1cf8430bafdf8bb4b1168d34/episode-00000296-slot-4.json,200,ba6b9f45592d8f72b2b85bc9d4f8764310bbacdecbfffc5a158d784867c9cd3f
training,logs/training/linux-ppo-human,logs/training/linux-ppo-human/replays/2972881c1cf8430bafdf8bb4b1168d34/episode-00000297-slot-1.json,199,0da2ccfce13dedcbbd5d3aaece150c80813b177c23fa4b92fb0a9b68972147b4
training,logs/training/linux-ppo-human,logs/training/linux-ppo-human/replays/2972881c1cf8430bafdf8bb4b1168d34/episode-00000298-slot-15.json,201,35d35e74c07c5578e5d829a6339a2250eb6003709965f28cefb998b4ada633a9
training,logs/training/linux-ppo-human,logs/training/linux-ppo-human/replays/2972881c1cf8430bafdf8bb4b1168d34/episode-00000299-slot-9.json,200,49c9dd542944c5c1593bfc0c1dc29251f74078317a4d112aeceaeb5a4cf215b2
training,logs/training/linux-ppo-human,logs/training/linux-ppo-human/replays/2972881c1cf8430bafdf8bb4b1168d34/episode-00000300-slot-11.json,202,8d963fc5f3394cb49e578b177bffebf0c4d9b46ffeee51845a4e50e3c179f509
training,logs/training/linux-ppo-human,logs/training/linux-ppo-human/replays/2972881c1cf8430bafdf8bb4b1168d34/episode-00000301-slot-12.json,202,ceb47dde8a8144b698d9a0c49a127218061fe51b7e594db29896fe0a9dc39a22
training,logs/training/linux-ppo-human,logs/training/linux-ppo-human/replays/2972881c1cf8430bafdf8bb4b1168d34/episode-00000302-slot-10.json,201,8062ea0b09fa801f6b6f0c41e78b2aa0cfadbfa247ae46b3030e4b8618fdd9fa
training,logs/training/linux-ppo-human,logs/training/linux-ppo-human/replays/2972881c1cf8430bafdf8bb4b1168d34/episode-00000303-slot-5.json,198,5dd49485651473585e12528d594ad54a4ae3bf7c32f2d00159af17f6518e3cd8
training,logs/training/linux-ppo-human,logs/training/linux-ppo-human/replays/2972881c1cf8430bafdf8bb4b1168d34/episode-00000304-slot-3.json,200,7ed2e9097966d3677ee238d87f6b766acb16b67a158eed20fa72e8886f4797d1
training,logs/training/linux-ppo-human,logs/training/linux-ppo-human/replays/2972881c1cf8430bafdf8bb4b1168d34/episode-00000305-slot-1.json,200,1fb67fc7f7f355808fd45b0466b3fcf9c71d443750b947d5f9bebb8564d77244
training,logs/training/linux-ppo-human,logs/training/linux-ppo-human/replays/2972881c1cf8430bafdf8bb4b1168d34/episode-00000306-slot-8.json,200,ea7403705cc2851daea4f8ddf20324c3cb818e1fb3d50f71abc336bd3cd1d1d8
training,logs/training/linux-ppo-human,logs/training/linux-ppo-human/replays/2972881c1cf8430bafdf8bb4b1168d34/episode-00000307-slot-6.json,200,266a4a9807f930ce4f926bcce9da3b18028828340e36fd59e3d7ec2df3296d21
training,logs/training/linux-ppo-human,logs/training/linux-ppo-human/replays/2972881c1cf8430bafdf8bb4b1168d34/episode-00000308-slot-2.json,199,6ab0e0367ed6e886139cdb8b6ec02d46ae6eb66b6147a21cd901fbe9cd7419ad
training,logs/training/linux-ppo-human,logs/training/linux-ppo-human/replays/2972881c1cf8430bafdf8bb4b1168d34/episode-00000309-slot-0.json,198,7005f757933022d2c20e8e330d2c02cc9ed0092ffa8c3313daf43ed1a949286e
training,logs/training/linux-ppo-human,logs/training/linux-ppo-human/replays/2972881c1cf8430bafdf8bb4b1168d34/episode-00000310-slot-12.json,201,c636c32076993e490ed39cc6fbc065571c9b3f04ad84d04d0365f7056015d5d1
training,logs/training/linux-ppo-human,logs/training/linux-ppo-human/replays/2972881c1cf8430bafdf8bb4b1168d34/episode-00000311-slot-7.json,199,5b3e60e0f5d96da8aa724f620d8c5aa0c4d0e3e247d302fbaba6ea17d2b72cb0
training,logs/training/linux-ppo-human,logs/training/linux-ppo-human/replays/2972881c1cf8430bafdf8bb4b1168d34/episode-00000312-slot-13.json,201,fb09b78d2864c4042db1e7e72ed69966f64c1a1d4b6ba62f1a30f293d6178d68
training,logs/training/linux-ppo-human,logs/training/linux-ppo-human/replays/2972881c1cf8430bafdf8bb4b1168d34/episode-00000313-slot-14.json,202,0e3cae2faa0797041bac3c126be63c78d53f05620370fbe94d3e28029e1bf3c7
training,logs/training/linux-ppo-human,logs/training/linux-ppo-human/replays/2972881c1cf8430bafdf8bb4b1168d34/episode-00000314-slot-4.json,199,92b9079ede9da6311a0790aa4d6fa9995a22b7e61ec488b0e8679203d03baa71
training,logs/training/linux-ppo-human,logs/training/linux-ppo-human/replays/2972881c1cf8430bafdf8bb4b1168d34/episode-00000315-slot-15.json,202,dfc12a3215981b506eff5815268e9d64dfd3a4da8623f10b7b2858b9d9d40dca
training,logs/training/linux-ppo-human,logs/training/linux-ppo-human/replays/2972881c1cf8430bafdf8bb4b1168d34/episode-00000316-slot-9.json,200,45fef49949aa8665890f0839645d692410396a01155f6b3a4c0e866f24b11520
