kind,run,path,bytes,sha256
training,logs/training/br-address-action-mix50-20261002,logs/training/br-address-action-mix50-20261002/checkpoints/ppo_131072_steps.curriculum.json,941,10eba9e18febb1b3cebd1d43ce8392037ce5af4a36891fe09bdc2feaec0b2d34
training,logs/training/br-address-action-mix50-20261002,logs/training/br-address-action-mix50-20261002/checkpoints/ppo_196608_steps.curriculum.json,943,1d33e51e13aa4cf72806160c1034da84e7a693e7f0e49c06941cb727bf39e8ca
training,logs/training/br-address-action-mix50-20261002,logs/training/br-address-action-mix50-20261002/checkpoints/ppo_262144_steps.curriculum.json,942,8367ad2fb58186c6b67f9dbff6504f886e141631a57b97ee8d51c78786a24234
training,logs/training/br-address-action-mix50-20261002,logs/training/br-address-action-mix50-20261002/checkpoints/ppo_65536_steps.curriculum.json,925,582cc05eb7c7ed1fbbc30ff1900bc5c92b3552992a303cb21c79348bdd4abb8c
training,logs/training/br-address-action-mix50-20261002,logs/training/br-address-action-mix50-20261002/checkpoints/updated_131072_steps.curriculum.json,941,c5987a3eda47846e1ba939c0027d4ff08204e37237fce2707bfa08c3b989a4df
training,logs/training/br-address-action-mix50-20261002,logs/training/br-address-action-mix50-20261002/checkpoints/updated_196608_steps.curriculum.json,943,93e85dc254fde8f25e8f8288d757f1f8649929d281e2faf3bfc32187fb6876d6
training,logs/training/br-address-action-mix50-20261002,logs/training/br-address-action-mix50-20261002/checkpoints/updated_2048_steps.curriculum.json,851,19d148812ceb1b33f7467efa5ee0ab2f251a61e5ca4f9743b57b741a3f5afe51
training,logs/training/br-address-action-mix50-20261002,logs/training/br-address-action-mix50-20261002/checkpoints/updated_262144_steps.curriculum.json,942,8d8ffbe7593a3b38790afd7382c9d8b7d9b1180a1d062fb4b541b665a9422776
training,logs/training/br-address-action-mix50-20261002,logs/training/br-address-action-mix50-20261002/checkpoints/updated_65536_steps.curriculum.json,925,449ddf581ddb989a3439622c05ffc2110894d7d748e19a24c91fa870874ffb91
training,logs/training/br-address-action-mix50-20261002,logs/training/br-address-action-mix50-20261002/config.yaml,5205,b20b4f3b7ba7e59c81de3e8e0d1d41cbacfdc911d8c07ace5696b75991f5d362
training,logs/training/br-address-action-mix50-20261002,logs/training/br-address-action-mix50-20261002/final.curriculum.json,942,c814d14afd6a053c7461efa99787e67195ae55a241b18a4cdaaccd8d45223c69
training,logs/training/br-address-action-mix50-20261002,logs/training/br-address-action-mix50-20261002/identity.json,50705,86942411a83d88f00eba096cd231e57f816a454e9efc25ae9c4dc00814674b32
training,logs/training/br-address-action-mix50-20261002,logs/training/br-address-action-mix50-20261002/progress.json,229660,7460da466da5f66527d50d52c7a8a2a6ed96e48f7c286f5170bd887702af57c8
training,logs/training/br-address-action-mix50-20261002,logs/training/br-address-action-mix50-20261002/replays/55d612cdfb09471088be166753ea2816/episode-00000001-slot-0.json,194,2d078d87dc286de7c61211f637221a4dcbedfbd0cf07e44b85d4e0f32b2393e3
training,logs/training/br-address-action-mix50-20261002,logs/training/br-address-action-mix50-20261002/replays/55d612cdfb09471088be166753ea2816/episode-00000002-slot-5.json,194,fe72b1d318cf1ceb99b1c5e10c2c44e299e065539b682613450aec4200310471
training,logs/training/br-address-action-mix50-20261002,logs/training/br-address-action-mix50-20261002/replays/55d612cdfb09471088be166753ea2816/episode-00000003-slot-7.json,194,eeab22200ca4b0ad7e8aa97db68d7c544b0932329da531d7189ddfdeb78fca28
training,logs/training/br-address-action-mix50-20261002,logs/training/br-address-action-mix50-20261002/replays/55d612cdfb09471088be166753ea2816/episode-00000004-slot-6.json,194,c70bddc6dbdc57930ff119cc45eb465ecf0fcda0e8442adbbdca19e6a11bb8a2
training,logs/training/br-address-action-mix50-20261002,logs/training/br-address-action-mix50-20261002/replays/55d612cdfb09471088be166753ea2816/episode-00000005-slot-1.json,194,a7743206626de115e6a5bda64335e088b5410e3e3b50f1e3f706621ec68072a0
training,logs/training/br-address-action-mix50-20261002,logs/training/br-address-action-mix50-20261002/replays/55d612cdfb09471088be166753ea2816/episode-00000006-slot-3.json,194,cdf9cf606fe616e5159072a6589d41482c5ffb88d076d33caeb00e8504c00152
training,logs/training/br-address-action-mix50-20261002,logs/training/br-address-action-mix50-20261002/replays/55d612cdfb09471088be166753ea2816/episode-00000007-slot-4.json,194,b87a56fb120078fa18994553db81fd48583bd6c4d6a6507cea16febadf891b49
training,logs/training/br-address-action-mix50-20261002,logs/training/br-address-action-mix50-20261002/replays/55d612cdfb09471088be166753ea2816/episode-00000008-slot-2.json,194,dfcf516045bb25d5f85044e3a326d751b97123f1ea172bc70d87735040a1df5e
training,logs/training/br-address-action-mix50-20261002,logs/training/br-address-action-mix50-20261002/replays/55d612cdfb09471088be166753ea2816/episode-00000009-slot-0.json,200,bde41baafae845f5db466d7f78af3ba44502dfce64dfe653cba3f09d2e855266
training,logs/training/br-address-action-mix50-20261002,logs/training/br-address-action-mix50-20261002/replays/55d612cdfb09471088be166753ea2816/episode-00000010-slot-5.json,200,43e05084edbca4acce3cd7e022f216490e0bb8078bfd9727afb74e75eaec3b13
training,logs/training/br-address-action-mix50-20261002,logs/training/br-address-action-mix50-20261002/replays/55d612cdfb09471088be166753ea2816/episode-00000011-slot-1.json,199,af2df3a871505e6f8ae4fa949a1c4e570257bd7aec13a271a8d31b77809ecf4d
training,logs/training/br-address-action-mix50-20261002,logs/training/br-address-action-mix50-20261002/replays/55d612cdfb09471088be166753ea2816/episode-00000012-slot-6.json,200,6f140826ea28a87e1a138f792f75024ac83034a39ee718c357913f2cb1a41efb
training,logs/training/br-address-action-mix50-20261002,logs/training/br-address-action-mix50-20261002/replays/55d612cdfb09471088be166753ea2816/episode-00000013-slot-4.json,200,d3d1b6408db448c5a2cfc7e5d1afeeb7a2e1051cfd22439859962551c91c687e
training,logs/training/br-address-action-mix50-20261002,logs/training/br-address-action-mix50-20261002/replays/55d612cdfb09471088be166753ea2816/episode-00000014-slot-7.json,200,b52bb9c2a56b62bc8ea64b7133cfedf184b517381b3988e0ebc5685eace1b758
training,logs/training/br-address-action-mix50-20261002,logs/training/br-address-action-mix50-20261002/replays/55d612cdfb09471088be166753ea2816/episode-00000015-slot-3.json,200,de5749a0aad80e4fc2abeff1a64988f3d84278e2618aa69ebe6be5de000db4c8
training,logs/training/br-address-action-mix50-20261002,logs/training/br-address-action-mix50-20261002/replays/55d612cdfb09471088be166753ea2816/episode-00000016-slot-0.json,199,f72e6e7b876eccddc2694484ae15b3a84e3dbf6dda7e923fa63b5d5a8cda224f
training,logs/training/br-address-action-mix50-20261002,logs/training/br-address-action-mix50-20261002/replays/55d612cdfb09471088be166753ea2816/episode-00000017-slot-1.json,200,fdfa4fe3bc438980ec1c963de4ed71567d065c95db17a8595d9862c40ec742a8
training,logs/training/br-address-action-mix50-20261002,logs/training/br-address-action-mix50-20261002/replays/55d612cdfb09471088be166753ea2816/episode-00000018-slot-2.json,200,3304d9fa1ad482c9244d68708f69cffbdc038901817a24505161263feb959a5f
training,logs/training/br-address-action-mix50-20261002,logs/training/br-address-action-mix50-20261002/replays/55d612cdfb09471088be166753ea2816/episode-00000019-slot-6.json,200,92a7fe3faaa883c68303e68a2e6e02f6f0052dc527c8aaf020b5c2074d160cd3
training,logs/training/br-address-action-mix50-20261002,logs/training/br-address-action-mix50-20261002/replays/55d612cdfb09471088be166753ea2816/episode-00000020-slot-7.json,200,1331f2918be4ef2d60bd16dab800310407a21c49c2c4dd7b9d8256b1efec3705
training,logs/training/br-address-action-mix50-20261002,logs/training/br-address-action-mix50-20261002/replays/55d612cdfb09471088be166753ea2816/episode-00000021-slot-5.json,200,c74befaf2c266a463d43f597198006aa2f956ec21a545eb46603c6270570d1d9
training,logs/training/br-address-action-mix50-20261002,logs/training/br-address-action-mix50-20261002/replays/55d612cdfb09471088be166753ea2816/episode-00000022-slot-4.json,200,7d5e02811715a49c35289dd0f8ca684e5e15384e59caf2257107af8b32938275
training,logs/training/br-address-action-mix50-20261002,logs/training/br-address-action-mix50-20261002/replays/55d612cdfb09471088be166753ea2816/episode-00000023-slot-3.json,199,87f94f4ceb8af2cfb797989c334893c13445e0df5d1a0e12208b144c746438a7
training,logs/training/br-address-action-mix50-20261002,logs/training/br-address-action-mix50-20261002/replays/55d612cdfb09471088be166753ea2816/episode-00000024-slot-6.json,200,79262259ce6055fcb47510350891d0fd4541f2a59f0a1dc71f190a9032ae4c3e
training,logs/training/br-address-action-mix50-20261002,logs/training/br-address-action-mix50-20261002/replays/55d612cdfb09471088be166753ea2816/episode-00000025-slot-0.json,200,d7afe6c45193b6416a72126360c653d1937a741c7257355becc83e0b7a613fe5
training,logs/training/br-address-action-mix50-20261002,logs/training/br-address-action-mix50-20261002/replays/55d612cdfb09471088be166753ea2816/episode-00000026-slot-1.json,200,e166fdfee219c27d57b51cd57acf31996ab6b5999e9dce8e31fd66d84ce4fbbd
training,logs/training/br-address-action-mix50-20261002,logs/training/br-address-action-mix50-20261002/replays/55d612cdfb09471088be166753ea2816/episode-00000027-slot-2.json,200,9c9adfc6b1d0520c600037d8a09dfd677e9f2cd12c1b2415fb63ff625a1e1da5
training,logs/training/br-address-action-mix50-20261002,logs/training/br-address-action-mix50-20261002/replays/55d612cdfb09471088be166753ea2816/episode-00000028-slot-4.json,199,ec22a70e055de110006b52546eb800338f857d61cf3f4612073b9d3e7c989957
training,logs/training/br-address-action-mix50-20261002,logs/training/br-address-action-mix50-20261002/replays/55d612cdfb09471088be166753ea2816/episode-00000029-slot-7.json,200,cf10f1203db102412fbf9f20e95707f6ad7c64aaf8b5b9c52c5bd2251d63ec9b
training,logs/training/br-address-action-mix50-20261002,logs/training/br-address-action-mix50-20261002/replays/55d612cdfb09471088be166753ea2816/episode-00000030-slot-3.json,200,297a13138d2ba7547a2c009f61a1e646c91e8ea92e844ab01b2f92dd1557ff8e
training,logs/training/br-address-action-mix50-20261002,logs/training/br-address-action-mix50-20261002/replays/55d612cdfb09471088be166753ea2816/episode-00000031-slot-5.json,200,d9faf65a2a197179b50d78fbb056b32794edc43b96758d72c3348a2ee4d3a180
training,logs/training/br-address-action-mix50-20261002,logs/training/br-address-action-mix50-20261002/replays/55d612cdfb09471088be166753ea2816/episode-00000032-slot-6.json,199,fc90cd57e3aefc7321c229b1565248eca858943cbb1a6346e1d3af087d5cb58d
training,logs/training/br-address-action-mix50-20261002,logs/training/br-address-action-mix50-20261002/replays/55d612cdfb09471088be166753ea2816/episode-00000033-slot-0.json,200,c1c6f3dc2aba39fc5674d371da154559ac1246fd4d5d9f8905becea4c636e1f1
training,logs/training/br-address-action-mix50-20261002,logs/training/br-address-action-mix50-20261002/replays/55d612cdfb09471088be166753ea2816/episode-00000034-slot-1.json,199,03ebcb7d6b3e36ff25ebe2804783663b8676ffaba4ac2b3649f8111766831a6d
training,logs/training/br-address-action-mix50-20261002,logs/training/br-address-action-mix50-20261002/replays/55d612cdfb09471088be166753ea2816/episode-00000035-slot-4.json,199,05ef752c6145a94064a35cc381443f516642576718d4b437ec6d40cfd586cc7a
training,logs/training/br-address-action-mix50-20261002,logs/training/br-address-action-mix50-20261002/replays/55d612cdfb09471088be166753ea2816/episode-00000036-slot-2.json,200,4d4324d1b0e9cc776e1e53aaaa9f7fd672cf08d930cc8e116907d6e31d22200e
training,logs/training/br-address-action-mix50-20261002,logs/training/br-address-action-mix50-20261002/replays/55d612cdfb09471088be166753ea2816/episode-00000037-slot-3.json,199,484bee13143e65af1713556d3cd76e886b057eb0a7c48477e50acf1e03821a1e
training,logs/training/br-address-action-mix50-20261002,logs/training/br-address-action-mix50-20261002/replays/55d612cdfb09471088be166753ea2816/episode-00000038-slot-7.json,200,bf8e45d09a95066c43bbee05118db0e0d52009d2d7f21dab342d3fc7649ded80
training,logs/training/br-address-action-mix50-20261002,logs/training/br-address-action-mix50-20261002/replays/55d612cdfb09471088be166753ea2816/episode-00000039-slot-5.json,200,b36cb8277ee68f361b7e150a34aff4325f86268ae5607edfca7c5d08e23869fe
training,logs/training/br-address-action-mix50-20261002,logs/training/br-address-action-mix50-20261002/replays/55d612cdfb09471088be166753ea2816/episode-00000040-slot-6.json,200,5bbf3bf5342c84e534b8dc1cf9e4448f028cebddb0c9a6ab573bedaaaabfd193
training,logs/training/br-address-action-mix50-20261002,logs/training/br-address-action-mix50-20261002/replays/55d612cdfb09471088be166753ea2816/episode-00000041-slot-3.json,200,634956c0044663cfa1d6592e32c274ba7c77557e19ce9beb65671434906bb769
training,logs/training/br-address-action-mix50-20261002,logs/training/br-address-action-mix50-20261002/replays/55d612cdfb09471088be166753ea2816/episode-00000042-slot-1.json,199,987dd3589865274d64bc7397ffd9eb29dc0a8795b4d6acc4403abbb32a729a46
training,logs/training/br-address-action-mix50-20261002,logs/training/br-address-action-mix50-20261002/replays/55d612cdfb09471088be166753ea2816/episode-00000043-slot-0.json,200,ff7aa041e2da489d754a12bec6fe8021c711345212163ce69c2945aed06d8c34
training,logs/training/br-address-action-mix50-20261002,logs/training/br-address-action-mix50-20261002/replays/55d612cdfb09471088be166753ea2816/episode-00000044-slot-6.json,200,2c259358c507515f79bdf19d044775e8fb7578d504960667a4e2ac5a6688e912
training,logs/training/br-address-action-mix50-20261002,logs/training/br-address-action-mix50-20261002/replays/55d612cdfb09471088be166753ea2816/episode-00000045-slot-2.json,200,7f0cf703b6c133dcc068074e20cfc9c0013d0721a5600ab8b6ea6b3c24afea2f
training,logs/training/br-address-action-mix50-20261002,logs/training/br-address-action-mix50-20261002/replays/55d612cdfb09471088be166753ea2816/episode-00000046-slot-5.json,200,c889c0889a2310ee4344a306c0877baf33e883d47318f0f12bac009a1aba27f4
training,logs/training/br-address-action-mix50-20261002,logs/training/br-address-action-mix50-20261002/replays/55d612cdfb09471088be166753ea2816/episode-00000047-slot-7.json,199,a55b1b5c655c921777f0e45544f68669c6062878bc438cc6260b4aafd8cc62a8
training,logs/training/br-address-action-mix50-20261002,logs/training/br-address-action-mix50-20261002/replays/55d612cdfb09471088be166753ea2816/episode-00000048-slot-4.json,200,1730fd4748255d30e4dbc4cfffd253d98a9d207f19b5e3d6dff0a9614572abcb
training,logs/training/br-address-action-mix50-20261002,logs/training/br-address-action-mix50-20261002/replays/55d612cdfb09471088be166753ea2816/episode-00000049-slot-3.json,200,c98ea7f300a8237b987efeedcf0edb22b2ea399a328e5011d08c1ef86f0701d0
training,logs/training/br-address-action-mix50-20261002,logs/training/br-address-action-mix50-20261002/replays/55d612cdfb09471088be166753ea2816/episode-00000050-slot-1.json,200,c8f9e25a5263ba27d935b3ec45d99005fb8f666fb681c5bd5c82b17f07c035fa
training,logs/training/br-address-action-mix50-20261002,logs/training/br-address-action-mix50-20261002/replays/55d612cdfb09471088be166753ea2816/episode-00000051-slot-0.json,200,d8982eedf5f057bf1811a9a2844947beb7b574c6e92b286582111be5fe695cbf
training,logs/training/br-address-action-mix50-20261002,logs/training/br-address-action-mix50-20261002/replays/55d612cdfb09471088be166753ea2816/episode-00000052-slot-6.json,200,c3f5f765cddbde759a0a66433ffcb51e88e5bec052d816c82a8203748f3ee99f
training,logs/training/br-address-action-mix50-20261002,logs/training/br-address-action-mix50-20261002/replays/55d612cdfb09471088be166753ea2816/episode-00000053-slot-7.json,200,4ae48bcdea7e0c4be9679c1dc577558d0761c1c09ad0041ca8de2aa139a96be2
training,logs/training/br-address-action-mix50-20261002,logs/training/br-address-action-mix50-20261002/replays/55d612cdfb09471088be166753ea2816/episode-00000054-slot-1.json,199,c6b72b8bc0650724b5a2213e966c6f83b03107bdf1d87c84f932b2431d8769d5
training,logs/training/br-address-action-mix50-20261002,logs/training/br-address-action-mix50-20261002/replays/55d612cdfb09471088be166753ea2816/episode-00000055-slot-5.json,199,05461d27c4f76dbd45d5e5c6f1df3a5a8df037f47004de29f649a1ae2129f52d
training,logs/training/br-address-action-mix50-20261002,logs/training/br-address-action-mix50-20261002/replays/55d612cdfb09471088be166753ea2816/episode-00000056-slot-3.json,200,d970fb97f9bdd57368abf92d78874a237a9fef13854caeeb842931d3b1fd74c4
training,logs/training/br-address-action-mix50-20261002,logs/training/br-address-action-mix50-20261002/replays/55d612cdfb09471088be166753ea2816/episode-00000057-slot-2.json,200,1b338a67fe1211f1547396b5ae72e0c00ef315bad43224e5f38bdd83e892e3d4
training,logs/training/br-address-action-mix50-20261002,logs/training/br-address-action-mix50-20261002/replays/55d612cdfb09471088be166753ea2816/episode-00000058-slot-4.json,200,06bee4b16196c84383b3acc40bf0f86a588ede7a4802e7df9de21fffe9519d05
training,logs/training/br-address-action-mix50-20261002,logs/training/br-address-action-mix50-20261002/replays/55d612cdfb09471088be166753ea2816/episode-00000059-slot-0.json,198,fda8dad2d5e60d4bf47374ed21ddd5f66e370fc3beed95f66d102e5e3b0b9683
training,logs/training/br-address-action-mix50-20261002,logs/training/br-address-action-mix50-20261002/replays/55d612cdfb09471088be166753ea2816/episode-00000060-slot-1.json,199,9339335d541f90424bc1a50a8c2e2acc6bcc1ec3f78404afc0e2225925fa8fcb
training,logs/training/br-address-action-mix50-20261002,logs/training/br-address-action-mix50-20261002/replays/55d612cdfb09471088be166753ea2816/episode-00000061-slot-2.json,199,018730f51fe81e8df1955e72441f85e849ae09d50f2775807d8ba9d22c71b818
training,logs/training/br-address-action-mix50-20261002,logs/training/br-address-action-mix50-20261002/replays/55d612cdfb09471088be166753ea2816/episode-00000062-slot-3.json,199,5f569e27f0d732e576ca643b95a2b165121491b5bb3b3c2790d2876cfae106c2
training,logs/training/br-address-action-mix50-20261002,logs/training/br-address-action-mix50-20261002/replays/55d612cdfb09471088be166753ea2816/episode-00000063-slot-4.json,198,62024d3a3b8a0aa2c96b5cd2b02dda43a6efeff09151e73c1421ef7a2ccddb57
training,logs/training/br-address-action-mix50-20261002,logs/training/br-address-action-mix50-20261002/replays/55d612cdfb09471088be166753ea2816/episode-00000064-slot-5.json,198,d74101ddb6fd62636ed07a2f84dafec15886ce63ccbc36ebdd343c1a5bdb55c4
training,logs/training/br-address-action-mix50-20261002,logs/training/br-address-action-mix50-20261002/replays/55d612cdfb09471088be166753ea2816/episode-00000065-slot-6.json,198,0254cb55dadd0df08864ae7203b992130af69867e93d354f6e09333be50ebbea
training,logs/training/br-address-action-mix50-20261002,logs/training/br-address-action-mix50-20261002/replays/55d612cdfb09471088be166753ea2816/episode-00000066-slot-7.json,197,7b6bce3498a7056cf7650b74ad7f15fbfb481e81f2a4729ddb67f5c50859baf0
training,logs/training/br-address-action-mix50-20261002,logs/training/br-address-action-mix50-20261002/result.json,2023,740600ec594edb24ca8a9d2a2b36d3b4687a7484cb7ef9552351033610420c2b
training,logs/training/br-address-action-mix50-20261002,logs/training/br-address-action-mix50-20261002/scalars/progress.csv,35623,07c0c687ea1699811a7bbbd385a2a774aa2afc2e24f3fd5b817d0be995cecd8c
training,logs/training/br-address-action-mix50-20261002,logs/training/br-address-action-mix50-20261002/timing.json,24232,be43a4fd8555cc46d28758e6cf8d476d6685f0dfe3a37cbf7117e02cc8a7a692
training,logs/training/br-address-balanced-budget-20261003,logs/training/br-address-balanced-budget-20261003/checkpoints/ppo_1048576_steps.curriculum.json,943,8d29de8ee72a98b966073a9204b27f97f022e2df443d9f8cfeceae8bff5c6523
training,logs/training/br-address-balanced-budget-20261003,logs/training/br-address-balanced-budget-20261003/checkpoints/ppo_262144_steps.curriculum.json,941,e4aced8f56703b65bdad485eed4b0d02ce235b6707ae94453e102897ce9918a3
training,logs/training/br-address-balanced-budget-20261003,logs/training/br-address-balanced-budget-20261003/checkpoints/ppo_524288_steps.curriculum.json,940,228a52d1b7e733ec9a000a5c36cf8317cb1f60649126a02ba58811afe0fc1957
training,logs/training/br-address-balanced-budget-20261003,logs/training/br-address-balanced-budget-20261003/checkpoints/ppo_786432_steps.curriculum.json,942,c90b9cc991dda61b1148ed328a1cbb4066e227f2d0d6c7524977371e580d903d
training,logs/training/br-address-balanced-budget-20261003,logs/training/br-address-balanced-budget-20261003/checkpoints/updated_1048576_steps.curriculum.json,943,3776e61b660abf04234378abdc0b5add48b9f110b6dcd68e9e321cc3d70b6b59
training,logs/training/br-address-balanced-budget-20261003,logs/training/br-address-balanced-budget-20261003/checkpoints/updated_2048_steps.curriculum.json,851,0de8e20463ee1131fbe67054c06441dafb921c7163a97a422f473e1d9b0c0300
training,logs/training/br-address-balanced-budget-20261003,logs/training/br-address-balanced-budget-20261003/checkpoints/updated_262144_steps.curriculum.json,941,ec8d6076fb5c3ecc19a20995bfc0cc3c53f521ca950ec42bb88ea300e6b09b60
training,logs/training/br-address-balanced-budget-20261003,logs/training/br-address-balanced-budget-20261003/checkpoints/updated_524288_steps.curriculum.json,940,1342f352bcc703d36bc634d6c752bbc67e63d3c7e53ea0289659d5201d6968ab
training,logs/training/br-address-balanced-budget-20261003,logs/training/br-address-balanced-budget-20261003/checkpoints/updated_786432_steps.curriculum.json,942,86f5eb79df8960f051fc77b36de83d0eb3a07dbcc16f551f826d87896ab5a555
training,logs/training/br-address-balanced-budget-20261003,logs/training/br-address-balanced-budget-20261003/config.yaml,5260,e4ab0ffe23df58a6633e51bfb805e931eefa735bd1147b51e9e39b78595ecdb6
training,logs/training/br-address-balanced-budget-20261003,logs/training/br-address-balanced-budget-20261003/final.curriculum.json,943,5a829b70c056cf2412ce40b2565d87e6e012d4df76d33def12428d194eb84815
training,logs/training/br-address-balanced-budget-20261003,logs/training/br-address-balanced-budget-20261003/identity.json,52096,da5e81af395aedabe0ee069918e4485fa6e930478748718b72ec4345183e0ea3
training,logs/training/br-address-balanced-budget-20261003,logs/training/br-address-balanced-budget-20261003/progress.json,852022,702a1c1396ab0ac5cd5ea72d01a0adf4e587fa3e0039495f779be92bc26a30e0
training,logs/training/br-address-balanced-budget-20261003,logs/training/br-address-balanced-budget-20261003/replays/75f814b290e943eb90ae63cc321e5b24/episode-00000001-slot-1.json,194,57fc0734fd368fee0e792ad169c74c1ef2692adfe806269147c70842af9c7dfa
training,logs/training/br-address-balanced-budget-20261003,logs/training/br-address-balanced-budget-20261003/replays/75f814b290e943eb90ae63cc321e5b24/episode-00000002-slot-4.json,194,d2a3a533a61d527232171b4b46e7a7e38962af7e506dce5ce2937ddeec24a7e6
training,logs/training/br-address-balanced-budget-20261003,logs/training/br-address-balanced-budget-20261003/replays/75f814b290e943eb90ae63cc321e5b24/episode-00000003-slot-6.json,194,1096664c67bbe955fb9730b61d82ad5fb753fd4e685e6a64778363ea81824d84
training,logs/training/br-address-balanced-budget-20261003,logs/training/br-address-balanced-budget-20261003/replays/75f814b290e943eb90ae63cc321e5b24/episode-00000004-slot-2.json,194,54ce63aafdc2c345cafd0ff89451a1b749fe214878e89a2b1eca7ddb7b5f6796
training,logs/training/br-address-balanced-budget-20261003,logs/training/br-address-balanced-budget-20261003/replays/75f814b290e943eb90ae63cc321e5b24/episode-00000005-slot-0.json,194,1d7d0a87a9cecd040c76a5326ab115f298fdc6fc7121c4df7295f5c07191f5c8
training,logs/training/br-address-balanced-budget-20261003,logs/training/br-address-balanced-budget-20261003/replays/75f814b290e943eb90ae63cc321e5b24/episode-00000006-slot-5.json,194,85f2a2cab6cd267cde60f54376af561c5c67871f6e6ee5c445b6e1b580822635
training,logs/training/br-address-balanced-budget-20261003,logs/training/br-address-balanced-budget-20261003/replays/75f814b290e943eb90ae63cc321e5b24/episode-00000007-slot-7.json,194,d1b33ac38b12d4a6caeb53e54c9c4df094796b7adb222f155da37f491a4b7438
training,logs/training/br-address-balanced-budget-20261003,logs/training/br-address-balanced-budget-20261003/replays/75f814b290e943eb90ae63cc321e5b24/episode-00000008-slot-3.json,198,82a6e4031bdb954d39acf3054575d4cbc2657b34465a324e2629c05e32cdb4d6
training,logs/training/br-address-balanced-budget-20261003,logs/training/br-address-balanced-budget-20261003/replays/75f814b290e943eb90ae63cc321e5b24/episode-00000009-slot-1.json,200,7d69a4247de658edc81c8b8654d52b5c9f40f8ecbda291f9b1cdcfe6a26c1766
training,logs/training/br-address-balanced-budget-20261003,logs/training/br-address-balanced-budget-20261003/replays/75f814b290e943eb90ae63cc321e5b24/episode-00000010-slot-7.json,200,b58725529dbcdf896f54b9d0821cb2d079a71496762b08bf43d764153dfe12c5
training,logs/training/br-address-balanced-budget-20261003,logs/training/br-address-balanced-budget-20261003/replays/75f814b290e943eb90ae63cc321e5b24/episode-00000011-slot-4.json,200,99e87a32d776d67a24ed865561ba6bb1b0a14236b88c80a8cb7bb253d40e864a
training,logs/training/br-address-balanced-budget-20261003,logs/training/br-address-balanced-budget-20261003/replays/75f814b290e943eb90ae63cc321e5b24/episode-00000012-slot-2.json,200,fd962f78f4303b4a1351c3a3cab47aec14f41ee0d8cc0b9b5f59ac5b13efc514
training,logs/training/br-address-balanced-budget-20261003,logs/training/br-address-balanced-budget-20261003/replays/75f814b290e943eb90ae63cc321e5b24/episode-00000013-slot-1.json,199,1e30b8d4b989d4f6f7eae35cf0455a1ef67f93b36f96b2f4a1a23c7c0cd24342
training,logs/training/br-address-balanced-budget-20261003,logs/training/br-address-balanced-budget-20261003/replays/75f814b290e943eb90ae63cc321e5b24/episode-00000014-slot-0.json,199,02930958f570e832a45b15d73b40fba1e38c3bd8f84f183344bf890d2d1c1bc1
training,logs/training/br-address-balanced-budget-20261003,logs/training/br-address-balanced-budget-20261003/replays/75f814b290e943eb90ae63cc321e5b24/episode-00000015-slot-6.json,204,d0443c1c1037cb643eb018cc58998824ec1b838a12da741d1479b6e77bf953ca
training,logs/training/br-address-balanced-budget-20261003,logs/training/br-address-balanced-budget-20261003/replays/75f814b290e943eb90ae63cc321e5b24/episode-00000016-slot-5.json,204,d695939a7e6e8245262b1b934291ccd097c970c07bd253b52b17b37c0962fa3a
training,logs/training/br-address-balanced-budget-20261003,logs/training/br-address-balanced-budget-20261003/replays/75f814b290e943eb90ae63cc321e5b24/episode-00000017-slot-7.json,200,d31773ae3a9271b38c8ec16dd2baa27547f53b0ac1b3e83dec1f562a9af099e2
training,logs/training/br-address-balanced-budget-20261003,logs/training/br-address-balanced-budget-20261003/replays/75f814b290e943eb90ae63cc321e5b24/episode-00000018-slot-3.json,200,a4ce77abecc009fd1d4d7186d599b3a40192d8dfc7bb8dc682e7e5b4c65ff710
training,logs/training/br-address-balanced-budget-20261003,logs/training/br-address-balanced-budget-20261003/replays/75f814b290e943eb90ae63cc321e5b24/episode-00000019-slot-2.json,200,aa5f71740208d47a05467dfe080e7b6457103f6ae262718dd94d803af555d332
training,logs/training/br-address-balanced-budget-20261003,logs/training/br-address-balanced-budget-20261003/replays/75f814b290e943eb90ae63cc321e5b24/episode-00000020-slot-4.json,200,68f5f3e354d3e1d1c3981733f4cbe1f286118a78a86929b3df27be78eda26202
training,logs/training/br-address-balanced-budget-20261003,logs/training/br-address-balanced-budget-20261003/replays/75f814b290e943eb90ae63cc321e5b24/episode-00000021-slot-0.json,200,c2075fbac0541d3f0a5b1051ce363ea52d6dd4b2cb4dc607704f103a3e7e404c
training,logs/training/br-address-balanced-budget-20261003,logs/training/br-address-balanced-budget-20261003/replays/75f814b290e943eb90ae63cc321e5b24/episode-00000022-slot-1.json,200,3c519291b610f717b25077020225e2536e1806834fcf3dc385a149842d432dfa
training,logs/training/br-address-balanced-budget-20261003,logs/training/br-address-balanced-budget-20261003/replays/75f814b290e943eb90ae63cc321e5b24/episode-00000023-slot-6.json,199,f6c953e35927572ec188be7c5b1aac9f1dbf4109be20f112718e8d0ebe3cab2c
training,logs/training/br-address-balanced-budget-20261003,logs/training/br-address-balanced-budget-20261003/replays/75f814b290e943eb90ae63cc321e5b24/episode-00000024-slot-7.json,200,75d4f7f607b28efd66e57c9d9bda9b409c763fa8d15ed12cb4605c285295b6d8
training,logs/training/br-address-balanced-budget-20261003,logs/training/br-address-balanced-budget-20261003/replays/75f814b290e943eb90ae63cc321e5b24/episode-00000025-slot-5.json,200,7bb2bc2d35f1c91950c00ecfc241a153644286d796df61bd78653ebc52a0c2f1
training,logs/training/br-address-balanced-budget-20261003,logs/training/br-address-balanced-budget-20261003/replays/75f814b290e943eb90ae63cc321e5b24/episode-00000026-slot-4.json,200,bb02caa61dc1df2eafec4455ea89f2fcdb92b1e16f4eab6256d87e55c8ce717d
training,logs/training/br-address-balanced-budget-20261003,logs/training/br-address-balanced-budget-20261003/replays/75f814b290e943eb90ae63cc321e5b24/episode-00000027-slot-2.json,200,2d4fba6cc64a33be7e043136bc76b9086881fdca60691e21ce7e1b5e3caf4e35
training,logs/training/br-address-balanced-budget-20261003,logs/training/br-address-balanced-budget-20261003/replays/75f814b290e943eb90ae63cc321e5b24/episode-00000028-slot-1.json,199,e735cc8a49c17c9514c6a9a953ac6f6af697891367b5c65668286d2eb5ae544b
training,logs/training/br-address-balanced-budget-20261003,logs/training/br-address-balanced-budget-20261003/replays/75f814b290e943eb90ae63cc321e5b24/episode-00000029-slot-5.json,200,75ad804d5ae7b6ffcc616b4b68409ea4ac0e5149b883ee17a661131aa37fcb3f
training,logs/training/br-address-balanced-budget-20261003,logs/training/br-address-balanced-budget-20261003/replays/75f814b290e943eb90ae63cc321e5b24/episode-00000030-slot-3.json,200,a56b711d861b45881328f68916c1aef0a4ec3c49f1073bdaf1ceb95afa175163
training,logs/training/br-address-balanced-budget-20261003,logs/training/br-address-balanced-budget-20261003/replays/75f814b290e943eb90ae63cc321e5b24/episode-00000031-slot-0.json,200,89e7144f3656764c0d0b1801fe94572d00ce0d6acdcdc9464d6d0e903ab200ba
training,logs/training/br-address-balanced-budget-20261003,logs/training/br-address-balanced-budget-20261003/replays/75f814b290e943eb90ae63cc321e5b24/episode-00000032-slot-7.json,199,2d7e4cd99f0a0698b893749a949dac9b3f0d0bdb7562bdaafa329cd6e4733e54
training,logs/training/br-address-balanced-budget-20261003,logs/training/br-address-balanced-budget-20261003/replays/75f814b290e943eb90ae63cc321e5b24/episode-00000033-slot-4.json,199,370e02d8360b746b04cdce6df14d2e9fd5b1bb63b356bf6530f6d9c616ba7751
training,logs/training/br-address-balanced-budget-20261003,logs/training/br-address-balanced-budget-20261003/replays/75f814b290e943eb90ae63cc321e5b24/episode-00000034-slot-6.json,200,368710eca60206f8c0b15a954e5c2ca82027fc2cfd2ef5cfdde1ef137ee8291f
training,logs/training/br-address-balanced-budget-20261003,logs/training/br-address-balanced-budget-20261003/replays/75f814b290e943eb90ae63cc321e5b24/episode-00000035-slot-7.json,200,a7497e366392318b39faefe51fd3881e6941bd84826ea2008ed34b1d929e0eb3
training,logs/training/br-address-balanced-budget-20261003,logs/training/br-address-balanced-budget-20261003/replays/75f814b290e943eb90ae63cc321e5b24/episode-00000036-slot-2.json,200,2eb182fbc614943a9f8ae7baf0440299e75b53f8a801b3eb8f0ad0c2c0161451
training,logs/training/br-address-balanced-budget-20261003,logs/training/br-address-balanced-budget-20261003/replays/75f814b290e943eb90ae63cc321e5b24/episode-00000037-slot-3.json,199,8bb6a353acc4d5d1e1feed92f1e8c5c158944afec807532ce98a635093ef5474
training,logs/training/br-address-balanced-budget-20261003,logs/training/br-address-balanced-budget-20261003/replays/75f814b290e943eb90ae63cc321e5b24/episode-00000038-slot-5.json,200,96ac9419757d6c93db1be5f0794025180a48331de92ad0b086dc933af3ca1fc0
training,logs/training/br-address-balanced-budget-20261003,logs/training/br-address-balanced-budget-20261003/replays/75f814b290e943eb90ae63cc321e5b24/episode-00000039-slot-1.json,199,184cbc2ffffdca1f70e792d126835e30a3b66671e385251e052f24843add8222
training,logs/training/br-address-balanced-budget-20261003,logs/training/br-address-balanced-budget-20261003/replays/75f814b290e943eb90ae63cc321e5b24/episode-00000040-slot-0.json,200,6f8f1567a0d5180cb2bfeba3a3c92eba03d2b5bdce9413c7a23d34bf08e6ac3d
training,logs/training/br-address-balanced-budget-20261003,logs/training/br-address-balanced-budget-20261003/replays/75f814b290e943eb90ae63cc321e5b24/episode-00000041-slot-6.json,199,2d4279b9eb813383d4c5ea562fe359516ae9ee74ea49659e0946ef4538416778
training,logs/training/br-address-balanced-budget-20261003,logs/training/br-address-balanced-budget-20261003/replays/75f814b290e943eb90ae63cc321e5b24/episode-00000042-slot-7.json,200,4379a94757ef39756a570aba6901c866db7e0a84422d4b0e7f2b54528384f02e
training,logs/training/br-address-balanced-budget-20261003,logs/training/br-address-balanced-budget-20261003/replays/75f814b290e943eb90ae63cc321e5b24/episode-00000043-slot-4.json,200,88573c3ed9a96c748a589f5455ad68e0dc98245630d9f269908f151a462fd5ef
training,logs/training/br-address-balanced-budget-20261003,logs/training/br-address-balanced-budget-20261003/replays/75f814b290e943eb90ae63cc321e5b24/episode-00000044-slot-3.json,200,5066719c0fb4b1b602ed38da9fa5448630b64965b96736e05f752c22c9895d79
training,logs/training/br-address-balanced-budget-20261003,logs/training/br-address-balanced-budget-20261003/replays/75f814b290e943eb90ae63cc321e5b24/episode-00000045-slot-0.json,200,67c9d0e19b95cb8faa293b5b268eea05e1a881fd873450b356343cab0443b712
training,logs/training/br-address-balanced-budget-20261003,logs/training/br-address-balanced-budget-20261003/replays/75f814b290e943eb90ae63cc321e5b24/episode-00000046-slot-1.json,200,e0aa6d54adab94aa4f233bf671185ff83796ff0ad3b70f6bd014368eafa93db6
training,logs/training/br-address-balanced-budget-20261003,logs/training/br-address-balanced-budget-20261003/replays/75f814b290e943eb90ae63cc321e5b24/episode-00000047-slot-6.json,200,b43860072d4543ac7ffbb2307c4b5d294c3a50068aa5eca1b2f425b7c403b87a
training,logs/training/br-address-balanced-budget-20261003,logs/training/br-address-balanced-budget-20261003/replays/75f814b290e943eb90ae63cc321e5b24/episode-00000048-slot-2.json,200,dd55897ab5e42bb81b46b915e866dc1b28678513ad4678cbfd3914a8fc63584c
training,logs/training/br-address-balanced-budget-20261003,logs/training/br-address-balanced-budget-20261003/replays/75f814b290e943eb90ae63cc321e5b24/episode-00000049-slot-7.json,200,13458951cc3776fcb888b145a0d1195f1c0793d5840adeb94e537bc7181af6bd
training,logs/training/br-address-balanced-budget-20261003,logs/training/br-address-balanced-budget-20261003/replays/75f814b290e943eb90ae63cc321e5b24/episode-00000050-slot-5.json,199,56977d1548be55cd5f6da51688c4277d81b971cb87ca16f498ad01cb20422639
training,logs/training/br-address-balanced-budget-20261003,logs/training/br-address-balanced-budget-20261003/replays/75f814b290e943eb90ae63cc321e5b24/episode-00000051-slot-4.json,200,7d389dcc185e46d4d83b0c3b9c757bf8ecc610649cbc7daa389137c8fb8ebbe9
training,logs/training/br-address-balanced-budget-20261003,logs/training/br-address-balanced-budget-20261003/replays/75f814b290e943eb90ae63cc321e5b24/episode-00000052-slot-0.json,200,8143158f3eb4b68104a8f47618ed03a1adc9e9ea0d056b504949de42d0a43fb1
training,logs/training/br-address-balanced-budget-20261003,logs/training/br-address-balanced-budget-20261003/replays/75f814b290e943eb90ae63cc321e5b24/episode-00000053-slot-3.json,200,2aaf39045e5aa9b7c3cb2cdc5225225fdc8f4206723012d3925c06cea002f813
training,logs/training/br-address-balanced-budget-20261003,logs/training/br-address-balanced-budget-20261003/replays/75f814b290e943eb90ae63cc321e5b24/episode-00000054-slot-6.json,200,e88d71c3cd6ea96caf5290f5bc45e41f11dcbb9ac890d9227c45d61f4d2c0c2c
training,logs/training/br-address-balanced-budget-20261003,logs/training/br-address-balanced-budget-20261003/replays/75f814b290e943eb90ae63cc321e5b24/episode-00000055-slot-1.json,199,da9a600bb7af33c438d08a9755c24cf6864158755c01d81c92c84cc331e818cb
training,logs/training/br-address-balanced-budget-20261003,logs/training/br-address-balanced-budget-20261003/replays/75f814b290e943eb90ae63cc321e5b24/episode-00000056-slot-2.json,200,b73efb8e7577c61376f12471eb09e16414fa67bb131f1287493db38b3b2d5414
training,logs/training/br-address-balanced-budget-20261003,logs/training/br-address-balanced-budget-20261003/replays/75f814b290e943eb90ae63cc321e5b24/episode-00000057-slot-7.json,200,a48a11ef948b646b9c3748034f696a18770b6fa6ba66f9eabac39b2b2c460a46
training,logs/training/br-address-balanced-budget-20261003,logs/training/br-address-balanced-budget-20261003/replays/75f814b290e943eb90ae63cc321e5b24/episode-00000058-slot-5.json,199,647aea587a718e30b3cfceaf7841f44f23184d27971ef0ff60e38172b7fc3870
training,logs/training/br-address-balanced-budget-20261003,logs/training/br-address-balanced-budget-20261003/replays/75f814b290e943eb90ae63cc321e5b24/episode-00000059-slot-3.json,198,b3ba77dfe948c81a6390c2b7bb7193d97eeeecb4eba249d1305835625928b62e
training,logs/training/br-address-balanced-budget-20261003,logs/training/br-address-balanced-budget-20261003/replays/75f814b290e943eb90ae63cc321e5b24/episode-00000060-slot-4.json,199,e55f6d99c218b6b4e12d18eb58df1140e0baa28e7adc61fa87c2f1cbbf862dc8
training,logs/training/br-address-balanced-budget-20261003,logs/training/br-address-balanced-budget-20261003/replays/75f814b290e943eb90ae63cc321e5b24/episode-00000061-slot-6.json,200,c2d125485df43bd527f1729c2d135599af778aee03bfcbbdc4fd803af9b270d3
training,logs/training/br-address-balanced-budget-20261003,logs/training/br-address-balanced-budget-20261003/replays/75f814b290e943eb90ae63cc321e5b24/episode-00000062-slot-5.json,200,f0a17db85675d7bcba50fa036f54e87d876c42232f982d0eeaaa1db230104bee
training,logs/training/br-address-balanced-budget-20261003,logs/training/br-address-balanced-budget-20261003/replays/75f814b290e943eb90ae63cc321e5b24/episode-00000063-slot-1.json,199,631aeb6f4aae5b9bd89c11aead621720797cdcf6c0ea000cd55a7fbe9c821ef9
training,logs/training/br-address-balanced-budget-20261003,logs/training/br-address-balanced-budget-20261003/replays/75f814b290e943eb90ae63cc321e5b24/episode-00000064-slot-7.json,200,4a09331ea5bc5d88107f6206f01d8c7a171b98ff56e32c03e1ce08b23426ea61
training,logs/training/br-address-balanced-budget-20261003,logs/training/br-address-balanced-budget-20261003/replays/75f814b290e943eb90ae63cc321e5b24/episode-00000065-slot-0.json,199,a9599095c5078e38ae59eef40fd220b9901ae76d84ca11f30dfa9340ccdf4a74
training,logs/training/br-address-balanced-budget-20261003,logs/training/br-address-balanced-budget-20261003/replays/75f814b290e943eb90ae63cc321e5b24/episode-00000066-slot-2.json,200,f694ea599f7c585cd8e55bae8276dd816e0f38f2fb444a6c8e15893668c97864
training,logs/training/br-address-balanced-budget-20261003,logs/training/br-address-balanced-budget-20261003/replays/75f814b290e943eb90ae63cc321e5b24/episode-00000067-slot-3.json,200,03688c16c55e703c6d538c84c2c0ffa499d494aab5ed9cd31ab7200490fffaf7
training,logs/training/br-address-balanced-budget-20261003,logs/training/br-address-balanced-budget-20261003/replays/75f814b290e943eb90ae63cc321e5b24/episode-00000068-slot-5.json,200,6605a8319591a9f4b98f3e79b5283796fcd1a7b82a52864ca30648e2472cf753
training,logs/training/br-address-balanced-budget-20261003,logs/training/br-address-balanced-budget-20261003/replays/75f814b290e943eb90ae63cc321e5b24/episode-00000069-slot-4.json,200,84beeda6a4e8568896afd412b8b55e4f92071451ac5a10a1bf1cebfcd37acdcf
training,logs/training/br-address-balanced-budget-20261003,logs/training/br-address-balanced-budget-20261003/replays/75f814b290e943eb90ae63cc321e5b24/episode-00000070-slot-6.json,200,8d24a98c816f4a048e8037878345c1bcaa9d2a5f0805c3459af231ea0dddd883
training,logs/training/br-address-balanced-budget-20261003,logs/training/br-address-balanced-budget-20261003/replays/75f814b290e943eb90ae63cc321e5b24/episode-00000071-slot-7.json,200,7ffb5ebb251905d8b0dc6b9cfdf6f5bc8ddaf5376726c96673cf64b42a446262
training,logs/training/br-address-balanced-budget-20261003,logs/training/br-address-balanced-budget-20261003/replays/75f814b290e943eb90ae63cc321e5b24/episode-00000072-slot-1.json,200,cd9189324c753dbb7a3407fca8539e6d4417d51bc5098e44dcef0d6948a0d98c
training,logs/training/br-address-balanced-budget-20261003,logs/training/br-address-balanced-budget-20261003/replays/75f814b290e943eb90ae63cc321e5b24/episode-00000073-slot-2.json,200,8a5cf2b57eca73f7b4726082c97c756e81756edd95c34bfd88bfaea5b4e1509d
training,logs/training/br-address-balanced-budget-20261003,logs/training/br-address-balanced-budget-20261003/replays/75f814b290e943eb90ae63cc321e5b24/episode-00000074-slot-5.json,200,90a9afd4273afb386a743f16f386601395edc036fa1566d16ca9628f6e9f4391
training,logs/training/br-address-balanced-budget-20261003,logs/training/br-address-balanced-budget-20261003/replays/75f814b290e943eb90ae63cc321e5b24/episode-00000075-slot-0.json,199,62deffdd355fa4e23f98f2458746f36cbad5963135b6f417361338b4a6a09ee0
training,logs/training/br-address-balanced-budget-20261003,logs/training/br-address-balanced-budget-20261003/replays/75f814b290e943eb90ae63cc321e5b24/episode-00000076-slot-6.json,200,277538a06f00142a725fe4347465321b37785173672660a461a3fca35a160ab6
training,logs/training/br-address-balanced-budget-20261003,logs/training/br-address-balanced-budget-20261003/replays/75f814b290e943eb90ae63cc321e5b24/episode-00000077-slot-3.json,200,a41b5609a472a400652a91dcc565467f0e39f2181de8884171613f26f422f5c9
training,logs/training/br-address-balanced-budget-20261003,logs/training/br-address-balanced-budget-20261003/replays/75f814b290e943eb90ae63cc321e5b24/episode-00000078-slot-1.json,200,a70eec55ebdf54a8d4c0aa52a39e29dbf473e2dc34543c9d8f99376c1ad5e3f9
training,logs/training/br-address-balanced-budget-20261003,logs/training/br-address-balanced-budget-20261003/replays/75f814b290e943eb90ae63cc321e5b24/episode-00000079-slot-4.json,199,90724bcd60dbb50faba443b5a0930fb9d2e4dfbaf1ee7c675594b9c11cb59879
training,logs/training/br-address-balanced-budget-20261003,logs/training/br-address-balanced-budget-20261003/replays/75f814b290e943eb90ae63cc321e5b24/episode-00000080-slot-5.json,199,a5d6e3cd7839e71de2c477e82647dfdb23d730ec7ac5aab9679acc85fe3fe197
training,logs/training/br-address-balanced-budget-20261003,logs/training/br-address-balanced-budget-20261003/replays/75f814b290e943eb90ae63cc321e5b24/episode-00000081-slot-2.json,198,816d1885366b44093eee3b321886b9f579b554bbb4590cf22ec1335f1601118e
training,logs/training/br-address-balanced-budget-20261003,logs/training/br-address-balanced-budget-20261003/replays/75f814b290e943eb90ae63cc321e5b24/episode-00000082-slot-0.json,199,d6563b01811329584ca7c4dc0f4becea9805eea0d8efdb626da6c665c8d9191e
training,logs/training/br-address-balanced-budget-20261003,logs/training/br-address-balanced-budget-20261003/replays/75f814b290e943eb90ae63cc321e5b24/episode-00000083-slot-7.json,200,5d79abb7f97910edc1501fbb76ef48ab11c8677d791b928a644d16688c9de85e
training,logs/training/br-address-balanced-budget-20261003,logs/training/br-address-balanced-budget-20261003/replays/75f814b290e943eb90ae63cc321e5b24/episode-00000084-slot-6.json,200,155a10ca20bccc6133b1ec9cdbd95656ca8b92306b9d279d886273a6d2900019
training,logs/training/br-address-balanced-budget-20261003,logs/training/br-address-balanced-budget-20261003/replays/75f814b290e943eb90ae63cc321e5b24/episode-00000085-slot-1.json,200,d6954e02c38b7724e8e7705fd2be85b2a275530ca8d00d826683918fed6ff0e2
training,logs/training/br-address-balanced-budget-20261003,logs/training/br-address-balanced-budget-20261003/replays/75f814b290e943eb90ae63cc321e5b24/episode-00000086-slot-5.json,200,283f84b51351cec94d5516ad5c9a56ba9ab03b49a0ea88322f9822704b41f516
training,logs/training/br-address-balanced-budget-20261003,logs/training/br-address-balanced-budget-20261003/replays/75f814b290e943eb90ae63cc321e5b24/episode-00000087-slot-4.json,199,27ea92b325f4d6e8322b0dd0877e8dade8ab2c6a32c8982542671d39728df887
training,logs/training/br-address-balanced-budget-20261003,logs/training/br-address-balanced-budget-20261003/replays/75f814b290e943eb90ae63cc321e5b24/episode-00000088-slot-3.json,200,d41c202bec8c05f528923bc37bec7f472f2db904013bc1ec0f465b2151cfa3d4
training,logs/training/br-address-balanced-budget-20261003,logs/training/br-address-balanced-budget-20261003/replays/75f814b290e943eb90ae63cc321e5b24/episode-00000089-slot-0.json,200,e1c26047946c4b7503a81fd43fdd6feaff8238fca76994ca1703661a099887f9
training,logs/training/br-address-balanced-budget-20261003,logs/training/br-address-balanced-budget-20261003/replays/75f814b290e943eb90ae63cc321e5b24/episode-00000090-slot-7.json,200,ae4642b1fa0d60d8acedc12b2ccf5a168e3efa8eefdb415da6038905d9a64eee
training,logs/training/br-address-balanced-budget-20261003,logs/training/br-address-balanced-budget-20261003/replays/75f814b290e943eb90ae63cc321e5b24/episode-00000091-slot-2.json,200,5af4ce3a4457fdb8a39df5e63dac2da1f673a0dceefcb51535af0d9d657a1f31
training,logs/training/br-address-balanced-budget-20261003,logs/training/br-address-balanced-budget-20261003/replays/75f814b290e943eb90ae63cc321e5b24/episode-00000092-slot-6.json,200,9582c7e508022798d8da0aada1dd4cf2f7636bc6e331e408c985dd9f4bd543e5
training,logs/training/br-address-balanced-budget-20261003,logs/training/br-address-balanced-budget-20261003/replays/75f814b290e943eb90ae63cc321e5b24/episode-00000093-slot-1.json,200,680683ba771bfd9bd01ccdbc15f56e4e2a4505757d3b54126e987d0f4000dc4b
training,logs/training/br-address-balanced-budget-20261003,logs/training/br-address-balanced-budget-20261003/replays/75f814b290e943eb90ae63cc321e5b24/episode-00000094-slot-5.json,199,d54f8e3ec8a1e49fffca28c77e8fa3fac4c7a779fa39bc84595ecebd17290b0d
training,logs/training/br-address-balanced-budget-20261003,logs/training/br-address-balanced-budget-20261003/replays/75f814b290e943eb90ae63cc321e5b24/episode-00000095-slot-3.json,200,d0fa088aba0dd73ba259c2965842bc12471c47fb5397132b426d9dcb7b551291
training,logs/training/br-address-balanced-budget-20261003,logs/training/br-address-balanced-budget-20261003/replays/75f814b290e943eb90ae63cc321e5b24/episode-00000096-slot-7.json,200,2202604911d59083da449bd976cca7c2e32f4468b508088b9a5a3e70417c4b61
training,logs/training/br-address-balanced-budget-20261003,logs/training/br-address-balanced-budget-20261003/replays/75f814b290e943eb90ae63cc321e5b24/episode-00000097-slot-0.json,200,b7ef236c6167727c9a11ae7ed45d74984f516c7e914cdc002569b08c66c6153c
training,logs/training/br-address-balanced-budget-20261003,logs/training/br-address-balanced-budget-20261003/replays/75f814b290e943eb90ae63cc321e5b24/episode-00000098-slot-2.json,198,676198b0f56c9e78d72528c6f51fbf89758c325b900637cfa3af93c6fc526604
training,logs/training/br-address-balanced-budget-20261003,logs/training/br-address-balanced-budget-20261003/replays/75f814b290e943eb90ae63cc321e5b24/episode-00000099-slot-6.json,199,9b39482aca1e01373314b9e71d1ffcd1036cf3eb8b6161093cfcca400960b1c2
training,logs/training/br-address-balanced-budget-20261003,logs/training/br-address-balanced-budget-20261003/replays/75f814b290e943eb90ae63cc321e5b24/episode-00000100-slot-4.json,200,6b028910b0a11c457a5156c83edccb7c9a37342bcdd0e8fed0253fd3559cde9f
training,logs/training/br-address-balanced-budget-20261003,logs/training/br-address-balanced-budget-20261003/replays/75f814b290e943eb90ae63cc321e5b24/episode-00000101-slot-1.json,200,846eb95f2c7c769adba261d5afb28f471fa553df2ae0ca9bfb7959c70f58b6ea
training,logs/training/br-address-balanced-budget-20261003,logs/training/br-address-balanced-budget-20261003/replays/75f814b290e943eb90ae63cc321e5b24/episode-00000102-slot-5.json,200,6763ff00b24a19ec702af1f351fec4d3d8b5363c28c2f7a8a8da6e9835227eaa
training,logs/training/br-address-balanced-budget-20261003,logs/training/br-address-balanced-budget-20261003/replays/75f814b290e943eb90ae63cc321e5b24/episode-00000103-slot-2.json,200,0e1e569377d9a1ed109652f5fe400b0a40a82caa5c85937b23d74240dd3666e7
training,logs/training/br-address-balanced-budget-20261003,logs/training/br-address-balanced-budget-20261003/replays/75f814b290e943eb90ae63cc321e5b24/episode-00000104-slot-7.json,200,684b4877ad1e0afe83ed4da5ee2e83f997873687a55af265f75023cdc39f0d26
training,logs/training/br-address-balanced-budget-20261003,logs/training/br-address-balanced-budget-20261003/replays/75f814b290e943eb90ae63cc321e5b24/episode-00000105-slot-3.json,200,beca35699f869da190d6e3b7bb9b1f119574d6d1454ad5b34f4c5223c059161b
training,logs/training/br-address-balanced-budget-20261003,logs/training/br-address-balanced-budget-20261003/replays/75f814b290e943eb90ae63cc321e5b24/episode-00000106-slot-0.json,199,ae31dabd09d87b7d3173bb875286f5d8c5c4eaf50b4720f9cbd0682b982ecb41
training,logs/training/br-address-balanced-budget-20261003,logs/training/br-address-balanced-budget-20261003/replays/75f814b290e943eb90ae63cc321e5b24/episode-00000107-slot-6.json,198,9ed64998357480c9701a26439040588836d9ad46a6374d64a219774b11d24aa9
training,logs/training/br-address-balanced-budget-20261003,logs/training/br-address-balanced-budget-20261003/replays/75f814b290e943eb90ae63cc321e5b24/episode-00000108-slot-4.json,200,eda8bce44417eb80da02e2cb1639fe9f2d727f7315a8801a74274171f2c31ca6
training,logs/training/br-address-balanced-budget-20261003,logs/training/br-address-balanced-budget-20261003/replays/75f814b290e943eb90ae63cc321e5b24/episode-00000109-slot-1.json,200,dfdbbf7a20c58bd65cb738ee0ab80cf35c13df0bc9428829d493eda64a24d1ab
training,logs/training/br-address-balanced-budget-20261003,logs/training/br-address-balanced-budget-20261003/replays/75f814b290e943eb90ae63cc321e5b24/episode-00000110-slot-5.json,200,76b54a16c69a6254eb86decca43cc4916d9bd3bfcccd328d0c6b0ed724e82274
training,logs/training/br-address-balanced-budget-20261003,logs/training/br-address-balanced-budget-20261003/replays/75f814b290e943eb90ae63cc321e5b24/episode-00000111-slot-2.json,200,cdf7cf685aae664dc9adc5f1f15c5568c477bb382eea31c42f475067a0bb1920
training,logs/training/br-address-balanced-budget-20261003,logs/training/br-address-balanced-budget-20261003/replays/75f814b290e943eb90ae63cc321e5b24/episode-00000112-slot-4.json,200,352b4d447338ed1a57905d492c077cd16b65a1a0e78aea5bced2105257a080c5
training,logs/training/br-address-balanced-budget-20261003,logs/training/br-address-balanced-budget-20261003/replays/75f814b290e943eb90ae63cc321e5b24/episode-00000113-slot-7.json,200,0bf4a4d3a0ffdb594bc3eef54c4a7531135dd882a7cac07486c748d6a71b6995
training,logs/training/br-address-balanced-budget-20261003,logs/training/br-address-balanced-budget-20261003/replays/75f814b290e943eb90ae63cc321e5b24/episode-00000114-slot-6.json,200,f75a1b7d6ef24efce94f4f85609c0305d15ec0d5f2742d2c9c36275577a0259e
training,logs/training/br-address-balanced-budget-20261003,logs/training/br-address-balanced-budget-20261003/replays/75f814b290e943eb90ae63cc321e5b24/episode-00000115-slot-3.json,199,1918810648b444cf345b7a7e87f4dc37148321c2b8b77730bdcb97110fd94020
training,logs/training/br-address-balanced-budget-20261003,logs/training/br-address-balanced-budget-20261003/replays/75f814b290e943eb90ae63cc321e5b24/episode-00000116-slot-0.json,199,bf0f51a87cb9da359df14a4d58cd6e98f6a7271890165e20aa3ec8126f614bb4
training,logs/training/br-address-balanced-budget-20261003,logs/training/br-address-balanced-budget-20261003/replays/75f814b290e943eb90ae63cc321e5b24/episode-00000117-slot-5.json,199,6214b4a97c2dcc167ebb026772fef06ec42c090d8d962dbb21a66f082cf01201
training,logs/training/br-address-balanced-budget-20261003,logs/training/br-address-balanced-budget-20261003/replays/75f814b290e943eb90ae63cc321e5b24/episode-00000118-slot-1.json,200,654da78fc27e7bc1befd45faa8ec886540bef983ee7457d857f39e013f3d46f2
training,logs/training/br-address-balanced-budget-20261003,logs/training/br-address-balanced-budget-20261003/replays/75f814b290e943eb90ae63cc321e5b24/episode-00000119-slot-2.json,200,9689d172ca152aca98e9ca3dc42cf1dd495ca5cf9ae56e12f711517ea4527a9e
training,logs/training/br-address-balanced-budget-20261003,logs/training/br-address-balanced-budget-20261003/replays/75f814b290e943eb90ae63cc321e5b24/episode-00000120-slot-6.json,200,ae64a468012c568d44860e3b008ae8dc21ed82e719531f6a36b5f8280f1ddfd5
training,logs/training/br-address-balanced-budget-20261003,logs/training/br-address-balanced-budget-20261003/replays/75f814b290e943eb90ae63cc321e5b24/episode-00000121-slot-0.json,200,b98a9e51d6dfe78dd4645b757e75354edc6fe475d88ed8aaeb7f58c06fe7a06e
training,logs/training/br-address-balanced-budget-20261003,logs/training/br-address-balanced-budget-20261003/replays/75f814b290e943eb90ae63cc321e5b24/episode-00000122-slot-3.json,200,b08a07094ce2a23e8975150eb359ff874381a5feb954f6db1495d3a53c43f61b
training,logs/training/br-address-balanced-budget-20261003,logs/training/br-address-balanced-budget-20261003/replays/75f814b290e943eb90ae63cc321e5b24/episode-00000123-slot-4.json,200,10f76ff8c7bf8f9fe347df0fc30d2bae583913e327331aad18726264ccd7b3ca
training,logs/training/br-address-balanced-budget-20261003,logs/training/br-address-balanced-budget-20261003/replays/75f814b290e943eb90ae63cc321e5b24/episode-00000124-slot-7.json,200,df670352382cc1c35aa73cd48fb93f2309d17b6fdffbd2d899b5878973b746e7
training,logs/training/br-address-balanced-budget-20261003,logs/training/br-address-balanced-budget-20261003/replays/75f814b290e943eb90ae63cc321e5b24/episode-00000125-slot-5.json,200,b363bd567d4c515d73600b70000b005a8d2157e691642e4669658aeebad3ba2f
training,logs/training/br-address-balanced-budget-20261003,logs/training/br-address-balanced-budget-20261003/replays/75f814b290e943eb90ae63cc321e5b24/episode-00000126-slot-2.json,199,350d940e9c3b074d37c194f3241a2e96579f3e266dbff022f35ba0b3dacbe7fd
training,logs/training/br-address-balanced-budget-20261003,logs/training/br-address-balanced-budget-20261003/replays/75f814b290e943eb90ae63cc321e5b24/episode-00000127-slot-6.json,200,c765b4962990d0114e95db375981091b336721aeb827a4b784439dc1468df124
training,logs/training/br-address-balanced-budget-20261003,logs/training/br-address-balanced-budget-20261003/replays/75f814b290e943eb90ae63cc321e5b24/episode-00000128-slot-3.json,200,f520095c44339dc81c05c313d5fe3b46ad412a482efbbc6d66826f8d979a8bb7
training,logs/training/br-address-balanced-budget-20261003,logs/training/br-address-balanced-budget-20261003/replays/75f814b290e943eb90ae63cc321e5b24/episode-00000129-slot-1.json,199,b8f94e0f980ef63fd4cf7428fabc194670f92f201b6df235c60b9226bc5f935b
training,logs/training/br-address-balanced-budget-20261003,logs/training/br-address-balanced-budget-20261003/replays/75f814b290e943eb90ae63cc321e5b24/episode-00000130-slot-0.json,200,c9bad1db7f8d6a025399d7eb1a0632d9d8f057e47b52604aaa48fc1bb1ca9409
training,logs/training/br-address-balanced-budget-20261003,logs/training/br-address-balanced-budget-20261003/replays/75f814b290e943eb90ae63cc321e5b24/episode-00000131-slot-7.json,200,b029b98f8584ee3e5531866dd2e2d274c6a1a83c36160b31019e248c4cbd10aa
training,logs/training/br-address-balanced-budget-20261003,logs/training/br-address-balanced-budget-20261003/replays/75f814b290e943eb90ae63cc321e5b24/episode-00000132-slot-4.json,200,c0f4929e12f66c34e6509d9618d293d378090b735e27eae60bf9d4e1ae8a6403
training,logs/training/br-address-balanced-budget-20261003,logs/training/br-address-balanced-budget-20261003/replays/75f814b290e943eb90ae63cc321e5b24/episode-00000133-slot-5.json,200,13efbb1278d323c14edc081cb7225915192c4087d8291d296a7e16a387bbc87c
training,logs/training/br-address-balanced-budget-20261003,logs/training/br-address-balanced-budget-20261003/replays/75f814b290e943eb90ae63cc321e5b24/episode-00000134-slot-7.json,200,b248e16840f687bc20f072fcfca5ae8d6d25dfc002042d71ccef618cf525b021
training,logs/training/br-address-balanced-budget-20261003,logs/training/br-address-balanced-budget-20261003/replays/75f814b290e943eb90ae63cc321e5b24/episode-00000135-slot-4.json,200,2134bb4cea2d6b131f9e5a08abedca0633c67fc1502d2b1225343169a7990042
training,logs/training/br-address-balanced-budget-20261003,logs/training/br-address-balanced-budget-20261003/replays/75f814b290e943eb90ae63cc321e5b24/episode-00000136-slot-3.json,200,379e0c331c549e55509e7499ac2f661e62daf6a1ebdf8c12275a1f71e7274f80
training,logs/training/br-address-balanced-budget-20261003,logs/training/br-address-balanced-budget-20261003/replays/75f814b290e943eb90ae63cc321e5b24/episode-00000137-slot-1.json,199,9dcecbd2942c97cfd30afddc0bb19fd7218643dce305789a839dd2d989620bf4
training,logs/training/br-address-balanced-budget-20261003,logs/training/br-address-balanced-budget-20261003/replays/75f814b290e943eb90ae63cc321e5b24/episode-00000138-slot-2.json,200,951bbb8c32ee485a203a667bec2a17fa144ad5da0d9c50320480679410fd211e
training,logs/training/br-address-balanced-budget-20261003,logs/training/br-address-balanced-budget-20261003/replays/75f814b290e943eb90ae63cc321e5b24/episode-00000139-slot-6.json,200,da9bfdf1772c9e24ec705a78ee35703b4f87eb1ecdaf30e062378c08527031a6
training,logs/training/br-address-balanced-budget-20261003,logs/training/br-address-balanced-budget-20261003/replays/75f814b290e943eb90ae63cc321e5b24/episode-00000140-slot-0.json,199,403cf17f37cf8707bf69c1e47b30daff57d5cfea7033228e8dbbc715394672a6
training,logs/training/br-address-balanced-budget-20261003,logs/training/br-address-balanced-budget-20261003/replays/75f814b290e943eb90ae63cc321e5b24/episode-00000141-slot-5.json,200,4b321a9a12a65ae95926506eeee1a76a51d1466a6da39cf0b9fe8ea8c2a20a8b
training,logs/training/br-address-balanced-budget-20261003,logs/training/br-address-balanced-budget-20261003/replays/75f814b290e943eb90ae63cc321e5b24/episode-00000142-slot-1.json,200,a279b26a40f87fa19ca886135c688fa2ea920db40fe5619be9acc357fde1f9f4
training,logs/training/br-address-balanced-budget-20261003,logs/training/br-address-balanced-budget-20261003/replays/75f814b290e943eb90ae63cc321e5b24/episode-00000143-slot-2.json,200,411f46d77a992febee9c9b87b205b276413b5ddaf1797e9b2de7daf48ebc270c
training,logs/training/br-address-balanced-budget-20261003,logs/training/br-address-balanced-budget-20261003/replays/75f814b290e943eb90ae63cc321e5b24/episode-00000144-slot-4.json,200,7f1ad8eef24c9ae2433a373ab1735b46266a9044457e70bf5f9bab24f8420ea3
training,logs/training/br-address-balanced-budget-20261003,logs/training/br-address-balanced-budget-20261003/replays/75f814b290e943eb90ae63cc321e5b24/episode-00000145-slot-3.json,199,b4a9565629caf3d53e70c551d1a0cf74da7e0febd7d7daee4661c0cd01e8bc21
training,logs/training/br-address-balanced-budget-20261003,logs/training/br-address-balanced-budget-20261003/replays/75f814b290e943eb90ae63cc321e5b24/episode-00000146-slot-0.json,200,67f6747cfb79b4620a0962a06b1144a282746df1792318ae0e7a411318599edc
training,logs/training/br-address-balanced-budget-20261003,logs/training/br-address-balanced-budget-20261003/replays/75f814b290e943eb90ae63cc321e5b24/episode-00000147-slot-7.json,200,b235a701fcc00b7c8792e4f21c5e54a25ebf83e13092234dc9891b33bb30a936
training,logs/training/br-address-balanced-budget-20261003,logs/training/br-address-balanced-budget-20261003/replays/75f814b290e943eb90ae63cc321e5b24/episode-00000148-slot-6.json,200,510293f1bd680a78e9c137a2d9a61a59d92db3467616d97550ab83252f29ca56
training,logs/training/br-address-balanced-budget-20261003,logs/training/br-address-balanced-budget-20261003/replays/75f814b290e943eb90ae63cc321e5b24/episode-00000149-slot-2.json,200,ace1e9c2b5c2838c6c8e309b90ee9279f153118b15c2989d39bac6fd5f0754c4
training,logs/training/br-address-balanced-budget-20261003,logs/training/br-address-balanced-budget-20261003/replays/75f814b290e943eb90ae63cc321e5b24/episode-00000150-slot-5.json,200,dbf169093c4c45b5fbdad3f1b16b2746d1626d800185dcbe9f2247e5c7873afe
training,logs/training/br-address-balanced-budget-20261003,logs/training/br-address-balanced-budget-20261003/replays/75f814b290e943eb90ae63cc321e5b24/episode-00000151-slot-0.json,199,0af691fce5de6930a49d48a3591fa2d96d4b69079895979b6a2e6a3e596ffdde
training,logs/training/br-address-balanced-budget-20261003,logs/training/br-address-balanced-budget-20261003/replays/75f814b290e943eb90ae63cc321e5b24/episode-00000152-slot-1.json,199,26bf44eabbc74580f905bf38324b0e85db6154b5e33fc2ae85abfc1de35caf0d
training,logs/training/br-address-balanced-budget-20261003,logs/training/br-address-balanced-budget-20261003/replays/75f814b290e943eb90ae63cc321e5b24/episode-00000153-slot-7.json,200,17fee802228b7a7576695968aeb6617a62708466ef4df30e1b61cd7d2f69599f
training,logs/training/br-address-balanced-budget-20261003,logs/training/br-address-balanced-budget-20261003/replays/75f814b290e943eb90ae63cc321e5b24/episode-00000154-slot-4.json,200,6091f06df7c0839410efa8f042e061db9765847864ef86b8cefabca976038d5d
training,logs/training/br-address-balanced-budget-20261003,logs/training/br-address-balanced-budget-20261003/replays/75f814b290e943eb90ae63cc321e5b24/episode-00000155-slot-3.json,200,62229d12683daaf720bc7e23c803a72435c8c8307ced8f1cc636bde33651ee72
training,logs/training/br-address-balanced-budget-20261003,logs/training/br-address-balanced-budget-20261003/replays/75f814b290e943eb90ae63cc321e5b24/episode-00000156-slot-6.json,200,d6402522f711c93d3520e2db1d39476069a6608bfdf72f7380a7a7d3924a3613
training,logs/training/br-address-balanced-budget-20261003,logs/training/br-address-balanced-budget-20261003/replays/75f814b290e943eb90ae63cc321e5b24/episode-00000157-slot-2.json,200,e1ac6abcbbdef94b0ae5ed12ea840169366e3aa2e4219a525d05eab6dcf31afd
training,logs/training/br-address-balanced-budget-20261003,logs/training/br-address-balanced-budget-20261003/replays/75f814b290e943eb90ae63cc321e5b24/episode-00000158-slot-1.json,200,f9576ca9acbab45d934bb3f2bc0dde886edea70b7c9ad56c69941e1ff00f97ca
training,logs/training/br-address-balanced-budget-20261003,logs/training/br-address-balanced-budget-20261003/replays/75f814b290e943eb90ae63cc321e5b24/episode-00000159-slot-5.json,200,e677b3937dd2a8e62ec6c813bf59bffc037186db65ef051782704d4cfae5d154
training,logs/training/br-address-balanced-budget-20261003,logs/training/br-address-balanced-budget-20261003/replays/75f814b290e943eb90ae63cc321e5b24/episode-00000160-slot-7.json,200,a01862d28536af0c2259b0a7cb9f8c041cb0d1496f72326176febe2ab80251a7
training,logs/training/br-address-balanced-budget-20261003,logs/training/br-address-balanced-budget-20261003/replays/75f814b290e943eb90ae63cc321e5b24/episode-00000161-slot-0.json,200,dbcd78c16e9c8578e91f923ed06c42e5b275bb501ff84a5714693176a8cc598e
training,logs/training/br-address-balanced-budget-20261003,logs/training/br-address-balanced-budget-20261003/replays/75f814b290e943eb90ae63cc321e5b24/episode-00000162-slot-3.json,200,975a1959305d27faf7d04cf7c00f27183ebca20545e18369b22956dfd2d7b33c
training,logs/training/br-address-balanced-budget-20261003,logs/training/br-address-balanced-budget-20261003/replays/75f814b290e943eb90ae63cc321e5b24/episode-00000163-slot-2.json,199,a9076a8c7cd63b033b9b5747819315627218fb40618aea669e394e190ad7547b
training,logs/training/br-address-balanced-budget-20261003,logs/training/br-address-balanced-budget-20261003/replays/75f814b290e943eb90ae63cc321e5b24/episode-00000164-slot-6.json,199,d32959449a881fe78c893ad23871000f63dd9e34f1e534abe62679f33173e5ca
training,logs/training/br-address-balanced-budget-20261003,logs/training/br-address-balanced-budget-20261003/replays/75f814b290e943eb90ae63cc321e5b24/episode-00000165-slot-1.json,200,3447879013a037e5ea539b02d473633ff8544ea21f25207d86889c25f1fcf07f
training,logs/training/br-address-balanced-budget-20261003,logs/training/br-address-balanced-budget-20261003/replays/75f814b290e943eb90ae63cc321e5b24/episode-00000166-slot-4.json,200,64f8ffe4481a7e66533a4dfeb51ea69b17c16bec32440d8d26406af9093fd321
training,logs/training/br-address-balanced-budget-20261003,logs/training/br-address-balanced-budget-20261003/replays/75f814b290e943eb90ae63cc321e5b24/episode-00000167-slot-5.json,200,3b7b5c32cf3ddcf0f9686078f22ce464842ddd9717ef94901986f7916b60aeec
training,logs/training/br-address-balanced-budget-20261003,logs/training/br-address-balanced-budget-20261003/replays/75f814b290e943eb90ae63cc321e5b24/episode-00000168-slot-7.json,199,14c08f49f018b71f4cd6537e39fe7f43612bdac1b54869da3e78903fd8ca5000
training,logs/training/br-address-balanced-budget-20261003,logs/training/br-address-balanced-budget-20261003/replays/75f814b290e943eb90ae63cc321e5b24/episode-00000169-slot-0.json,200,8f6436a1d532d62218c25f367c6cf0de56d462bc2c5260f8a8c8d0f199bc26d3
training,logs/training/br-address-balanced-budget-20261003,logs/training/br-address-balanced-budget-20261003/replays/75f814b290e943eb90ae63cc321e5b24/episode-00000170-slot-2.json,200,eb11e94f8d20e85a3c871e39eb95210ea4baff63f52a1f7196473a131a7a6d28
training,logs/training/br-address-balanced-budget-20261003,logs/training/br-address-balanced-budget-20261003/replays/75f814b290e943eb90ae63cc321e5b24/episode-00000171-slot-3.json,200,d680f857b88e8d1b04605c8efb8e9060bd511f633a4f52fe1028b1df5553e1d5
training,logs/training/br-address-balanced-budget-20261003,logs/training/br-address-balanced-budget-20261003/replays/75f814b290e943eb90ae63cc321e5b24/episode-00000172-slot-1.json,200,c3494d2a21def6d5c02940b7b3c5001168a1efa98f59d8b331d38ba0b662e971
training,logs/training/br-address-balanced-budget-20261003,logs/training/br-address-balanced-budget-20261003/replays/75f814b290e943eb90ae63cc321e5b24/episode-00000173-slot-6.json,199,924832d44f9829b6d2a9a8acf75f49ce9e4279f640429707dcc1aec5607281cf
training,logs/training/br-address-balanced-budget-20261003,logs/training/br-address-balanced-budget-20261003/replays/75f814b290e943eb90ae63cc321e5b24/episode-00000174-slot-7.json,199,e6ed0423a66a9553c0ceb33924da282cb43634f713ddc1a8da45d2278db3ccc9
training,logs/training/br-address-balanced-budget-20261003,logs/training/br-address-balanced-budget-20261003/replays/75f814b290e943eb90ae63cc321e5b24/episode-00000175-slot-5.json,200,f987bf314b5116fb6d50d3e104d4d498b2ff7d1371a3a379180bf9cc6d41b6de
training,logs/training/br-address-balanced-budget-20261003,logs/training/br-address-balanced-budget-20261003/replays/75f814b290e943eb90ae63cc321e5b24/episode-00000176-slot-0.json,200,7915f80d70834cdccf7fffd7822f0db4b3a7baa5c5e0be2f12494e5fcb111c76
training,logs/training/br-address-balanced-budget-20261003,logs/training/br-address-balanced-budget-20261003/replays/75f814b290e943eb90ae63cc321e5b24/episode-00000177-slot-4.json,199,3acfb704bfcdbae53ea69d2555253da140d27c413ddae2ae52805aa114a126d3
training,logs/training/br-address-balanced-budget-20261003,logs/training/br-address-balanced-budget-20261003/replays/75f814b290e943eb90ae63cc321e5b24/episode-00000178-slot-3.json,200,da4d540c09be146331bf60ad9f49b00e1e280fae5a96526e62a841364e6347ce
training,logs/training/br-address-balanced-budget-20261003,logs/training/br-address-balanced-budget-20261003/replays/75f814b290e943eb90ae63cc321e5b24/episode-00000179-slot-1.json,200,7950c9f455acf3e99ef8896e9bc9ee3839f36430073ebf5ea948d2f578bbbd35
training,logs/training/br-address-balanced-budget-20261003,logs/training/br-address-balanced-budget-20261003/replays/75f814b290e943eb90ae63cc321e5b24/episode-00000180-slot-7.json,199,f4d8fb4e1fde267eed201726b812fdb68d9fc8c0fda934ad44e620b08c617537
training,logs/training/br-address-balanced-budget-20261003,logs/training/br-address-balanced-budget-20261003/replays/75f814b290e943eb90ae63cc321e5b24/episode-00000181-slot-6.json,200,a08d4e535fbc06dc6c3c9d3f79b8e94d44d1b807595e1fe343e56e879fcb6772
training,logs/training/br-address-balanced-budget-20261003,logs/training/br-address-balanced-budget-20261003/replays/75f814b290e943eb90ae63cc321e5b24/episode-00000182-slot-2.json,203,f182cbae7b55f520f5abab276d5b7aa8918d45d823cb884d01782fb20d8d53ea
training,logs/training/br-address-balanced-budget-20261003,logs/training/br-address-balanced-budget-20261003/replays/75f814b290e943eb90ae63cc321e5b24/episode-00000183-slot-5.json,200,500b1203715db4f1379fdcb18405d3460a845882f8e99389965a8081337fc339
training,logs/training/br-address-balanced-budget-20261003,logs/training/br-address-balanced-budget-20261003/replays/75f814b290e943eb90ae63cc321e5b24/episode-00000184-slot-4.json,200,63b51b89468c6a2a8d83a900807f2e9619edab93155923ea312ffa2be9ab948e
training,logs/training/br-address-balanced-budget-20261003,logs/training/br-address-balanced-budget-20261003/replays/75f814b290e943eb90ae63cc321e5b24/episode-00000185-slot-1.json,200,095b1d28af1b4e396807d427c2b9912b748a692d7607c498ac8b70f225d08fd0
training,logs/training/br-address-balanced-budget-20261003,logs/training/br-address-balanced-budget-20261003/replays/75f814b290e943eb90ae63cc321e5b24/episode-00000186-slot-0.json,200,a3ae63d0a3b2678bdb1b16ebe5a5a8e0c00f64902f6e054c1d7c65c0127fa1c4
training,logs/training/br-address-balanced-budget-20261003,logs/training/br-address-balanced-budget-20261003/replays/75f814b290e943eb90ae63cc321e5b24/episode-00000187-slot-3.json,199,625ccd5224badeaf3b36a67cc100e6c22a3179649588b3422de709c6148778f2
training,logs/training/br-address-balanced-budget-20261003,logs/training/br-address-balanced-budget-20261003/replays/75f814b290e943eb90ae63cc321e5b24/episode-00000188-slot-5.json,200,b2143bcbdbaba2ce724080bebfb4d1c8f032d25d2b6e39e409de73d5bfa3436d
training,logs/training/br-address-balanced-budget-20261003,logs/training/br-address-balanced-budget-20261003/replays/75f814b290e943eb90ae63cc321e5b24/episode-00000189-slot-7.json,200,5a44343e824a67aa32d42ac48d5f649e9c46f05e5a5f7e70909c8ed5f3db7211
training,logs/training/br-address-balanced-budget-20261003,logs/training/br-address-balanced-budget-20261003/replays/75f814b290e943eb90ae63cc321e5b24/episode-00000190-slot-6.json,200,0660af7714847647a0184aa0efed705e1cb0a29fdde5c98f7c60a07c40db163b
training,logs/training/br-address-balanced-budget-20261003,logs/training/br-address-balanced-budget-20261003/replays/75f814b290e943eb90ae63cc321e5b24/episode-00000191-slot-4.json,200,b2fa36a67810c976893187d839d97e4442616a72ecf1ea0b790d34e22eae50f9
training,logs/training/br-address-balanced-budget-20261003,logs/training/br-address-balanced-budget-20261003/replays/75f814b290e943eb90ae63cc321e5b24/episode-00000192-slot-2.json,200,cb9694839a9361a64077f34d7f3aee0bdb71d8ab02a63cc215e248dc25ca65c1
training,logs/training/br-address-balanced-budget-20261003,logs/training/br-address-balanced-budget-20261003/replays/75f814b290e943eb90ae63cc321e5b24/episode-00000193-slot-1.json,200,96c4dcd67d98c2f243722b898a4f8a0e8da7b7597039d5abd30e1700653fe30d
training,logs/training/br-address-balanced-budget-20261003,logs/training/br-address-balanced-budget-20261003/replays/75f814b290e943eb90ae63cc321e5b24/episode-00000194-slot-3.json,200,878aaebc87a2a3ed3c7c7357a590a8f4ee594a038560bdb4fa234219b6cebdb3
training,logs/training/br-address-balanced-budget-20261003,logs/training/br-address-balanced-budget-20261003/replays/75f814b290e943eb90ae63cc321e5b24/episode-00000195-slot-0.json,199,f4cdfc20944da8926f2fb7d1831bbc38bedb17f29cc3a0b082a3c768e6f4f804
training,logs/training/br-address-balanced-budget-20261003,logs/training/br-address-balanced-budget-20261003/replays/75f814b290e943eb90ae63cc321e5b24/episode-00000196-slot-7.json,199,de8c368a4acb49063bb030fedeaba87de2b69e5485a021e8332359615d7ba82d
training,logs/training/br-address-balanced-budget-20261003,logs/training/br-address-balanced-budget-20261003/replays/75f814b290e943eb90ae63cc321e5b24/episode-00000197-slot-6.json,200,4ba3492e2665901dc215bb0bd7e034f0e0bed188370dcf7e359b955f52c885e8
training,logs/training/br-address-balanced-budget-20261003,logs/training/br-address-balanced-budget-20261003/replays/75f814b290e943eb90ae63cc321e5b24/episode-00000198-slot-5.json,200,1580ea550963842eca9b515b74c641583707eef122ed4b389cf2c2a4eee7ab24
training,logs/training/br-address-balanced-budget-20261003,logs/training/br-address-balanced-budget-20261003/replays/75f814b290e943eb90ae63cc321e5b24/episode-00000199-slot-4.json,200,2d106569c4a701186364255f7a27571413b3205f1b35fe1815cd09a49418018f
training,logs/training/br-address-balanced-budget-20261003,logs/training/br-address-balanced-budget-20261003/replays/75f814b290e943eb90ae63cc321e5b24/episode-00000200-slot-1.json,200,7f26820657c0241cb607a3e4fee719f0b0bc89290506df25aaad510d817ae185
training,logs/training/br-address-balanced-budget-20261003,logs/training/br-address-balanced-budget-20261003/replays/75f814b290e943eb90ae63cc321e5b24/episode-00000201-slot-2.json,200,8dfacb179ca3351f5d9de3561e82e0491630217d0c8831c05b919a4ae98f13f2
training,logs/training/br-address-balanced-budget-20261003,logs/training/br-address-balanced-budget-20261003/replays/75f814b290e943eb90ae63cc321e5b24/episode-00000202-slot-3.json,200,8348a09e9245769f03140e92045f642b281355765a4593338fe98953db5afdf3
training,logs/training/br-address-balanced-budget-20261003,logs/training/br-address-balanced-budget-20261003/replays/75f814b290e943eb90ae63cc321e5b24/episode-00000203-slot-7.json,200,c4f25695235b9df875e2ca376b554769839e8b87c1396f4166015510914741a3
training,logs/training/br-address-balanced-budget-20261003,logs/training/br-address-balanced-budget-20261003/replays/75f814b290e943eb90ae63cc321e5b24/episode-00000204-slot-6.json,199,e14fda4f18333dc5c72fcf466214da46e839a9a4c2a63176b2bb2310dace31b9
training,logs/training/br-address-balanced-budget-20261003,logs/training/br-address-balanced-budget-20261003/replays/75f814b290e943eb90ae63cc321e5b24/episode-00000205-slot-0.json,199,de374f4959cf6b8874113d8411f98c1df11b141f80f23d1043667a87a4e02065
training,logs/training/br-address-balanced-budget-20261003,logs/training/br-address-balanced-budget-20261003/replays/75f814b290e943eb90ae63cc321e5b24/episode-00000206-slot-5.json,199,d03dbcdcbe6b5ab988de7027005439588d1d7a88bfb1b06c8af3f31cdd75f1a3
training,logs/training/br-address-balanced-budget-20261003,logs/training/br-address-balanced-budget-20261003/replays/75f814b290e943eb90ae63cc321e5b24/episode-00000207-slot-4.json,200,fb07ceb7397e6a224cc95dbc3c3398edc707dfc72d7e44397f0ff32b0d311097
training,logs/training/br-address-balanced-budget-20261003,logs/training/br-address-balanced-budget-20261003/replays/75f814b290e943eb90ae63cc321e5b24/episode-00000208-slot-1.json,199,734a9ab0f0a78aa7e610eed1dd1fe2964c006fb6b91eda1c8d73ad79da0d54fd
training,logs/training/br-address-balanced-budget-20261003,logs/training/br-address-balanced-budget-20261003/replays/75f814b290e943eb90ae63cc321e5b24/episode-00000209-slot-3.json,200,2d5f2d91c122acbcea14bc0c5cabff2b2ec93a6e7ca5f314a6893e0de8bed7d4
training,logs/training/br-address-balanced-budget-20261003,logs/training/br-address-balanced-budget-20261003/replays/75f814b290e943eb90ae63cc321e5b24/episode-00000210-slot-7.json,200,618f9256da85b860aa3c9262ea88bf7c82c2d8ebec1b5b384b5156954cbdd311
training,logs/training/br-address-balanced-budget-20261003,logs/training/br-address-balanced-budget-20261003/replays/75f814b290e943eb90ae63cc321e5b24/episode-00000211-slot-5.json,200,4581c161079d181b9a5897cab3b31a645f3d4e5c3949126668ce92bc99dc9866
training,logs/training/br-address-balanced-budget-20261003,logs/training/br-address-balanced-budget-20261003/replays/75f814b290e943eb90ae63cc321e5b24/episode-00000212-slot-2.json,200,1e76159d4242e79e7f92b82b08f44edf594be2d0e860c0dd9f960b86b45d73ea
training,logs/training/br-address-balanced-budget-20261003,logs/training/br-address-balanced-budget-20261003/replays/75f814b290e943eb90ae63cc321e5b24/episode-00000213-slot-4.json,200,549e05fa9d51a7651613bd07f7932d77b1d5e6b8f3e7fd36eb96aa49e8129905
training,logs/training/br-address-balanced-budget-20261003,logs/training/br-address-balanced-budget-20261003/replays/75f814b290e943eb90ae63cc321e5b24/episode-00000214-slot-6.json,200,f1ea0f0b07ce333e39783f675ab283c36ca5f6524081eed60557a4323cb81a00
training,logs/training/br-address-balanced-budget-20261003,logs/training/br-address-balanced-budget-20261003/replays/75f814b290e943eb90ae63cc321e5b24/episode-00000215-slot-0.json,199,68d756ec5ee4b17195b936550b973dc614098bd78b3d866962ecd00181c28b62
training,logs/training/br-address-balanced-budget-20261003,logs/training/br-address-balanced-budget-20261003/replays/75f814b290e943eb90ae63cc321e5b24/episode-00000216-slot-1.json,199,454316669428f383183f35825e1b46752eaf6958dfc71b87175318a946f0cb8f
training,logs/training/br-address-balanced-budget-20261003,logs/training/br-address-balanced-budget-20261003/replays/75f814b290e943eb90ae63cc321e5b24/episode-00000217-slot-3.json,199,ebb0165d8f621f932575752d5edcc4d66de7761a69e8b6dda5850dd8f2636639
training,logs/training/br-address-balanced-budget-20261003,logs/training/br-address-balanced-budget-20261003/replays/75f814b290e943eb90ae63cc321e5b24/episode-00000218-slot-7.json,200,02a97cce8e95de142850c9eaf4d74d90847cb741fda2a85c87d4a3a342892ce1
training,logs/training/br-address-balanced-budget-20261003,logs/training/br-address-balanced-budget-20261003/replays/75f814b290e943eb90ae63cc321e5b24/episode-00000219-slot-5.json,200,e066ccc41579082d016dd202fa6574677708bfc1b0cbd07b0b21dffb22a23d40
training,logs/training/br-address-balanced-budget-20261003,logs/training/br-address-balanced-budget-20261003/replays/75f814b290e943eb90ae63cc321e5b24/episode-00000220-slot-2.json,198,5f1de914aa17008dcad4af6c76e19f18711abc46b4a22fdf138f147d9de77c85
training,logs/training/br-address-balanced-budget-20261003,logs/training/br-address-balanced-budget-20261003/replays/75f814b290e943eb90ae63cc321e5b24/episode-00000221-slot-0.json,198,1d93001af8a8edd58c78932295c39a5aa5899768f460a1212ae830b2c7a13b7e
training,logs/training/br-address-balanced-budget-20261003,logs/training/br-address-balanced-budget-20261003/replays/75f814b290e943eb90ae63cc321e5b24/episode-00000222-slot-6.json,200,d3b792c198971acc79ecc1a26557014d7564d4d774b3cc1be84348bf8c300a76
training,logs/training/br-address-balanced-budget-20261003,logs/training/br-address-balanced-budget-20261003/replays/75f814b290e943eb90ae63cc321e5b24/episode-00000223-slot-4.json,200,7ea96203d155446347c1450e33136221ace364be0b0abb7bad96ac853261470f
training,logs/training/br-address-balanced-budget-20261003,logs/training/br-address-balanced-budget-20261003/replays/75f814b290e943eb90ae63cc321e5b24/episode-00000224-slot-1.json,200,3eb9720bf0f2b993c84df171649c02e4c624da452d62a43f88abd0ab2a7e4b41
training,logs/training/br-address-balanced-budget-20261003,logs/training/br-address-balanced-budget-20261003/replays/75f814b290e943eb90ae63cc321e5b24/episode-00000225-slot-3.json,200,566c4f23fe7a455a224cb50e1b709940154b3450f61b134543fe1c147ee36c4e
training,logs/training/br-address-balanced-budget-20261003,logs/training/br-address-balanced-budget-20261003/replays/75f814b290e943eb90ae63cc321e5b24/episode-00000226-slot-5.json,200,6dbbc97b7d8aea1ba7a5028c56776f035ab63b01a173b2eef8b91ed7ce0a68cf
training,logs/training/br-address-balanced-budget-20261003,logs/training/br-address-balanced-budget-20261003/replays/75f814b290e943eb90ae63cc321e5b24/episode-00000227-slot-7.json,200,54ca67d88d0fba9d45905bf51ea43b95424e704563db85f2fcaabcee8beb3b4d
training,logs/training/br-address-balanced-budget-20261003,logs/training/br-address-balanced-budget-20261003/replays/75f814b290e943eb90ae63cc321e5b24/episode-00000228-slot-0.json,198,61b438950725f4a23db7caaaf75de0b3a6474e93304c1b20fcf090cde0349801
training,logs/training/br-address-balanced-budget-20261003,logs/training/br-address-balanced-budget-20261003/replays/75f814b290e943eb90ae63cc321e5b24/episode-00000229-slot-1.json,199,5edf0a955bc0d0fbb575aa878fc4eb570e80069efe608ae827ae172a3d4d9941
training,logs/training/br-address-balanced-budget-20261003,logs/training/br-address-balanced-budget-20261003/replays/75f814b290e943eb90ae63cc321e5b24/episode-00000230-slot-2.json,198,e35b871b412d437e93640ad2058e5b0b217000774333d56ef60ee2c87ec3b81d
training,logs/training/br-address-balanced-budget-20261003,logs/training/br-address-balanced-budget-20261003/replays/75f814b290e943eb90ae63cc321e5b24/episode-00000231-slot-3.json,199,ccf8fb23dfe3a8e701d7f284d5e5fd49c303f2d3e37972a52e95dbb1b25e5043
training,logs/training/br-address-balanced-budget-20261003,logs/training/br-address-balanced-budget-20261003/replays/75f814b290e943eb90ae63cc321e5b24/episode-00000232-slot-4.json,199,36cb39cfc606631f5347120766a9f430b7b8a206699c05f37e034a21a13857ab
training,logs/training/br-address-balanced-budget-20261003,logs/training/br-address-balanced-budget-20261003/replays/75f814b290e943eb90ae63cc321e5b24/episode-00000233-slot-5.json,198,029951389652593a905c6680b57b4c7480ed25e0d31bbc52919103b0f77a2e1b
training,logs/training/br-address-balanced-budget-20261003,logs/training/br-address-balanced-budget-20261003/replays/75f814b290e943eb90ae63cc321e5b24/episode-00000234-slot-6.json,199,9390807af979c847269764d15f0707ce478bb5f27ae1a3b950a8e29aabd3f735
training,logs/training/br-address-balanced-budget-20261003,logs/training/br-address-balanced-budget-20261003/replays/75f814b290e943eb90ae63cc321e5b24/episode-00000235-slot-7.json,197,453119c4e34a9d1e5b1791d10bafda5b6f72b808ab4a1b0c5c4e077073c57c94
training,logs/training/br-address-balanced-budget-20261003,logs/training/br-address-balanced-budget-20261003/result.json,2030,975b9f218c44e1ca024f72beda5fa4b2e8cb416c643409ce27a85fd21f003f31
training,logs/training/br-address-balanced-budget-20261003,logs/training/br-address-balanced-budget-20261003/scalars/progress.csv,146835,a1f140b59923b87d4ca66168c10a6e7880e5e1159a9e5979cb394a5d1ba7bde7
training,logs/training/br-address-balanced-budget-20261003,logs/training/br-address-balanced-budget-20261003/timing.json,95053,f1c3d6eca3838b2bf418b38159c7e3933b6f2d11ea0db5152e98e8a85a4c83ff
training,logs/training/br-address-block-feedback-20261003,logs/training/br-address-block-feedback-20261003/checkpoints/ppo_1048576_steps.curriculum.json,984,0cf3416cb0c5120cc2cc08965f3fdbe163ed469688b92874defb5c406532120a
training,logs/training/br-address-block-feedback-20261003,logs/training/br-address-block-feedback-20261003/checkpoints/ppo_262144_steps.curriculum.json,981,c271480251463c3b6d524f11552d896e507cfa7435f5a7b88d46f595277b234c
training,logs/training/br-address-block-feedback-20261003,logs/training/br-address-block-feedback-20261003/checkpoints/ppo_524288_steps.curriculum.json,981,4c168d7a260b2c841721e8460bf1d8537de820bb555492edeb92cad2abb37acc
training,logs/training/br-address-block-feedback-20261003,logs/training/br-address-block-feedback-20261003/checkpoints/ppo_786432_steps.curriculum.json,982,0d2cbb4fd953b11bfb07a8c410e8dc57d85ddb700f9c127b2b74fbdb91c04449
training,logs/training/br-address-block-feedback-20261003,logs/training/br-address-block-feedback-20261003/checkpoints/updated_1048576_steps.curriculum.json,984,b04991072168acde50011e38d1b748eaa3854823396bf03ef89a697d7dccc297
training,logs/training/br-address-block-feedback-20261003,logs/training/br-address-block-feedback-20261003/checkpoints/updated_2048_steps.curriculum.json,891,a4372d6aa2fab169b20be7b705a3ec065d6969d5accf5f534648583af57cca9f
training,logs/training/br-address-block-feedback-20261003,logs/training/br-address-block-feedback-20261003/checkpoints/updated_262144_steps.curriculum.json,981,97aa0c2d9fe9bcbdc4158fecdc47b52ed7dfec9902da8eaa87c818e41c481847
training,logs/training/br-address-block-feedback-20261003,logs/training/br-address-block-feedback-20261003/checkpoints/updated_524288_steps.curriculum.json,981,0656617e3a082875193d93a6ead7fcf57143a794b290a828adb86bd93bcae446
training,logs/training/br-address-block-feedback-20261003,logs/training/br-address-block-feedback-20261003/checkpoints/updated_786432_steps.curriculum.json,982,f4de907ff4de413140ab1c82df18d00faf3d3b993e566d1f08a947778bd426c9
training,logs/training/br-address-block-feedback-20261003,logs/training/br-address-block-feedback-20261003/config.yaml,5277,94f260db90adb089c20054953f868e5876bc10b26eae3776228bdb10581db629
training,logs/training/br-address-block-feedback-20261003,logs/training/br-address-block-feedback-20261003/final.curriculum.json,984,b7b8eb269bc0960412499c8710c19c838764d821a1d37efc67bc25515f0f4e53
training,logs/training/br-address-block-feedback-20261003,logs/training/br-address-block-feedback-20261003/identity.json,53660,49463b7366bf678433ef10891b21045d71cf132a30316f86f41266cac9ec47fd
training,logs/training/br-address-block-feedback-20261003,logs/training/br-address-block-feedback-20261003/progress.json,3447227,41d33cd63860a26ae31b7a0ef6275ca7e51e845b9201f4ebe924207fcfe8447f
training,logs/training/br-address-block-feedback-20261003,logs/training/br-address-block-feedback-20261003/replays/d76fd2df9073466ba5b5ced4ec469366/episode-00000001-slot-4.json,194,658de5d43dce4bfb287d337849ed7510714fc957f60d8a3a6f5729fd2a306675
training,logs/training/br-address-block-feedback-20261003,logs/training/br-address-block-feedback-20261003/replays/d76fd2df9073466ba5b5ced4ec469366/episode-00000002-slot-2.json,194,f047267647339e301e948ad327474f24763548f324299df7cf859c294204f32b
training,logs/training/br-address-block-feedback-20261003,logs/training/br-address-block-feedback-20261003/replays/d76fd2df9073466ba5b5ced4ec469366/episode-00000003-slot-6.json,194,57edf23f6dbb145b5d15f2eb3ed8dbd57963bc36eb8b66fb59afd51ffd9cc346
training,logs/training/br-address-block-feedback-20261003,logs/training/br-address-block-feedback-20261003/replays/d76fd2df9073466ba5b5ced4ec469366/episode-00000004-slot-1.json,194,582d47bc6bb5857efb24b45efddba348696e67aa5764b71019f43ce3367d3908
training,logs/training/br-address-block-feedback-20261003,logs/training/br-address-block-feedback-20261003/replays/d76fd2df9073466ba5b5ced4ec469366/episode-00000005-slot-0.json,194,3eafe7c35594211c9ef3903d34741a6cee49611bdc85124ec32f1b0ea228aacb
training,logs/training/br-address-block-feedback-20261003,logs/training/br-address-block-feedback-20261003/replays/d76fd2df9073466ba5b5ced4ec469366/episode-00000006-slot-5.json,194,01d793a7b16632b2f7bd32071dc658440df8a5bbc36ee5fd2f52f2005b94dcf6
training,logs/training/br-address-block-feedback-20261003,logs/training/br-address-block-feedback-20261003/replays/d76fd2df9073466ba5b5ced4ec469366/episode-00000007-slot-3.json,198,1fb8ec5b5f088a81518a2b9893a51b18ccc7b6683f69fdf6833232ac12a22a98
training,logs/training/br-address-block-feedback-20261003,logs/training/br-address-block-feedback-20261003/replays/d76fd2df9073466ba5b5ced4ec469366/episode-00000008-slot-7.json,198,2449a5c1bc588456007b364d7ded9c0a5e3090a610cbcde94cb80bb5ae4381a0
training,logs/training/br-address-block-feedback-20261003,logs/training/br-address-block-feedback-20261003/replays/d76fd2df9073466ba5b5ced4ec469366/episode-00000009-slot-4.json,200,5ba4e81e22ec3e2c570b6124226f818fb4359b15fc8611d495a28d86b82ab10d
training,logs/training/br-address-block-feedback-20261003,logs/training/br-address-block-feedback-20261003/replays/d76fd2df9073466ba5b5ced4ec469366/episode-00000010-slot-6.json,200,1ed9440c3c6ef6d05eb872e7736d8775d470a273bd2cdd1b9053e8fa7e276b0b
training,logs/training/br-address-block-feedback-20261003,logs/training/br-address-block-feedback-20261003/replays/d76fd2df9073466ba5b5ced4ec469366/episode-00000011-slot-5.json,200,b3527b2375c86a4474fc8c090a9f6f5ff1875c0fe3b04b1f423397bc7723e56b
training,logs/training/br-address-block-feedback-20261003,logs/training/br-address-block-feedback-20261003/replays/d76fd2df9073466ba5b5ced4ec469366/episode-00000012-slot-2.json,200,e81b1b7a693907ec1f5facd514627a1d4304a16549292c219154b1c05dd6dc5b
training,logs/training/br-address-block-feedback-20261003,logs/training/br-address-block-feedback-20261003/replays/d76fd2df9073466ba5b5ced4ec469366/episode-00000013-slot-1.json,200,d847592be438cccd212bd40a357d7de2a6e65f4061cad842e02e8f1f4f006f38
training,logs/training/br-address-block-feedback-20261003,logs/training/br-address-block-feedback-20261003/replays/d76fd2df9073466ba5b5ced4ec469366/episode-00000014-slot-3.json,200,315bc38db113a06c39328a7a2d196564472209e1f1eca597fe4021b4a7ec7c69
training,logs/training/br-address-block-feedback-20261003,logs/training/br-address-block-feedback-20261003/replays/d76fd2df9073466ba5b5ced4ec469366/episode-00000015-slot-4.json,199,7224e6946e99d90df4e80a666c06dceca2f6e60b1946d62a40cff328adcdafb7
training,logs/training/br-address-block-feedback-20261003,logs/training/br-address-block-feedback-20261003/replays/d76fd2df9073466ba5b5ced4ec469366/episode-00000016-slot-6.json,200,b7bf06f78e8d074abc17645d4c0fb15bce111f2ec13007203facd33bdc2fdef2
training,logs/training/br-address-block-feedback-20261003,logs/training/br-address-block-feedback-20261003/replays/d76fd2df9073466ba5b5ced4ec469366/episode-00000017-slot-0.json,199,0b4a20e2daffadfae130c156e91faf84b364870cc9552faa9066c6d167abd77f
training,logs/training/br-address-block-feedback-20261003,logs/training/br-address-block-feedback-20261003/replays/d76fd2df9073466ba5b5ced4ec469366/episode-00000018-slot-5.json,200,33819d27dd9966cf4e0b17d642e2c42af0513b88075303201096bbebc265f3ce
training,logs/training/br-address-block-feedback-20261003,logs/training/br-address-block-feedback-20261003/replays/d76fd2df9073466ba5b5ced4ec469366/episode-00000019-slot-7.json,200,a9f8952a9796a3a66115651446f86e5fa3e3bc62d8a0f4eac859ece3d68e77b8
training,logs/training/br-address-block-feedback-20261003,logs/training/br-address-block-feedback-20261003/replays/d76fd2df9073466ba5b5ced4ec469366/episode-00000020-slot-2.json,200,f1b6af6d0b7fe2b573efd659e146fe4eb04c3ef6433fba82b380e4ba4b423709
training,logs/training/br-address-block-feedback-20261003,logs/training/br-address-block-feedback-20261003/replays/d76fd2df9073466ba5b5ced4ec469366/episode-00000021-slot-3.json,200,966d538060477096d9758d9a75b76e1e5dde30afd48b74976215d1899a7dba58
training,logs/training/br-address-block-feedback-20261003,logs/training/br-address-block-feedback-20261003/replays/d76fd2df9073466ba5b5ced4ec469366/episode-00000022-slot-1.json,200,4a3b478467ad9086f2f1f355a353b8cdec0f9de7614291e8c4f5fb740022331a
training,logs/training/br-address-block-feedback-20261003,logs/training/br-address-block-feedback-20261003/replays/d76fd2df9073466ba5b5ced4ec469366/episode-00000023-slot-5.json,200,553c4ff78f91fdee65651ea25b7d1cf554fa033b70217a2f231a06da673c179c
training,logs/training/br-address-block-feedback-20261003,logs/training/br-address-block-feedback-20261003/replays/d76fd2df9073466ba5b5ced4ec469366/episode-00000024-slot-4.json,199,c9f85f7d30791edc0de435cf5550d456eb352470aa58083fd25f5796ecea8aad
training,logs/training/br-address-block-feedback-20261003,logs/training/br-address-block-feedback-20261003/replays/d76fd2df9073466ba5b5ced4ec469366/episode-00000025-slot-6.json,200,14fe41ec99866e9267c11135bed6bdbc154569b7ad8d9387a8166bb0e8ec9dbb
training,logs/training/br-address-block-feedback-20261003,logs/training/br-address-block-feedback-20261003/replays/d76fd2df9073466ba5b5ced4ec469366/episode-00000026-slot-7.json,200,71eacb35950d0f8b1af9df0244807eb3613710107bf92dfe78736991ad0fd4cc
training,logs/training/br-address-block-feedback-20261003,logs/training/br-address-block-feedback-20261003/replays/d76fd2df9073466ba5b5ced4ec469366/episode-00000027-slot-1.json,199,b330dd05ddb95586d5b86c5d8c7d81a4457675f0120348ed826548340d5d71b8
training,logs/training/br-address-block-feedback-20261003,logs/training/br-address-block-feedback-20261003/replays/d76fd2df9073466ba5b5ced4ec469366/episode-00000028-slot-0.json,204,e049dc97292828bebb6ae83a9744adcc9e73f61e8d61706959b9fcf87fb11e41
training,logs/training/br-address-block-feedback-20261003,logs/training/br-address-block-feedback-20261003/replays/d76fd2df9073466ba5b5ced4ec469366/episode-00000029-slot-3.json,200,e1c58f88df9f170e6d5f2885107194836a2e8abb596cb4827ab4b844a1c5a2a9
training,logs/training/br-address-block-feedback-20261003,logs/training/br-address-block-feedback-20261003/replays/d76fd2df9073466ba5b5ced4ec469366/episode-00000030-slot-6.json,200,9571b745fda3ef508ec523b4c9d849a409b7babca892c331f8b5fae1d684e083
training,logs/training/br-address-block-feedback-20261003,logs/training/br-address-block-feedback-20261003/replays/d76fd2df9073466ba5b5ced4ec469366/episode-00000031-slot-5.json,200,d5e9762d02f4e9671c67bffcd013400d10eb241c1e602b12fcd0e20ffc85b7e9
training,logs/training/br-address-block-feedback-20261003,logs/training/br-address-block-feedback-20261003/replays/d76fd2df9073466ba5b5ced4ec469366/episode-00000032-slot-2.json,200,76322161be0bd7dbd5738eeb79f75e2cfd556440af5cee303b13682c0a05f19f
training,logs/training/br-address-block-feedback-20261003,logs/training/br-address-block-feedback-20261003/replays/d76fd2df9073466ba5b5ced4ec469366/episode-00000033-slot-7.json,199,d9586a6d705beee57f77848708dfa9acc09cce12b03c374a679f483f6ea209b0
training,logs/training/br-address-block-feedback-20261003,logs/training/br-address-block-feedback-20261003/replays/d76fd2df9073466ba5b5ced4ec469366/episode-00000034-slot-6.json,199,e31b5a0aaa2d922bad6a2bc65a561b246110f6f14dbf1bb5c71f7ced86d17755
training,logs/training/br-address-block-feedback-20261003,logs/training/br-address-block-feedback-20261003/replays/d76fd2df9073466ba5b5ced4ec469366/episode-00000035-slot-1.json,200,890f1d8bace632b446e46db4d2869931e8b61c3121ca28c73521587531cb8790
training,logs/training/br-address-block-feedback-20261003,logs/training/br-address-block-feedback-20261003/replays/d76fd2df9073466ba5b5ced4ec469366/episode-00000036-slot-4.json,203,92b275902b80f808fc7b22766b055d2464431604d0047f2c6daeb59fee32f73f
training,logs/training/br-address-block-feedback-20261003,logs/training/br-address-block-feedback-20261003/replays/d76fd2df9073466ba5b5ced4ec469366/episode-00000037-slot-0.json,199,1dd0eef414766d7105bbe23a68175ce89483a4e60ca1e72fd7f5c9c0be842cf1
training,logs/training/br-address-block-feedback-20261003,logs/training/br-address-block-feedback-20261003/replays/d76fd2df9073466ba5b5ced4ec469366/episode-00000038-slot-5.json,200,2c67eb90816fa4c01e468f0a7800d90ebf8b62c27430297433456dda0ba907c8
training,logs/training/br-address-block-feedback-20261003,logs/training/br-address-block-feedback-20261003/replays/d76fd2df9073466ba5b5ced4ec469366/episode-00000039-slot-3.json,200,0c6037c033369fd0c855cce6a645832ff6baa440531fd39e5b822acd89a08277
training,logs/training/br-address-block-feedback-20261003,logs/training/br-address-block-feedback-20261003/replays/d76fd2df9073466ba5b5ced4ec469366/episode-00000040-slot-2.json,200,41435f67581ab2be43d0d8bdfc0e244ef0f286b8cf158e0a85b8b287a4eea0eb
training,logs/training/br-address-block-feedback-20261003,logs/training/br-address-block-feedback-20261003/replays/d76fd2df9073466ba5b5ced4ec469366/episode-00000041-slot-7.json,200,2fa1ff504a53dcb92f0cdb82f82ed573070c454ea652bd069c694d82242fc984
training,logs/training/br-address-block-feedback-20261003,logs/training/br-address-block-feedback-20261003/replays/d76fd2df9073466ba5b5ced4ec469366/episode-00000042-slot-0.json,200,04468046d99f9339c7ccf033151d3ccbd1e694826dda00648dd4a897486a5c48
training,logs/training/br-address-block-feedback-20261003,logs/training/br-address-block-feedback-20261003/replays/d76fd2df9073466ba5b5ced4ec469366/episode-00000043-slot-4.json,200,9b331a0e40fc99574238397107a04b815f35080c373254d97f89bd66b19468f2
training,logs/training/br-address-block-feedback-20261003,logs/training/br-address-block-feedback-20261003/replays/d76fd2df9073466ba5b5ced4ec469366/episode-00000044-slot-6.json,199,8c90b21ea7566ff0cffff760823c1613639533b7be8ea8f418095cb59a90db70
training,logs/training/br-address-block-feedback-20261003,logs/training/br-address-block-feedback-20261003/replays/d76fd2df9073466ba5b5ced4ec469366/episode-00000045-slot-1.json,200,b2cf1a2287643a4dc462018fb68ffb7e06b19da253afa3dc3720fbb261cca032
training,logs/training/br-address-block-feedback-20261003,logs/training/br-address-block-feedback-20261003/replays/d76fd2df9073466ba5b5ced4ec469366/episode-00000046-slot-5.json,199,10f63e31416bc8464bb0869d8e9f68f9137f39e1c7c1892d258642624e53c898
training,logs/training/br-address-block-feedback-20261003,logs/training/br-address-block-feedback-20261003/replays/d76fd2df9073466ba5b5ced4ec469366/episode-00000047-slot-3.json,200,0ff4b8a195b939f8293fc60294107cc379c7a9d7e69645bfffb8d3e76729d1eb
training,logs/training/br-address-block-feedback-20261003,logs/training/br-address-block-feedback-20261003/replays/d76fd2df9073466ba5b5ced4ec469366/episode-00000048-slot-2.json,200,c4d360c73bc87249bed3f21c2763800dba71a215068fa2c479b18df250aeb793
training,logs/training/br-address-block-feedback-20261003,logs/training/br-address-block-feedback-20261003/replays/d76fd2df9073466ba5b5ced4ec469366/episode-00000049-slot-7.json,200,dddeedf007bd328ceaf30e44ab317b2d67d2a19a38c270863a9bc3a05e0a7f56
training,logs/training/br-address-block-feedback-20261003,logs/training/br-address-block-feedback-20261003/replays/d76fd2df9073466ba5b5ced4ec469366/episode-00000050-slot-0.json,200,6523fcf8e970c732c659a76b4787b518ff08f7321e39aa6be1d7dc83a345772c
training,logs/training/br-address-block-feedback-20261003,logs/training/br-address-block-feedback-20261003/replays/d76fd2df9073466ba5b5ced4ec469366/episode-00000051-slot-1.json,200,60474c47b54b968f256c06f23f6dc2e540fd4b0c4e01b58322f8fcf9cf8e23b6
training,logs/training/br-address-block-feedback-20261003,logs/training/br-address-block-feedback-20261003/replays/d76fd2df9073466ba5b5ced4ec469366/episode-00000052-slot-4.json,200,c2c30efb3226c82596556707165f45d7905805d9cf704cb1d757724905912c72
training,logs/training/br-address-block-feedback-20261003,logs/training/br-address-block-feedback-20261003/replays/d76fd2df9073466ba5b5ced4ec469366/episode-00000053-slot-3.json,200,5a6cf50304381103bbe4b2a59661320f594b9e9856ba71aa264b20432d4e9596
training,logs/training/br-address-block-feedback-20261003,logs/training/br-address-block-feedback-20261003/replays/d76fd2df9073466ba5b5ced4ec469366/episode-00000054-slot-5.json,199,071df8fd29bbbd927e3c09e3817e5f1d4afdec87ed21e4ac9aa7bbb2a9bc67b8
training,logs/training/br-address-block-feedback-20261003,logs/training/br-address-block-feedback-20261003/replays/d76fd2df9073466ba5b5ced4ec469366/episode-00000055-slot-6.json,200,fd8f25443021086407b413aa331b397c2fe12ec81281758f2e98205ab6509c1f
training,logs/training/br-address-block-feedback-20261003,logs/training/br-address-block-feedback-20261003/replays/d76fd2df9073466ba5b5ced4ec469366/episode-00000056-slot-2.json,200,0c71f3935918e0dfaef6ee3f0f32d893787aa18eb454b8de68856793bf94b951
training,logs/training/br-address-block-feedback-20261003,logs/training/br-address-block-feedback-20261003/replays/d76fd2df9073466ba5b5ced4ec469366/episode-00000057-slot-7.json,200,a0cba1b047da4f30152062ecc0274d5ca7dd45b99b0852ad628dea4526e4b9bd
training,logs/training/br-address-block-feedback-20261003,logs/training/br-address-block-feedback-20261003/replays/d76fd2df9073466ba5b5ced4ec469366/episode-00000058-slot-1.json,199,ff6f005dca277a167266a09b89469d59ade782f8045200cf85924bd891f43e2d
training,logs/training/br-address-block-feedback-20261003,logs/training/br-address-block-feedback-20261003/replays/d76fd2df9073466ba5b5ced4ec469366/episode-00000059-slot-0.json,199,f45f241dd3cf3504c29622be5b9e1229451a9370cc84b783d9c132dbee53c27b
training,logs/training/br-address-block-feedback-20261003,logs/training/br-address-block-feedback-20261003/replays/d76fd2df9073466ba5b5ced4ec469366/episode-00000060-slot-4.json,199,0eb724fe8939a282e7514f8704202f1dfe3f3e9e2f53d75b51660300f1c35ee5
training,logs/training/br-address-block-feedback-20261003,logs/training/br-address-block-feedback-20261003/replays/d76fd2df9073466ba5b5ced4ec469366/episode-00000061-slot-2.json,200,82582cc6eb0b64377f0cc644e39e17cef94530775fd25c8575a4034f9afd3654
training,logs/training/br-address-block-feedback-20261003,logs/training/br-address-block-feedback-20261003/replays/d76fd2df9073466ba5b5ced4ec469366/episode-00000062-slot-3.json,198,b188e2e3a418076c5d7b44f85d2e7ae4390aeec45bb5251b1a42dcf18ffe502d
training,logs/training/br-address-block-feedback-20261003,logs/training/br-address-block-feedback-20261003/replays/d76fd2df9073466ba5b5ced4ec469366/episode-00000063-slot-5.json,200,2bb69716023bed960beed62ab8d56556030963265a9eb6defa69224ed8a87354
training,logs/training/br-address-block-feedback-20261003,logs/training/br-address-block-feedback-20261003/replays/d76fd2df9073466ba5b5ced4ec469366/episode-00000064-slot-6.json,199,4509fc86a21c0c2fffb6a924c37bbf6b9855ce5f69a3f8bfd2e078b8e492321f
training,logs/training/br-address-block-feedback-20261003,logs/training/br-address-block-feedback-20261003/replays/d76fd2df9073466ba5b5ced4ec469366/episode-00000065-slot-7.json,200,271485df4dae68b1995b9378c0052e112656b4f9e98082fbeb00764ccfe21da3
training,logs/training/br-address-block-feedback-20261003,logs/training/br-address-block-feedback-20261003/replays/d76fd2df9073466ba5b5ced4ec469366/episode-00000066-slot-2.json,200,6a36b5856b5bda4cc41876d69bfa6caae8c829cddad16ed86091253dc1c7a8d4
training,logs/training/br-address-block-feedback-20261003,logs/training/br-address-block-feedback-20261003/replays/d76fd2df9073466ba5b5ced4ec469366/episode-00000067-slot-3.json,200,ed7b08853d766f2e71e4173da18b3ad639b21455f8993f844bcb9e6e617485ef
training,logs/training/br-address-block-feedback-20261003,logs/training/br-address-block-feedback-20261003/replays/d76fd2df9073466ba5b5ced4ec469366/episode-00000068-slot-0.json,200,7477945b8e6123f1480b7f05f53ec893d767b541de126aeb2508ea10c97f37f5
training,logs/training/br-address-block-feedback-20261003,logs/training/br-address-block-feedback-20261003/replays/d76fd2df9073466ba5b5ced4ec469366/episode-00000069-slot-5.json,200,3df2d32208dd6822adb0c71de6fbbc664fb32594a103606fd8fb82fc7e1c2421
training,logs/training/br-address-block-feedback-20261003,logs/training/br-address-block-feedback-20261003/replays/d76fd2df9073466ba5b5ced4ec469366/episode-00000070-slot-4.json,200,f962180a73e7076ba5175468f26a22badb13d7c90c11cee491ff22a44e472313
training,logs/training/br-address-block-feedback-20261003,logs/training/br-address-block-feedback-20261003/replays/d76fd2df9073466ba5b5ced4ec469366/episode-00000071-slot-1.json,200,61905ae191a22225f0f008062d873768a539420ae290bd6b40bf5cdffabc1f29
training,logs/training/br-address-block-feedback-20261003,logs/training/br-address-block-feedback-20261003/replays/d76fd2df9073466ba5b5ced4ec469366/episode-00000072-slot-6.json,200,2da17157d5b659f5704a3ee1790aefff195ffbc10630cf595f1f54d719f862c3
training,logs/training/br-address-block-feedback-20261003,logs/training/br-address-block-feedback-20261003/replays/d76fd2df9073466ba5b5ced4ec469366/episode-00000073-slot-7.json,199,1dc307dbbe156a89ca7cafc6c6db731aef9b446b2d881f40eb32db69f6d39487
training,logs/training/br-address-block-feedback-20261003,logs/training/br-address-block-feedback-20261003/replays/d76fd2df9073466ba5b5ced4ec469366/episode-00000074-slot-0.json,200,ee095ba9f6bfb2bd23c30bb0d01e5c02d9c2786896567ac31cfc91b894664b12
training,logs/training/br-address-block-feedback-20261003,logs/training/br-address-block-feedback-20261003/replays/d76fd2df9073466ba5b5ced4ec469366/episode-00000075-slot-2.json,200,b055e693688b418c969a2c2fffb76191ddf55046acacf055805d94eaf4b7b435
training,logs/training/br-address-block-feedback-20261003,logs/training/br-address-block-feedback-20261003/replays/d76fd2df9073466ba5b5ced4ec469366/episode-00000076-slot-5.json,199,ec9062b93a8a788434520d2b3884c8d3a41861cb33316d1860ba58aadebece4b
training,logs/training/br-address-block-feedback-20261003,logs/training/br-address-block-feedback-20261003/replays/d76fd2df9073466ba5b5ced4ec469366/episode-00000077-slot-1.json,200,9caf7396f8f22a04ed8d99d255a56d4d2067d6fbbfaf3ad90daaa88449258610
training,logs/training/br-address-block-feedback-20261003,logs/training/br-address-block-feedback-20261003/replays/d76fd2df9073466ba5b5ced4ec469366/episode-00000078-slot-3.json,200,a4f2b2aa9bad4f9d8b909494f42e312886233ad897ffaa63e745f6e680bc74a4
training,logs/training/br-address-block-feedback-20261003,logs/training/br-address-block-feedback-20261003/replays/d76fd2df9073466ba5b5ced4ec469366/episode-00000079-slot-4.json,200,07081053fbd8a99b9b74fa306e6bd5c670de9fed4cd2d484c38a2b6340a19575
training,logs/training/br-address-block-feedback-20261003,logs/training/br-address-block-feedback-20261003/replays/d76fd2df9073466ba5b5ced4ec469366/episode-00000080-slot-6.json,200,64fe6a16a64a7f59067732468040190f1a6f6f3a81bcb4a88751c84e101d6d17
training,logs/training/br-address-block-feedback-20261003,logs/training/br-address-block-feedback-20261003/replays/d76fd2df9073466ba5b5ced4ec469366/episode-00000081-slot-7.json,198,542220ec44539b234cdd901c0ae7a85c990a9de0e507af4acc359a145ef28825
training,logs/training/br-address-block-feedback-20261003,logs/training/br-address-block-feedback-20261003/replays/d76fd2df9073466ba5b5ced4ec469366/episode-00000082-slot-0.json,199,370161f95c4dc9c0bad31a078af94dfc1ea89d097dbf415c90c3c6aa23f2acb0
training,logs/training/br-address-block-feedback-20261003,logs/training/br-address-block-feedback-20261003/replays/d76fd2df9073466ba5b5ced4ec469366/episode-00000083-slot-5.json,200,6627ee30f3c1762dad2ef3bba5d571e5b21c44b2cf1de1ac8df97ef1ebbae777
training,logs/training/br-address-block-feedback-20261003,logs/training/br-address-block-feedback-20261003/replays/d76fd2df9073466ba5b5ced4ec469366/episode-00000084-slot-2.json,199,4315b493a22fa87623f6aec025ad7bbbb2ab7607559e9c0fb05988e54dd45351
training,logs/training/br-address-block-feedback-20261003,logs/training/br-address-block-feedback-20261003/replays/d76fd2df9073466ba5b5ced4ec469366/episode-00000085-slot-6.json,200,ec49340cb1c8f01558031531689b2a288d4926a73a24e252d88c3c1051d45974
training,logs/training/br-address-block-feedback-20261003,logs/training/br-address-block-feedback-20261003/replays/d76fd2df9073466ba5b5ced4ec469366/episode-00000086-slot-1.json,200,3b21a73c5adde75a7c1b59b581c241a8c035e4054d44e26055360de616b1623d
training,logs/training/br-address-block-feedback-20261003,logs/training/br-address-block-feedback-20261003/replays/d76fd2df9073466ba5b5ced4ec469366/episode-00000087-slot-3.json,200,9c18dfd357231e99d5407f2cac2c66ffb6a7a041a6f1ea8a94f26ed027b03fba
training,logs/training/br-address-block-feedback-20261003,logs/training/br-address-block-feedback-20261003/replays/d76fd2df9073466ba5b5ced4ec469366/episode-00000088-slot-4.json,199,1241e4ef79ddbe156099bdbad27014f88da7a93684676512c1ddbde143d089fd
training,logs/training/br-address-block-feedback-20261003,logs/training/br-address-block-feedback-20261003/replays/d76fd2df9073466ba5b5ced4ec469366/episode-00000089-slot-7.json,200,1ad462f8ede30398e3844d9ae41d89ace27e5f734a7afa056615b204824ce9b1
training,logs/training/br-address-block-feedback-20261003,logs/training/br-address-block-feedback-20261003/replays/d76fd2df9073466ba5b5ced4ec469366/episode-00000090-slot-0.json,200,237dcb13385d148dc25a3d1b5f901c0521b0cc5a4b36839f4dbb5dc22a911c6f
training,logs/training/br-address-block-feedback-20261003,logs/training/br-address-block-feedback-20261003/replays/d76fd2df9073466ba5b5ced4ec469366/episode-00000091-slot-5.json,200,23067406d37beabdc51189fc23f07daefde5898ec3e4fb868fc5322e0da65bbf
training,logs/training/br-address-block-feedback-20261003,logs/training/br-address-block-feedback-20261003/replays/d76fd2df9073466ba5b5ced4ec469366/episode-00000092-slot-3.json,200,3147a436eaad4185cb515f8cdb25ba7ddc76a0114d172726912a43f10665de3d
training,logs/training/br-address-block-feedback-20261003,logs/training/br-address-block-feedback-20261003/replays/d76fd2df9073466ba5b5ced4ec469366/episode-00000093-slot-7.json,200,118448354ec50812e1693cc7a2b4f9785ebb4dbd64729c9a1ba93facb56310b5
training,logs/training/br-address-block-feedback-20261003,logs/training/br-address-block-feedback-20261003/replays/d76fd2df9073466ba5b5ced4ec469366/episode-00000094-slot-2.json,204,36721d1835c7a1d7d20ea7f8811100096e47647ec0d24682281ab98c6cee74b1
training,logs/training/br-address-block-feedback-20261003,logs/training/br-address-block-feedback-20261003/replays/d76fd2df9073466ba5b5ced4ec469366/episode-00000095-slot-1.json,199,e18a0be17bfbdd89d33149f08733c783e349d6d816ba489e7a4d88f491706240
training,logs/training/br-address-block-feedback-20261003,logs/training/br-address-block-feedback-20261003/replays/d76fd2df9073466ba5b5ced4ec469366/episode-00000096-slot-4.json,200,7bc8d1b8f12e29cabe7660a66702b6ce95ae766fb0de21778563446af0994711
training,logs/training/br-address-block-feedback-20261003,logs/training/br-address-block-feedback-20261003/replays/d76fd2df9073466ba5b5ced4ec469366/episode-00000097-slot-6.json,204,94ac3e0ecb4f274baff6409b3f74f2195fd0b91629227e72eb70238b66fc95f7
training,logs/training/br-address-block-feedback-20261003,logs/training/br-address-block-feedback-20261003/replays/d76fd2df9073466ba5b5ced4ec469366/episode-00000098-slot-1.json,200,c221cfa6dbc05dc795662f2134b1fb44bf9c489a4b0d45f9acc96e11fed4e426
training,logs/training/br-address-block-feedback-20261003,logs/training/br-address-block-feedback-20261003/replays/d76fd2df9073466ba5b5ced4ec469366/episode-00000099-slot-3.json,199,e0fb75166c285906a1d88894f4a49b4cd72a4a584f12b62cf93ecfbb3b08f588
training,logs/training/br-address-block-feedback-20261003,logs/training/br-address-block-feedback-20261003/replays/d76fd2df9073466ba5b5ced4ec469366/episode-00000100-slot-5.json,198,f1756f49dd86c49df07539adf51c5688b53b0fd4039ff2df06ca432779a31fb0
training,logs/training/br-address-block-feedback-20261003,logs/training/br-address-block-feedback-20261003/replays/d76fd2df9073466ba5b5ced4ec469366/episode-00000101-slot-0.json,204,134fbb94c0e40bab7be0545a4e470fef4677445ae229634622e40759ac82d40e
training,logs/training/br-address-block-feedback-20261003,logs/training/br-address-block-feedback-20261003/replays/d76fd2df9073466ba5b5ced4ec469366/episode-00000102-slot-7.json,200,3b9a5bedef4511c4211746493745b8741592c5a1d89c06d51520f050d0297b46
training,logs/training/br-address-block-feedback-20261003,logs/training/br-address-block-feedback-20261003/replays/d76fd2df9073466ba5b5ced4ec469366/episode-00000103-slot-4.json,200,779661611ff422caefa1f0017f366bdacb93725735b503ed566c32ecfe939f87
training,logs/training/br-address-block-feedback-20261003,logs/training/br-address-block-feedback-20261003/replays/d76fd2df9073466ba5b5ced4ec469366/episode-00000104-slot-6.json,199,e729c18b82eb2473b90b0240800d4ff0003c2a667e5289822e6c87f6f7b40185
training,logs/training/br-address-block-feedback-20261003,logs/training/br-address-block-feedback-20261003/replays/d76fd2df9073466ba5b5ced4ec469366/episode-00000105-slot-2.json,204,1eb66b12f5c4b4eb0edf581e8aa285a56c9a6424296b84a6d71ddf755bdd8d1d
training,logs/training/br-address-block-feedback-20261003,logs/training/br-address-block-feedback-20261003/replays/d76fd2df9073466ba5b5ced4ec469366/episode-00000106-slot-3.json,198,3566bee99589f0cfe94ad1f338c0c321c150c9116cc800ac80edd474fc2a8b5c
training,logs/training/br-address-block-feedback-20261003,logs/training/br-address-block-feedback-20261003/replays/d76fd2df9073466ba5b5ced4ec469366/episode-00000107-slot-5.json,200,65242e9afbfd4f32dfb2bfc7626f5e44c5855aa7f03696a8af354af3719304f3
training,logs/training/br-address-block-feedback-20261003,logs/training/br-address-block-feedback-20261003/replays/d76fd2df9073466ba5b5ced4ec469366/episode-00000108-slot-1.json,200,f1ae3c23e7a78632cd2d1b3b38c056be6fe6773cf6a876745d55e998e0da360b
training,logs/training/br-address-block-feedback-20261003,logs/training/br-address-block-feedback-20261003/replays/d76fd2df9073466ba5b5ced4ec469366/episode-00000109-slot-4.json,200,519bcb3e5b7cc81d0afd1b4a40c6a1bfcd547f0ffe3d1c4cc2128161fbc52183
training,logs/training/br-address-block-feedback-20261003,logs/training/br-address-block-feedback-20261003/replays/d76fd2df9073466ba5b5ced4ec469366/episode-00000110-slot-0.json,200,142543f52d7f5ac2b4d6c9c516dc532d3e321e61efd53da68ec241b9c55d877c
training,logs/training/br-address-block-feedback-20261003,logs/training/br-address-block-feedback-20261003/replays/d76fd2df9073466ba5b5ced4ec469366/episode-00000111-slot-7.json,200,c8cdbf26b5b7edd91c6d1758dd903c43fce5ff3b9c668c0dc9b9f2b3c495e02c
training,logs/training/br-address-block-feedback-20261003,logs/training/br-address-block-feedback-20261003/replays/d76fd2df9073466ba5b5ced4ec469366/episode-00000112-slot-6.json,200,97ec258e1946c28bb60e542d9a8062778b2b1ed8364143c8bd0fac7b7836c84a
training,logs/training/br-address-block-feedback-20261003,logs/training/br-address-block-feedback-20261003/replays/d76fd2df9073466ba5b5ced4ec469366/episode-00000113-slot-3.json,199,4cef6312a928e9ec32db2d6a5981eb3c5e987da32960776e26fd6e3ac974e972
training,logs/training/br-address-block-feedback-20261003,logs/training/br-address-block-feedback-20261003/replays/d76fd2df9073466ba5b5ced4ec469366/episode-00000114-slot-5.json,200,289263f13b35de484109db9e20c60fce186d0ee643752ba31c538068d49a70af
training,logs/training/br-address-block-feedback-20261003,logs/training/br-address-block-feedback-20261003/replays/d76fd2df9073466ba5b5ced4ec469366/episode-00000115-slot-2.json,199,7dbc8fd777ca00ba66948d0c542104be2e36088ccc8dbfb43c7488d49be96113
training,logs/training/br-address-block-feedback-20261003,logs/training/br-address-block-feedback-20261003/replays/d76fd2df9073466ba5b5ced4ec469366/episode-00000116-slot-1.json,200,a4da2a2a09b22107aab279179a846b11b9be6e336d10c237aba3ce45ab6bc193
training,logs/training/br-address-block-feedback-20261003,logs/training/br-address-block-feedback-20261003/replays/d76fd2df9073466ba5b5ced4ec469366/episode-00000117-slot-0.json,199,17fa05bc05b272055e2e348ca551706138b808ae415c48bae1d232c72d5308ea
training,logs/training/br-address-block-feedback-20261003,logs/training/br-address-block-feedback-20261003/replays/d76fd2df9073466ba5b5ced4ec469366/episode-00000118-slot-4.json,200,bb132c9ce1d84d3e19b2aec82e3ea3bd1a690c770c82805188707d0a5f0d2aee
training,logs/training/br-address-block-feedback-20261003,logs/training/br-address-block-feedback-20261003/replays/d76fd2df9073466ba5b5ced4ec469366/episode-00000119-slot-7.json,200,87f3616354a3812d898232c5c124060e26c41abbb48f56f1ea5287beeebec10b
training,logs/training/br-address-block-feedback-20261003,logs/training/br-address-block-feedback-20261003/replays/d76fd2df9073466ba5b5ced4ec469366/episode-00000120-slot-2.json,200,186744f80c27784003c454fa1314fb6ac5d3d846cbd2fa30f0710bd2d18c6d98
training,logs/training/br-address-block-feedback-20261003,logs/training/br-address-block-feedback-20261003/replays/d76fd2df9073466ba5b5ced4ec469366/episode-00000121-slot-6.json,200,32ea8ba52fe638b33954d8cc7fd64d29c6507327995893ec0eda9c59997ff46e
training,logs/training/br-address-block-feedback-20261003,logs/training/br-address-block-feedback-20261003/replays/d76fd2df9073466ba5b5ced4ec469366/episode-00000122-slot-3.json,200,28a62892acd93b91edf48c51a8520ebb4bd75c4f3f561b50e8b918eb12874eed
training,logs/training/br-address-block-feedback-20261003,logs/training/br-address-block-feedback-20261003/replays/d76fd2df9073466ba5b5ced4ec469366/episode-00000123-slot-1.json,200,f5873d26f6ba9d10fb0cdaf9cb279730e6d3e3e3ea866e0cf57c59071ad531bc
training,logs/training/br-address-block-feedback-20261003,logs/training/br-address-block-feedback-20261003/replays/d76fd2df9073466ba5b5ced4ec469366/episode-00000124-slot-5.json,200,1b3c144bb07538733b6871e7e39d986da59572bb53140ac2ffa1853bc1f0b96e
training,logs/training/br-address-block-feedback-20261003,logs/training/br-address-block-feedback-20261003/replays/d76fd2df9073466ba5b5ced4ec469366/episode-00000125-slot-0.json,200,0d7ad2cdeee92d666837440db0117c54a9e8ab88a9a6fea9cb1d922f7e15b659
training,logs/training/br-address-block-feedback-20261003,logs/training/br-address-block-feedback-20261003/replays/d76fd2df9073466ba5b5ced4ec469366/episode-00000126-slot-7.json,199,d6db157749909282136e0544e25a18235fd355cd0acecbb67e5c79bca28e3ed0
training,logs/training/br-address-block-feedback-20261003,logs/training/br-address-block-feedback-20261003/replays/d76fd2df9073466ba5b5ced4ec469366/episode-00000127-slot-4.json,199,f1160a8c83c679d77cf607e5a5afc7c68862f027e1232245238c0bc2fadce2e6
training,logs/training/br-address-block-feedback-20261003,logs/training/br-address-block-feedback-20261003/replays/d76fd2df9073466ba5b5ced4ec469366/episode-00000128-slot-2.json,200,ee998ddb5e050b0f55476ff9c326b23b5f70df9f31ce535e38cbf89160e8d9c4
training,logs/training/br-address-block-feedback-20261003,logs/training/br-address-block-feedback-20261003/replays/d76fd2df9073466ba5b5ced4ec469366/episode-00000129-slot-6.json,200,0dc920be1b82b2dd4e31de72969254b75ba6579555423af26c6944dfc49927a3
training,logs/training/br-address-block-feedback-20261003,logs/training/br-address-block-feedback-20261003/replays/d76fd2df9073466ba5b5ced4ec469366/episode-00000130-slot-3.json,200,5a18da7b2d8f51bdeef2463c98e387aa9da40f967d2e3b6ae64a3182cf6190d9
training,logs/training/br-address-block-feedback-20261003,logs/training/br-address-block-feedback-20261003/replays/d76fd2df9073466ba5b5ced4ec469366/episode-00000131-slot-1.json,200,98ccc7cebf39c65073045648ec6b23cba3ae0b547dc7255d9c59f5410e8394f8
training,logs/training/br-address-block-feedback-20261003,logs/training/br-address-block-feedback-20261003/replays/d76fd2df9073466ba5b5ced4ec469366/episode-00000132-slot-4.json,200,f21e3047fa89ecaf42296e9a89ae7cee862f9c9c36b3901a71a8f1a0c576a451
training,logs/training/br-address-block-feedback-20261003,logs/training/br-address-block-feedback-20261003/replays/d76fd2df9073466ba5b5ced4ec469366/episode-00000133-slot-5.json,200,30744e0d66015cfd4ef2a6d95a63523b176017821f0be0aa5f5dc1d8b13a632d
training,logs/training/br-address-block-feedback-20261003,logs/training/br-address-block-feedback-20261003/replays/d76fd2df9073466ba5b5ced4ec469366/episode-00000134-slot-2.json,200,6bff11acc2417beee8dc3cbb6b6412c179c956898b59b29a59c98ce5197b0df7
training,logs/training/br-address-block-feedback-20261003,logs/training/br-address-block-feedback-20261003/replays/d76fd2df9073466ba5b5ced4ec469366/episode-00000135-slot-7.json,200,6a643046555f0de4f72489ce4f99d32e64240d50b91b6748a7c4627d1d3bf12b
training,logs/training/br-address-block-feedback-20261003,logs/training/br-address-block-feedback-20261003/replays/d76fd2df9073466ba5b5ced4ec469366/episode-00000136-slot-0.json,200,f5a1a14009396ecfa2680ed4c31d210d6439ee4983dc0cc5adfe6c7b4e28bcb6
training,logs/training/br-address-block-feedback-20261003,logs/training/br-address-block-feedback-20261003/replays/d76fd2df9073466ba5b5ced4ec469366/episode-00000137-slot-6.json,199,92c7dab0907443fa652bae53546531650bc3e6c07e766f750490a059b9ec5a52
training,logs/training/br-address-block-feedback-20261003,logs/training/br-address-block-feedback-20261003/replays/d76fd2df9073466ba5b5ced4ec469366/episode-00000138-slot-3.json,199,c63aa018660e33f0cc508ec771c875aed6d5a52167b1b1b94bd0c49153cba1b1
training,logs/training/br-address-block-feedback-20261003,logs/training/br-address-block-feedback-20261003/replays/d76fd2df9073466ba5b5ced4ec469366/episode-00000139-slot-4.json,200,a18a4d53eb375feb13be38521d78bd22dc0ce6bd177aeaad984bf0ea6d65d76d
training,logs/training/br-address-block-feedback-20261003,logs/training/br-address-block-feedback-20261003/replays/d76fd2df9073466ba5b5ced4ec469366/episode-00000140-slot-5.json,200,c9b0c11d119d9f3b3da2ffa58b720499fef7a9d837e94c2461277b7f4c74923c
training,logs/training/br-address-block-feedback-20261003,logs/training/br-address-block-feedback-20261003/replays/d76fd2df9073466ba5b5ced4ec469366/episode-00000141-slot-6.json,200,cc948a4c2eca3049b6587fa9f9320b11e9cc0d1ea6e5b2c9c9d23e09ef716424
training,logs/training/br-address-block-feedback-20261003,logs/training/br-address-block-feedback-20261003/replays/d76fd2df9073466ba5b5ced4ec469366/episode-00000142-slot-1.json,200,8b189bb08079fc696c78ae87210625a426c8d15c965371a4b8042a89e800d643
training,logs/training/br-address-block-feedback-20261003,logs/training/br-address-block-feedback-20261003/replays/d76fd2df9073466ba5b5ced4ec469366/episode-00000143-slot-7.json,200,6ecfc5217715ba89f7badbc3665de363a417d26ab3919dbddcca60dd21855c5d
training,logs/training/br-address-block-feedback-20261003,logs/training/br-address-block-feedback-20261003/replays/d76fd2df9073466ba5b5ced4ec469366/episode-00000144-slot-0.json,199,6bbd20f3f52cad689142b66c3d2047eee1fa6c0f3e61dfbd9bc91c8284e2eab9
training,logs/training/br-address-block-feedback-20261003,logs/training/br-address-block-feedback-20261003/replays/d76fd2df9073466ba5b5ced4ec469366/episode-00000145-slot-4.json,200,7676b63fb82cb4429a924ef98ade6fef1124b38bacd2c6b3bd2787bfa503791a
training,logs/training/br-address-block-feedback-20261003,logs/training/br-address-block-feedback-20261003/replays/d76fd2df9073466ba5b5ced4ec469366/episode-00000146-slot-2.json,200,c592405a7dac26eba9d2e8259ff22e5c7dda4c3029316dcf90a9f074506833b3
training,logs/training/br-address-block-feedback-20261003,logs/training/br-address-block-feedback-20261003/replays/d76fd2df9073466ba5b5ced4ec469366/episode-00000147-slot-3.json,200,809c38e56ae4618c126eba9ec784272221aceded541034019062607c02fa3a2c
training,logs/training/br-address-block-feedback-20261003,logs/training/br-address-block-feedback-20261003/replays/d76fd2df9073466ba5b5ced4ec469366/episode-00000148-slot-6.json,200,bc9f994efd6df5051a90a43c35009385085f94cba0366e33f978b7c05001b44f
training,logs/training/br-address-block-feedback-20261003,logs/training/br-address-block-feedback-20261003/replays/d76fd2df9073466ba5b5ced4ec469366/episode-00000149-slot-1.json,199,6ef4b9575ee6e4fdd9606e9324997cd90fe576231534056b4382194a81ffd22f
training,logs/training/br-address-block-feedback-20261003,logs/training/br-address-block-feedback-20261003/replays/d76fd2df9073466ba5b5ced4ec469366/episode-00000150-slot-5.json,200,fef70f89b412f81ff56295231c777fde07162a31f427f6beb772780c5d388de3
training,logs/training/br-address-block-feedback-20261003,logs/training/br-address-block-feedback-20261003/replays/d76fd2df9073466ba5b5ced4ec469366/episode-00000151-slot-3.json,200,300b261494020c6e5eb684ed8aa4bc50a767e9cbdbbc9e4fb3e72cdcbcd4e712
training,logs/training/br-address-block-feedback-20261003,logs/training/br-address-block-feedback-20261003/replays/d76fd2df9073466ba5b5ced4ec469366/episode-00000152-slot-0.json,200,3050537cb3997e617907235c90e27a7e281fe648bfee0f96357046507c085f98
training,logs/training/br-address-block-feedback-20261003,logs/training/br-address-block-feedback-20261003/replays/d76fd2df9073466ba5b5ced4ec469366/episode-00000153-slot-7.json,200,9cde11530a51b784c915a408edafc1a9f555555de6599be15e0bc28fb0ef1793
training,logs/training/br-address-block-feedback-20261003,logs/training/br-address-block-feedback-20261003/replays/d76fd2df9073466ba5b5ced4ec469366/episode-00000154-slot-4.json,200,f3f37c29a70eb21dac6cfe76eb0b9753d0b6abc0e49c2ad4cf771644a971f9be
